SERIES,SYMBOL,SECURITY,RECORD_DT,BC_STRT_DT,BC_END_DT,EX_DT,ND_STRT_DT,ND_END_DT,PURPOSE
N1,1003SCL31P,Sammaan Capital Limited,2025-12-12,,,2025-12-12,,,INTEREST PAYMENT
U1,1003SCL31P,Sammaan Capital Limited,2025-12-12,,,2025-12-12,,,INTEREST PAYMENT
N1,1015SCL29T,Sammaan Capital Limited,2025-12-12,,,2025-12-12,,,INTEREST PAYMENT
U1,1015SCL29T,Sammaan Capital Limited,2025-12-12,,,2025-12-12,,,INTEREST PAYMENT
MJ,1025SCL33,SEC RE NCD 10.25% SR XI,2025-12-12,,,2025-12-12,,,INTEREST PAYMENT
YJ,1025SCL33,SEC RE NCD 10.25% SR XI,2025-12-12,,,2025-12-12,,,INTEREST PAYMENT
N1,1025SCL34U,Sammaan Capital Limited,2025-12-12,,,2025-12-12,,,INTEREST PAYMENT
U1,1025SCL34U,Sammaan Capital Limited,2025-12-12,,,2025-12-12,,,INTEREST PAYMENT
N1,1025SCL34Z,Sammaan Capital Limited,2025-12-12,,,2025-12-12,,,INTEREST PAYMENT
U1,1025SCL34Z,Sammaan Capital Limited,2025-12-12,,,2025-12-12,,,INTEREST PAYMENT
N1,1050SCL31T,Sammaan Capital Limited,2025-12-12,,,2025-12-12,,,INTEREST PAYMENT
U1,1050SCL31T,Sammaan Capital Limited,2025-12-12,,,2025-12-12,,,INTEREST PAYMENT
NB,105UCL2026,Sec Re NCD 10.5% Sr IV,2025-12-12,,,2025-12-12,,,INTEREST PAYMENT
UB,105UCL2026,Sec Re NCD 10.5% Sr IV,2025-12-12,,,2025-12-12,,,INTEREST PAYMENT
MK,1075SCL33,SEC RE NCD 10.75% SR XI,2025-12-12,,,2025-12-12,,,INTEREST PAYMENT
YK,1075SCL33,SEC RE NCD 10.75% SR XI,2025-12-12,,,2025-12-12,,,INTEREST PAYMENT
N1,1075SCL34T,Sammaan Capital Limited,2025-12-12,,,2025-12-12,,,INTEREST PAYMENT
U1,1075SCL34T,Sammaan Capital Limited,2025-12-12,,,2025-12-12,,,INTEREST PAYMENT
N0,1075WCA28,WCAPL 10.75% 2028,2025-12-15,,,2025-12-15,,,INTEREST PAYMENT
N0,10IIFL26,IIFL Samasta 10% 2026,2025-12-13,,,2025-12-12,,,INT PAYMENT/PART REDEMPTN
N0,1125VCCL27,VCCL 11.25% 2027 Sr B,2025-12-12,,,2025-12-12,,,INTEREST PAYMENT
N0,115VCCL28,VCCL 11.5% 2028 Sr C,2025-12-12,,,2025-12-12,,,INTEREST PAYMENT
N0,11VCCL27,VCCL 11% 2027 Sr A,2025-12-12,,,2025-12-12,,,INTEREST PAYMENT
N0,1278VCCL25,VCCL 12.78% 2025,2025-12-13,,,,,,INT PAYMENT/REDEMPTION
N0,12VCCL29A,VCCL12% 2029,2025-12-13,,,2025-12-12,,,INTEREST PAYMENT
TB,182D181225,GOI TBILL 182D-18/12/25,2025-12-16,,,,,,REDEMPTION
TB,182D251225,GOI TBILL 182D-25/12/25,2025-12-22,,,,,,REDEMPTION
TB,364D181225,GOI TBILL 364D-18/12/25,2025-12-16,,,,,,REDEMPTION
TB,364D261225,GOI TBILL 364D-26/12/25,2025-12-23,,,,,,REDEMPTION
SG,532RJ25,SDL RJ 5.32% 2025,2025-12-26,,,,,,REDEMPTION
SG,535RJ25,SDL RJ 5.35% 2025,2025-12-12,,,,,,REDEMPTION
SG,541GA25,SDL GA 5.41% 2025,2025-12-26,,,,,,REDEMPTION
N0,728TFSIL28,TFSIL 7.28% 2028 Sr S56,2025-12-13,,,2025-12-12,,,INTEREST PAYMENT
N0,787LDL29,LDL 7.87% 2029,2025-12-15,,,2025-12-15,,,INTEREST PAYMENT
N0,810NIT40,NIT 8.10% 2040 Sr 1,2025-12-15,,,2025-12-15,,,INTEREST PAYMENT
N0,818GFL26,GFL 8.18% 2026 Sr C3,2025-12-15,,,2025-12-15,,,INTEREST PAYMENT
N0,819CIFL26,CIFL 8.19% 2026 Sr 650,2025-12-15,,,2025-12-15,,,INTEREST PAYMENT
N6,829PFL29,Poonawalla Fincorp Ltd,2025-12-22,,,2025-12-22,,,INTEREST PAYMENT
U6,829PFL29,Poonawalla Fincorp Ltd,2025-12-22,,,2025-12-22,,,INTEREST PAYMENT
MH,835SCL23A,SEC RE NCD 10.5% SR IX,2025-12-12,,,2025-12-12,,,INTEREST PAYMENT
YH,835SCL23A,SEC RE NCD 10.5% SR IX,2025-12-12,,,2025-12-12,,,INTEREST PAYMENT
MM,835SCL23B,SEC RE NCD 10.25% SR XII,2025-12-12,,,2025-12-12,,,INTEREST PAYMENT
YM,835SCL23B,SEC RE NCD 10.25% SR XII,2025-12-12,,,2025-12-12,,,INTEREST PAYMENT
N0,842GIL27,GIL 8.42% 2027 Sr 01,2025-12-12,,,2025-12-12,,,INTEREST PAYMENT
MB,843SCFL27,SEC RE NCD 8.43% SR.VIII,2025-12-22,,,2025-12-22,,,INTEREST PAYMENT
YB,843SCFL27,SEC RE NCD 8.43% SR.VIII,2025-12-22,,,2025-12-22,,,INTEREST PAYMENT
MS,843SCL27,SEC RE NCD 8.43% SR.VIII,2025-12-15,,,2025-12-15,,,INTEREST PAYMENT
YS,843SCL27,SEC RE NCD 8.43% SR.VIII,2025-12-15,,,2025-12-15,,,INTEREST PAYMENT
18,865SCL24B,SEC RE NCD 8.70% SR.VIII,2025-12-15,,,2025-12-15,,,INTEREST PAYMENT
Z8,865SCL24B,SEC RE NCD 8.70% SR.VIII,2025-12-15,,,2025-12-15,,,INTEREST PAYMENT
N8,865SCL26,SEC RED NCD 8.65% SR. V,2025-12-17,,,2025-12-17,,,INTEREST PAYMENT
U8,865SCL26,SEC RED NCD 8.65% SR. V,2025-12-17,,,2025-12-17,,,INTEREST PAYMENT
M9,875SCFL27,SEC RE NCD 8.75% SR.VII,2025-12-22,,,2025-12-22,,,INTEREST PAYMENT
Y9,875SCFL27,SEC RE NCD 8.75% SR.VII,2025-12-22,,,2025-12-22,,,INTEREST PAYMENT
MI,875SCL23A,SEC RE NCD 10.03% SR X,2025-12-12,,,2025-12-12,,,INTEREST PAYMENT
YI,875SCL23A,SEC RE NCD 10.03% SR X,2025-12-12,,,2025-12-12,,,INTEREST PAYMENT
ZF,875SFL27,Shriram Finance Limited,2025-12-16,,,2025-12-16,,,INTEREST PAYMENT
NC,879SCL26,UNS RED NCD 8.79% SR.VIII,2025-12-17,,,2025-12-17,,,INTEREST PAYMENT
UC,879SCL26,UNS RED NCD 8.79% SR.VIII,2025-12-17,,,2025-12-17,,,INTEREST PAYMENT
ZV,87SCL25,SEC RE NCD 8.70% SR.V,2025-12-15,,,,,,INT PAYMENT/REDEMPTN
M2,888SCL25B,SEC RE NCD 8.88% SR II,2025-12-12,,,,,,INT PAYMENT/REDEMPTION
Y2,888SCL25B,SEC RE NCD 8.88% SR II,2025-12-12,,,,,,INT PAYMENT/REDEMPTION
N1,888SCL26X,Sammaan Capital Limited,2025-12-12,,,2025-12-12,,,INTEREST PAYMENT
U1,888SCL26X,Sammaan Capital Limited,2025-12-12,,,2025-12-12,,,INTEREST PAYMENT
MC,889SCFL27,SEC RE NCD 8.89% SR.VIII,2025-12-22,,,2025-12-22,,,INTEREST PAYMENT
YC,889SCFL27,SEC RE NCD 8.89% SR.VIII,2025-12-22,,,2025-12-22,,,INTEREST PAYMENT
MT,889SCL27,SEC RE NCD 8.89% SR.VIII,2025-12-15,,,2025-12-15,,,INTEREST PAYMENT
YT,889SCL27,SEC RE NCD 8.89% SR.VIII,2025-12-15,,,2025-12-15,,,INTEREST PAYMENT
ZY,894SCL27,SEC RE NCD 9.80% SR.VII,2025-12-15,,,2025-12-15,,,INT PAYMENT/PART REDMPTN
ZM,89SCL24A,SEC RE NCD 8.70% SR.VIII,2025-12-19,,,2025-12-19,,,INTEREST PAYMENT
AW,902SCL26I,SEC RE NCD 9.02% SR V,2025-12-12,,,2025-12-12,,,INTEREST PAYMENT
N1,902SCL27Q,Sammaan Capital Limited,2025-12-12,,,2025-12-12,,,INTEREST PAYMENT
U1,902SCL27Q,Sammaan Capital Limited,2025-12-12,,,2025-12-12,,,INTEREST PAYMENT
19,905SC24B,SEC RE NCD 9.15% SR.VIII,2025-12-15,,,2025-12-15,,,INTEREST PAYMENT
Z9,905SC24B,SEC RE NCD 9.15% SR.VIII,2025-12-15,,,2025-12-15,,,INTEREST PAYMENT
ZT,905SCL25,SEC RE NCD 9.05% SR.IV,2025-12-15,,,,,,INTEREST PAYMNT/REDEMPTI
ZW,916SCL25,SEC RE NCD 9.16% SR.V,2025-12-15,,,,,,INT PAYMNT/REDEMPTN
TB,91D181225,GOI TBILL 91D-18/12/25,2025-12-16,,,,,,REDEMPTION
TB,91D251225,GOI TBILL 91D-25/12/25,2025-12-22,,,,,,REDEMPTION
N9,925CAGL26,Sec Re NCD 9.25% Sr III,2025-12-23,,,2025-12-23,,,INTEREST PAYMENT
U9,925CAGL26,Sec Re NCD 9.25% Sr III,2025-12-23,,,2025-12-23,,,INTEREST PAYMENT
MA,925SCFL27,SEC RE NCD 9.25% SR.VII,2025-12-22,,,2025-12-22,,,INTEREST PAYMENT
YA,925SCFL27,SEC RE NCD 9.25% SR.VII,2025-12-22,,,2025-12-22,,,INTEREST PAYMENT
M3,925SCL25B,SEC RE NCD 9.25% SR II,2025-12-12,,,,,,INT PAYMENT/REDEMPTION
Y3,925SCL25B,SEC RE NCD 9.25% SR II,2025-12-12,,,,,,INT PAYMENT/REDEMPTION
Y0,925SCL25H,SEC RE NCD 9.25% SR I,2025-12-12,,,,,,INT PAYMENT/REDEMPTION
N1,925SCL26W,Sammaan Capital Limited,2025-12-12,,,2025-12-12,,,INTEREST PAYMENT
U1,925SCL26W,Sammaan Capital Limited,2025-12-12,,,2025-12-12,,,INTEREST PAYMENT
N1,925SCL26Z,Sammaan Capital Limited,2025-12-12,,,2025-12-12,,,INTEREST PAYMENT
U1,925SCL26Z,Sammaan Capital Limited,2025-12-12,,,2025-12-12,,,INTEREST PAYMENT
MC,925SCL28B,SEC RE NCD 10.15% SR VII,2025-12-12,,,2025-12-12,,,INTEREST PAYMENT
YC,925SCL28B,SEC RE NCD 10.15% SR VII,2025-12-12,,,2025-12-12,,,INTEREST PAYMENT
BA,925SCL28I,SEC RE NCD 9.25% SR VIII,2025-12-12,,,2025-12-12,,,INTEREST PAYMENT
N1,925SCL29S,Sammaan Capital Limited,2025-12-12,,,2025-12-12,,,INTEREST PAYMENT
U1,925SCL29S,Sammaan Capital Limited,2025-12-12,,,2025-12-12,,,INTEREST PAYMENT
MP,930SFL28,Shriram Finance Limited,2025-12-17,,,2025-12-17,,,INTEREST PAYMENT
YP,930SFL28,Shriram Finance Limited,2025-12-17,,,2025-12-17,,,INTEREST PAYMENT
Z5,931SFL26,Shriram Finance Limited,2025-12-16,,,2025-12-16,,,INTEREST PAYMENT
N0,935TSI27,TSI 9.35% 27 Sr I-A,2025-12-15,,,2025-12-15,,,INTEREST PAYMENT
N0,935TSI29,TSI 9.35% 29 Sr I-C,2025-12-15,,,2025-12-15,,,INTEREST PAYMENT
N0,935TSI30,TSI 9.35% 30 Sr I-D,2025-12-15,,,2025-12-15,,,INTEREST PAYMENT
N0,935TSI31,TSI 9.35% 31 Sr I-E,2025-12-15,,,2025-12-15,,,INTEREST PAYMENT
N0,935TSI32,TSI 9.35% 32 Sr I-F,2025-12-15,,,2025-12-15,,,INTEREST PAYMENT
N0,935TSI34,TSI 9.35% 34 Sr I-H,2025-12-15,,,2025-12-15,,,INTEREST PAYMENT
N0,935TSIIC28,TSIIC 9.35% 2028 Sr I- B,2025-12-15,,,2025-12-15,,,INTEREST PAYMENT
N0,935TSIIC33,TSIIC 9.35% 2033 Sr 1- G,2025-12-15,,,2025-12-15,,,INTEREST PAYMENT
ZZ,939SCL27,SEC RE NCD 8.94% SR.VIII,2025-12-15,,,2025-12-15,,,INT PAYMENT/PART REDMPTN
ZN,93SCL24A,SEC RE NCD 9.15% SR.VIII,2025-12-19,,,2025-12-19,,,INTEREST PAYMENT
NB,940CAGL27,Sec Re NCD 9.40% Sr V,2025-12-23,,,2025-12-23,,,INTEREST PAYMENT
UB,940CAGL27,Sec Re NCD 9.40% Sr V,2025-12-23,,,2025-12-23,,,INTEREST PAYMENT
M6,940SCL26B,SEC RE NCD 9.4% SR IV,2025-12-12,,,2025-12-12,,,INTEREST PAYMENT
Y6,940SCL26B,SEC RE NCD 9.4% SR IV,2025-12-12,,,2025-12-12,,,INTEREST PAYMENT
M8,948SCL26B,SEC RE NCD 9.48% SR V,2025-12-12,,,2025-12-12,,,INTEREST PAYMENT
Y8,948SCL26B,SEC RE NCD 9.48% SR V,2025-12-12,,,2025-12-12,,,INTEREST PAYMENT
AX,948SCL26I,SEC RE NCD 9.48% SR V,2025-12-12,,,2025-12-12,,,INTEREST PAYMENT
N1,948SCL27R,Sammaan Capital Limited,2025-12-12,,,2025-12-12,,,INTEREST PAYMENT
U1,948SCL27R,Sammaan Capital Limited,2025-12-12,,,2025-12-12,,,INTEREST PAYMENT
N1,94SCL27U,Sammaan Capital Limited,2025-12-12,,,2025-12-12,,,INTEREST PAYMENT
U1,94SCL27U,Sammaan Capital Limited,2025-12-12,,,2025-12-12,,,INTEREST PAYMENT
N0,950ISF26,IIFL Samasta 9.50% 2026,2025-12-15,,,2025-12-15,,,INTEREST/PART REDEMPTION
ZU,955SCL25,SEC RE NCD 9.55% SR.IV,2025-12-15,,,,,,INT PAYMNT/REDEMPTN
MW,957ICCL25,Shriram Finance Limited,2025-12-16,,,2025-12-16,,,INTEREST PAYMENT
YW,957ICCL25,Shriram Finance Limited,2025-12-16,,,2025-12-16,,,INTEREST PAYMENT
M1,965SCL25B,SEC RE NCD 9.65% SR I,2025-12-12,,,,,,INT PAYMENT/REDEMPTION
Y1,965SCL25B,SEC RE NCD 9.65% SR I,2025-12-12,,,,,,INT PAYMENT/REDEMPTION
N0,965SCL25C,SEC RE NCD 9.39% SR.VIII,2025-12-15,,,2025-12-15,,,INT PAYMENT/PART REDMPTN
N1,965SCL26Y,Sammaan Capital Limited,2025-12-12,,,2025-12-12,,,INTEREST PAYMENT
U1,965SCL26Y,Sammaan Capital Limited,2025-12-12,,,2025-12-12,,,INTEREST PAYMENT
MB,965SCL28B,SEC RE NCD 9.65% SR VII,2025-12-12,,,2025-12-12,,,INTEREST PAYMENT
YB,965SCL28B,SEC RE NCD 9.65% SR VII,2025-12-12,,,2025-12-12,,,INTEREST PAYMENT
N1,965SCL29S,Sammaan Capital Limited,2025-12-12,,,2025-12-12,,,INTEREST PAYMENT
U1,965SCL29S,Sammaan Capital Limited,2025-12-12,,,2025-12-12,,,INTEREST PAYMENT
ND,970CAGL28,Sec Re NCD 9.70% Sr VII,2025-12-23,,,2025-12-23,,,INTEREST PAYMENT
UD,970CAGL28,Sec Re NCD 9.70% Sr VII,2025-12-23,,,2025-12-23,,,INTEREST PAYMENT
MD,971SCL28B,SEC RE NCD 9.25% SR VIII,2025-12-12,,,2025-12-12,,,INTEREST PAYMENT
YD,971SCL28B,SEC RE NCD 9.25% SR VIII,2025-12-12,,,2025-12-12,,,INTEREST PAYMENT
BC,971SCL28I,SEC RE NCD 9.71% SR VIII,2025-12-12,,,2025-12-12,,,INTEREST PAYMENT
N1,971SCL29T,Sammaan Capital Limited,2025-12-12,,,2025-12-12,,,INTEREST PAYMENT
U1,971SCL29T,Sammaan Capital Limited,2025-12-12,,,2025-12-12,,,INTEREST PAYMENT
ML,980SCL33B,SEC RE NCD 9.8% SR XII,2025-12-12,,,2025-12-12,,,INTEREST PAYMENT
YL,980SCL33B,SEC RE NCD 9.8% SR XII,2025-12-12,,,2025-12-12,,,INTEREST PAYMENT
MG,980SCL33D,SEC RE NCD 9.71% SR VIII,2025-12-12,,,2025-12-12,,,INTEREST PAYMENT
YG,980SCL33D,SEC RE NCD 9.71% SR VIII,2025-12-12,,,2025-12-12,,,INTEREST PAYMENT
ZX,98SCL27,SEC RE NCD SR.VI,2025-12-15,,,,,,INT PAYMENT/REDEMPTION
N1,98SCL34Z,Sammaan Capital Limited,2025-12-12,,,2025-12-12,,,INTEREST PAYMENT
U1,98SCL34Z,Sammaan Capital Limited,2025-12-12,,,2025-12-12,,,INTEREST PAYMENT
M7,990SCL26B,SEC RE NCD 9.9% SR IV,2025-12-12,,,2025-12-12,,,INTEREST PAYMENT
Y7,990SCL26B,SEC RE NCD 9.9% SR IV,2025-12-12,,,2025-12-12,,,INTEREST PAYMENT
N1,99SCL27V,Sammaan Capital Limited,2025-12-12,,,2025-12-12,,,INTEREST PAYMENT
U1,99SCL27V,Sammaan Capital Limited,2025-12-12,,,2025-12-12,,,INTEREST PAYMENT
N3,AAFS27B,AAFS Market Link2027 SrJ,2025-12-12,,,2025-12-12,,,INTEREST/PART REDEMPTION
U3,AAFS27B,AAFS Market Link2027 SrJ,2025-12-12,,,2025-12-12,,,INTEREST/PART REDEMPTION
N0,AAFS28B,AAFS Market linked 2028,2025-12-12,,,2025-12-12,,,INT PAYMENT/PART REDEMPTN
N1,ALPHA27,AAFS Market link2027Sr I,2025-12-12,,,2025-12-12,,,INT PAYMENT/PART REDEMPTN
U1,ALPHA27,AAFS Market link2027Sr I,2025-12-12,,,2025-12-12,,,INT PAYMENT/PART REDEMPTN
BE,BECTORFOOD,Mrs Bectors Food Spe Ltd,2025-12-12,,,2025-12-12,,,FV SPLT FRM RS 10 TO RS 2
BL,BECTORFOOD,Mrs Bectors Food Spe Ltd,2025-12-12,,,2025-12-12,,,FV SPLT FRM RS 10 TO RS 2
EQ,BECTORFOOD,Mrs Bectors Food Spe Ltd,2025-12-12,,,2025-12-12,,,FV SPLT FRM RS 10 TO RS 2
IQ,BECTORFOOD,Mrs Bectors Food Spe Ltd,2025-12-12,,,2025-12-12,,,FV SPLT FRM RS 10 TO RS 2
T0,BECTORFOOD,Mrs Bectors Food Spe Ltd,2025-12-12,,,2025-12-12,,,FV SPLT FRM RS 10 TO RS 2
TL,BECTORFOOD,Mrs Bectors Food Spe Ltd,2025-12-12,,,2025-12-12,,,FV SPLT FRM RS 10 TO RS 2
BE,BHARATRAS,Bharat Rasayan Ltd,2025-12-12,,,2025-12-12,,,FVSPLT FRM RS 10 TO RS 5
BE,BHARATRAS,Bharat Rasayan Ltd,2025-12-12,,,2025-12-12,,,BONUS 1:1
BL,BHARATRAS,Bharat Rasayan Ltd,2025-12-12,,,2025-12-12,,,FVSPLT FRM RS 10 TO RS 5
BL,BHARATRAS,Bharat Rasayan Ltd,2025-12-12,,,2025-12-12,,,BONUS 1:1
EQ,BHARATRAS,Bharat Rasayan Ltd,2025-12-12,,,2025-12-12,,,BONUS 1:1
EQ,BHARATRAS,Bharat Rasayan Ltd,2025-12-12,,,2025-12-12,,,FVSPLT FRM RS 10 TO RS 5
IQ,BHARATRAS,Bharat Rasayan Ltd,2025-12-12,,,2025-12-12,,,BONUS 1:1
IQ,BHARATRAS,Bharat Rasayan Ltd,2025-12-12,,,2025-12-12,,,FVSPLT FRM RS 10 TO RS 5
BE,ECLERX,eClerx Services Limited,2025-12-17,,,2025-12-17,,,BUY BACK
BL,ECLERX,eClerx Services Limited,2025-12-17,,,2025-12-17,,,BUY BACK
EQ,ECLERX,eClerx Services Limited,2025-12-17,,,2025-12-17,,,BUY BACK
IQ,ECLERX,eClerx Services Limited,2025-12-17,,,2025-12-17,,,BUY BACK
T0,ECLERX,eClerx Services Limited,2025-12-17,,,2025-12-17,,,BUY BACK
TL,ECLERX,eClerx Services Limited,2025-12-17,,,2025-12-17,,,BUY BACK
GS,GS171225C,GOI STRIPS C 171225,2025-12-15,,,,,,REDEMPTION
GS,GS231225C,GOI STRIPS C 231225,2025-12-20,,,,,,REDEMPTION
BE,KMEW,Knowledge Marine & En W L,2025-12-22,,,2025-12-22,,,FVSPLT FRM RS 10 TO RS 5
BL,KMEW,Knowledge Marine & En W L,2025-12-22,,,2025-12-22,,,FVSPLT FRM RS 10 TO RS 5
EQ,KMEW,Knowledge Marine & En W L,2025-12-22,,,2025-12-22,,,FVSPLT FRM RS 10 TO RS 5
IQ,KMEW,Knowledge Marine & En W L,2025-12-22,,,2025-12-22,,,FVSPLT FRM RS 10 TO RS 5
BE,MONEYBOXX,Moneyboxx Finance Limited,2025-12-15,,,2025-12-15,,,BONUS 1:1
BL,MONEYBOXX,Moneyboxx Finance Limited,2025-12-15,,,2025-12-15,,,BONUS 1:1
EQ,MONEYBOXX,Moneyboxx Finance Limited,2025-12-15,,,2025-12-15,,,BONUS 1:1
IQ,MONEYBOXX,Moneyboxx Finance Limited,2025-12-15,,,2025-12-15,,,BONUS 1:1
BE,NACLIND,NACL Industries Ltd,2025-12-12,,,2025-12-12,,,RGHTS 5:31 @PRM RS 75.70
BL,NACLIND,NACL Industries Ltd,2025-12-12,,,2025-12-12,,,RGHTS 5:31 @PRM RS 75.70
EQ,NACLIND,NACL Industries Ltd,2025-12-12,,,2025-12-12,,,RGHTS 5:31 @PRM RS 75.70
IQ,NACLIND,NACL Industries Ltd,2025-12-12,,,2025-12-12,,,RGHTS 5:31 @PRM RS 75.70
BE,NECLIFE,Nectar Lifesciences Ltd.,2025-12-24,,,2025-12-24,,,BUY BACK
BL,NECLIFE,Nectar Lifesciences Limit,2025-12-24,,,2025-12-24,,,BUY BACK
EQ,NECLIFE,Nectar Lifesciences Limit,2025-12-24,,,2025-12-24,,,BUY BACK
IQ,NECLIFE,Nectar Lifesciences Limit,2025-12-24,,,2025-12-24,,,BUY BACK
BE,NURECA,Nureca Limited,2025-12-12,,,2025-12-12,,,BUY BACK
BL,NURECA,Nureca Limited,2025-12-12,,,2025-12-12,,,BUY BACK
EQ,NURECA,Nureca Limited,2025-12-12,,,2025-12-12,,,BUY BACK
IQ,NURECA,Nureca Limited,2025-12-12,,,2025-12-12,,,BUY BACK
BE,NUVAMA,Nuvama Wealth Manage Ltd,2025-12-26,,,2025-12-26,,,FV SPLT FRM RS 10 TO RS 2
BL,NUVAMA,Nuvama Wealth Manage Ltd,2025-12-26,,,2025-12-26,,,FV SPLT FRM RS 10 TO RS 2
EQ,NUVAMA,Nuvama Wealth Manage Ltd,2025-12-26,,,2025-12-26,,,FV SPLT FRM RS 10 TO RS 2
IQ,NUVAMA,Nuvama Wealth Manage Ltd,2025-12-26,,,2025-12-26,,,FV SPLT FRM RS 10 TO RS 2
T0,NUVAMA,Nuvama Wealth Manage Ltd,2025-12-26,,,2025-12-26,,,FV SPLT FRM RS 10 TO RS 2
TL,NUVAMA,Nuvama Wealth Manage Ltd,2025-12-26,,,2025-12-26,,,FV SPLT FRM RS 10 TO RS 2
M4,SCLZC25E,SEC RE NCD SR III,2025-12-12,,,,,,INT PAYMENT/REDEMPTION
Y4,SCLZC25E,SEC RE NCD SR III,2025-12-12,,,,,,INT PAYMENT/REDEMPTION
M5,SCLZC25F,SEC RE NCD SR III,2025-12-12,,,,,,INT PAYMENT/REDEMPTION
Y5,SCLZC25F,SEC RE NCD SR III,2025-12-12,,,,,,INT PAYMENT/REDEMPTION
GB,SGBDEC2512,2.50%GOLDBONDS2025 SR-XII,2025-12-16,,,,,,REDEMPTION
GB,SGBDEC2513,2.50%GOLDBONDS2025SR-XIII,2025-12-23,,,,,,REDEMPTION
BE,VLSFINANCE,VLS Finance Ltd.,2025-12-12,,,2025-12-12,,,BUY BACK
BL,VLSFINANCE,VLS Finance Ltd.,2025-12-12,,,2025-12-12,,,BUY BACK
EQ,VLSFINANCE,VLS Finance Ltd.,2025-12-12,,,2025-12-12,,,BUY BACK
IQ,VLSFINANCE,VLS Finance Ltd.,2025-12-12,,,2025-12-12,,,BUY BACK
