SYMBOL,SERIES,SECURITY,HIGH/LOW
21STCENMGM,EQ,21ST CENTURY MGMT SERVICE,H
AARADHYA,ST,AARADHYA DISPOSAL INDUS L,H
ACCORD,SM,ACCORD SYNERGY LIMITED,H
AGUL,SM,A G UNIVERSAL LIMITED,H
AKIKO,ST,AKIKO GLOBAL SERVICES L,H
ALPSINDUS,EQ,ALPS INDUSTRIES LTD,H
AMJUMBO,SM,A AND M JUMBO BAGS LTD,H
ANSALAPI,BZ,ANSAL PROP & INFRA LTD,H
APOLLO,EQ,APOLLO MICRO SYSTEMS LTD,H
ASPIRE,SM,ASPIRE & INNOVATIVE ADV L,H
AURIGROW,EQ,AURI GROW INDIA LIMITED,H
BALCO,SM,SOLVE PLASTIC PRODUCTS L,H
BFUTILITIE,BZ,BF UTILITIES LIMITED,H
BGRENERGY,BE,BGR ENERGY SYSTEMS LTD,H
BHAGYANGR,BE,BHAGYANAGAR INDIA LIMITED,H
COASTCORP,BE,COASTAL CORPORATION LTD,H
DHARAN,BZ,DHARAN INFRA-EPC LIMITED,H
DIGJAMLMTD,EQ,DIGJAM LTD,H
ELGIRUBCO,EQ,ELGI RUBBER CO. LTD,H
FISCHER,EQ,FISCHER MEDICAL VENTURE L,H
FLEXITUFF,EQ,FLEXITUFF VENTURES INT L,H
FORGEAUTO,SM,FORGE AUTO INTERNATION L,H
FWSTC,ST,FLYWINGS SIMULAT T C LTD,H
GATECH,EQ,GACM TECHNOLOGIES LIMITED,H
GAYAHWS,BE,GAYATRI HIGHWAYS LIMITED,H
GIRIRAJ,SM,GIRIRAJ CIVIL DEVP LTD,H
GKENERGY,EQ,GK ENERGY LIMITED,H
GSTL,ST,GLOBESECURE TECHNO LTD,H
GVKPIL,BE,GVK POW. & INFRA LTD.,H
IDFNIFTYET,EQ,BANDHANAMC - IDFNIFTYET,H
IL&FSTRANS,BZ,IL&FS TRANS NET LTD,H
INDOTHAI,BE,INDO THAI SEC LTD,H
ITTL,ST,INNOVATIVE TYRE & TUBE LT,H
JALAN,SM,JALAN TRANSOLU. INDIA LTD,H
KESORAMIND,BE,KESORAM INDUSTRIES LTD,H
KIOCL,EQ,KIOCL LIMITED,H
LCCINFOTEC,BE,LCC INFOTECH LTD,H
LOTUSEYE,EQ,LOTUS EYE HOSP & INST L,H
MAFANG,EQ,MIRAEAMC - MAFANG,H
MAHAPEXLTD,EQ,MAHA RASHTRA APEX COPR. L,H
MAHKTECH,EQ,MIRAEAMC - MAHKTECH,H
MARINETRAN,SM,MARINETRANS INDIA LIMITED,H
MASPTOP50,EQ,MIRAEAMC - MASPTOP50,H
MEP,BZ,MEP INFRA. DEVELOPERS LTD,H
MORARJEE,BZ,MORARJEE TEXTILES LIMITED,H
MTEDUCARE,BE,MT EDUCARE LTD,H
NAVKARURB,EQ,NAVKAR URBANSTRUCTURE LTD,H
NIBE,EQ,NIBE LIMITED,H
ORICONENT,BE,ORICON ENTERPRISES LTD,H
ORTEL,BZ,ORTEL COMMUNICATIONS LTD,H
OSIAHYPER,EQ,OSIA HYPER RETAIL LIMITED,H
PRAXIS,EQ,PRAXIS HOME RETAIL LTD,H
PRIZOR,SM,PRIZOR VIZTECH LIMITED,H
PROZONER,BE,PROZONE REALTY LIMITED,H
QVCEL,SM,QVC EXPORTS LIMITED,H
RAJRILTD,BE,RAJ RAYON INDUSTRIES LTD,H
READYMIX,ST,READYMIX CONSTRU MACHI L,H
REFRACTORY,SM,REFRACTORY SHAPES LIMITED,H
RELINFRA,BE,RELIANCE INFRASTRUCTU LTD,H
RICHA,ST,RICHA INFO SYSTEMS LTD,H
ROLTA,BZ,ROLTA INDIA LTD,H
S&SPOWER,EQ,S&S POWER SWITCHGEARS LTD,H
SABTNL,BE,SRI ADHIKARI BRO TELE N L,H
SADHNANIQ,EQ,SADHANA NITROCHEM LIMITED,H
SANCO,BZ,SANCO INDUSTRIES LIMITED,H
SANWARIA,BZ,SANWARIA CONSUMER LIMITED,H
SAROJA,SM,SAROJA PHARMA INDUS IND L,H
SATECH,SM,S A TECH SOFTWARE INDIA L,H
SETUINFRA,BZ,SETUBANDHAN INFRA LTD,H
SHANTHALA,ST,SHANTHALA FMCG PRODUCTS L,H
SHAREINDIA,EQ,SHARE IND. SECURITIES LTD,H
SHREERAMA,BE,SHREE RAMA MULTI TECH LTD,H
SICALLOG,BE,SICAL LOGISTICS LIMITED,H
SITINET,BZ,SITI NETWORKS LIMITED,H
SPECTSTM,SM,SPECTRUM TALENT MGMT LTD,H
STALLION,BE,STALLION IND FLUOROCHEM L,H
SUMEETINDS,BE,SUMEET IND LIMITED,H
SUPREMEENG,BZ,SUPREME ENGINEERING LTD,H
SVPGLOB,BE,SVP GLOBAL TEXTILES LTD,H
TARAPUR,BE,TARAPUR TRANSFORMERS LTD,H
TECHERA,ST,TECHERA ENGINEER (IND) L,H
TGL,ST,TEERTH GOPICON LIMITED,H
TRANSWIND,SM,TRANSWIND INFRA LIMITED,H
TRU,EQ,TRUCAP FINANCE LIMITED,H
TVSELECT,BE,TVS ELECTRONICS LTD,H
TVVISION,EQ,TV VISION LIMITED,H
UNIHEALTH,ST,UNIHEALTH HOSPITALS LTD,H
VIPULLTD,EQ,VIPUL LIMITED,H
WALPAR,SM,WALPAR NUTRITIONS LIMITED,H
ABAN,BE,ABAN OFFSHORE LTD.,L
AGUL,SM,A G UNIVERSAL LIMITED,L
ANSALAPI,BZ,ANSAL PROP & INFRA LTD,L
BGRENERGY,BE,BGR ENERGY SYSTEMS LTD,L
COMPINFO,BZ,COMPUAGE INFOCOM LTD,L
CSSL,ST,CLEAR SECURED SERVICES L,L
DHARAN,BZ,DHARAN INFRA-EPC LIMITED,L
DHTL,ST,DOCMODE HEALTH TECH LTD,L
DIVYADHAN,SM,DIVYADHAN RECYCLING IND L,L
ENCOMPAS,ST,ENCOMPASS DESIGN INDIA L,L
EUROTEXIND,BE,EUROTEX IND & EXPORTS LTD,L
FALCONTECH,SM,FALCON TECHNOPROJ IND LTD,L
FEL,BZ,FUTURE ENTERPRISES LTD,L
GLFL,BE,GUJARAT LEASE FINANCING L,L
GOENKA,BZ,GOENKA DIAMOND&JEWELS LTD,L
GURUNANAK,SM,GURUNANAK AGRICULTUR IN L,L
HPTL,ST,HP TELECOM INDIA LIMITED,L
IBLFL,SM,IBL FINANCE LIMITED,L
INVICTA,ST,INVICTA DIAGNOSTIC LTD,L
ITTL,ST,INNOVATIVE TYRE & TUBE LT,L
KESORAMIND,BE,KESORAM INDUSTRIES LTD,L
KORE,ST,JAY JALARAM TECHNO LTD,L
MAL,SM,MANGALAM ALLOYS LIMITED,L
MANDEEP,SM,MANDEEP AUTO INDUSTRIES L,L
MASKINVEST,BE,MASK INVESTMENTS LIMITED,L
NEOCHEM,ST,NEOCHEM BIO SOLUTIONS LTD,L
NIRMAN,SM,NIRMAN AGRI GENTICS LTD,L
NURECA,EQ,NURECA LIMITED,L
PATELEG-RE,BE,PATEL ENGINEERING LTD,L
PURPLEUTED,ST,PURPLE UNITED SALES LTD,L
PURVFLEXI,ST,PURV FLEXIPACK LIMITED,L
REFEX,EQ,REFEX INDUSTRIES LIMITED,L
RELIABLE,BE,RELIABLE DATA SERVICE LTD,L
SABAR,ST,SABAR FLEX INDIA LIMITED,L
SACHEEROME,ST,SACHEEROME LIMITED,L
SANCO,BZ,SANCO INDUSTRIES LIMITED,L
SANGANI,SM,SANGANI HOSPITALS LIMITED,L
SANWARIA,BZ,SANWARIA CONSUMER LIMITED,L
SETUINFRA,BZ,SETUBANDHAN INFRA LTD,L
SIKKO,BE,SIKKO INDUSTRIES LIMITED,L
SKFINDUS,BE,SKF IND (INDUSTRIAL) LTD,L
SUNLITE,ST,SUNLITE RECYCLING IND LTD,L
TAURIAN,ST,TAURIAN MPS LIMITED,L
UNITEDPOLY,BE,UNITED POLYFAB GUJ. LTD.,L
VCL,BE,VAXTEX COTFAB LIMITED,L
VIDHIING,EQ,VIDHI SPCLTY F INGRDNTS L,L
VLEGOV,EQ,VL E GOV AND IT SOL LTD,L
VSCL,SM,VADIVARHE SPCLTY CHEM LTD,L
XELPMOC,BE,XELPMOC DESIGN & TECH LTD,L
