SECURITY,NEW,PREVIOUS,NEW_STATUS
360ONEAMC - SILVER360         ,190.80,184.47,H
ARFIN INDIA LIMITED           ,65.59,65.00,H
BANDHANAMC - GOLDBND          ,135.95,129.05,H
BANDHANAMC - SILVERBND        ,198.00,178.35,H
BIRLASLAMC - SILVER           ,193.80,191.65,H
CHOICEAMC - CHOICEGOLD        ,131.59,128.97,H
CONNPLEX CINEMAS LIMITED      ,270.00,266.90,H
CUMMINS INDIA LTD             ,4615.00,4588.30,H
DSPAMC - DSPBANKETF           ,61.84,61.28,H
DSPAMC - DSPSILVETF           ,187.79,183.00,H
EDELAMC - EGOLD               ,132.65,131.55,H
EDELAMC - ESILVER             ,193.90,192.00,H
ENCOMPASS DESIGN INDIA L      ,203.30,107.00,H
FLYWINGS SIMULAT T C LTD      ,204.75,191.00,H
GROWWAMC - GROWWGOLD          ,129.50,129.00,H
HINDUSTAN CONSTRUCTION CO     ,4.82,6.39,H
ICICIPRAMC - ICICISILVE       ,192.90,190.00,H
KOTAKMAMC - KOTAKSILVE        ,188.29,182.00,H
LE MERITE EXPORTS LIMITED     ,537.85,521.95,H
MAHAMAYA STEEL INDS LTD       ,822.40,806.30,H
MIRAEAMC - MAGOLDETF          ,129.00,128.15,H
MIRAEAMC - MASILVER           ,188.50,185.70,H
MIRAEAMC - METAL              ,11.80,11.50,H
MODI NATURALS LIMITED         ,398.70,390.00,H
MUTHOOT FINANCE LIMITED       ,3848.10,3833.00,H
NAVIN FLUORINE INT. LTD       ,6223.00,6168.50,H
NIPPONAMC - NETFSILVER        ,185.00,180.00,H
P S RAJ STEELS LIMITED        ,310.00,303.00,H
PATEL ENGINEERING LTD         ,2.80,3.73,H
SACHEEROME LIMITED            ,423.30,403.30,H
SBIAMC - SBISILVER            ,190.00,183.60,H
SHEETAL UNIVERSAL LIMITED     ,159.00,150.15,H
TATAAML-TATSILV               ,19.00,18.40,H
VENUS REMEDIES LIMITED        ,839.80,835.55,H
ZERODHAAMC - SILVERCASE       ,20.68,19.70,H
ARC INSULATION & INSU LTD     ,65.10,69.70,L
BANDHANAMC - GOLDBND          ,130.00,129.05,L
BANDHANAMC - SILVERBND        ,180.00,178.35,L
BAWEJA STUDIOS LIMITED        ,37.60,38.50,L
DEV INFO TECHNOLOGY LTD       ,37.01,37.36,L
DHARAN INFRA-EPC LIMITED      ,0.28,0.29,L
ENCOMPASS DESIGN INDIA L      ,193.15,107.00,L
FINKURVE FINANCIAL SERV L     ,99.00,99.02,L
FLYWINGS SIMULAT T C LTD      ,186.00,191.00,L
HINDUSTAN CONSTRUCTION CO     ,4.01,6.39,L
HP ADHESIVES LIMITED          ,41.20,41.31,L
INVICTA DIAGNOSTIC LTD        ,85.50,87.35,L
KSR FOOTWEAR LIMITED          ,17.11,18.10,L
MEESHO LIMITED                ,153.89,162.00,L
MONO PHARMACARE LIMITED       ,17.80,18.65,L
NOVA AGRITECH LIMITED         ,39.40,39.54,L
OPTIVALUE TEK CONSULT LTD     ,72.00,72.15,L
PATEL ENGINEERING LTD         ,2.24,3.73,L
RAJOO ENGINEERS LIMITED       ,63.00,63.63,L
SHEELA FOAM LIMITED           ,576.00,578.25,L
SHIVALIC POWER CONTROL L      ,71.00,72.00,L
SIKKO INDUSTRIES LIMITED      ,5.24,5.50,L
TSC INDIA LIMITED             ,48.10,48.30,L
