SERIES,SYMBOL,SECURITY,RECORD_DT,BC_STRT_DT,BC_END_DT,EX_DT,ND_STRT_DT,ND_END_DT,PURPOSE
NC,1003IIFL29,Sec Re NCD 10.03% Sr V,2026-02-14,,,2026-02-13,,,INTEREST PAYMENT
UC,1003IIFL29,Sec Re NCD 10.03% Sr V,2026-02-14,,,2026-02-13,,,INTEREST PAYMENT
N4,1003ISFL28,Sec Re NCD 10.03% Sr 5,2026-02-14,,,2026-02-13,,,INTEREST PAYMENT
U4,1003ISFL28,Sec Re NCD 10.03% Sr 5,2026-02-14,,,2026-02-13,,,INTEREST PAYMENT
ZQ,1003SCL31,SEC RE NCD 10.03% SR X,2026-02-16,,,2026-02-16,,,INTEREST PAYMENT
NR,1015ECL29,ECL Finance Limited,2026-02-16,,,2026-02-16,,,INTEREST PAYMENT
UR,1015ECL29,ECL Finance Limited,2026-02-16,,,2026-02-16,,,INTEREST PAYMENT
ZT,1025SCL34A,SEC RE NCD 10.25% SR XII,2026-02-16,,,2026-02-16,,,INTEREST PAYMENT
N0,1075WCA28,WCAPL 10.75% 2028,2026-02-13,,,2026-02-13,,,INTEREST PAYMENT
N0,1075WCAP28,WCAPL 10.75% 2028,2026-02-15,,,2026-02-13,,,INTEREST PAYMENT
N0,1096GIPL28,GIPL 10.96% 2028 Sr 1,2026-02-13,,,2026-02-13,,,INTEREST PAYMENT
N0,10IIFL26,IIFL Samasta 10% 2026,2026-02-13,,,2026-02-13,,,INTEREST/PART REDEMPTION
N6,10IIFL29,Sec Re NCD 9% Sr.VI,2026-02-19,,,2026-02-18,,,INTEREST PAYMENT
U6,10IIFL29,Sec Re NCD 9% Sr.VI,2026-02-19,,,2026-02-18,,,INTEREST PAYMENT
N0,1175IFL28,IFL 11.75% 2028,2026-02-13,,,2026-02-13,,,INTEREST PAYMENT
N0,125VCCL31,VCCL 12.5% 2031,2026-02-18,,,2026-02-18,,,INTEREST PAYMENT
N0,12VCCL29A,VCCL12% 2029,2026-02-13,,,2026-02-13,,,INTEREST PAYMENT
N0,12VCCL29B,VCCL 12% 2029,2026-02-17,,,2026-02-17,,,INTEREST PAYMENT
TB,182D190226,GOI TBILL 182D-19/02/26,2026-02-16,,,,,,REDEMPTION
TB,182D270226,GOI TBILL 182D-27/02/26,2026-02-25,,,,,,REDEMPTION
N0,18MVL27,Magnum Ventures 18% 2027,2026-02-13,,,2026-02-13,,,INTEREST PAYMENT
TB,364D200226,GOI TBILL 364D-20/02/26,2026-02-17,,,,,,REDEMPTION
TB,364D270226,GOI TBILL 364D-27/02/26,2026-02-25,,,,,,REDEMPTION
SG,621AS26,SDL AS 6.21% 2026,2026-02-13,,,,,,REDEMPTION
SG,63PY26,SDL PY 6.3% 2026,2026-02-21,,,,,,REDEMPTION
N0,728RECL40,REC 7.28% 2040 Sr 243,2026-02-16,,,2026-02-16,,,INTEREST PAYMENT
N0,732RL35,REC 7.32% 2035 Sr 245B,2026-02-16,,,2026-02-16,,,INTEREST PAYMENT
N0,734UCL28,UCL 7.34% 2028 Sr I,2026-02-18,,,2026-02-18,,,INTEREST PAYMENT
N0,734UCL30,UCL 7.34% 2030 Sr II,2026-02-18,,,2026-02-18,,,INTEREST PAYMENT
N0,735NHB32,NHB 7.35% 2032,2026-02-13,,,2026-02-13,,,INTEREST PAYMENT
N0,744PFCL30,PFCL 7.44% 2030 Sr 247A,2026-02-16,,,2026-02-16,,,INTEREST PAYMENT
N0,744RL28,REC 7.44% 2028 Sr 245A,2026-02-16,,,2026-02-16,,,INTEREST PAYMENT
NL,747RL34,REC 7.47% 2034 Sr 231B,2026-02-16,,,2026-02-16,,,INTEREST PAYMENT
UL,747RL34,REC 7.47% 2034 Sr 231B,2026-02-16,,,2026-02-16,,,INTEREST PAYMENT
N0,74PFCL35,PFCL 7.40% 2035 Sr 247B,2026-02-16,,,2026-02-16,,,INTEREST PAYMENT
N0,755DDL39,DME Dev 7.55% 2039 Sr V,2026-02-14,,,2026-02-13,,,INTEREST PAYMENT
NJ,771REC27,REC 7.71% 2027 Sr 230-A,2026-02-16,,,2026-02-16,,,INTEREST PAYMENT
UJ,771REC27,REC 7.71% 2027 Sr 230-A,2026-02-16,,,2026-02-16,,,INTEREST PAYMENT
N0,797SFL30,SFL 7.97% 2030 Sr X7,2026-02-13,,,2026-02-13,,,INTEREST PAYMENT
NG,812ABCL28,Aditya Birla Capital Limi,2026-02-18,,,2026-02-18,,,INTEREST PAYMENT
UG,812ABCL28,Aditya Birla Capital Limi,2026-02-18,,,2026-02-18,,,INTEREST PAYMENT
N0,817GHFL30,GHFL 8.17% 2030 Sr C4,2026-02-16,,,2026-02-16,,,INTEREST PAYMENT
N9,820IIFL27,Sec Re NCD 8.20% Sr.III,2026-02-13,,,2026-02-13,,,INTEREST PAYMENT
U9,820IIFL27,Sec Re NCD 8.20% Sr.III,2026-02-13,,,2026-02-13,,,INTEREST PAYMENT
GS,824GS2027,GOI LOAN 8.24%2027,2026-02-13,,,2026-02-13,,,INTEREST PAYMENT
N0,825TCSL28,TCSL 8.25% 2028,2026-02-16,,,2026-02-16,,,INTEREST PAYMENT
N6,829PFL29,Poonawalla Fincorp Ltd,2026-02-19,,,2026-02-18,,,INTEREST PAYMENT
U6,829PFL29,Poonawalla Fincorp Ltd,2026-02-19,,,2026-02-18,,,INTEREST PAYMENT
N2,82HUDCO27,8.20 NCD05MAR27 FV 1000,2026-02-18,,,2026-02-18,,,INTEREST PAYMENT
U2,82HUDCO27,8.20 NCD 05MAR27 FV 1000,2026-02-18,,,2026-02-18,,,INTEREST PAYMENT
NL,842IIFL26,Sec Re NCD 9% Sr.VI,2026-02-13,,,2026-02-13,,,INTEREST PAYMENT
UL,842IIFL26,Sec Re NCD 9% Sr.VI,2026-02-13,,,2026-02-13,,,INTEREST PAYMENT
N3,842SCL27,SCL 8.42% 2027 Sr II,2026-02-16,,,2026-02-16,,,INTEREST PAYMENT
U3,842SCL27,SCL 8.42% 2027 Sr II,2026-02-16,,,2026-02-16,,,INTEREST PAYMENT
NC,843IHFL29,Sec Re NCD 8.43% Sr.VI,2026-02-13,,,2026-02-13,,,INTEREST PAYMENT
UC,843IHFL29,Sec Re NCD 8.43% Sr.VI,2026-02-13,,,2026-02-13,,,INTEREST PAYMENT
MS,843SCL27,SEC RE NCD 8.43% SR.VIII,2026-02-13,,,2026-02-13,,,INTEREST PAYMENT
YS,843SCL27,SEC RE NCD 8.43% SR.VIII,2026-02-13,,,2026-02-13,,,INTEREST PAYMENT
NQ,860CIFC29,Chola 8.60% 2029 Sr 637,2026-02-18,,,2026-02-18,,,INTEREST PAYMENT
UQ,860CIFC29,Chola 8.60% 2029 Sr 637,2026-02-18,,,2026-02-18,,,INTEREST PAYMENT
NP,865CIFC865,Chola 8.65% 2029 Sr 636,2026-02-13,,,2026-02-13,,,INTEREST PAYMENT
UP,865CIFC865,Chola 8.65% 2029 Sr 636,2026-02-13,,,2026-02-13,,,INTEREST PAYMENT
NZ,865IFL28,Sec Re NCD 9% Sr.VI,2026-02-13,,,2026-02-13,,,INTEREST PAYMENT
UZ,865IFL28,Sec Re NCD 9% Sr.VI,2026-02-13,,,2026-02-13,,,INTEREST PAYMENT
N1,865IHFL27,IIFL Home Finance Limited,2026-02-13,,,2026-02-13,,,INTEREST PAYMENT
U1,865IHFL27,IIFL Home Finance Limited,2026-02-13,,,2026-02-13,,,INTEREST PAYMENT
NS,865IIFL28,Sec Re NCD 9% Sr.VI,2026-02-13,,,2026-02-13,,,INTEREST PAYMENT
US,865IIFL28,Sec Re NCD 9% Sr.VI,2026-02-13,,,2026-02-13,,,INTEREST PAYMENT
18,865SCL24B,SEC RE NCD 8.70% SR.VIII,2026-02-13,,,2026-02-13,,,INTEREST PAYMENT
Z8,865SCL24B,SEC RE NCD 8.70% SR.VIII,2026-02-13,,,2026-02-13,,,INTEREST PAYMENT
N8,865SCL26,SEC RED NCD 8.65% SR. V,2026-02-18,,,2026-02-18,,,INTEREST PAYMENT
U8,865SCL26,SEC RED NCD 8.65% SR. V,2026-02-18,,,2026-02-18,,,INTEREST PAYMENT
N4,865SCL27,SCL 8.65% 2027 Sr II,2026-02-16,,,2026-02-16,,,INTEREST PAYMENT
U4,865SCL27,SCL 8.65% 2027 Sr II,2026-02-16,,,2026-02-16,,,INTEREST PAYMENT
N9,865SCL28,SCL 8.65% 2028 Sr V,2026-02-16,,,2026-02-16,,,INTEREST PAYMENT
U9,865SCL28,SCL 8.65% 2028 Sr V,2026-02-16,,,2026-02-16,,,INTEREST PAYMENT
ZF,875SFL27,Shriram Finance Limited,2026-02-13,,,2026-02-13,,,INTEREST PAYMENT
NC,879SCL26,UNS RED NCD 8.79% SR.VIII,2026-02-18,,,2026-02-18,,,INTEREST PAYMENT
UC,879SCL26,UNS RED NCD 8.79% SR.VIII,2026-02-18,,,2026-02-18,,,INTEREST PAYMENT
N1,888ECL28,ECL 8.88% 2028 Sr V,2026-02-16,,,2026-02-16,,,INTEREST PAYMENT
U1,888ECL28,ECL 8.88% 2028 Sr V,2026-02-16,,,2026-02-16,,,INTEREST PAYMENT
1C,888SCL26A,SEC RE NCD 8.88% SR II,2026-02-16,,,2026-02-16,,,INTEREST PAYMENT
ZC,888SCL26A,SEC RE NCD 8.88% SR II,2026-02-16,,,2026-02-16,,,INTEREST PAYMENT
NA,888SCL28,SCL 8.88% 2028 Sr V,2026-02-16,,,2026-02-16,,,INTEREST PAYMENT
UA,888SCL28,SCL 8.88% 2028 Sr V,2026-02-16,,,2026-02-16,,,INTEREST PAYMENT
MT,889SCL27,SEC RE NCD 8.89% SR.VIII,2026-02-13,,,2026-02-13,,,INTEREST PAYMENT
YT,889SCL27,SEC RE NCD 8.89% SR.VIII,2026-02-13,,,2026-02-13,,,INTEREST PAYMENT
N4,897MOFSL29,Sec Re NCD 8.97% Sr V,2026-02-13,,,2026-02-13,,,INTEREST PAYMENT
U4,897MOFSL29,Sec Re NCD 8.97% Sr V,2026-02-13,,,2026-02-13,,,INTEREST PAYMENT
N1,89IHFL29,IIFL Home Finance Limited,2026-02-13,,,2026-02-13,,,INTEREST PAYMENT
U1,89IHFL29,IIFL Home Finance Limited,2026-02-13,,,2026-02-13,,,INTEREST PAYMENT
ZM,89SCL24A,SEC RE NCD 8.70% SR.VIII,2026-02-16,,,2026-02-16,,,INTEREST PAYMENT
NG,902SCL2030,SCL 9.02% 2030 Sr IX,2026-02-16,,,2026-02-16,,,INTEREST PAYMENT
UG,902SCL2030,SCL 9.02% 2030 Sr IX,2026-02-16,,,2026-02-16,,,INTEREST PAYMENT
ZI,902SCL27A,SEC RE NCD 9.02% SR V,2026-02-16,,,2026-02-16,,,INTEREST PAYMENT
NE,902SCL30,SCL 9.02% 2030 Sr VIII,2026-02-16,,,2026-02-16,,,INTEREST PAYMENT
UE,902SCL30,SCL 9.02% 2030 Sr VIII,2026-02-16,,,2026-02-16,,,INTEREST PAYMENT
N0,905CIFL32,CIFL 9.05% 2032 SD75,2026-02-18,,,2026-02-18,,,INTEREST PAYMENT
19,905SC24B,SEC RE NCD 9.15% SR.VIII,2026-02-13,,,2026-02-13,,,INTEREST PAYMENT
Z9,905SC24B,SEC RE NCD 9.15% SR.VIII,2026-02-13,,,2026-02-13,,,INTEREST PAYMENT
TB,91D180226,GOI TBILL 91D-19/02/26,2026-02-16,,,,,,REDEMPTION
TB,91D260226,GOI TBILL 91D-26/02/26,2026-02-24,,,,,,REDEMPTION
N8,920IIFLS26,Sec Re NCD 9.20% Sr I,2026-02-14,,,2026-02-13,,,INTEREST PAYMENT
U8,920IIFLS26,Sec Re NCD 9.20% Sr I,2026-02-14,,,2026-02-13,,,INTEREST PAYMENT
NK,920SCL32,SCL 9.20% 2032 Sr XI,2026-02-16,,,2026-02-16,,,INTEREST PAYMENT
UK,920SCL32,SCL 9.20% 2032 Sr XI,2026-02-16,,,2026-02-16,,,INTEREST PAYMENT
N0,925BCIL28,BCIPL 9.25% 2028 Sr A,2026-02-14,,,2026-02-13,,,INTEREST PAYMENT
N1,925BCIPL28,BCIPL 9.25% 2028 Sr B,2026-02-14,,,2026-02-13,,,INTEREST PAYMENT
U1,925BCIPL28,BCIPL 9.25% 2028 Sr B,2026-02-14,,,2026-02-13,,,INTEREST PAYMENT
N0,925IIFL32,IIFL 9.25% Sr D33 OP B,2026-02-13,,,2026-02-13,,,INTEREST PAYMENT
ZD,925SCL26D,SEC RE NCD 9.25% SR II,2026-02-16,,,2026-02-16,,,INTEREST PAYMENT
ZM,925SCL29A,SEC RE NCD 9.25% SR VIII,2026-02-16,,,2026-02-16,,,INTEREST PAYMENT
NF,925SCL30,SCL 9.25% 2030 Sr VIII,2026-02-16,,,2026-02-16,,,INTEREST PAYMENT
UF,925SCL30,SCL 9.25% 2030 Sr VIII,2026-02-16,,,2026-02-16,,,INTEREST PAYMENT
NH,925SCL30A,SCL 9.25% 2030 Sr IX,2026-02-16,,,2026-02-16,,,INTEREST PAYMENT
UH,925SCL30A,SCL 9.25% 2030 Sr IX,2026-02-16,,,2026-02-16,,,INTEREST PAYMENT
NN,930SCL35,SCL 9.30% 2035 Sr XIII,2026-02-16,,,2026-02-16,,,INTEREST PAYMENT
UN,930SCL35,SCL 9.30% 2035 Sr XIII,2026-02-16,,,2026-02-16,,,INTEREST PAYMENT
MP,930SFL28,Shriram Finance Limited,2026-02-14,,,2026-02-13,,,INTEREST PAYMENT
YP,930SFL28,Shriram Finance Limited,2026-02-14,,,2026-02-13,,,INTEREST PAYMENT
Z5,931SFL26,Shriram Finance Limited,2026-02-13,,,2026-02-13,,,INTEREST PAYMENT
NZ,935IIFL28,IIFL 9.35% Tr I Sr V,2026-02-13,,,2026-02-13,,,INTEREST PAYMENT
UZ,935IIFL28,IIFL 9.35% Tr I Sr V,2026-02-13,,,2026-02-13,,,INTEREST PAYMENT
ZZ,939SCL27,SEC RE NCD 8.94% SR.VIII,2026-02-13,,,2026-02-13,,,INTEREST PAYMENT
N6,93MOFSL34,Sec Re NCD 9.30% Sr VII,2026-02-13,,,2026-02-13,,,INTEREST PAYMENT
U6,93MOFSL34,Sec Re NCD 9.30% Sr VII,2026-02-13,,,2026-02-13,,,INTEREST PAYMENT
ZN,93SCL24A,SEC RE NCD 9.15% SR.VIII,2026-02-16,,,2026-02-16,,,INTEREST PAYMENT
NN,940SFIL28,Sec Re NCD 9.40% Sr.VIII,2026-02-16,,,2026-02-16,,,INTEREST PAYMENT
UN,940SFIL28,Sec Re NCD 9.40% Sr.VIII,2026-02-16,,,2026-02-16,,,INTEREST PAYMENT
NJ,943ECL28,Sec Red NCD 9.43% Sr. VI,2026-02-16,,,2026-02-16,,,INTEREST PAYMENT
UJ,943ECL28,Sec Red NCD 9.43% Sr. VI,2026-02-16,,,2026-02-16,,,INTEREST PAYMENT
NL,945SCL32,SCL 9.45% 2032 Sr XI,2026-02-16,,,2026-02-16,,,INTEREST PAYMENT
UL,945SCL32,SCL 9.45% 2032 Sr XI,2026-02-16,,,2026-02-16,,,INTEREST PAYMENT
ZJ,948SCL27A,SEC RE NCD 9.48% SR V,2026-02-16,,,2026-02-16,,,INTEREST PAYMENT
N0,950ISF26,IIFL Samasta 9.50% 2026,2026-02-13,,,2026-02-13,,,INTEREST/PART REDEMPTION
N0,950ISF26A,ISF 9.50% 2026,2026-02-13,,,2026-02-13,,,INTEREST/PART REDEMPTION
N0,950ISF27,ISF 9.50% 2027,2026-02-18,,,2026-02-18,,,INTEREST PAYMENT
NO,955SCL35,SCL 9.55% 2035 Sr XIII,2026-02-16,,,2026-02-16,,,INTEREST PAYMENT
UO,955SCL35,SCL 9.55% 2035 Sr XIII,2026-02-16,,,2026-02-16,,,INTEREST PAYMENT
MW,957ICCL25,Shriram Finance Limited,2026-02-13,,,2026-02-13,,,INTEREST PAYMENT
YW,957ICCL25,Shriram Finance Limited,2026-02-13,,,2026-02-13,,,INTEREST PAYMENT
NA,957IIFLS27,Sec Re NCD 9.57% Sr III,2026-02-14,,,2026-02-13,,,INTEREST PAYMENT
UA,957IIFLS27,Sec Re NCD 9.57% Sr III,2026-02-14,,,2026-02-13,,,INTEREST PAYMENT
N2,957ISFL26,Sec Re NCD 9.57% Sr 3,2026-02-14,,,2026-02-13,,,INTEREST PAYMENT
U2,957ISFL26,Sec Re NCD 9.57% Sr 3,2026-02-14,,,2026-02-13,,,INTEREST PAYMENT
N5,957NIDO26,Sec Red NCD 9.57% Sr. V,2026-02-16,,,2026-02-16,,,INTEREST PAYMENT
U5,957NIDO26,Sec Red NCD 9.57% Sr. V,2026-02-16,,,2026-02-16,,,INTEREST PAYMENT
M2,960IIFL30,IIFL 9.60% Tr I Sr VIII,2026-02-13,,,2026-02-13,,,INTEREST PAYMENT
Y2,960IIFL30,IIFL 9.60% Tr I Sr VIII,2026-02-13,,,2026-02-13,,,INTEREST PAYMENT
N0,965SCL25C,SEC RE NCD 9.39% SR.VIII,2026-02-13,,,2026-02-13,,,INTEREST PAYMENT
N5,96IIFL28,Unsec Re NCD 9.60% Sr.II,2026-02-13,,,2026-02-13,,,INTEREST PAYMENT
U5,96IIFL28,Unsec Re NCD 9.60% Sr.II,2026-02-13,,,2026-02-13,,,INTEREST PAYMENT
NF,96IIFL28A,Sec Re NCD 9% Sr.VI,2026-02-13,,,2026-02-13,,,INTEREST PAYMENT
UF,96IIFL28A,Sec Re NCD 9% Sr.VI,2026-02-13,,,2026-02-13,,,INTEREST PAYMENT
ZN,971SCL29A,SEC RE NCD 9.71% SR VIII,2026-02-16,,,2026-02-16,,,INTEREST PAYMENT
N0,975PCPL28,PCPL 9.75% 2028,2026-02-13,,,2026-02-13,,,INTEREST PAYMENT
N0,985CCSP28,CCSPL 9.85% 2028 Sr 5,2026-02-17,,,2026-02-17,,,INTEREST PAYMENT
NO,985SFIL28,Sec Re NCD 9.85% Sr.VIII,2026-02-16,,,2026-02-16,,,INTEREST PAYMENT
UO,985SFIL28,Sec Re NCD 9.85% Sr.VIII,2026-02-16,,,2026-02-16,,,INTEREST PAYMENT
ZS,98SCL34,SEC RE NCD 9.80% SR XII,2026-02-16,,,2026-02-16,,,INTEREST PAYMENT
N3,AAFS27B,AAFS Market Link2027 SrJ,2026-02-13,,,2026-02-13,,,INT PAYMENT/PART REDMPTN
N4,AAFS27B,AAFS Market Linked 2027,2026-02-13,,,2026-02-13,,,INT PAYMENT/PART REDMPTN
U3,AAFS27B,AAFS Market Link2027 SrJ,2026-02-13,,,2026-02-13,,,INT PAYMENT/PART REDMPTN
U4,AAFS27B,AAFS Market Linked 2027,2026-02-13,,,2026-02-13,,,INT PAYMENT/PART REDMPTN
N0,AAFS28A,AAFS UnderInvStr 28 Sr L,2026-02-13,,,2026-02-13,,,INT PAYMENT/PART REDMPTN
N0,AAFS28B,AAFS Market linked 2028,2026-02-13,,,2026-02-13,,,INT PAYMENT/PART REDMPTN
N0,AAFS28C,AAFS28C Market linked 28,2026-02-13,,,2026-02-13,,,INT PAYMENT/PART REDMPTN
BE,AARTIPHARM,Aarti Pharmalabs Limited,2026-02-16,,,2026-02-16,,,INTDIV - RS 1.50 PER SH
BL,AARTIPHARM,Aarti Pharmalabs Limited,2026-02-16,,,2026-02-16,,,INTDIV - RS 1.50 PER SH
EQ,AARTIPHARM,Aarti Pharmalabs Limited,2026-02-16,,,2026-02-16,,,INTDIV - RS 1.50 PER SH
IQ,AARTIPHARM,Aarti Pharmalabs Limited,2026-02-16,,,2026-02-16,,,INTDIV - RS 1.50 PER SH
E1,ADANIENPP1,Adani Enterprises Limited,2026-02-13,,,,,,SECNDFINCAL RS 450 PR SH
X1,ADANIENPP1,Adani Enterprises Limited,2026-02-13,,,,,,SECNDFINCAL RS 450 PR SH
IV,ANANTAM,Anantam Highways Trust,2026-02-16,,,2026-02-16,,,DISTRIBUTION - RS 2.50
BE,APOLLOHOSP,Apollo Hospitals Ltd-Depo,2026-02-16,,,2026-02-16,,,INTDIV - RS 10 PER SH
BL,APOLLOHOSP,Apollo Hospitals Ltd,2026-02-16,,,2026-02-16,,,INTDIV - RS 10 PER SH
EQ,APOLLOHOSP,Apollo Hospitals Ltd,2026-02-16,,,2026-02-16,,,INTDIV - RS 10 PER SH
IQ,APOLLOHOSP,Apollo Hospitals Ltd,2026-02-16,,,2026-02-16,,,INTDIV - RS 10 PER SH
T0,APOLLOHOSP,Apollo Hospitals Ltd,2026-02-16,,,2026-02-16,,,INTDIV - RS 10 PER SH
TL,APOLLOHOSP,Apollo Hospitals Ltd,2026-02-16,,,2026-02-16,,,INTDIV - RS 10 PER SH
BE,ASHIANA,Ashiana Housing Ltd,2026-02-19,,,2026-02-18,,,INTDIV - RE 1 PER SH
BL,ASHIANA,Ashiana Housing Ltd,2026-02-19,,,2026-02-18,,,INTDIV - RE 1 PER SH
EQ,ASHIANA,Ashiana Housing Ltd,2026-02-19,,,2026-02-18,,,INTDIV - RE 1 PER SH
IQ,ASHIANA,Ashiana Housing Ltd,2026-02-19,,,2026-02-18,,,INTDIV - RE 1 PER SH
BE,AVTNPL,AVT Natural Products Limi,2026-02-19,,,2026-02-18,,,INTDIV - RE 0.35 PER SH
BL,AVTNPL,AVT Natural Products Limi,2026-02-19,,,2026-02-18,,,INTDIV - RE 0.35 PER SH
EQ,AVTNPL,AVT Natural Products Limi,2026-02-19,,,2026-02-18,,,INTDIV - RE 0.35 PER SH
IQ,AVTNPL,AVT Natural Products Limi,2026-02-19,,,2026-02-18,,,INTDIV - RE 0.35 PER SH
BE,AXITA,Axita Cotton Limited,2026-02-13,,,2026-02-13,,,BONUS 1:10
BL,AXITA,Axita Cotton Limited,2026-02-13,,,2026-02-13,,,BONUS 1:10
EQ,AXITA,Axita Cotton Limited,2026-02-13,,,2026-02-13,,,BONUS 1:10
IQ,AXITA,Axita Cotton Limited,2026-02-13,,,2026-02-13,,,BONUS 1:10
BE,BECTORFOOD,Mrs Bectors Food Spe Ltd,2026-02-17,,,2026-02-17,,,INTDIV - RE 0.60 PER SH
BL,BECTORFOOD,Mrs Bectors Food Spe Ltd,2026-02-17,,,2026-02-17,,,INTDIV - RE 0.60 PER SH
EQ,BECTORFOOD,Mrs Bectors Food Spe Ltd,2026-02-17,,,2026-02-17,,,INTDIV - RE 0.60 PER SH
IQ,BECTORFOOD,Mrs Bectors Food Spe Ltd,2026-02-17,,,2026-02-17,,,INTDIV - RE 0.60 PER SH
T0,BECTORFOOD,Mrs Bectors Food Spe Ltd,2026-02-17,,,2026-02-17,,,INTDIV - RE 0.60 PER SH
TL,BECTORFOOD,Mrs Bectors Food Spe Ltd,2026-02-17,,,2026-02-17,,,INTDIV - RE 0.60 PER SH
BE,BEML,BEML Limited,2026-02-13,,,2026-02-13,,,INTDIV - RS 2.50 PER SH
BL,BEML,BEML Limited,2026-02-13,,,2026-02-13,,,INTDIV - RS 2.50 PER SH
EQ,BEML,BEML Limited,2026-02-13,,,2026-02-13,,,INTDIV - RS 2.50 PER SH
IQ,BEML,BEML Limited,2026-02-13,,,2026-02-13,,,INTDIV - RS 2.50 PER SH
T0,BEML,BEML Limited,2026-02-13,,,2026-02-13,,,INTDIV - RS 2.50 PER SH
TL,BEML,BEML Limited,2026-02-13,,,2026-02-13,,,INTDIV - RS 2.50 PER SH
BE,BHARATFORG,Bharat Forge Ltd,2026-02-18,,,2026-02-18,,,INTDIV - RS 2 PER SH
BL,BHARATFORG,Bharat Forge Ltd,2026-02-18,,,2026-02-18,,,INTDIV - RS 2 PER SH
EQ,BHARATFORG,Bharat Forge Ltd,2026-02-18,,,2026-02-18,,,INTDIV - RS 2 PER SH
IQ,BHARATFORG,Bharat Forge Ltd,2026-02-18,,,2026-02-18,,,INTDIV - RS 2 PER SH
T0,BHARATFORG,Bharat Forge Ltd,2026-02-18,,,2026-02-18,,,INTDIV - RS 2 PER SH
TL,BHARATFORG,Bharat Forge Ltd,2026-02-18,,,2026-02-18,,,INTDIV - RS 2 PER SH
BE,BLISSGVS,Bliss GVS Pharma Ltd,2026-02-18,,,2026-02-18,,,INTDIV - RE 0.50 PER SH
BL,BLISSGVS,Bliss GVS Pharma Ltd,2026-02-18,,,2026-02-18,,,INTDIV - RE 0.50 PER SH
EQ,BLISSGVS,Bliss GVS Pharma Ltd,2026-02-18,,,2026-02-18,,,INTDIV - RE 0.50 PER SH
IQ,BLISSGVS,Bliss GVS Pharma Ltd,2026-02-18,,,2026-02-18,,,INTDIV - RE 0.50 PER SH
BE,BLS,BLS Intl Servs Ltd,2026-02-13,,,2026-02-13,,,INTDIV - RS 2 PER SH
BL,BLS,BLS Intl Servs Ltd,2026-02-13,,,2026-02-13,,,INTDIV - RS 2 PER SH
EQ,BLS,BLS Intl Servs Ltd,2026-02-13,,,2026-02-13,,,INTDIV - RS 2 PER SH
IQ,BLS,BLS Intl Servs Ltd,2026-02-13,,,2026-02-13,,,INTDIV - RS 2 PER SH
T0,BLS,BLS Intl Servs Ltd,2026-02-13,,,2026-02-13,,,INTDIV - RS 2 PER SH
TL,BLS,BLS Intl Servs Ltd,2026-02-13,,,2026-02-13,,,INTDIV - RS 2 PER SH
BE,BLSE,BLS E-Services Limited,2026-02-13,,,2026-02-13,,,INTDIV - RE 0.50 PER SH
BL,BLSE,BLS E-Services Limited,2026-02-13,,,2026-02-13,,,INTDIV - RE 0.50 PER SH
EQ,BLSE,BLS E-Services Limited,2026-02-13,,,2026-02-13,,,INTDIV - RE 0.50 PER SH
IQ,BLSE,BLS E-Services Limited,2026-02-13,,,2026-02-13,,,INTDIV - RE 0.50 PER SH
BE,CANTABIL,Cantabil Retail Ltd,2026-02-20,,,2026-02-20,,,INTDIV - RE 0.75 PER SH
BL,CANTABIL,Cantabil Retail Ltd,2026-02-20,,,2026-02-20,,,INTDIV - RE 0.75 PER SH
EQ,CANTABIL,Cantabil Retail Ltd,2026-02-20,,,2026-02-20,,,INTDIV - RE 0.75 PER SH
IQ,CANTABIL,Cantabil Retail Ltd,2026-02-20,,,2026-02-20,,,INTDIV - RE 0.75 PER SH
BE,CMSINFO,CMS Info Systems Limited,2026-02-18,,,2026-02-18,,,INTDIV - RS 2.75 PER SH
BL,CMSINFO,CMS Info Systems Limited,2026-02-18,,,2026-02-18,,,INTDIV - RS 2.75 PER SH
EQ,CMSINFO,CMS Info Systems Limited,2026-02-18,,,2026-02-18,,,INTDIV - RS 2.75 PER SH
IQ,CMSINFO,CMS Info Systems Limited,2026-02-18,,,2026-02-18,,,INTDIV - RS 2.75 PER SH
BE,COALINDIA,Coal India Ltd,2026-02-18,,,2026-02-18,,,INTDIV - RS 5.50 PER SH
BL,COALINDIA,Coal India Ltd,2026-02-18,,,2026-02-18,,,INTDIV - RS 5.50 PER SH
EQ,COALINDIA,Coal India Ltd,2026-02-18,,,2026-02-18,,,INTDIV - RS 5.50 PER SH
IQ,COALINDIA,Coal India Ltd,2026-02-18,,,2026-02-18,,,INTDIV - RS 5.50 PER SH
T0,COALINDIA,Coal India Ltd,2026-02-18,,,2026-02-18,,,INTDIV - RS 5.50 PER SH
TL,COALINDIA,Coal India Ltd,2026-02-18,,,2026-02-18,,,INTDIV - RS 5.50 PER SH
BE,DCW,DCW Ltd,2026-02-20,,,2026-02-20,,,INTDIV - RE 0.10 PER SH
BL,DCW,DCW Ltd,2026-02-20,,,2026-02-20,,,INTDIV - RE 0.10 PER SH
EQ,DCW,DCW Ltd,2026-02-20,,,2026-02-20,,,INTDIV - RE 0.10 PER SH
IQ,DCW,DCW Ltd,2026-02-20,,,2026-02-20,,,INTDIV - RE 0.10 PER SH
BE,DDEVPLSTIK,Ddev Plastiks Ind Ltd,2026-02-20,,,2026-02-20,,,INTDIV - RE 0.50 PER SH
BL,DDEVPLSTIK,Ddev Plastiks Ind Ltd,2026-02-20,,,2026-02-20,,,INTDIV - RE 0.50 PER SH
EQ,DDEVPLSTIK,Ddev Plastiks Ind Ltd,2026-02-20,,,2026-02-20,,,INTDIV - RE 0.50 PER SH
IQ,DDEVPLSTIK,Ddev Plastiks Ind Ltd,2026-02-20,,,2026-02-20,,,INTDIV - RE 0.50 PER SH
BE,DELPHIFX,DELPHI WORLD MONEY LTD,2026-02-14,,,2026-02-13,,,FVSPLT FRM RS 10 TO RS 2
BE,DELPHIFX,DELPHI WORLD MONEY LTD,2026-02-14,,,2026-02-13,,,BONUS 2:1
BL,DELPHIFX,DELPHI WORLD MONEY LTD,2026-02-14,,,2026-02-13,,,BONUS 2:1
BL,DELPHIFX,DELPHI WORLD MONEY LTD,2026-02-14,,,2026-02-13,,,FVSPLT FRM RS 10 TO RS 2
BZ,DELPHIFX,DELPHI WORLD MONEY LTD,2026-02-14,,,2026-02-13,,,FVSPLT FRM RS 10 TO RS 2
BZ,DELPHIFX,DELPHI WORLD MONEY LTD,2026-02-14,,,2026-02-13,,,BONUS 2:1
EQ,DELPHIFX,DELPHI WORLD MONEY LTD,2026-02-14,,,2026-02-13,,,FVSPLT FRM RS 10 TO RS 2
EQ,DELPHIFX,DELPHI WORLD MONEY LTD,2026-02-14,,,2026-02-13,,,BONUS 2:1
IQ,DELPHIFX,DELPHI WORLD MONEY LTD,2026-02-14,,,2026-02-13,,,FVSPLT FRM RS 10 TO RS 2
IQ,DELPHIFX,DELPHI WORLD MONEY LTD,2026-02-14,,,2026-02-13,,,BONUS 2:1
BE,DYNAMATECH,Dynamatic Tech. Ltd.,2026-02-13,,,2026-02-13,,,INTDIV - RS 5 PER SH
BL,DYNAMATECH,Dynamatic Technologies,2026-02-13,,,2026-02-13,,,INTDIV - RS 5 PER SH
EQ,DYNAMATECH,Dynamatic Tech. Ltd.,2026-02-13,,,2026-02-13,,,INTDIV - RS 5 PER SH
IQ,DYNAMATECH,Dynamatic Tech. Ltd.,2026-02-13,,,2026-02-13,,,INTDIV - RS 5 PER SH
BE,ESABINDIA,Esabindia-depo,2026-02-14,,,2026-02-13,,,INTDIV - RS 25 PER SH
BL,ESABINDIA,Esab India Ltd.,2026-02-14,,,2026-02-13,,,INTDIV - RS 25 PER SH
EQ,ESABINDIA,Esab India Ltd.,2026-02-14,,,2026-02-13,,,INTDIV - RS 25 PER SH
IQ,ESABINDIA,Esab India Ltd.,2026-02-14,,,2026-02-13,,,INTDIV - RS 25 PER SH
BE,ESCORTS,Escorts Kubota Limited,2026-02-16,,,2026-02-16,,,SPLDIV - RS 18 PER SH
BL,ESCORTS,Escorts Kubota Limited,2026-02-16,,,2026-02-16,,,SPLDIV - RS 18 PER SH
EQ,ESCORTS,Escorts Kubota Limited,2026-02-16,,,2026-02-16,,,SPLDIV - RS 18 PER SH
IQ,ESCORTS,Escorts Kubota Limited,2026-02-16,,,2026-02-16,,,SPLDIV - RS 18 PER SH
T0,ESCORTS,Escorts Kubota Limited,2026-02-16,,,2026-02-16,,,SPLDIV - RS 18 PER SH
TL,ESCORTS,Escorts Kubota Limited,2026-02-16,,,2026-02-16,,,SPLDIV - RS 18 PER SH
BE,FSL,Firstsource Solutions Lim,2026-02-20,,,2026-02-20,,,INTDIV - RS 5.50 PER SH
BL,FSL,Firstsource Solutions Lim,2026-02-20,,,2026-02-20,,,INTDIV - RS 5.50 PER SH
EQ,FSL,Firstsource Solutions Lim,2026-02-20,,,2026-02-20,,,INTDIV - RS 5.50 PER SH
IQ,FSL,Firstsource Solutions Lim,2026-02-20,,,2026-02-20,,,INTDIV - RS 5.50 PER SH
T0,FSL,Firstsource Solutions Lim,2026-02-20,,,2026-02-20,,,INTDIV - RS 5.50 PER SH
TL,FSL,Firstsource Solutions Lim,2026-02-20,,,2026-02-20,,,INTDIV - RS 5.50 PER SH
GS,GS220226C,GOI STRIPS C 220226,2026-02-18,,,,,,REDEMPTION
BE,GULFOILLUB,Gulf Oil Lub. Ind. Ltd.,2026-02-13,,,2026-02-13,,,INTDIV - RS 21 PER SH
BL,GULFOILLUB,Gulf Oil Lub. Ind. Ltd.,2026-02-13,,,2026-02-13,,,INTDIV - RS 21 PER SH
EQ,GULFOILLUB,Gulf Oil Lub. Ind. Ltd.,2026-02-13,,,2026-02-13,,,INTDIV - RS 21 PER SH
IQ,GULFOILLUB,Gulf Oil Lub. Ind. Ltd.,2026-02-13,,,2026-02-13,,,INTDIV - RS 21 PER SH
BE,HAL,Hindustan Aeronautics Ltd,2026-02-18,,,2026-02-18,,,INT DIV - RS 35 PER SH
BL,HAL,Hindustan Aeronautics Ltd,2026-02-18,,,2026-02-18,,,INT DIV - RS 35 PER SH
EQ,HAL,Hindustan Aeronautics Ltd,2026-02-18,,,2026-02-18,,,INT DIV - RS 35 PER SH
IQ,HAL,Hindustan Aeronautics Ltd,2026-02-18,,,2026-02-18,,,INT DIV - RS 35 PER SH
T0,HAL,Hindustan Aeronautics Ltd,2026-02-18,,,2026-02-18,,,INT DIV - RS 35 PER SH
TL,HAL,Hindustan Aeronautics Ltd,2026-02-18,,,2026-02-18,,,INT DIV - RS 35 PER SH
BE,HBLENGINE,HBL Engineering Ltd,2026-02-13,,,2026-02-13,,,INTDIV - RS 2 PER SH
BL,HBLENGINE,HBL Engineering Ltd,2026-02-13,,,2026-02-13,,,INTDIV - RS 2 PER SH
EQ,HBLENGINE,HBL Engineering Ltd,2026-02-13,,,2026-02-13,,,INTDIV - RS 2 PER SH
IQ,HBLENGINE,HBL Engineering Ltd,2026-02-13,,,2026-02-13,,,INTDIV - RS 2 PER SH
T0,HBLENGINE,HBL Engineering Ltd,2026-02-13,,,2026-02-13,,,INTDIV - RS 2 PER SH
TL,HBLENGINE,HBL Engineering Ltd,2026-02-13,,,2026-02-13,,,INTDIV - RS 2 PER SH
BE,HIKAL,Hikal Limited,2026-02-17,,,2026-02-17,,,INTDIV - RE 0.20 PER SH
BL,HIKAL,Hikal Limited,2026-02-17,,,2026-02-17,,,INTDIV - RE 0.20 PER SH
EQ,HIKAL,Hikal Limited,2026-02-17,,,2026-02-17,,,INTDIV - RE 0.20 PER SH
IQ,HIKAL,Hikal Limited,2026-02-17,,,2026-02-17,,,INTDIV - RE 0.20 PER SH
BE,HINDCOPPER,Hindustan Copper Ltd,2026-02-13,,,2026-02-13,,,INTDIV - RE 1 PER SH
BL,HINDCOPPER,Hindustan Copper Ltd,2026-02-13,,,2026-02-13,,,INTDIV - RE 1 PER SH
EQ,HINDCOPPER,Hindustan Copper Ltd,2026-02-13,,,2026-02-13,,,INTDIV - RE 1 PER SH
IQ,HINDCOPPER,Hindustan Copper Ltd,2026-02-13,,,2026-02-13,,,INTDIV - RE 1 PER SH
T0,HINDCOPPER,Hindustan Copper Ltd,2026-02-13,,,2026-02-13,,,INTDIV - RE 1 PER SH
TL,HINDCOPPER,Hindustan Copper Ltd,2026-02-13,,,2026-02-13,,,INTDIV - RE 1 PER SH
BE,HONDAPOWER,Honda I Power Product Ltd,2026-02-19,,,2026-02-18,,,INTDIV - RS 3.50 PER SH
BL,HONDAPOWER,Honda I Power Product Ltd,2026-02-19,,,2026-02-18,,,INTDIV - RS 3.50 PER SH
EQ,HONDAPOWER,Honda I Power Product Ltd,2026-02-19,,,2026-02-18,,,INTDIV - RS 3.50 PER SH
IQ,HONDAPOWER,Honda I Power Product Ltd,2026-02-19,,,2026-02-18,,,INTDIV - RS 3.50 PER SH
BE,IGIL,Internatio Gemm Ins (I) L,2026-02-17,,,2026-02-17,,,INTDIV - RS 2.50 PER SH
BL,IGIL,Internatio Gemm Ins (I) L,2026-02-17,,,2026-02-17,,,INTDIV - RS 2.50 PER SH
EQ,IGIL,Internatio Gemm Ins (I) L,2026-02-17,,,2026-02-17,,,INTDIV - RS 2.50 PER SH
IQ,IGIL,Internatio Gemm Ins (I) L,2026-02-17,,,2026-02-17,,,INTDIV - RS 2.50 PER SH
T0,IGIL,Internatio Gemm Ins (I) L,2026-02-17,,,2026-02-17,,,INTDIV - RS 2.50 PER SH
TL,IGIL,Internatio Gemm Ins (I) L,2026-02-17,,,2026-02-17,,,INTDIV - RS 2.50 PER SH
BE,IGL,Indraprastha Gas Limited,2026-02-19,,,2026-02-18,,,INTDIV - RS 3.25 PER SH
BL,IGL,Indraprastha Gas Limited,2026-02-19,,,2026-02-18,,,INTDIV - RS 3.25 PER SH
EQ,IGL,Indraprastha Gas Limited,2026-02-19,,,2026-02-18,,,INTDIV - RS 3.25 PER SH
IQ,IGL,Indraprastha Gas Limited,2026-02-19,,,2026-02-18,,,INTDIV - RS 3.25 PER SH
T0,IGL,Indraprastha Gas Limited,2026-02-19,,,2026-02-18,,,INTDIV - RS 3.25 PER SH
TL,IGL,Indraprastha Gas Limited,2026-02-19,,,2026-02-18,,,INTDIV - RS 3.25 PER SH
BE,IIFLCAPS,IIFL CAPITAL SERVICES LTD,2026-02-16,,,2026-02-16,,,INTDIV - RS 3 PER SH
BL,IIFLCAPS,IIFL CAPITAL SERVICES LTD,2026-02-16,,,2026-02-16,,,INTDIV - RS 3 PER SH
EQ,IIFLCAPS,IIFL CAPITAL SERVICES LTD,2026-02-16,,,2026-02-16,,,INTDIV - RS 3 PER SH
IQ,IIFLCAPS,IIFL CAPITAL SERVICES LTD,2026-02-16,,,2026-02-16,,,INTDIV - RS 3 PER SH
T0,IIFLCAPS,IIFL CAPITAL SERVICES LTD,2026-02-16,,,2026-02-16,,,INTDIV - RS 3 PER SH
TL,IIFLCAPS,IIFL CAPITAL SERVICES LTD,2026-02-16,,,2026-02-16,,,INTDIV - RS 3 PER SH
IV,INDIGRID,India Grid Trust,2026-02-17,,,2026-02-17,,,DISTRIBUTION - RS 4
IV,INTERISE,Interise Trust,2026-02-17,,,2026-02-17,,,DISTRIBUTION - RS 3.81
BE,IOLCP,IOL Chem and Pharma Ltd,2026-02-17,,,2026-02-17,,,INTDIV - RE 1 PER SH
BL,IOLCP,IOL Chem and Pharma Ltd,2026-02-17,,,2026-02-17,,,INTDIV - RE 1 PER SH
EQ,IOLCP,IOL Chem and Pharma Ltd,2026-02-17,,,2026-02-17,,,INTDIV - RE 1 PER SH
IQ,IOLCP,IOL Chem and Pharma Ltd,2026-02-17,,,2026-02-17,,,INTDIV - RE 1 PER SH
IV,IRBINVIT,IRB InvIT Fund,2026-02-16,,,2026-02-16,,,DISTRIBUTION- RS 1.50
IV,IRBIT,IRB INFRASTRUCTURE TRUST,2026-02-16,,,2026-02-16,,,DISTRIBUTION - RE 0.43
BE,IRCON,Ircon International Ltd,2026-02-17,,,2026-02-17,,,INTDIV - RS 1.20 PER SH
BL,IRCON,Ircon International Ltd,2026-02-17,,,2026-02-17,,,INTDIV - RS 1.20 PER SH
EQ,IRCON,Ircon International Ltd,2026-02-17,,,2026-02-17,,,INTDIV - RS 1.20 PER SH
IQ,IRCON,Ircon International Ltd,2026-02-17,,,2026-02-17,,,INTDIV - RS 1.20 PER SH
T0,IRCON,Ircon International Ltd,2026-02-17,,,2026-02-17,,,INTDIV - RS 1.20 PER SH
TL,IRCON,Ircon International Ltd,2026-02-17,,,2026-02-17,,,INTDIV - RS 1.20 PER SH
BE,KIRLOSENG,Kirloskar Oil Eng Ltd,2026-02-20,,,2026-02-20,,,INTDIV - RS 2.50 PER SH
BL,KIRLOSENG,Kirloskar Oil Eng Ltd,2026-02-20,,,2026-02-20,,,INTDIV - RS 2.50 PER SH
EQ,KIRLOSENG,Kirloskar Oil Eng Ltd,2026-02-20,,,2026-02-20,,,INTDIV - RS 2.50 PER SH
IQ,KIRLOSENG,Kirloskar Oil Eng Ltd,2026-02-20,,,2026-02-20,,,INTDIV - RS 2.50 PER SH
T0,KIRLOSENG,Kirloskar Oil Eng Ltd,2026-02-20,,,2026-02-20,,,INTDIV - RS 2.50 PER SH
TL,KIRLOSENG,Kirloskar Oil Eng Ltd,2026-02-20,,,2026-02-20,,,INTDIV - RS 2.50 PER SH
BE,KKCL,Kewal Kiran Clothing Limi,2026-02-16,,,2026-02-16,,,INTDIV - RS 2 PER SH
BL,KKCL,Kewal Kiran Clothing Limi,2026-02-16,,,2026-02-16,,,INTDIV - RS 2 PER SH
EQ,KKCL,Kewal Kiran Clothing Limi,2026-02-16,,,2026-02-16,,,INTDIV - RS 2 PER SH
IQ,KKCL,Kewal Kiran Clothing Limi,2026-02-16,,,2026-02-16,,,INTDIV - RS 2 PER SH
BE,KPRMILL,K.P.R. Mill Limited,2026-02-13,,,2026-02-13,,,INTDIV - RS 2.50 PER SH
BL,KPRMILL,K.P.R. Mill Limited,2026-02-13,,,2026-02-13,,,INTDIV - RS 2.50 PER SH
EQ,KPRMILL,K.P.R. Mill Limited,2026-02-13,,,2026-02-13,,,INTDIV - RS 2.50 PER SH
IQ,KPRMILL,K.P.R. Mill Limited,2026-02-13,,,2026-02-13,,,INTDIV - RS 2.50 PER SH
T0,KPRMILL,K.P.R. Mill Limited,2026-02-13,,,2026-02-13,,,INTDIV - RS 2.50 PER SH
TL,KPRMILL,K.P.R. Mill Limited,2026-02-13,,,2026-02-13,,,INTDIV - RS 2.50 PER SH
BE,MAZDOCK,Mazagon Dock Shipbuil Ltd,2026-02-13,,,2026-02-13,,,INTDIV - RS 7.50 PER SH
BL,MAZDOCK,Mazagon Dock Shipbuil Ltd,2026-02-13,,,2026-02-13,,,INTDIV - RS 7.50 PER SH
EQ,MAZDOCK,Mazagon Dock Shipbuil Ltd,2026-02-13,,,2026-02-13,,,INTDIV - RS 7.50 PER SH
IQ,MAZDOCK,Mazagon Dock Shipbuil Ltd,2026-02-13,,,2026-02-13,,,INTDIV - RS 7.50 PER SH
T0,MAZDOCK,Mazagon Dock Shipbuil Ltd,2026-02-13,,,2026-02-13,,,INTDIV - RS 7.50 PER SH
TL,MAZDOCK,Mazagon Dock Shipbuil Ltd,2026-02-13,,,2026-02-13,,,INTDIV - RS 7.50 PER SH
BE,MGL,Mahanagar Gas Ltd.,2026-02-13,,,2026-02-13,,,INTDIV - RS 12 PER SH
BL,MGL,Mahanagar Gas Ltd.,2026-02-13,,,2026-02-13,,,INTDIV - RS 12 PER SH
EQ,MGL,Mahanagar Gas Ltd.,2026-02-13,,,2026-02-13,,,INTDIV - RS 12 PER SH
IQ,MGL,Mahanagar Gas Ltd.,2026-02-13,,,2026-02-13,,,INTDIV - RS 12 PER SH
T0,MGL,Mahanagar Gas Ltd.,2026-02-13,,,2026-02-13,,,INTDIV - RS 12 PER SH
TL,MGL,Mahanagar Gas Ltd.,2026-02-13,,,2026-02-13,,,INTDIV - RS 12 PER SH
BE,MINDACORP,Minda Corporation Ltd,2026-02-13,,,2026-02-13,,,INTDIV - RE 0.60 PER SH
BL,MINDACORP,Minda Corporation Ltd,2026-02-13,,,2026-02-13,,,INTDIV - RE 0.60 PER SH
EQ,MINDACORP,Minda Corporation Ltd,2026-02-13,,,2026-02-13,,,INTDIV - RE 0.60 PER SH
T0,MINDACORP,Minda Corporation Ltd,2026-02-13,,,2026-02-13,,,INTDIV - RE 0.60 PER SH
TL,MINDACORP,Minda Corporation Ltd,2026-02-13,,,2026-02-13,,,INTDIV - RE 0.60 PER SH
BE,MRF,MRF Limited - Depo,2026-02-13,,,2026-02-13,,,INTDIV - RS 3 PER SH
BL,MRF,MRF Ltd.,2026-02-13,,,2026-02-13,,,INTDIV - RS 3 PER SH
EQ,MRF,MRF Ltd.,2026-02-13,,,2026-02-13,,,INTDIV - RS 3 PER SH
IQ,MRF,MRF Ltd.,2026-02-13,,,2026-02-13,,,INTDIV - RS 3 PER SH
T0,MRF,MRF Ltd.,2026-02-13,,,2026-02-13,,,INTDIV - RS 3 PER SH
TL,MRF,MRF Ltd.,2026-02-13,,,2026-02-13,,,INTDIV - RS 3 PER SH
BE,MSTCLTD,MSTC Limited,2026-02-18,,,2026-02-18,,,INTDIV - RS 7.60 PER SH
BL,MSTCLTD,MSTC Limited,2026-02-18,,,2026-02-18,,,INTDIV - RS 7.60 PER SH
EQ,MSTCLTD,MSTC Limited,2026-02-18,,,2026-02-18,,,INTDIV - RS 7.60 PER SH
IQ,MSTCLTD,MSTC Limited,2026-02-18,,,2026-02-18,,,INTDIV - RS 7.60 PER SH
BE,NATCOPHARM,Natco Pharma Limited,2026-02-18,,,2026-02-18,,,INTDIV - RS 1.50 PER SH
BL,NATCOPHARM,Natco Pharma Limited,2026-02-18,,,2026-02-18,,,INTDIV - RS 1.50 PER SH
EQ,NATCOPHARM,Natco Pharma Limited,2026-02-18,,,2026-02-18,,,INTDIV - RS 1.50 PER SH
IQ,NATCOPHARM,Natco Pharma Limited,2026-02-18,,,2026-02-18,,,INTDIV - RS 1.50 PER SH
T0,NATCOPHARM,Natco Pharma Limited,2026-02-18,,,2026-02-18,,,INTDIV - RS 1.50 PER SH
TL,NATCOPHARM,Natco Pharma Limited,2026-02-18,,,2026-02-18,,,INTDIV - RS 1.50 PER SH
IV,NDRINVIT,NDR INVIT Trust,2026-02-16,,,2026-02-16,,,DISTRIBUTION - RS 1.875
BE,NMDC,NMDC Limited,2026-02-13,,,2026-02-13,,,INTDIV - RS 2.50 PER SH
BL,NMDC,NMDC Limited,2026-02-13,,,2026-02-13,,,INTDIV - RS 2.50 PER SH
EQ,NMDC,NMDC Limited,2026-02-13,,,2026-02-13,,,INTDIV - RS 2.50 PER SH
IQ,NMDC,NMDC Limited,2026-02-13,,,2026-02-13,,,INTDIV - RS 2.50 PER SH
T0,NMDC,NMDC Limited,2026-02-13,,,2026-02-13,,,INTDIV - RS 2.50 PER SH
TL,NMDC,NMDC Limited,2026-02-13,,,2026-02-13,,,INTDIV - RS 2.50 PER SH
BE,NRBBEARING,NRB Bearings Limited,2026-02-13,,,2026-02-13,,,INTDIV - RS 3.20 PER SH
BL,NRBBEARING,NRB Bearings Limited,2026-02-13,,,2026-02-13,,,INTDIV - RS 3.20 PER SH
EQ,NRBBEARING,NRB Bearings Limited,2026-02-13,,,2026-02-13,,,INTDIV - RS 3.20 PER SH
IQ,NRBBEARING,NRB Bearings Limited,2026-02-13,,,2026-02-13,,,INTDIV - RS 3.20 PER SH
BE,OIL,Oil India Ltd,2026-02-18,,,2026-02-18,,,INTDIV - RS 7 PER SH
BL,OIL,Oil India Ltd,2026-02-18,,,2026-02-18,,,INTDIV - RS 7 PER SH
EQ,OIL,Oil India Ltd,2026-02-18,,,2026-02-18,,,INTDIV - RS 7 PER SH
IQ,OIL,Oil India Ltd,2026-02-18,,,2026-02-18,,,INTDIV - RS 7 PER SH
T0,OIL,Oil India Ltd,2026-02-18,,,2026-02-18,,,INTDIV - RS 7 PER SH
TL,OIL,Oil India Ltd,2026-02-18,,,2026-02-18,,,INTDIV - RS 7 PER SH
BE,ONELIFECAP,Onelife Cap Advisors Ltd,2026-02-16,,,2026-02-16,,,RGHTS 300:167 PRM RS 5/-
BL,ONELIFECAP,Onelife Cap Advisors Ltd,2026-02-16,,,2026-02-16,,,RGHTS 300:167 PRM RS 5/-
EQ,ONELIFECAP,Onelife Cap Advisors Ltd,2026-02-16,,,2026-02-16,,,RGHTS 300:167 PRM RS 5/-
IQ,ONELIFECAP,Onelife Cap Advisors Ltd,2026-02-16,,,2026-02-16,,,RGHTS 300:167 PRM RS 5/-
BE,ONGC,OIL AND NATURAL GAS CORP.,2026-02-18,,,2026-02-18,,,INTDIV - RS 6.25 PER SH
BL,ONGC,Oil & Natural Gas Corp,2026-02-18,,,2026-02-18,,,INTDIV - RS 6.25 PER SH
EQ,ONGC,Oil & Natural Gas Corp,2026-02-18,,,2026-02-18,,,INTDIV - RS 6.25 PER SH
IQ,ONGC,Oil & Natural Gas Corp,2026-02-18,,,2026-02-18,,,INTDIV - RS 6.25 PER SH
T0,ONGC,Oil & Natural Gas Corp,2026-02-18,,,2026-02-18,,,INTDIV - RS 6.25 PER SH
TL,ONGC,Oil & Natural Gas Corp,2026-02-18,,,2026-02-18,,,INTDIV - RS 6.25 PER SH
BE,PFC,Power Finance Corporation,2026-02-20,,,2026-02-20,,,INTDIV - RS 4 PER SH
BL,PFC,Power Finance Corporation,2026-02-20,,,2026-02-20,,,INTDIV - RS 4 PER SH
EQ,PFC,Power Finance Corporation,2026-02-20,,,2026-02-20,,,INTDIV - RS 4 PER SH
IQ,PFC,Power Finance Corporation,2026-02-20,,,2026-02-20,,,INTDIV - RS 4 PER SH
T0,PFC,Power Finance Corporation,2026-02-20,,,2026-02-20,,,INTDIV - RS 4 PER SH
TL,PFC,Power Finance Corporation,2026-02-20,,,2026-02-20,,,INTDIV - RS 4 PER SH
BL,QNIFTY,Quantum Nifty 50 ETF,2026-02-13,,,2026-02-13,,,FV SPLT FRM RS 10 TO RE1
EQ,QNIFTY,Quantum Nifty 50 ETF,2026-02-13,,,2026-02-13,,,FV SPLT FRM RS 10 TO RE1
BE,ROUTE,ROUTE MOBILE LIMITED,2026-02-13,,,2026-02-13,,,INTDIV - RS 3 PER SH
BL,ROUTE,ROUTE MOBILE LIMITED,2026-02-13,,,2026-02-13,,,INTDIV - RS 3 PER SH
EQ,ROUTE,ROUTE MOBILE LIMITED,2026-02-13,,,2026-02-13,,,INTDIV - RS 3 PER SH
IQ,ROUTE,ROUTE MOBILE LIMITED,2026-02-13,,,2026-02-13,,,INTDIV - RS 3 PER SH
BE,SBCL,Shivalik Bimetal Con. Ltd,2026-02-13,,,2026-02-13,,,INTDIV - RS 2 PER SH
BL,SBCL,Shivalik Bimetal Con. Ltd,2026-02-13,,,2026-02-13,,,INTDIV - RS 2 PER SH
EQ,SBCL,Shivalik Bimetal Con. Ltd,2026-02-13,,,2026-02-13,,,INTDIV - RS 2 PER SH
IQ,SBCL,Shivalik Bimetal Con. Ltd,2026-02-13,,,2026-02-13,,,INTDIV - RS 2 PER SH
BE,SCI,SHIPPING CORP OF INDIA LT,2026-02-17,,,2026-02-17,,,INTDIV - RS 3.50 PER SH
BL,SCI,Shipping Corp of India ,2026-02-17,,,2026-02-17,,,INTDIV - RS 3.50 PER SH
EQ,SCI,Shipping Corp of India ,2026-02-17,,,2026-02-17,,,INTDIV - RS 3.50 PER SH
IQ,SCI,Shipping Corp of India ,2026-02-17,,,2026-02-17,,,INTDIV - RS 3.50 PER SH
BE,SHK,S H Kelkar and Co. Ltd.,2026-02-13,,,2026-02-13,,,INTDIV - RE 1 PER SH
BL,SHK,S H Kelkar and Co. Ltd.,2026-02-13,,,2026-02-13,,,INTDIV - RE 1 PER SH
EQ,SHK,S H Kelkar and Co. Ltd.,2026-02-13,,,2026-02-13,,,INTDIV - RE 1 PER SH
IQ,SHK,S H Kelkar and Co. Ltd.,2026-02-13,,,2026-02-13,,,INTDIV - RE 1 PER SH
BE,SIL,STANDARD INDUSTRIES LTD.,2026-02-20,,,2026-02-20,,,INTDIV - RE 0.55 PER SH
BL,SIL,Standard Industries Limit,2026-02-20,,,2026-02-20,,,INTDIV - RE 0.55 PER SH
EQ,SIL,Standard Industries Limit,2026-02-20,,,2026-02-20,,,INTDIV - RE 0.55 PER SH
IQ,SIL,Standard Industries Limit,2026-02-20,,,2026-02-20,,,INTDIV - RE 0.55 PER SH
BE,SJVN,SJVN Ltd,2026-02-20,,,2026-02-20,,,INTDIV - RS 1.15 PER SH
BL,SJVN,SJVN Ltd,2026-02-20,,,2026-02-20,,,INTDIV - RS 1.15 PER SH
EQ,SJVN,SJVN Ltd,2026-02-20,,,2026-02-20,,,INTDIV - RS 1.15 PER SH
IQ,SJVN,SJVN Ltd,2026-02-20,,,2026-02-20,,,INTDIV - RS 1.15 PER SH
T0,SJVN,SJVN Ltd,2026-02-20,,,2026-02-20,,,INTDIV - RS 1.15 PER SH
TL,SJVN,SJVN Ltd,2026-02-20,,,2026-02-20,,,INTDIV - RS 1.15 PER SH
BE,SONATSOFTW,SONATSOFTW - Depo,2026-02-13,,,2026-02-13,,,INTDIV - RS 1.25 PER SH
BL,SONATSOFTW,Sonata Software Ltd,2026-02-13,,,2026-02-13,,,INTDIV - RS 1.25 PER SH
EQ,SONATSOFTW,Sonata Software Ltd,2026-02-13,,,2026-02-13,,,INTDIV - RS 1.25 PER SH
IQ,SONATSOFTW,Sonata Software Ltd,2026-02-13,,,2026-02-13,,,INTDIV - RS 1.25 PER SH
T0,SONATSOFTW,Sonata Software Ltd,2026-02-13,,,2026-02-13,,,INTDIV - RS 1.25 PER SH
TL,SONATSOFTW,Sonata Software Ltd,2026-02-13,,,2026-02-13,,,INTDIV - RS 1.25 PER SH
BE,SREEL,Sreeleathers Limited,2026-02-13,,,2026-02-13,,,INTDIV - RE 1 PER SH
BL,SREEL,Sreeleathers Limited,2026-02-13,,,2026-02-13,,,INTDIV - RE 1 PER SH
EQ,SREEL,Sreeleathers Limited,2026-02-13,,,2026-02-13,,,INTDIV - RE 1 PER SH
IQ,SREEL,Sreeleathers Limited,2026-02-13,,,2026-02-13,,,INTDIV - RE 1 PER SH
BE,SUPRAJIT,Suprajit Engineering Ltd.,2026-02-13,,,2026-02-13,,,INTDIV - RS 1.50 PER SH
BL,SUPRAJIT,Suprajit Engineering Limi,2026-02-13,,,2026-02-13,,,INTDIV - RS 1.50 PER SH
EQ,SUPRAJIT,Suprajit Engineering Limi,2026-02-13,,,2026-02-13,,,INTDIV - RS 1.50 PER SH
IQ,SUPRAJIT,Suprajit Engineering Limi,2026-02-13,,,2026-02-13,,,INTDIV - RS 1.50 PER SH
BE,TORNTPOWER,Torrent Power Limited,2026-02-16,,,2026-02-16,,,INTDIV - RS 15 PER SH
BL,TORNTPOWER,Torrent Power Limited,2026-02-16,,,2026-02-16,,,INTDIV - RS 15 PER SH
EQ,TORNTPOWER,Torrent Power Limited,2026-02-16,,,2026-02-16,,,INTDIV - RS 15 PER SH
IQ,TORNTPOWER,Torrent Power Limited,2026-02-16,,,2026-02-16,,,INTDIV - RS 15 PER SH
T0,TORNTPOWER,Torrent Power Limited,2026-02-16,,,2026-02-16,,,INTDIV - RS 15 PER SH
TL,TORNTPOWER,Torrent Power Limited,2026-02-16,,,2026-02-16,,,INTDIV - RS 15 PER SH
BE,UNIPARTS,Uniparts India Limited,2026-02-16,,,2026-02-16,,,INTDIV - RS 7 PER SH
BL,UNIPARTS,Uniparts India Limited,2026-02-16,,,2026-02-16,,,INTDIV - RS 7 PER SH
EQ,UNIPARTS,Uniparts India Limited,2026-02-16,,,2026-02-16,,,INTDIV - RS 7 PER SH
IQ,UNIPARTS,Uniparts India Limited,2026-02-16,,,2026-02-16,,,INTDIV - RS 7 PER SH
BE,UNITEDTEA,United Nilgiri Tea Ltd,2026-02-18,,,2026-02-18,,,INTDIV - RE 1 PER SH
BL,UNITEDTEA,United Nilgiri Tea Ltd,2026-02-18,,,2026-02-18,,,INTDIV - RE 1 PER SH
EQ,UNITEDTEA,United Nilgiri Tea Ltd,2026-02-18,,,2026-02-18,,,INTDIV - RE 1 PER SH
BE,VRLLOG,VRL Logistics Limited,2026-02-13,,,2026-02-13,,,INTDIV - RS 5 PER SH
BL,VRLLOG,VRL Logistics Limited,2026-02-13,,,2026-02-13,,,INTDIV - RS 5 PER SH
EQ,VRLLOG,VRL Logistics Limited,2026-02-13,,,2026-02-13,,,INTDIV - RS 5 PER SH
IQ,VRLLOG,VRL Logistics Limited,2026-02-13,,,2026-02-13,,,INTDIV - RS 5 PER SH
BE,WEL,Wonder Electricals Ltd,2026-02-20,,,2026-02-20,,,INTDIV - RE 0.10 PER SH
BL,WEL,Wonder Electricals Ltd,2026-02-20,,,2026-02-20,,,INTDIV - RE 0.10 PER SH
EQ,WEL,Wonder Electricals Ltd,2026-02-20,,,2026-02-20,,,INTDIV - RE 0.10 PER SH
IQ,WEL,Wonder Electricals Ltd,2026-02-20,,,2026-02-20,,,INTDIV - RE 0.10 PER SH
