SYMBOL,SERIES,SECURITY,HIGH/LOW
1030SFIL28,NM,SEC RE NCD 10.30% SR.VII,H
667GS2035,GS,GOI LOAN  6.67% 2035,H
813GS2045,GS,GOI LOAN 8.13% 2045,H
AHIMSA,ST,AHIMSA INDUSTRIES LTD.,H
AILIMITED,SM,ABHISHEK INTEGRATIONS LTD,H
AMCL,ST,ANB METAL CAST LIMITED,H
ANSALAPI,BZ,ANSAL PROP & INFRA LTD,H
APEX,EQ,APEX FROZEN FOODS LIMITED,H
ARSHIYA,BZ,ARSHIYA LIMITED,H
AXITA,BE,AXITA COTTON LIMITED,H
BESTAGRO,BE,BEST AGROLIFE LIMITED,H
BIKEWO,ST,BIKEWO GREEN TECH LIMITED,H
BLUECHIP,EQ,BLUE CHIP INDIA LIMITED,H
BRANDMAN,ST,BRANDMAN RETAIL LIMITED,H
CKKRETAIL,ST,C K K RETAIL MART LIMITED,H
COASTCORP,BE,COASTAL CORPORATION LTD,H
COOLCAPS,SM,COOL CAPS INDUSTRIES LTD,H
DELPHIFX,EQ,DELPHI WORLD MONEY LTD,H
DIVYADHAN,SM,DIVYADHAN RECYCLING IND L,H
DRSDILIP,SM,DRS DILIP ROADLINES LTD.,H
DYNAMIC,SM,DYNAMIC SRVCS & SEC LTD,H
FAZE3Q,EQ,FAZE THREE LIMITED,H
FEL,BZ,FUTURE ENTERPRISES LTD,H
FLFL,BZ,FUT LIFESTYLE FASH LTD,H
GAYAHWS,EQ,GAYATRI HIGHWAYS LIMITED,H
GJL,ST,GROVER JEWELLS LIMITED,H
GLFL,EQ,GUJARAT LEASE FINANCING L,H
GOKEX,EQ,GOKALDAS EXPORTS LTD.,H
GOLDSTAR,SM,GOLDSTAR POWER LIMITED,H
GVKPIL,BE,GVK POW. & INFRA LTD.,H
GVPIL,EQ,GE POWER INDIA LIMITED,H
IFBAGRO,EQ,IFB AGRO INDUSTRIES LTD,H
INDIFRA,SM,INDIFRA LIMITED,H
JITFINFRA,EQ,JITF INFRALOGISTICS LTD,H
KARNIKA,ST,KARNIKA INDUSTRIES LTD,H
KODYTECH,ST,KODY TECHNOLAB LIMITED,H
LAXMICOT,EQ,LAXMI COTSPIN LIMITED,H
MAFANG,EQ,MIRAEAMC - MAFANG,H
MANAV,SM,MANAV INFRA PROJECTS LTD,H
MANDEEP,SM,MANDEEP AUTO INDUSTRIES L,H
MASPTOP50,EQ,MIRAEAMC - MASPTOP50,H
MAXVOLT,ST,MAXVOLT ENERGY INDUS L,H
NIRAJISPAT,BE,NIRAJ ISPAT IND LTD,H
ONELIFECAP,BE,ONELIFE CAP ADVISORS LTD,H
ORTEL,BZ,ORTEL COMMUNICATIONS LTD,H
ORTINGLOBE,BE,ORTIN GLOBAL LIMITED,H
PALREDTEC,EQ,PALRED TECHNOLOGIES LTD,H
PARAMPARA,SM,PARAMPARA DAIRY DLGHT LTD,H
QUADPRO,SM,QUADPRO ITES LIMITED,H
RAJRILTD,BE,RAJ RAYON INDUSTRIES LTD,H
REXPIPES,SM,REX PIPES AND CABLES LTD,H
RSSOFTWARE,EQ,R. S. SOFTWARE (INDIA) LI,H
S&SPOWER,EQ,S&S POWER SWITCHGEARS LTD,H
SADBHAV,EQ,SADBHAV ENGINEERING LTD,H
SATECH,ST,S A TECH SOFTWARE INDIA L,H
SATIPOLY,SM,SATI POLY PLAST LIMITED,H
SETUINFRA,BZ,SETUBANDHAN INFRA LTD,H
SGBJUL27,GB,2.50%GOLDBONDS2027SR-II,H
SHANTHALA,SM,SHANTHALA FMCG PRODUCTS L,H
SHEETAL,ST,SHEETAL UNIVERSAL LIMITED,H
SHRENIK,BZ,SHRENIK LIMITED,H
SICALLOG,BE,SICAL LOGISTICS LIMITED,H
SITINET,BZ,SITI NETWORKS LIMITED,H
SSFL,SM,SRIVARI SPICES N FOODS L,H
UNIVPHOTO,EQ,UNIVERSUS IMAGINGS LTD,H
VCL,BE,VAXTEX COTFAB LIMITED,H
VILINBIO,ST,VILIN BIO MED LIMITED,H
VIVIMEDLAB,EQ,VIVIMED LABS LIMITED,H
WINSOME,BZ,WINSOME YARNS LIMITED,H
21STCENMGM,EQ,21ST CENTURY MGMT SERVICE,L
AIRAN,EQ,AIRAN LIMITED,L
AISL,SM,ANI INTEGRATED SERV LTD.,L
ARVINDPORT,SM,ARVIND PORT AND INFRA LTD,L
ASCOM,ST,ASCOM LEASIN & INVEST LTD,L
AURIGROW,BE,AURI GROW INDIA LIMITED,L
BIOPOL,ST,BIOPOL CHEMICALS LIMITED,L
BLUEJET,EQ,BLUE JET HEALTHCARE LTD,L
CEDAAR,SM,CEDAAR TEXTILE LIMITED,L
COMMITTED,SM,COMMITTED CARGO CARE LTD,L
COMPINFO,BZ,COMPUAGE INFOCOM LTD,L
DHARAN,BZ,DHARAN INFRA-EPC LIMITED,L
DHTL,ST,DOCMODE HEALTH TECH LTD,L
DIRL,SM,DHANUKA INFRA REALTY LTD,L
EASTSILK,BE,EASTERN SILK INDUSTRIES L,L
FEL,BZ,FUTURE ENTERPRISES LTD,L
FELDVR,BZ,FUTURE ENTERPRISES LTD,L
FICRF3GP,MF,FRANTEMAMC - FICRF3GP,L
FLYSBS,SM,FLYSBS AVIATION LIMITED,L
GANESHIN,SM,GANESH INFRAWORLD LIMITED,L
GKENERGY,EQ,GK ENERGY LIMITED,L
GML,ST,GALAXY MEDICARE LIMITED,L
GRAPHISAD,SM,GRAPHISADS LIMITED,L
GSLSU,BE,GLOBAL SURFACES LIMITED,L
GVKPIL,BE,GVK POW. & INFRA LTD.,L
GVPTECH,EQ,GVP INFOTECH LIMITED,L
GVPTECHPP,E1,GVPTECH RE.1 PPD UP,L
HYBRIDFIN,EQ,HYBRID FINANCIAL SERVICE,L
IL&FSENGG,BZ,IL&FS ENG AND CONS CO LTD,L
ISHAN,SM,ISHAN INTERNATIONAL LTD,L
IWARE,ST,IWARE SUPPLYCHAIN SER LTD,L
JPASSOCIAT,BE,JAIPRAKASH ASSOCIATES LTD,L
KDL,ST,KORE DIGITAL LIMITED,L
KORE,ST,JAY JALARAM TECHNO LTD,L
KSR,BE,KSR FOOTWEAR LIMITED,L
LOTUSEYE,EQ,LOTUS EYE HOSP & INST L,L
LOYALTEX,BE,LOYAL TEXTILE MILLS LTD,L
MAL,SM,MANGALAM ALLOYS LIMITED,L
MANAKALUCO,BE,MANAK ALUMINIUM CO. LTD.,L
MEP,BZ,MEP INFRA. DEVELOPERS LTD,L
MTEDUCARE,BE,MT EDUCARE LTD,L
NEWJAISA,SM,NEWJAISA TECHNOLOGIES LTD,L
NIRMAN,SM,NIRMAN AGRI GENTICS LTD,L
NORBTEAEXP,BE,NORBEN TEA &EXPORTS LTD,L
PANACHE,EQ,PANACHE DIGILIFE LIMITED,L
PARASPETRO,BE,PARAS PETROFILS LTD.,L
POLYSIL,ST,POLYSIL IRRIGATION SYST L,L
RELINFRA,BE,RELIANCE INFRASTRUCTU LTD,L
REXPRO,SM,REXPRO ENTERPRISES LTD,L
SADBHIN,EQ,SADBHAV INFRA PROJ LTD.,L
SANWARIA,BZ,SANWARIA CONSUMER LIMITED,L
SETUINFRA,BZ,SETUBANDHAN INFRA LTD,L
SGBOCT26,GB,2.50%GOLDBONDS2026SR-II,L
SIGNORIA,SM,SIGNORIA CREATION LIMITED,L
SILKFLEX,SM,SILKFLEX POLYMERS INDIA L,L
SILVERTUC,EQ,SILVER TOUCH TECHNO LTD,L
SLONE,SM,SLONE INFOSYSTEMS LIMITED,L
SPECTSTM,SM,SPECTRUM TALENT MGMT LTD,L
SPRL,SM,SP REFRACTORIES LIMITED,L
STALLION,EQ,STALLION IND FLUOROCHEM L,L
SUPREMEENG,BZ,SUPREME ENGINEERING LTD,L
SYSTANGO,ST,SYSTANGO TECHNOLOGIES LTD,L
TECHLABS,SM,TRIDENT TECHLABS LIMITED,L
TGL,ST,TEERTH GOPICON LIMITED,L
TIJARIA,BE,TIJARIA POLYPIPES LTD,L
TVSELECT,BE,TVS ELECTRONICS LTD,L
UEL,EQ,UJAAS ENERGY LIMITED,L
VIJAYPD,ST,VIJAYPD CEUTICAL LIMITED,L
VR,SM,V R INFRASPACE LIMITED,L
WAAREEINDO,BE,INDOSOLAR LIMITED,L
YUDIZ,SM,YUDIZ SOLUTIONS LIMITED,L
