SERIES,SYMBOL,SECURITY,RECORD_DT,BC_STRT_DT,BC_END_DT,EX_DT,ND_STRT_DT,ND_END_DT,PURPOSE
BE,NAZARA,Nazara Technologies Ltd,26/09/2025, , ,26/09/2025, , ,BONUS 1:1                
BE,SUMEETINDS,Sumeet Ind Limited,03/10/2025, , ,03/10/2025, , ,FVSPLT FRM RS 10 TO RS 2 
BE,3IINFOLTD,3i Infotech Limited,26/09/2025, , ,26/09/2025, , ,RIGHTS 2:9 @ PRM RS 7/-  
BE,NAZARA,Nazara Technologies Ltd,26/09/2025, , ,26/09/2025, , ,FV SPLT FRM RS 4 TO RS 2 
BE,RMDRIP,R M Drip & Sprink Sys Ltd,26/09/2025, , ,26/09/2025, , ,FVSPLT FRM RS 10 TO RE 1 
BE,SIGMA,Sigma Solve Limited,06/10/2025, , ,06/10/2025, , ,FVSPLT FRM RS 10 TO RE 1 
BE,SHILPAMED,Shilpa Medicare Ltd,03/10/2025, , ,03/10/2025, , ,BONUS 1:1                
BO,SIGMA,Sigma Solve Limited,06/10/2025, , ,06/10/2025, , ,FVSPLT FRM RS 10 TO RE 1 
EQ,NAZARA,Nazara Technologies Ltd,26/09/2025, , ,26/09/2025, , ,BONUS 1:1                
EQ,SUMEETINDS,Sumeet Ind Limited,03/10/2025, , ,03/10/2025, , ,FVSPLT FRM RS 10 TO RS 2 
EQ,3IINFOLTD,3i Infotech Limited,26/09/2025, , ,26/09/2025, , ,RIGHTS 2:9 @ PRM RS 7/-  
EQ,NAZARA,Nazara Technologies Ltd,26/09/2025, , ,26/09/2025, , ,FV SPLT FRM RS 4 TO RS 2 
EQ,SIGMA,Sigma Solve Limited,06/10/2025, , ,06/10/2025, , ,FVSPLT FRM RS 10 TO RE 1 
EQ,SHILPAMED,Shilpa Medicare Ltd,03/10/2025, , ,03/10/2025, , ,BONUS 1:1                
EQ,RMDRIP,R M Drip & Sprink Sys Ltd,26/09/2025, , ,26/09/2025, , ,FVSPLT FRM RS 10 TO RE 1 
GB,SGBOCT25IV,2.50% GOLDBONDS2025SR-IV,18/10/2025, , ,17/10/2025, , ,REDEMPTION               
GB,SGBOCT25V,2.50% GOLDBONDS2025SR-V,28/10/2025, , ,28/10/2025, , ,REDEMPTION               
GB,SGBOCT25,2.50% GOLDBONDS2025SR-III,14/10/2025, , ,14/10/2025, , ,REDEMPTION               
GS,GS101025C,GOI STRIPS C 101025,08/10/2025, , ,08/10/2025, , ,REDEMPTION               
GS,GS261025C,GOI STRIPS C 261025,20/10/2025, , ,20/10/2025, , ,REDEMPTION               
GS,92GS2030,GOI LOAN 9.20% 2030,29/09/2025, , ,29/09/2025, , ,INTEREST PAYMENT         
MI,903SFL28,Shriram Finance Limited,26/09/2025, , ,26/09/2025, , ,INTEREST PAYMENT         
N0,87IHFL25,IHFL 8.7% 2025 Sr G1,29/09/2025, , ,29/09/2025, , ,INTEREST PAYMENT         
N0,728IRFC40,IRFCL 7.28% 2040 Sr 187,30/09/2025, , ,30/09/2025, , ,INTEREST PAYMENT         
N0,815ANN29,ANN 8.15% 2029 STRPP A,30/09/2025, , ,30/09/2025, , ,INTEREST PAYMENT         
N0,717IRFC35,IRFCL 7.17% 2035 Sr 188,30/09/2025, , ,30/09/2025, , ,INTEREST PAYMENT         
N0,111ESFB31,ESFB 11.1% 2031 Sr 1,01/10/2025, , ,01/10/2025, , ,INTEREST PAYMENT         
N0,725IRFC35B,IRFCL 7.25% 2035 Sr 186,30/09/2025, , ,30/09/2025, , ,INTEREST PAYMENT         
N0,975ISF28,ISF 9.75% NCD 2028,01/10/2025, , ,01/10/2025, , ,INTEREST PAYMENT         
N0,815ANN30,ANN 8.15% 2030 STRPP B,30/09/2025, , ,30/09/2025, , ,INTEREST PAYMENT         
N0,815ANN31,ANN 8.15% 2031 STRPP C,30/09/2025, , ,30/09/2025, , ,INTEREST PAYMENT         
N0,119VCCL26,Vedika Credit 11.9% 2026,27/09/2025, , ,26/09/2025, , ,INTEREST PAYMENT         
N0,757LICH29,LICH 7.57% 2029 Sr 447,03/10/2025, , ,03/10/2025, , ,INTEREST PAYMENT         
N0,815ANN32,ANN 8.15% 2032 STRPP D,30/09/2025, , ,30/09/2025, , ,INTEREST PAYMENT         
N2,810IRFC27,BOND 8.10% PA Tax Free S2,30/09/2025, , ,30/09/2025, , ,INTEREST PAYMENT         
N3,960CAGL25,Sec Re NCD 9.60% Sr. III,29/09/2025, , ,29/09/2025, , ,INTEREST PAYMENT         
N4,734IRFC28,7.34 NCD 19FEB28 Tr1 Sr2,30/09/2025, , ,30/09/2025, , ,INTEREST PAYMENT         
N5,830PFCL27,8.30% Tax Free NCD,29/09/2025, , ,29/09/2025, , ,INTEREST PAYMENT         
N5,10CAGL27,Sec Re NCD 10% Sr. V,29/09/2025, , ,29/09/2025, , ,INTEREST PAYMENT         
N6,704IRFC28,BOND 7.04% PA Tax Free S2,30/09/2025, , ,30/09/2025, , ,INTEREST PAYMENT         
N6,884LTF29,Se Re NCD 8.84% Sr.VI Op1,26/09/2025, , ,26/09/2025, , ,INTEREST PAYMENT         
N7,801TCH28,Sec Red NCD 8.01% Sr.IV,26/09/2025, , ,26/09/2025, , ,INTEREST PAYMENT         
N7,898LTF29,SeReNCD 8.98% Sr.VI Op2,26/09/2025, , ,26/09/2025, , ,INTEREST PAYMENT         
N8,81TCHF28,Sec Red NCD 8.10% Sr.IV,26/09/2025, , ,26/09/2025, , ,INTEREST PAYMENT         
NA,1040NFL26,Sec Re NCD 10.40% Sr.II,28/09/2025, , ,26/09/2025, , ,INTEREST PAYMENT         
NC,1065NFL27,Sec Re NCD 10.65% Sr.IV,28/09/2025, , ,26/09/2025, , ,INTEREST PAYMENT         
NF,707IRFC25,Tax Free 7.07% Sr. 102,30/09/2025, , ,30/09/2025, , ,INTEREST PAYMENT         
NG,852LTF27,SeReNCD 8.52% Sr.VII OpI,30/09/2025, , ,30/09/2025, , ,INTEREST PAYMENT         
NG,728IRFC30,Tax Free  7.28% Sr. 103,30/09/2025, , ,30/09/2025, , ,INTEREST PAYMENT         
NH,725IRFC35,Tax Free  7.25% Sr. 104,30/09/2025, , ,30/09/2025, , ,INTEREST PAYMENT         
NH,87LTF27,SeReNCD 8.70% Sr.VII OpII,30/09/2025, , ,30/09/2025, , ,INTEREST PAYMENT         
NI,732IRFC25,Tax Free  7.32% Sr. 102 A,30/09/2025, , ,30/09/2025, , ,INTEREST PAYMENT         
NJ,753IRFC30,Tax Free  7.53% Sr. 103 A,30/09/2025, , ,30/09/2025, , ,INTEREST PAYMENT         
NK,750IRFC35,Tax Free  7.50% Sr. 104 A,30/09/2025, , ,30/09/2025, , ,INTEREST PAYMENT         
NL,704IRFC26,Tax Free 7.04% Sr. 107,30/09/2025, , ,30/09/2025, , ,INTEREST PAYMENT         
NM,875IIFL26,Sec Re NCD 9% Sr.VI,29/09/2025, , ,29/09/2025, , ,INTEREST PAYMENT         
NM,735IRFC31,Tax Free  7.35% Sr. 108,30/09/2025, , ,30/09/2025, , ,INTEREST PAYMENT         
NN,729IRFC26,Tax Free  7.29% Sr. 107A,30/09/2025, , ,30/09/2025, , ,INTEREST PAYMENT         
NO,764IRFC31,Tax Free  7.64% Sr. 108A,30/09/2025, , ,30/09/2025, , ,INTEREST PAYMENT         
NP,757IRFC29,IRFC 7.57% 2029 Sr 175,30/09/2025, , ,30/09/2025, , ,INTEREST PAYMENT         
NQ,748IRFC34A,IRFCL 7.48% 2034 Sr 176,30/09/2025, , ,30/09/2025, , ,INTEREST PAYMENT         
NR,744IRFC34,IRFC 7.44% 2034 Sr 177,30/09/2025, , ,30/09/2025, , ,INTEREST PAYMENT         
NS,746IRFC29,IRFC 7.46% 2029 Sr 178,30/09/2025, , ,30/09/2025, , ,INTEREST PAYMENT         
SG,763ML25,SDL ML 7.63% 2025,23/10/2025, , ,23/10/2025, , ,REDEMPTION               
SG,604AS25,SDL AS 6.04% 2025,04/10/2025, , ,03/10/2025, , ,REDEMPTION               
SG,594CG25,SDL CG 5.94% 2025,04/10/2025, , ,03/10/2025, , ,REDEMPTION               
SG,747GJ25,SDL GJ 7.47% 2025,23/10/2025, , ,23/10/2025, , ,REDEMPTION               
SG,538CG25,SDL CG 5.38% 2025,24/10/2025, , ,24/10/2025, , ,REDEMPTION               
SM,USASEEDS,Upsurge Seeds of Agri Ltd,10/10/2025, , ,10/10/2025, , ,BONUS 3:7                
SM,KKVAPOW,KKV Agro Powers Ltd.,26/09/2025, , ,26/09/2025, , ,BONUS 1:10               
SM,MOS,Mos Utility Limited,14/10/2025, , ,14/10/2025, , ,BONUS 1:1                
SQ,MOS,Mos Utility Limited,14/10/2025, , ,14/10/2025, , ,BONUS 1:1                
SQ,KKVAPOW,KKV Agro Powers Ltd.,26/09/2025, , ,26/09/2025, , ,BONUS 1:10               
SQ,USASEEDS,Upsurge Seeds of Agri Ltd,10/10/2025, , ,10/10/2025, , ,BONUS 3:7                
ST,KKVAPOW,KKV Agro Powers Ltd.,26/09/2025, , ,26/09/2025, , ,BONUS 1:10               
ST,USASEEDS,Upsurge Seeds of Agri Ltd,10/10/2025, , ,10/10/2025, , ,BONUS 3:7                
ST,MOS,Mos Utility Limited,14/10/2025, , ,14/10/2025, , ,BONUS 1:1                
U2,810IRFC27,BOND 8.10% PA Tax Free S2,30/09/2025, , ,30/09/2025, , ,INTEREST PAYMENT         
U3,960CAGL25,Sec Re NCD 9.60% Sr. III,29/09/2025, , ,29/09/2025, , ,INTEREST PAYMENT         
U4,734IRFC28,7.34 NCD 19FEB28 Tr1 Sr2,30/09/2025, , ,30/09/2025, , ,INTEREST PAYMENT         
U5,10CAGL27,Sec Re NCD 10% Sr. V,29/09/2025, , ,29/09/2025, , ,INTEREST PAYMENT         
U5,830PFCL27,8.30% Tax Free NCD,29/09/2025, , ,29/09/2025, , ,INTEREST PAYMENT         
U6,884LTF29,Se Re NCD 8.84% Sr.VI Op1,26/09/2025, , ,26/09/2025, , ,INTEREST PAYMENT         
U6,704IRFC28,BOND 7.04% PA Tax Free S2,30/09/2025, , ,30/09/2025, , ,INTEREST PAYMENT         
U7,898LTF29,SeReNCD 8.98% Sr.VI Op2,26/09/2025, , ,26/09/2025, , ,INTEREST PAYMENT         
U7,801TCH28,Sec Red NCD 8.01% Sr.IV,26/09/2025, , ,26/09/2025, , ,INTEREST PAYMENT         
U8,81TCHF28,Sec Red NCD 8.10% Sr.IV,26/09/2025, , ,26/09/2025, , ,INTEREST PAYMENT         
UA,1040NFL26,Sec Re NCD 10.40% Sr.II,28/09/2025, , ,26/09/2025, , ,INTEREST PAYMENT         
UC,1065NFL27,Sec Re NCD 10.65% Sr.IV,28/09/2025, , ,26/09/2025, , ,INTEREST PAYMENT         
UF,707IRFC25,Tax Free 7.07% Sr. 102,30/09/2025, , ,30/09/2025, , ,INTEREST PAYMENT         
UG,852LTF27,SeReNCD 8.52% Sr.VII OpI,30/09/2025, , ,30/09/2025, , ,INTEREST PAYMENT         
UG,728IRFC30,Tax Free  7.28% Sr. 103,30/09/2025, , ,30/09/2025, , ,INTEREST PAYMENT         
UH,725IRFC35,Tax Free  7.25% Sr. 104,30/09/2025, , ,30/09/2025, , ,INTEREST PAYMENT         
UH,87LTF27,SeReNCD 8.70% Sr.VII OpII,30/09/2025, , ,30/09/2025, , ,INTEREST PAYMENT         
UI,732IRFC25,Tax Free  7.32% Sr. 102 A,30/09/2025, , ,30/09/2025, , ,INTEREST PAYMENT         
UJ,753IRFC30,Tax Free  7.53% Sr. 103 A,30/09/2025, , ,30/09/2025, , ,INTEREST PAYMENT         
UK,750IRFC35,Tax Free  7.50% Sr. 104 A,30/09/2025, , ,30/09/2025, , ,INTEREST PAYMENT         
UL,704IRFC26,Tax Free 7.04% Sr. 107,30/09/2025, , ,30/09/2025, , ,INTEREST PAYMENT         
UM,735IRFC31,Tax Free  7.35% Sr. 108,30/09/2025, , ,30/09/2025, , ,INTEREST PAYMENT         
UM,875IIFL26,Sec Re NCD 9% Sr.VI,29/09/2025, , ,29/09/2025, , ,INTEREST PAYMENT         
UN,729IRFC26,Tax Free  7.29% Sr. 107A,30/09/2025, , ,30/09/2025, , ,INTEREST PAYMENT         
UO,764IRFC31,Tax Free  7.64% Sr. 108A,30/09/2025, , ,30/09/2025, , ,INTEREST PAYMENT         
UP,757IRFC29,IRFC 7.57% 2029 Sr 175,30/09/2025, , ,30/09/2025, , ,INTEREST PAYMENT         
UQ,748IRFC34A,IRFCL 7.48% 2034 Sr 176,30/09/2025, , ,30/09/2025, , ,INTEREST PAYMENT         
UR,744IRFC34,IRFC 7.44% 2034 Sr 177,30/09/2025, , ,30/09/2025, , ,INTEREST PAYMENT         
US,746IRFC29,IRFC 7.46% 2029 Sr 178,30/09/2025, , ,30/09/2025, , ,INTEREST PAYMENT         
YI,903SFL28,Shriram Finance Limited,26/09/2025, , ,26/09/2025, , ,INTEREST PAYMENT         

