SYMBOL,SERIES,SECURITY,HIGH/LOW,INDEX FLAG
AAREYDRUGS,BE,AAREY DRUGS & PHARM LTD,H
AMCL,SM,ANB METAL CAST LIMITED,H
BAFNAPH,BE,BAFNA PHARMACEUTICALS LTD,H
BHARATGEAR,EQ,BHARAT GEARS LTD.,H
CBAZAAR,SM,NET AVENUE TECHNOLOGIES L,H
CEREBRAINT,BZ,CEREBRA INT TECH LTD,H
COMPINFO,BZ,COMPUAGE INFOCOM LTD,H
DESTINY,SM,DESTINY LOGISTICS & I LTD,H
DHTL,SM,DOCMODE HEALTH TECH LTD,H
DYNAMIC,SM,DYNAMIC SRVCS & SEC LTD,H
E2E,EQ,E2E NETWORKS LIMITED,H
ESCONET,SM,ESCONET TECHNOLOGIES LTD,H
FEL,BZ,FUTURE ENTERPRISES LTD,H
FLFL,BZ,FUT LIFESTYLE FASH LTD,H
GAYAHWS,BE,GAYATRI HIGHWAYS LIMITED,H
GINNIFILA,BE,GINNIFILAMENTS LTD.,H
GLFL,EQ,GUJARAT LEASE FINANCING L,H
GODHA,BE,GODHA CABCON INSULAT LTD,H
GSTL,SM,GLOBESECURE TECHNO LTD,H
HPTL,SM,HP TELECOM INDIA LIMITED,H
HRHNEXT,SM,HRH NEXT SERVICES LIMITED,H
IBLFL,SM,IBL FINANCE LIMITED,H
ICDSLTD,EQ,ICDS LTD,H
INDOTHAI,EQ,INDO THAI SEC LTD,H
INFOMEDIA,BE,INFOMEDIA PRESS LIMITED,H
ITTL,ST,INNOVATIVE TYRE & TUBE LT,H
IZMO,BE,IZMO LIMITED,H
JAKHARIA,ST,JAKHARIA FABRIC LIMITED,H
KAVDEFENCE,BE,KAVVERI DFS & WIR TEC LTD,H
KCK,SM,KCK INDUSTRIES LTD,H
KEEPLEARN,EQ,DSJ KEEP LEARNING LTD,H
KOTYARK,ST,KOTYARK INDUSTRIES LTD,H
LCCINFOTEC,EQ,LCC INFOTECH LTD,H
MADHAVBAUG,ST,VAIDYA SANE AYUR LAB LTD,H
MADHUCON,EQ,MADHUCON PROJECTS LTD.,H
MAFANG,EQ,MIRAEAMC - MAFANG,H
MAHKTECH,EQ,MIRAEAMC - MAHKTECH,H
MASKINVEST,EQ,MASK INVESTMENTS LIMITED,H
MASPTOP50,EQ,MIRAEAMC - MASPTOP50,H
MCON,SM,MCON RASAYAN INDIA LTD,H
MEP,BZ,MEP INFRA. DEVELOPERS LTD,H
MINDTECK,BE,MINDTECK (INDIA) LIMITED,H
MORARJEE,BZ,MORARJEE TEXTILES LIMITED,H
NEWJAISA,ST,NEWJAISA TECHNOLOGIES LTD,H
NOIDATOLL,BE,NOIDA TOLL BRIDGE CO LTD,H
PANACHE,EQ,PANACHE DIGILIFE LIMITED,H
PARTH,ST,PARTH ELEC & ENG LTD,H
PERFECT,SZ,PERFECT INFRAENGINEER LTD,H
PIGL,BE,POWER INSTRUMENT (G) LTD,H
PRIZOR,ST,PRIZOR VIZTECH LIMITED,H
PURPLEUTED,ST,PURPLE UNITED SALES LTD,H
RAJRILTD,BE,RAJ RAYON INDUSTRIES LTD,H
REFRACTORY,SM,REFRACTORY SHAPES LIMITED,H
SANWARIA,BZ,SANWARIA CONSUMER LIMITED,H
SATIPOLY,SM,SATI POLY PLAST LIMITED,H
SEYAIND,BE,SEYA INDUSTRIES LIMITED,H
SHUBHLAXMI,SM,SHUBHLAXMI JEWEL ART LTD,H
SHYAMTEL,EQ,SHYAM TELECOM LIMITED,H
SITINET,BZ,SITI NETWORKS LIMITED,H
TAURIAN,ST,TAURIAN MPS LIMITED,H
TECHD,ST,TECHD CYBERSECURITY LTD,H
TECHERA,SM,TECHERA ENGINEER (IND) L,H
TGL,SM,TEERTH GOPICON LIMITED,H
THESL,SM,THINKING HATS ENTER SOL L,H
UNITEDPOLY,BE,UNITED POLYFAB GUJ. LTD.,H
WALPAR,SM,WALPAR NUTRITIONS LIMITED,H
ZEELEARN,EQ,ZEE LEARN LIMITED,H
ABHAPOWER,ST,ABHA POWER N STEEL LTD,L
ABMINTLLTD,BE,ABM INTERNATIONAL LTD,L
AESTHETIK,SM,AESTHETIK ENGINEERS LTD,L
AGUL,SM,A G UNIVERSAL LIMITED,L
AHCL,BE,ANLON HEALTHCARE LIMITED,L
AILIMITED,SM,ABHISHEK INTEGRATIONS LTD,L
AISL,SM,ANI INTEGRATED SERV LTD.,L
AKI,BE,AKI INDIA LIMITED,L
ANKITMETAL,BZ,ANKIT MET & POW LTD,L
ANSALAPI,BZ,ANSAL PROP & INFRA LTD,L
APOLLO,EQ,APOLLO MICRO SYSTEMS LTD,L
ASTRON,EQ,ASTRON PAPER BORD MIL LTD,L
BAFNAPH,BE,BAFNA PHARMACEUTICALS LTD,L
BAJEL,EQ,BAJEL PROJECTS LIMITED,L
BASILIC,SM,BASILIC FLY STUDIO LTD,L
BLUECOAST,BE,BLUE COAST HOTELS LIMITED,L
BVCL,BE,BARAK VALLEY CEM. LTD.,L
CALSOFTPP,X1,CALSOFT RS.2.50 PPD UP,L
CAMLINFINE,EQ,CAMLIN FINE SCIENCES LTD,L
CLEDUCATE,BE,CL EDUCATE LIMITED,L
COFFEEDAY,BE,COFFEE DAY ENTERPRISE LTD,L
COMMITTED,ST,COMMITTED CARGO CARE LTD,L
CPPLUS,EQ,ADITYA INFOTECH LIMITED,L
CYBERPP,X1,CYBERMEDIA RS.5 PPD UP,L
DCAL,EQ,DISHMAN CARBO AMCIS LTD,L
DELTAMAGNT,EQ,DELTA MANUFACTURING LTD,L
DEVX,BE,DEV ACCELERATOR LIMITED,L
DIGISPICE,BE,DIGISPICE TECHNOLOGIES LT,L
DREAMFOLKS,BE,DREAMFOLKS SERVICES LTD,L
EMKAY,BE,EMKAY GLOBAL FIN SERV LTD,L
ENSER,SM,ENSER COMMUNICATIONS LTD,L
EQUIPPP,BE,EQUIPPP SOC IMP TECH LTD,L
ESSARSHPNG,EQ,ESSAR SHIPPING LTD,L
FMNL,EQ,FUTURE MKT NETWORKS LTD,L
FORGEAUTO,ST,FORGE AUTO INTERNATION L,L
GATECH,EQ,GACM TECHNOLOGIES LIMITED,L
GATECHDVR,BE,GACM TECHNOLOGIES LIMITED,L
GML,ST,GALAXY MEDICARE LIMITED,L
GOENKA,BZ,GOENKA DIAMOND&JEWELS LTD,L
GPECO,ST,GP ECO SOLUTIONS INDIA L,L
GSTL,SM,GLOBESECURE TECHNO LTD,L
GVKPIL,BE,GVK POW. & INFRA LTD.,L
HOACFOODS,SM,HOAC FOODS INDIA LIMITED,L
HOMESFY,SM,HOMESFY REALTY LIMITED,L
HPTL,SM,HP TELECOM INDIA LIMITED,L
HRHNEXT,SM,HRH NEXT SERVICES LIMITED,L
IDEALTECHO,ST,IDEAL TECHNOPLAST IND LTD,L
INNOMET,SM,INNOMET ADVANCED MATERI L,L
INTENTECH,BE,INTENSE TECHNOLOGIES LTD,L
ISHAN,SM,ISHAN INTERNATIONAL LTD,L
ITTL,ST,INNOVATIVE TYRE & TUBE LT,L
IZMO,BE,IZMO LIMITED,L
K2INFRA,SM,K2 INFRAGEN LIMITED,L
KANDARP,ST,KANDARP DG SMART BPO LTD,L
KARMAENG,EQ,KARMA ENERGY LIMITED,L
KAUSHALYA,BE,KAUSHALYA INFRA DEV LTD.,L
KITEX,EQ,KITEX GARMENTS LTD,L
KORE,SM,JAY JALARAM TECHNO LTD,L
LORDSCHLO,BE,LORDS CHLORO ALKALI LTD,L
LOTUSEYE,BE,LOTUS EYE HOSP & INST L,L
MAANALU,EQ,MAAN ALUMINIUM LIMITED,L
MEDIORG,SM,MEDICAMEN ORGANICS LTD,L
MEGASOFT,EQ,MEGASOFT LTD,L
MIEL,ST,MANGLAM INFRA & ENG LTD,L
MIRCELECTR,BE,MIRCELECTR-DEPO,L
MODTHREAD,EQ,MODERN THREADS INDIA LTD,L
MONOLITH,ST,MONOLITHISCH INDIA LTD,L
NIRAJISPAT,BE,NIRAJ ISPAT IND LTD,L
NIRMAN,SM,NIRMAN AGRI GENTICS LTD,L
OBSCP,SM,OBSC PERFECTION LIMITED,L
ODIGMA,BE,ODIGMA CONSULTANCY SOL L,L
OSIAHYPER,BE,OSIA HYPER RETAIL LIMITED,L
OSWALSEEDS,BE,SHREEOSWAL S AND CHE LTD,L
PARSVNATH,BE,PARSVNATH DEVELOPER LTD,L
PLADAINFO,SM,PLADA INFOTECH SERVICES L,L
PNC,BE,PRITISH NANDY COMMUNICATI,L
PRECISION,SM,PRECISION METALIKS LTD,L
PRECOT,BE,PRECOT LIMITED,L
PRUDMOULI,EQ,PRUDENTIAL SUGAR CORPORAT,L
QUADPRO,SM,QUADPRO ITES LIMITED,L
RAJRILTD,BE,RAJ RAYON INDUSTRIES LTD,L
RAMAPHO,BE,RAMA PHOSPHATES LIMITED,L
RHFL,BE,RELIANCE HOME FINANCE LTD,L
RICHA,SM,RICHA INFO SYSTEMS LTD,L
RSSOFTWARE,BE,R. S. SOFTWARE (INDIA) LI,L
RVHL,BE,RAVINDER HEIGHTS LIMITED,L
RVTH,EQ,REVATHI EQUIPMENT INDIA L,L
SAIFL,SM,SAMEERA AGRO AND INFRA L,L
SANGANI,SM,SANGANI HOSPITALS LIMITED,L
SAROJA,ST,SAROJA PHARMA INDUS IND L,L
SEJALLTD,EQ,SEJAL GLASS LIMITED,L
SELMC,EQ,SEL MANUFACTURING CO LTD,L
SETCO,EQ,SETCO AUTOMOTIVE LTD,L
SHANKARA,BE,SHANKARA BLDG PRODUCT LTD,L
SHRIAHIMSA,ST,SHRI AHIMSA NATURALS LTD,L
SIDDHICOTS,ST,SIDDHI COTSPIN LIMITED,L
SILGO,BE,SILGO RETAIL LIMITED,L
SPCENET,EQ,SPACENET ENTERS IND LTD,L
SRD,BE,SHANKAR LAL RAMPAL LTD,L
SUPREMEPWR,SM,SUPREME POWER EQUIPMENT L,L
SUVEN,EQ,SUVEN LIFE SCIENCES LTD,L
TAPIFRUIT,ST,TAPI FRUIT PROCESSING LTD,L
TGL,SM,TEERTH GOPICON LIMITED,L
TIMESCAN,ST,TIMESCAN LOGISTICS IND L,L
TNTELE,BE,TAMILNADU TELECOMMUNICATI,L
TRU,EQ,TRUCAP FINANCE LIMITED,L
TRUST,SM,TRUST FINTECH LIMITED,L
UNITEDPOLY,BE,UNITED POLYFAB GUJ. LTD.,L
URAVIDEF,EQ,URAVI DEFENCE &TECH LTD,L
VASWANI,BE,VASWANI IND LTD,L
VEEKAYEM,SM,VEEKAYEM FASH & APP LTD,L
VIAZ,ST,VIAZ TYRES LIMITED,L
VIJIFIN,BE,VIJI FINANCE LIMITED,L
VLEGOV,EQ,VL E GOV AND IT SOL LTD,L
VMSTMT,BE,VMS TMT LIMITED,L
WALPAR,SM,WALPAR NUTRITIONS LIMITED,L
ZUARI,EQ,ZUARI AGRO CHEMICALS LTD,L
