SECURITY,NEW,PREVIOUS,NEW_STATUS
2.5%GOLDBONDS2028SR-III,12089.99,12079.99,H
E2E NETWORKS LIMITED,3486.3,3468.9,H
HP TELECOM INDIA LIMITED,266.1,253.45,H
TAURIAN MPS LIMITED,325.6,310.1,H
MINDSPACE BUSINESS P REIT,459.9,455.8,H
2.50%GOLDBONDS2028SR-VI,12245,12210.75,H
LE MERITE EXPORTS LIMITED,422,409,H
BIRLASLAMC - SILVER,141.14,139.68,H
2.5%GOLDBONDS2028SR-VIII,12900,12739.95,H
NETWEB TECH INDIA LTD,3745,3652,H
DR AGARWALS HEALTH CARE L,499.45,494.5,H
TERA SOFTWARE LIMITED,461,460.55,H
2.50%GOLDBONDS2031SR-I,13569.46,13470,H
DHARAN INFRA-EPC LIMITED,0.61,0.6,H
ASL INDUSTRIES LIMITED,62.5,61.3,H
SUMEET IND LIMITED,175.4,167.09,H
GOI TBILL 364D-30/10/25,99.4,99.3,H
NATIONAL HIGHW INFRA TRUS,142,140.5,H
SMARTWORKS COWORKING SP L,586,580.9,H
SEC RE NCD SR III,1183,1182,H
KNOWLEDGE REALTY TRUST,115.49,114.89,H
USHA MARTIN LTD.,454.3,453,H
2.5%GOLDBONDS2029SR-I,12491.8,12250,H
P S RAJ STEELS LIMITED,245,242,H
AXISAMC - AXISILVER,139.16,138.14,H
ZERODHAAMC - GOLDCASE,18.42,18.33,H
AEL 9% 2030 SR VI,1028,1025,H
M.V.K. AGRO FOOD PROD LTD,487.05,477.5,H
TVS ELECTRONICS LTD,671.65,623.8,H
2.50% GOLDBONDS2025SR-III,12000,11806.54,H
RACL GEARTECH LIMITED,1174,1120,H
NEXUS SELECT TRUST,166.25,162.79,H
MIRAEAMC - MASILVER,138.09,135.59,H
TECHERA ENGINEER (IND) L,243.85,236.1,H
KAVVERI DFS & WIR TEC LTD,140.71,134.01,H
LUMAX INDUSTRIES LTD,4899,4815.7,H
LUMAX AUTO TECH LTD,1320.9,1294,H
NILA SPACES LIMITED,20.47,18.73,H
PANACHE DIGILIFE LIMITED,404.12,384.88,H
BROOKFIELD INDIA RET,349.8,345,H
2.50%GOLDBONDS2029SR-VIII,12600,12549,H
UTIAMC - SILVERETF,136.99,135,H
ICICIPRAMC - ICICISILVE,139,138.37,H
POLYSIL IRRIGATION SYST L,245.65,240.85,H
ANB METAL CAST LIMITED,246.7,236.5,H
RAMA PHOSPHATES LIMITED,164,161.79,H
MIRAEAMC - MAHKTECH,28.99,28.75,H
HDFCAMC - HDFCSILVER,133.89,133.44,H
NATURAL CAPSULES LIMITED,296,276,H
IZMO LIMITED,1348.7,1284.5,H
SEC RE NCD SR 2,1154,1152,H
MARUTI SUZUKI INDIA LTD.,16435,16375,H
NIPPONAMC - NETFSILVER,133.47,133,H
DSPAMC - DSPSILVETF,134.2,133.6,H
GOI TBILL 182D-12/02/26,97.5,97.37,H
TECHD CYBERSECURITY LTD,467.9,445.65,H
KAUSHALYA LOGISTICS LTD,62,62.5,L
BARBEQUE NATION HOSP. LTD,219.15,221.4,L
MEDICAMEN BIOTECH LIMITED,298.3,322,L
CHETANA EDUCATION LIMITED,70,71.2,L
CREDO BRANDS MARKETING L,106.05,110.1,L
MANGALAM WORLDWIDE LTD,223.9,230,L
TIMESCAN LOGISTICS IND L,49.6,49.75,L
DRONE DESTINATION LIMITED,64.55,67.1,L
SUNTECH INFRA SOLUTIONS L,55.9,58.35,L
CYBERMEDIA RS.5 PPD UP,8.87,9.34,L
EURO PRATIK SALES LIMITED,233.55,243,L
SHANTI GOLD INTERNATION L,200.02,213,L
CEDAAR TEXTILE LIMITED,95.1,97,L
SHANKARA BLDG PRODUCT LTD,218.65,230.15,L
CAPITAL TRUST LIMITED,40.33,41.91,L
EASY TRIP PLANNERS LTD,8.13,8.18,L
HOMESFY REALTY LIMITED,224.2,229.45,L
REMUS PHARMACEUTICALS L,760,765.65,L
DJ MEDIAPRINT & LOG LTD,93,94,L
GLOBESECURE TECHNO LTD,8.2,8.55,L
NECTAR LIFESCIENCES LTD.,14.42,14.72,L
AGS TRANSACT TECH LTD,3.95,3.96,L
SEC RE NCD 9.65% SR.VII,500,533.33,L
PRESSTONIC ENGINEERING L,78,80.05,L
INSPIRE FILMS LIMITED,16.3,16.65,L
LEXUS GRANITO (INDIA) LTD,27.26,28,L
DEV INFO TECHNOLOGY LTD,40,40.4,L
VEDANT FASHIONS LIMITED,693.5,701.15,L
ESPRIT STONES LIMITED,79.5,80.8,L
TRUCAP FINANCE LIMITED,10.45,11.01,L
PRO FX TECH LIMITED,95,96,L
UMA EXPORTS LIMITED,46.01,46.76,L
PATEL RETAIL LIMITED,220.5,229,L
GANESH HOUSING LIMITED,832.2,846,L
JSW CEMENT LIMITED,139.79,143.25,L
ALL TIME PLASTICS LIMITED,261.25,271.05,L
ANONDITA MEDICARE LIMITED,332,345,L
ANTELOPUS SELAN ENRGY LTD,545.1,546.1,L
ANUH PHARMA LIMITED,82.2,84,L
SPECTRUM ELECTRIC IND LTD,1350,1350.3,L
ATC ENERGIES SYSTEM LTD,54.4,58,L
CP CAPITAL LIMITED,125.06,134.3,L
JFL LIFE SCIENCES LIMITED,12.65,12.75,L
SEC RE NCD 10.15% SR VII,730,739.8,L
ONYX BIOTEC LIMITED,41.3,44.55,L
LLOYD RE.0.50 PPD UP,39.7,41.51,L
GE POWER INDIA LIMITED,325.25,330.75,L
ZERODHAAMC - SML100CASE,9.9,10.11,L
NEW DELHI TELEVISION LTD,23.1,25.01,L
SG FINSERVE LIMITED,347.2,358.4,L
REGAAL RESOURCES LIMITED,89,92.01,L
ANJANI PORTLAND CEM LTD,131,133.65,L
A B COTSPIN INDIA LIMITED,430,440,L
VCCL 12% 2027 SR C,97000,98000,L
VAKRANGEE LIMITED,8.15,8.26,L
NAZARA TECHNOLOGIES LTD,277.6,480.35,L
GLOBAL SURFACES LIMITED,90.25,91.86,L
TRUST FINTECH LIMITED,42.7,46,L
R M DRIP & SPRINK SYS LTD,74.45,625.55,L
GEM AROMATICS LIMITED,240,253.05,L
OLA ELECTRIC MOBILITY LTD,53.56,54.55,L
GALAXY MEDICARE LIMITED,35.95,37.8,L
SAROJA PHARMA INDUS IND L,43.7,45.15,L
AMANTA HEALTHCARE LIMITED,135.2,137.34,L
ARC INSULATION & INSU LTD,98,101.1,L
SHRINGAR HOU OF MANGALS L,180.6,182.6,L
SNEHAA ORGANICS LIMITED,91.95,92.05,L
SHIVALIK RASAYAN LIMITED,429.7,440.7,L
COFORGE LIMITED,1531.7,1584.3,L
VISHNU PRAKASH R PUNGLI L,92.51,96.61,L
ELLENBARRIE INDUS GASES L,485,486,L
RAJOO ENGINEERS LIMITED,83.93,87.01,L
PATIL AUTOMATION LIMITED,178,185,L
OPTIVALUE TEK CONSULT LTD,97.3,100.6,L
CHEMBOND CHEMICAL LIMITED,164,165,L
RISHABH INSTRUMENTS LTD,390.5,395,L
ANB METAL CAST LIMITED,180,181,L
SHIVASHRIT FOODS LIMITED,124,126,L
R K SWAMY LIMITED,144.56,149.26,L
HARDWYN INDIA LIMITED,12.5,12.52,L
ROTO PUMPS LIMITED,76.05,78,L
MCON RASAYAN INDIA LTD,59.5,61.65,L
HIGHWAY INFRASTRUCTURE L,80,82.5,L
PATTECH FITWELL TUB COM L,118.1,119.6,L
ORTIN GLOBAL LIMITED,11.4,11.55,L
NAHAR CAP & FIN.,280,282.5,L
SAVY INFRA AND LOGI LTD,130.1,132.25,L
VMS TMT LIMITED,89.92,94.66,L
INTEGRA ESSENTIA LIMITED,1.8,1.85,L
MOS UTILITY LIMITED,40.45,43,L
URAVI DEFENCE &TECH LTD,233.45,245.7,L
SAMEERA AGRO AND INFRA L,15.2,15.35,L
INDO US BIOTECH LTD,130,136.75,L
MANGAL ELECTRICAL IND L,461,470.5,L
DIGITIDE SOLUTIONS LTD,158.1,162.02,L
EDELAMC - ELM250,15.89,16.05,L
ACCENT MICROCELL LIMITED,243,245,L
GLOBE CIVIL PROJECTS LTD,69.81,72.01,L
AEROFLEX NEU LIMITED,82.2,97.6,L
ANDHRA CEMENTS LIMITED,87.48,89.27,L
IVALUE INFOSOLUTIONS LTD,274,274.05,L

