SERIES,SYMBOL,SECURITY,RECORD_DT,BC_STRT_DT,BC_END_DT,EX_DT,ND_STRT_DT,ND_END_DT,PURPOSE
NC,1003IIFL29,Sec Re NCD 10.03% Sr V,2026-02-14,,,2026-02-13,,,INTEREST PAYMENT
UC,1003IIFL29,Sec Re NCD 10.03% Sr V,2026-02-14,,,2026-02-13,,,INTEREST PAYMENT
N4,1003ISFL28,Sec Re NCD 10.03% Sr 5,2026-02-14,,,2026-02-13,,,INTEREST PAYMENT
U4,1003ISFL28,Sec Re NCD 10.03% Sr 5,2026-02-14,,,2026-02-13,,,INTEREST PAYMENT
N1,1003SCL31P,Sammaan Capital Limited,2026-02-12,,,2026-02-12,,,INTEREST PAYMENT
U1,1003SCL31P,Sammaan Capital Limited,2026-02-12,,,2026-02-12,,,INTEREST PAYMENT
N1,1025SCL34Z,Sammaan Capital Limited,2026-02-12,,,2026-02-12,,,INTEREST PAYMENT
U1,1025SCL34Z,Sammaan Capital Limited,2026-02-12,,,2026-02-12,,,INTEREST PAYMENT
NA,1035UCL26,Sec Re NCD 10.35% Sr III,2026-02-12,,,,,,INT PAYMENT/REDEMPTN
UA,1035UCL26,Sec Re NCD 10.35% Sr III,2026-02-12,,,,,,INT PAYMENT/REDEMPTN
NB,105UCL2026,Sec Re NCD 10.5% Sr IV,2026-02-12,,,2026-02-12,,,INTEREST PAYMENT
UB,105UCL2026,Sec Re NCD 10.5% Sr IV,2026-02-12,,,2026-02-12,,,INTEREST PAYMENT
N0,1075WCA28,WCAPL 10.75% 2028,2026-02-13,,,2026-02-13,,,INTEREST PAYMENT
N0,1075WCAP28,WCAPL 10.75% 2028,2026-02-15,,,2026-02-13,,,INTEREST PAYMENT
N0,1096GIPL28,GIPL 10.96% 2028 Sr 1,2026-02-13,,,2026-02-13,,,INTEREST PAYMENT
N0,10IIFL26,IIFL Samasta 10% 2026,2026-02-13,,,2026-02-13,,,INTEREST/PART REDEMPTION
N0,1125VCCL27,VCCL 11.25% 2027 Sr B,2026-02-12,,,2026-02-12,,,INTEREST PAYMENT
N0,115VCCL28,VCCL 11.5% 2028 Sr C,2026-02-12,,,2026-02-12,,,INTEREST PAYMENT
N0,1175IFL28,IFL 11.75% 2028,2026-02-13,,,2026-02-13,,,INTEREST PAYMENT
NC,11UCL26,Sec Re NCD 11% Sr V,2026-02-12,,,2026-02-12,,,INTEREST PAYMENT
UC,11UCL26,Sec Re NCD 11% Sr V,2026-02-12,,,2026-02-12,,,INTEREST PAYMENT
N0,11VCCL27,VCCL 11% 2027 Sr A,2026-02-12,,,2026-02-12,,,INTEREST PAYMENT
N0,12VCCL29A,VCCL12% 2029,2026-02-13,,,2026-02-13,,,INTEREST PAYMENT
TB,182D190226,GOI TBILL 182D-19/02/26,2026-02-16,,,,,,REDEMPTION
TB,182D270226,GOI TBILL 182D-27/02/26,2026-02-25,,,,,,REDEMPTION
N0,18MVL27,Magnum Ventures 18% 2027,2026-02-13,,,2026-02-13,,,INTEREST PAYMENT
TB,364D200226,GOI TBILL 364D-20/02/26,2026-02-17,,,,,,REDEMPTION
TB,364D270226,GOI TBILL 364D-27/02/26,2026-02-25,,,,,,REDEMPTION
SG,621AS26,SDL AS 6.21% 2026,2026-02-13,,,,,,REDEMPTION
SG,63PY26,SDL PY 6.3% 2026,2026-02-21,,,,,,REDEMPTION
N0,735NHB32,NHB 7.35% 2032,2026-02-13,,,2026-02-13,,,INTEREST PAYMENT
N0,740IREDA36,IREDA 7.40% 2036 XVI H,2026-02-12,,,2026-02-12,,,INTEREST PAYMENT
N0,755DDL39,DME Dev 7.55% 2039 Sr V,2026-02-14,,,2026-02-13,,,INTEREST PAYMENT
N0,797SFL30,SFL 7.97% 2030 Sr X7,2026-02-13,,,2026-02-13,,,INTEREST PAYMENT
N0,799NIIF37,NIIF 7.99% 2037 Sr PP 5,2026-02-12,,,2026-02-12,,,INTEREST PAYMENT
N9,820IIFL27,Sec Re NCD 8.20% Sr.III,2026-02-13,,,2026-02-13,,,INTEREST PAYMENT
U9,820IIFL27,Sec Re NCD 8.20% Sr.III,2026-02-13,,,2026-02-13,,,INTEREST PAYMENT
GS,824GS2027,GOI LOAN 8.24%2027,2026-02-13,,,2026-02-13,,,INTEREST PAYMENT
N4,832TPL26,TPL 8.32% 2026 Sr 13A,2026-02-12,,,,,,INT PAYMENT/REDEMPTION
U4,832TPL26,TPL 8.32% 2026 Sr 13A,2026-02-12,,,,,,INT PAYMENT/REDEMPTION
N5,832TPL27,TPL 8.32% 2027 Sr 13B,2026-02-12,,,2026-02-12,,,INTEREST PAYMENT
U5,832TPL27,TPL 8.32% 2027 Sr 13B,2026-02-12,,,2026-02-12,,,INTEREST PAYMENT
N6,832TPL28,TPL 8.32% 2028 Sr 13C,2026-02-12,,,2026-02-12,,,INTEREST PAYMENT
U6,832TPL28,TPL 8.32% 2028 Sr 13C,2026-02-12,,,2026-02-12,,,INTEREST PAYMENT
N7,832TPL29,TPL 8.32% 2029 Sr 13D,2026-02-12,,,2026-02-12,,,INTEREST PAYMENT
U7,832TPL29,TPL 8.32% 2029 Sr 13D,2026-02-12,,,2026-02-12,,,INTEREST PAYMENT
MM,835SCL23B,SEC RE NCD 10.25% SR XII,2026-02-12,,,2026-02-12,,,INTEREST PAYMENT
YM,835SCL23B,SEC RE NCD 10.25% SR XII,2026-02-12,,,2026-02-12,,,INTEREST PAYMENT
NL,842IIFL26,Sec Re NCD 9% Sr.VI,2026-02-13,,,2026-02-13,,,INTEREST PAYMENT
UL,842IIFL26,Sec Re NCD 9% Sr.VI,2026-02-13,,,2026-02-13,,,INTEREST PAYMENT
NC,843IHFL29,Sec Re NCD 8.43% Sr.VI,2026-02-13,,,2026-02-13,,,INTEREST PAYMENT
UC,843IHFL29,Sec Re NCD 8.43% Sr.VI,2026-02-13,,,2026-02-13,,,INTEREST PAYMENT
MS,843SCL27,SEC RE NCD 8.43% SR.VIII,2026-02-13,,,2026-02-13,,,INTEREST PAYMENT
YS,843SCL27,SEC RE NCD 8.43% SR.VIII,2026-02-13,,,2026-02-13,,,INTEREST PAYMENT
NP,865CIFC865,Chola 8.65% 2029 Sr 636,2026-02-13,,,2026-02-13,,,INTEREST PAYMENT
UP,865CIFC865,Chola 8.65% 2029 Sr 636,2026-02-13,,,2026-02-13,,,INTEREST PAYMENT
NZ,865IFL28,Sec Re NCD 9% Sr.VI,2026-02-13,,,2026-02-13,,,INTEREST PAYMENT
UZ,865IFL28,Sec Re NCD 9% Sr.VI,2026-02-13,,,2026-02-13,,,INTEREST PAYMENT
N1,865IHFL27,IIFL Home Finance Limited,2026-02-13,,,2026-02-13,,,INTEREST PAYMENT
U1,865IHFL27,IIFL Home Finance Limited,2026-02-13,,,2026-02-13,,,INTEREST PAYMENT
NS,865IIFL28,Sec Re NCD 9% Sr.VI,2026-02-13,,,2026-02-13,,,INTEREST PAYMENT
US,865IIFL28,Sec Re NCD 9% Sr.VI,2026-02-13,,,2026-02-13,,,INTEREST PAYMENT
18,865SCL24B,SEC RE NCD 8.70% SR.VIII,2026-02-13,,,2026-02-13,,,INTEREST PAYMENT
Z8,865SCL24B,SEC RE NCD 8.70% SR.VIII,2026-02-13,,,2026-02-13,,,INTEREST PAYMENT
MI,875SCL23A,SEC RE NCD 10.03% SR X,2026-02-12,,,2026-02-12,,,INTEREST PAYMENT
YI,875SCL23A,SEC RE NCD 10.03% SR X,2026-02-12,,,2026-02-12,,,INTEREST PAYMENT
ZF,875SFL27,Shriram Finance Limited,2026-02-13,,,2026-02-13,,,INTEREST PAYMENT
N1,888SCL26X,Sammaan Capital Limited,2026-02-12,,,2026-02-12,,,INTEREST PAYMENT
U1,888SCL26X,Sammaan Capital Limited,2026-02-12,,,2026-02-12,,,INTEREST PAYMENT
MT,889SCL27,SEC RE NCD 8.89% SR.VIII,2026-02-13,,,2026-02-13,,,INTEREST PAYMENT
YT,889SCL27,SEC RE NCD 8.89% SR.VIII,2026-02-13,,,2026-02-13,,,INTEREST PAYMENT
N4,897MOFSL29,Sec Re NCD 8.97% Sr V,2026-02-13,,,2026-02-13,,,INTEREST PAYMENT
U4,897MOFSL29,Sec Re NCD 8.97% Sr V,2026-02-13,,,2026-02-13,,,INTEREST PAYMENT
N1,89IHFL29,IIFL Home Finance Limited,2026-02-13,,,2026-02-13,,,INTEREST PAYMENT
U1,89IHFL29,IIFL Home Finance Limited,2026-02-13,,,2026-02-13,,,INTEREST PAYMENT
AW,902SCL26I,SEC RE NCD 9.02% SR V,2026-02-12,,,2026-02-12,,,INTEREST PAYMENT
N1,902SCL27Q,Sammaan Capital Limited,2026-02-12,,,2026-02-12,,,INTEREST PAYMENT
U1,902SCL27Q,Sammaan Capital Limited,2026-02-12,,,2026-02-12,,,INTEREST PAYMENT
19,905SC24B,SEC RE NCD 9.15% SR.VIII,2026-02-13,,,2026-02-13,,,INTEREST PAYMENT
Z9,905SC24B,SEC RE NCD 9.15% SR.VIII,2026-02-13,,,2026-02-13,,,INTEREST PAYMENT
N0,915APSBC26,APSBC 9.15% 2026 STRPP A,2026-02-12,,,2026-02-12,,,INT PAYMENT/PART REDEMPTN
N0,915APSBC27,APSBC 9.15% 2027 STRPP B,2026-02-12,,,2026-02-12,,,INTEREST PAYMENT
N0,915APSBC28,APSBC 9.15% 2028 STRPP C,2026-02-12,,,2026-02-12,,,INTEREST PAYMENT
N0,915APSBC29,APSBC 9.15% 2029 STRPP D,2026-02-12,,,2026-02-12,,,INTEREST PAYMENT
N0,915APSBC30,APSBC 9.15% 2030 STRPP E,2026-02-12,,,2026-02-12,,,INTEREST PAYMENT
N0,915APSBC31,APSBC 9.15% 2031 STRPP F,2026-02-12,,,2026-02-12,,,INTEREST PAYMENT
N0,915APSBC32,APSBC 9.15% 2032 STRPP G,2026-02-12,,,2026-02-12,,,INTEREST PAYMENT
N0,915APSBC33,APSBC 9.15% 2033 STRPP H,2026-02-12,,,2026-02-12,,,INTEREST PAYMENT
N0,915APSBC34,APSBC 9.15% 2034 STRPP I,2026-02-12,,,2026-02-12,,,INTEREST PAYMENT
N0,915APSBC35,APSBC 9.15% 2035 STRPP J,2026-02-12,,,2026-02-12,,,INTEREST PAYMENT
TB,91D180226,GOI TBILL 91D-19/02/26,2026-02-16,,,,,,REDEMPTION
TB,91D260226,GOI TBILL 91D-26/02/26,2026-02-24,,,,,,REDEMPTION
N8,920IIFLS26,Sec Re NCD 9.20% Sr I,2026-02-14,,,2026-02-13,,,INTEREST PAYMENT
U8,920IIFLS26,Sec Re NCD 9.20% Sr I,2026-02-14,,,2026-02-13,,,INTEREST PAYMENT
N0,925BCIL28,BCIPL 9.25% 2028 Sr A,2026-02-14,,,2026-02-13,,,INTEREST PAYMENT
N1,925BCIPL28,BCIPL 9.25% 2028 Sr B,2026-02-14,,,2026-02-13,,,INTEREST PAYMENT
U1,925BCIPL28,BCIPL 9.25% 2028 Sr B,2026-02-14,,,2026-02-13,,,INTEREST PAYMENT
N0,925IIFL32,IIFL 9.25% Sr D33 OP B,2026-02-13,,,2026-02-13,,,INTEREST PAYMENT
N0,925IIFL32A,IIFL 9.25% 2032 Sr 35,2026-02-12,,,2026-02-12,,,INTEREST PAYMENT
N1,925SCL26W,Sammaan Capital Limited,2026-02-12,,,2026-02-12,,,INTEREST PAYMENT
U1,925SCL26W,Sammaan Capital Limited,2026-02-12,,,2026-02-12,,,INTEREST PAYMENT
BA,925SCL28I,SEC RE NCD 9.25% SR VIII,2026-02-12,,,2026-02-12,,,INTEREST PAYMENT
N1,925SCL29S,Sammaan Capital Limited,2026-02-12,,,2026-02-12,,,INTEREST PAYMENT
U1,925SCL29S,Sammaan Capital Limited,2026-02-12,,,2026-02-12,,,INTEREST PAYMENT
MP,930SFL28,Shriram Finance Limited,2026-02-14,,,2026-02-13,,,INTEREST PAYMENT
YP,930SFL28,Shriram Finance Limited,2026-02-14,,,2026-02-13,,,INTEREST PAYMENT
Z5,931SFL26,Shriram Finance Limited,2026-02-13,,,2026-02-13,,,INTEREST PAYMENT
NZ,935IIFL28,IIFL 9.35% Tr I Sr V,2026-02-13,,,2026-02-13,,,INTEREST PAYMENT
UZ,935IIFL28,IIFL 9.35% Tr I Sr V,2026-02-13,,,2026-02-13,,,INTEREST PAYMENT
N0,935PFL26,PFL 9.35% 2026,2026-02-12,,,,,,INT PAYMENT/REDEMPTN
ZZ,939SCL27,SEC RE NCD 8.94% SR.VIII,2026-02-13,,,2026-02-13,,,INTEREST PAYMENT
N6,93MOFSL34,Sec Re NCD 9.30% Sr VII,2026-02-13,,,2026-02-13,,,INTEREST PAYMENT
U6,93MOFSL34,Sec Re NCD 9.30% Sr VII,2026-02-13,,,2026-02-13,,,INTEREST PAYMENT
M8,948SCL26B,SEC RE NCD 9.48% SR V,2026-02-12,,,2026-02-12,,,INTEREST PAYMENT
Y8,948SCL26B,SEC RE NCD 9.48% SR V,2026-02-12,,,2026-02-12,,,INTEREST PAYMENT
AX,948SCL26I,SEC RE NCD 9.48% SR V,2026-02-12,,,2026-02-12,,,INTEREST PAYMENT
N1,948SCL27R,Sammaan Capital Limited,2026-02-12,,,2026-02-12,,,INTEREST PAYMENT
U1,948SCL27R,Sammaan Capital Limited,2026-02-12,,,2026-02-12,,,INTEREST PAYMENT
N0,950ISF26,IIFL Samasta 9.50% 2026,2026-02-13,,,2026-02-13,,,INTEREST/PART REDEMPTION
N0,950ISF26A,ISF 9.50% 2026,2026-02-13,,,2026-02-13,,,INTEREST/PART REDEMPTION
MW,957ICCL25,Shriram Finance Limited,2026-02-13,,,2026-02-13,,,INTEREST PAYMENT
YW,957ICCL25,Shriram Finance Limited,2026-02-13,,,2026-02-13,,,INTEREST PAYMENT
NA,957IIFLS27,Sec Re NCD 9.57% Sr III,2026-02-14,,,2026-02-13,,,INTEREST PAYMENT
UA,957IIFLS27,Sec Re NCD 9.57% Sr III,2026-02-14,,,2026-02-13,,,INTEREST PAYMENT
N2,957ISFL26,Sec Re NCD 9.57% Sr 3,2026-02-14,,,2026-02-13,,,INTEREST PAYMENT
U2,957ISFL26,Sec Re NCD 9.57% Sr 3,2026-02-14,,,2026-02-13,,,INTEREST PAYMENT
M2,960IIFL30,IIFL 9.60% Tr I Sr VIII,2026-02-13,,,2026-02-13,,,INTEREST PAYMENT
Y2,960IIFL30,IIFL 9.60% Tr I Sr VIII,2026-02-13,,,2026-02-13,,,INTEREST PAYMENT
N0,965SCL25C,SEC RE NCD 9.39% SR.VIII,2026-02-13,,,2026-02-13,,,INTEREST PAYMENT
N5,96IIFL28,Unsec Re NCD 9.60% Sr.II,2026-02-13,,,2026-02-13,,,INTEREST PAYMENT
U5,96IIFL28,Unsec Re NCD 9.60% Sr.II,2026-02-13,,,2026-02-13,,,INTEREST PAYMENT
NF,96IIFL28A,Sec Re NCD 9% Sr.VI,2026-02-13,,,2026-02-13,,,INTEREST PAYMENT
UF,96IIFL28A,Sec Re NCD 9% Sr.VI,2026-02-13,,,2026-02-13,,,INTEREST PAYMENT
MD,971SCL28B,SEC RE NCD 9.25% SR VIII,2026-02-12,,,2026-02-12,,,INTEREST PAYMENT
YD,971SCL28B,SEC RE NCD 9.25% SR VIII,2026-02-12,,,2026-02-12,,,INTEREST PAYMENT
BC,971SCL28I,SEC RE NCD 9.71% SR VIII,2026-02-12,,,2026-02-12,,,INTEREST PAYMENT
N1,971SCL29T,Sammaan Capital Limited,2026-02-12,,,2026-02-12,,,INTEREST PAYMENT
U1,971SCL29T,Sammaan Capital Limited,2026-02-12,,,2026-02-12,,,INTEREST PAYMENT
N0,975BNAL28,BNAL 9.75% 2028 Sr Tr 1,2026-02-12,,,2026-02-12,,,INTEREST PAYMENT
N0,975PCPL28,PCPL 9.75% 2028,2026-02-13,,,2026-02-13,,,INTEREST PAYMENT
N0,975SIPL27A,SIPL 9.75% 2027 Sr Tr II,2026-02-12,,,,,,INT PAYMENT/REDEMPTION
ML,980SCL33B,SEC RE NCD 9.8% SR XII,2026-02-12,,,2026-02-12,,,INTEREST PAYMENT
YL,980SCL33B,SEC RE NCD 9.8% SR XII,2026-02-12,,,2026-02-12,,,INTEREST PAYMENT
MG,980SCL33D,SEC RE NCD 9.71% SR VIII,2026-02-12,,,2026-02-12,,,INTEREST PAYMENT
YG,980SCL33D,SEC RE NCD 9.71% SR VIII,2026-02-12,,,2026-02-12,,,INTEREST PAYMENT
N1,98SCL34Z,Sammaan Capital Limited,2026-02-12,,,2026-02-12,,,INTEREST PAYMENT
U1,98SCL34Z,Sammaan Capital Limited,2026-02-12,,,2026-02-12,,,INTEREST PAYMENT
N3,AAFS27B,AAFS Market Link2027 SrJ,2026-02-13,,,2026-02-13,,,INT PAYMENT/PART REDMPTN
N4,AAFS27B,AAFS Market Linked 2027,2026-02-13,,,2026-02-13,,,INT PAYMENT/PART REDMPTN
U3,AAFS27B,AAFS Market Link2027 SrJ,2026-02-13,,,2026-02-13,,,INT PAYMENT/PART REDMPTN
U4,AAFS27B,AAFS Market Linked 2027,2026-02-13,,,2026-02-13,,,INT PAYMENT/PART REDMPTN
N0,AAFS28A,AAFS UnderInvStr 28 Sr L,2026-02-13,,,2026-02-13,,,INT PAYMENT/PART REDMPTN
N0,AAFS28B,AAFS Market linked 2028,2026-02-13,,,2026-02-13,,,INT PAYMENT/PART REDMPTN
N0,AAFS28C,AAFS28C Market linked 28,2026-02-13,,,2026-02-13,,,INT PAYMENT/PART REDMPTN
BE,AARTIPHARM,Aarti Pharmalabs Limited,2026-02-16,,,2026-02-16,,,INTDIV - RS 1.50 PER SH
BL,AARTIPHARM,Aarti Pharmalabs Limited,2026-02-16,,,2026-02-16,,,INTDIV - RS 1.50 PER SH
EQ,AARTIPHARM,Aarti Pharmalabs Limited,2026-02-16,,,2026-02-16,,,INTDIV - RS 1.50 PER SH
IQ,AARTIPHARM,Aarti Pharmalabs Limited,2026-02-16,,,2026-02-16,,,INTDIV - RS 1.50 PER SH
E1,ADANIENPP1,Adani Enterprises Limited,2026-02-13,,,,,,SECNDFINCAL RS 450 PR SH
X1,ADANIENPP1,Adani Enterprises Limited,2026-02-13,,,,,,SECNDFINCAL RS 450 PR SH
BE,APOLLOHOSP,Apollo Hospitals Ltd-Depo,2026-02-16,,,2026-02-16,,,INTDIV - RS 10 PER SH
BL,APOLLOHOSP,Apollo Hospitals Ltd,2026-02-16,,,2026-02-16,,,INTDIV - RS 10 PER SH
EQ,APOLLOHOSP,Apollo Hospitals Ltd,2026-02-16,,,2026-02-16,,,INTDIV - RS 10 PER SH
IQ,APOLLOHOSP,Apollo Hospitals Ltd,2026-02-16,,,2026-02-16,,,INTDIV - RS 10 PER SH
T0,APOLLOHOSP,Apollo Hospitals Ltd,2026-02-16,,,2026-02-16,,,INTDIV - RS 10 PER SH
TL,APOLLOHOSP,Apollo Hospitals Ltd,2026-02-16,,,2026-02-16,,,INTDIV - RS 10 PER SH
BE,AXITA,Axita Cotton Limited,2026-02-13,,,2026-02-13,,,BONUS 1:10
BL,AXITA,Axita Cotton Limited,2026-02-13,,,2026-02-13,,,BONUS 1:10
EQ,AXITA,Axita Cotton Limited,2026-02-13,,,2026-02-13,,,BONUS 1:10
IQ,AXITA,Axita Cotton Limited,2026-02-13,,,2026-02-13,,,BONUS 1:10
BE,BECTORFOOD,Mrs Bectors Food Spe Ltd,2026-02-17,,,2026-02-17,,,INTDIV - RE 0.60 PER SH
BL,BECTORFOOD,Mrs Bectors Food Spe Ltd,2026-02-17,,,2026-02-17,,,INTDIV - RE 0.60 PER SH
EQ,BECTORFOOD,Mrs Bectors Food Spe Ltd,2026-02-17,,,2026-02-17,,,INTDIV - RE 0.60 PER SH
IQ,BECTORFOOD,Mrs Bectors Food Spe Ltd,2026-02-17,,,2026-02-17,,,INTDIV - RE 0.60 PER SH
T0,BECTORFOOD,Mrs Bectors Food Spe Ltd,2026-02-17,,,2026-02-17,,,INTDIV - RE 0.60 PER SH
TL,BECTORFOOD,Mrs Bectors Food Spe Ltd,2026-02-17,,,2026-02-17,,,INTDIV - RE 0.60 PER SH
BE,BEML,BEML Limited,2026-02-13,,,2026-02-13,,,INTDIV - RS 2.50 PER SH
BL,BEML,BEML Limited,2026-02-13,,,2026-02-13,,,INTDIV - RS 2.50 PER SH
EQ,BEML,BEML Limited,2026-02-13,,,2026-02-13,,,INTDIV - RS 2.50 PER SH
IQ,BEML,BEML Limited,2026-02-13,,,2026-02-13,,,INTDIV - RS 2.50 PER SH
T0,BEML,BEML Limited,2026-02-13,,,2026-02-13,,,INTDIV - RS 2.50 PER SH
TL,BEML,BEML Limited,2026-02-13,,,2026-02-13,,,INTDIV - RS 2.50 PER SH
BE,BLISSGVS,Bliss GVS Pharma Ltd,2026-02-18,,,2026-02-18,,,INTDIV - RE 0.50 PER SH
BL,BLISSGVS,Bliss GVS Pharma Ltd,2026-02-18,,,2026-02-18,,,INTDIV - RE 0.50 PER SH
EQ,BLISSGVS,Bliss GVS Pharma Ltd,2026-02-18,,,2026-02-18,,,INTDIV - RE 0.50 PER SH
IQ,BLISSGVS,Bliss GVS Pharma Ltd,2026-02-18,,,2026-02-18,,,INTDIV - RE 0.50 PER SH
BE,BLS,BLS Intl Servs Ltd,2026-02-13,,,2026-02-13,,,INTDIV - RS 2 PER SH
BL,BLS,BLS Intl Servs Ltd,2026-02-13,,,2026-02-13,,,INTDIV - RS 2 PER SH
EQ,BLS,BLS Intl Servs Ltd,2026-02-13,,,2026-02-13,,,INTDIV - RS 2 PER SH
IQ,BLS,BLS Intl Servs Ltd,2026-02-13,,,2026-02-13,,,INTDIV - RS 2 PER SH
T0,BLS,BLS Intl Servs Ltd,2026-02-13,,,2026-02-13,,,INTDIV - RS 2 PER SH
TL,BLS,BLS Intl Servs Ltd,2026-02-13,,,2026-02-13,,,INTDIV - RS 2 PER SH
BE,BLSE,BLS E-Services Limited,2026-02-13,,,2026-02-13,,,INTDIV - RE 0.50 PER SH
BL,BLSE,BLS E-Services Limited,2026-02-13,,,2026-02-13,,,INTDIV - RE 0.50 PER SH
EQ,BLSE,BLS E-Services Limited,2026-02-13,,,2026-02-13,,,INTDIV - RE 0.50 PER SH
IQ,BLSE,BLS E-Services Limited,2026-02-13,,,2026-02-13,,,INTDIV - RE 0.50 PER SH
BE,CANTABIL,Cantabil Retail Ltd,2026-02-20,,,2026-02-20,,,INTDIV - RE 0.75 PER SH
BL,CANTABIL,Cantabil Retail Ltd,2026-02-20,,,2026-02-20,,,INTDIV - RE 0.75 PER SH
EQ,CANTABIL,Cantabil Retail Ltd,2026-02-20,,,2026-02-20,,,INTDIV - RE 0.75 PER SH
IQ,CANTABIL,Cantabil Retail Ltd,2026-02-20,,,2026-02-20,,,INTDIV - RE 0.75 PER SH
BE,DELPHIFX,DELPHI WORLD MONEY LTD,2026-02-14,,,2026-02-13,,,FVSPLT FRM RS 10 TO RS 2
BE,DELPHIFX,DELPHI WORLD MONEY LTD,2026-02-14,,,2026-02-13,,,BONUS 2:1
BL,DELPHIFX,DELPHI WORLD MONEY LTD,2026-02-14,,,2026-02-13,,,FVSPLT FRM RS 10 TO RS 2
BL,DELPHIFX,DELPHI WORLD MONEY LTD,2026-02-14,,,2026-02-13,,,BONUS 2:1
BZ,DELPHIFX,DELPHI WORLD MONEY LTD,2026-02-14,,,2026-02-13,,,FVSPLT FRM RS 10 TO RS 2
BZ,DELPHIFX,DELPHI WORLD MONEY LTD,2026-02-14,,,2026-02-13,,,BONUS 2:1
EQ,DELPHIFX,DELPHI WORLD MONEY LTD,2026-02-14,,,2026-02-13,,,FVSPLT FRM RS 10 TO RS 2
EQ,DELPHIFX,DELPHI WORLD MONEY LTD,2026-02-14,,,2026-02-13,,,BONUS 2:1
IQ,DELPHIFX,DELPHI WORLD MONEY LTD,2026-02-14,,,2026-02-13,,,FVSPLT FRM RS 10 TO RS 2
IQ,DELPHIFX,DELPHI WORLD MONEY LTD,2026-02-14,,,2026-02-13,,,BONUS 2:1
SL,DURLAX,Durlax Top Surface Ltd,2026-02-12,,,2026-02-12,,,RIGHTS 37:50 @ PRM RS 30
SM,DURLAX,Durlax Top Surface Ltd,2026-02-12,,,2026-02-12,,,RIGHTS 37:50 @ PRM RS 30
SQ,DURLAX,Durlax Top Surface Ltd,2026-02-12,,,2026-02-12,,,RIGHTS 37:50 @ PRM RS 30
ST,DURLAX,Durlax Top Surface Ltd,2026-02-12,,,2026-02-12,,,RIGHTS 37:50 @ PRM RS 30
BE,DYNAMATECH,Dynamatic Tech. Ltd.,2026-02-13,,,2026-02-13,,,INTDIV - RS 5 PER SH
BL,DYNAMATECH,Dynamatic Technologies,2026-02-13,,,2026-02-13,,,INTDIV - RS 5 PER SH
EQ,DYNAMATECH,Dynamatic Tech. Ltd.,2026-02-13,,,2026-02-13,,,INTDIV - RS 5 PER SH
IQ,DYNAMATECH,Dynamatic Tech. Ltd.,2026-02-13,,,2026-02-13,,,INTDIV - RS 5 PER SH
BE,ESABINDIA,Esabindia-depo,2026-02-14,,,2026-02-13,,,INTDIV - RS 25 PER SH
BL,ESABINDIA,Esab India Ltd.,2026-02-14,,,2026-02-13,,,INTDIV - RS 25 PER SH
EQ,ESABINDIA,Esab India Ltd.,2026-02-14,,,2026-02-13,,,INTDIV - RS 25 PER SH
IQ,ESABINDIA,Esab India Ltd.,2026-02-14,,,2026-02-13,,,INTDIV - RS 25 PER SH
BE,ESCORTS,Escorts Kubota Limited,2026-02-16,,,2026-02-16,,,SPLDIV - RS 18 PER SH
BL,ESCORTS,Escorts Kubota Limited,2026-02-16,,,2026-02-16,,,SPLDIV - RS 18 PER SH
EQ,ESCORTS,Escorts Kubota Limited,2026-02-16,,,2026-02-16,,,SPLDIV - RS 18 PER SH
IQ,ESCORTS,Escorts Kubota Limited,2026-02-16,,,2026-02-16,,,SPLDIV - RS 18 PER SH
T0,ESCORTS,Escorts Kubota Limited,2026-02-16,,,2026-02-16,,,SPLDIV - RS 18 PER SH
TL,ESCORTS,Escorts Kubota Limited,2026-02-16,,,2026-02-16,,,SPLDIV - RS 18 PER SH
BE,FSL,Firstsource Solutions Lim,2026-02-20,,,2026-02-20,,,INTDIV - RS 5.50 PER SH
BL,FSL,Firstsource Solutions Lim,2026-02-20,,,2026-02-20,,,INTDIV - RS 5.50 PER SH
EQ,FSL,Firstsource Solutions Lim,2026-02-20,,,2026-02-20,,,INTDIV - RS 5.50 PER SH
IQ,FSL,Firstsource Solutions Lim,2026-02-20,,,2026-02-20,,,INTDIV - RS 5.50 PER SH
T0,FSL,Firstsource Solutions Lim,2026-02-20,,,2026-02-20,,,INTDIV - RS 5.50 PER SH
TL,FSL,Firstsource Solutions Lim,2026-02-20,,,2026-02-20,,,INTDIV - RS 5.50 PER SH
BE,GATEWAY,Gateway Distriparks Ltd,2026-02-12,,,2026-02-12,,,INTDVSPDV RE 0.75 & 1.25
BL,GATEWAY,Gateway Distriparks Ltd,2026-02-12,,,2026-02-12,,,INTDVSPDV RE 0.75 & 1.25
EQ,GATEWAY,Gateway Distriparks Ltd,2026-02-12,,,2026-02-12,,,INTDVSPDV RE 0.75 & 1.25
IQ,GATEWAY,Gateway Distriparks Ltd,2026-02-12,,,2026-02-12,,,INTDVSPDV RE 0.75 & 1.25
BE,GOLDIAM,Goldiam International Ltd,2026-02-12,,,2026-02-12,,,INTDIV - RS 2.75 PER SH
BL,GOLDIAM,Goldiam International Lim,2026-02-12,,,2026-02-12,,,INTDIV - RS 2.75 PER SH
EQ,GOLDIAM,Goldiam International Lim,2026-02-12,,,2026-02-12,,,INTDIV - RS 2.75 PER SH
IQ,GOLDIAM,Goldiam International Lim,2026-02-12,,,2026-02-12,,,INTDIV - RS 2.75 PER SH
GS,GS220226C,GOI STRIPS C 220226,2026-02-18,,,,,,REDEMPTION
BE,GULFOILLUB,Gulf Oil Lub. Ind. Ltd.,2026-02-13,,,2026-02-13,,,INTDIV - RS 21 PER SH
BL,GULFOILLUB,Gulf Oil Lub. Ind. Ltd.,2026-02-13,,,2026-02-13,,,INTDIV - RS 21 PER SH
EQ,GULFOILLUB,Gulf Oil Lub. Ind. Ltd.,2026-02-13,,,2026-02-13,,,INTDIV - RS 21 PER SH
IQ,GULFOILLUB,Gulf Oil Lub. Ind. Ltd.,2026-02-13,,,2026-02-13,,,INTDIV - RS 21 PER SH
BE,HAL,Hindustan Aeronautics Ltd,2026-02-18,,,2026-02-18,,,INT DIV - RS 35 PER SH
BL,HAL,Hindustan Aeronautics Ltd,2026-02-18,,,2026-02-18,,,INT DIV - RS 35 PER SH
EQ,HAL,Hindustan Aeronautics Ltd,2026-02-18,,,2026-02-18,,,INT DIV - RS 35 PER SH
IQ,HAL,Hindustan Aeronautics Ltd,2026-02-18,,,2026-02-18,,,INT DIV - RS 35 PER SH
T0,HAL,Hindustan Aeronautics Ltd,2026-02-18,,,2026-02-18,,,INT DIV - RS 35 PER SH
TL,HAL,Hindustan Aeronautics Ltd,2026-02-18,,,2026-02-18,,,INT DIV - RS 35 PER SH
BE,HBLENGINE,HBL Engineering Ltd,2026-02-13,,,2026-02-13,,,INTDIV - RS 2 PER SH
BL,HBLENGINE,HBL Engineering Ltd,2026-02-13,,,2026-02-13,,,INTDIV - RS 2 PER SH
EQ,HBLENGINE,HBL Engineering Ltd,2026-02-13,,,2026-02-13,,,INTDIV - RS 2 PER SH
IQ,HBLENGINE,HBL Engineering Ltd,2026-02-13,,,2026-02-13,,,INTDIV - RS 2 PER SH
T0,HBLENGINE,HBL Engineering Ltd,2026-02-13,,,2026-02-13,,,INTDIV - RS 2 PER SH
TL,HBLENGINE,HBL Engineering Ltd,2026-02-13,,,2026-02-13,,,INTDIV - RS 2 PER SH
BE,HIKAL,Hikal Limited,2026-02-17,,,2026-02-17,,,INTDIV - RE 0.20 PER SH
BL,HIKAL,Hikal Limited,2026-02-17,,,2026-02-17,,,INTDIV - RE 0.20 PER SH
EQ,HIKAL,Hikal Limited,2026-02-17,,,2026-02-17,,,INTDIV - RE 0.20 PER SH
IQ,HIKAL,Hikal Limited,2026-02-17,,,2026-02-17,,,INTDIV - RE 0.20 PER SH
BE,HINDCOPPER,Hindustan Copper Ltd,2026-02-13,,,2026-02-13,,,INTDIV - RE 1 PER SH
BL,HINDCOPPER,Hindustan Copper Ltd,2026-02-13,,,2026-02-13,,,INTDIV - RE 1 PER SH
EQ,HINDCOPPER,Hindustan Copper Ltd,2026-02-13,,,2026-02-13,,,INTDIV - RE 1 PER SH
IQ,HINDCOPPER,Hindustan Copper Ltd,2026-02-13,,,2026-02-13,,,INTDIV - RE 1 PER SH
T0,HINDCOPPER,Hindustan Copper Ltd,2026-02-13,,,2026-02-13,,,INTDIV - RE 1 PER SH
TL,HINDCOPPER,Hindustan Copper Ltd,2026-02-13,,,2026-02-13,,,INTDIV - RE 1 PER SH
BE,IGIL,Internatio Gemm Ins (I) L,2026-02-17,,,2026-02-17,,,INTDIV - RS 2.50 PER SH
BL,IGIL,Internatio Gemm Ins (I) L,2026-02-17,,,2026-02-17,,,INTDIV - RS 2.50 PER SH
EQ,IGIL,Internatio Gemm Ins (I) L,2026-02-17,,,2026-02-17,,,INTDIV - RS 2.50 PER SH
IQ,IGIL,Internatio Gemm Ins (I) L,2026-02-17,,,2026-02-17,,,INTDIV - RS 2.50 PER SH
T0,IGIL,Internatio Gemm Ins (I) L,2026-02-17,,,2026-02-17,,,INTDIV - RS 2.50 PER SH
TL,IGIL,Internatio Gemm Ins (I) L,2026-02-17,,,2026-02-17,,,INTDIV - RS 2.50 PER SH
BE,IIFLCAPS,IIFL CAPITAL SERVICES LTD,2026-02-16,,,2026-02-16,,,INTDIV - RS 3 PER SH
BL,IIFLCAPS,IIFL CAPITAL SERVICES LTD,2026-02-16,,,2026-02-16,,,INTDIV - RS 3 PER SH
EQ,IIFLCAPS,IIFL CAPITAL SERVICES LTD,2026-02-16,,,2026-02-16,,,INTDIV - RS 3 PER SH
IQ,IIFLCAPS,IIFL CAPITAL SERVICES LTD,2026-02-16,,,2026-02-16,,,INTDIV - RS 3 PER SH
T0,IIFLCAPS,IIFL CAPITAL SERVICES LTD,2026-02-16,,,2026-02-16,,,INTDIV - RS 3 PER SH
TL,IIFLCAPS,IIFL CAPITAL SERVICES LTD,2026-02-16,,,2026-02-16,,,INTDIV - RS 3 PER SH
BE,IOLCP,IOL Chem and Pharma Ltd,2026-02-17,,,2026-02-17,,,INTDIV - RE 1 PER SH
BL,IOLCP,IOL Chem and Pharma Ltd,2026-02-17,,,2026-02-17,,,INTDIV - RE 1 PER SH
EQ,IOLCP,IOL Chem and Pharma Ltd,2026-02-17,,,2026-02-17,,,INTDIV - RE 1 PER SH
IQ,IOLCP,IOL Chem and Pharma Ltd,2026-02-17,,,2026-02-17,,,INTDIV - RE 1 PER SH
IV,IRBINVIT,IRB InvIT Fund,2026-02-16,,,2026-02-16,,,DISTRIBUTION- RS 1.50
BE,IRCON,Ircon International Ltd,2026-02-17,,,2026-02-17,,,INTDIV - RS 1.20 PER SH
BL,IRCON,Ircon International Ltd,2026-02-17,,,2026-02-17,,,INTDIV - RS 1.20 PER SH
EQ,IRCON,Ircon International Ltd,2026-02-17,,,2026-02-17,,,INTDIV - RS 1.20 PER SH
IQ,IRCON,Ircon International Ltd,2026-02-17,,,2026-02-17,,,INTDIV - RS 1.20 PER SH
T0,IRCON,Ircon International Ltd,2026-02-17,,,2026-02-17,,,INTDIV - RS 1.20 PER SH
TL,IRCON,Ircon International Ltd,2026-02-17,,,2026-02-17,,,INTDIV - RS 1.20 PER SH
BE,KIRLOSENG,Kirloskar Oil Eng Ltd,2026-02-20,,,2026-02-20,,,INTDIV - RS 2.50 PER SH
BL,KIRLOSENG,Kirloskar Oil Eng Ltd,2026-02-20,,,2026-02-20,,,INTDIV - RS 2.50 PER SH
EQ,KIRLOSENG,Kirloskar Oil Eng Ltd,2026-02-20,,,2026-02-20,,,INTDIV - RS 2.50 PER SH
IQ,KIRLOSENG,Kirloskar Oil Eng Ltd,2026-02-20,,,2026-02-20,,,INTDIV - RS 2.50 PER SH
T0,KIRLOSENG,Kirloskar Oil Eng Ltd,2026-02-20,,,2026-02-20,,,INTDIV - RS 2.50 PER SH
TL,KIRLOSENG,Kirloskar Oil Eng Ltd,2026-02-20,,,2026-02-20,,,INTDIV - RS 2.50 PER SH
BE,KKCL,Kewal Kiran Clothing Limi,2026-02-16,,,2026-02-16,,,INTDIV - RS 2 PER SH
BL,KKCL,Kewal Kiran Clothing Limi,2026-02-16,,,2026-02-16,,,INTDIV - RS 2 PER SH
EQ,KKCL,Kewal Kiran Clothing Limi,2026-02-16,,,2026-02-16,,,INTDIV - RS 2 PER SH
IQ,KKCL,Kewal Kiran Clothing Limi,2026-02-16,,,2026-02-16,,,INTDIV - RS 2 PER SH
BE,KPRMILL,K.P.R. Mill Limited,2026-02-13,,,2026-02-13,,,INTDIV - RS 2.50 PER SH
BL,KPRMILL,K.P.R. Mill Limited,2026-02-13,,,2026-02-13,,,INTDIV - RS 2.50 PER SH
EQ,KPRMILL,K.P.R. Mill Limited,2026-02-13,,,2026-02-13,,,INTDIV - RS 2.50 PER SH
IQ,KPRMILL,K.P.R. Mill Limited,2026-02-13,,,2026-02-13,,,INTDIV - RS 2.50 PER SH
T0,KPRMILL,K.P.R. Mill Limited,2026-02-13,,,2026-02-13,,,INTDIV - RS 2.50 PER SH
TL,KPRMILL,K.P.R. Mill Limited,2026-02-13,,,2026-02-13,,,INTDIV - RS 2.50 PER SH
BE,MAZDOCK,Mazagon Dock Shipbuil Ltd,2026-02-13,,,2026-02-13,,,INTDIV - RS 7.50 PER SH
BL,MAZDOCK,Mazagon Dock Shipbuil Ltd,2026-02-13,,,2026-02-13,,,INTDIV - RS 7.50 PER SH
EQ,MAZDOCK,Mazagon Dock Shipbuil Ltd,2026-02-13,,,2026-02-13,,,INTDIV - RS 7.50 PER SH
IQ,MAZDOCK,Mazagon Dock Shipbuil Ltd,2026-02-13,,,2026-02-13,,,INTDIV - RS 7.50 PER SH
T0,MAZDOCK,Mazagon Dock Shipbuil Ltd,2026-02-13,,,2026-02-13,,,INTDIV - RS 7.50 PER SH
TL,MAZDOCK,Mazagon Dock Shipbuil Ltd,2026-02-13,,,2026-02-13,,,INTDIV - RS 7.50 PER SH
BE,MGL,Mahanagar Gas Ltd.,2026-02-13,,,2026-02-13,,,INTDIV - RS 12 PER SH
BL,MGL,Mahanagar Gas Ltd.,2026-02-13,,,2026-02-13,,,INTDIV - RS 12 PER SH
EQ,MGL,Mahanagar Gas Ltd.,2026-02-13,,,2026-02-13,,,INTDIV - RS 12 PER SH
IQ,MGL,Mahanagar Gas Ltd.,2026-02-13,,,2026-02-13,,,INTDIV - RS 12 PER SH
T0,MGL,Mahanagar Gas Ltd.,2026-02-13,,,2026-02-13,,,INTDIV - RS 12 PER SH
TL,MGL,Mahanagar Gas Ltd.,2026-02-13,,,2026-02-13,,,INTDIV - RS 12 PER SH
BE,MINDACORP,Minda Corporation Ltd,2026-02-13,,,2026-02-13,,,INTDIV - RE 0.60 PER SH
BL,MINDACORP,Minda Corporation Ltd,2026-02-13,,,2026-02-13,,,INTDIV - RE 0.60 PER SH
EQ,MINDACORP,Minda Corporation Ltd,2026-02-13,,,2026-02-13,,,INTDIV - RE 0.60 PER SH
T0,MINDACORP,Minda Corporation Ltd,2026-02-13,,,2026-02-13,,,INTDIV - RE 0.60 PER SH
TL,MINDACORP,Minda Corporation Ltd,2026-02-13,,,2026-02-13,,,INTDIV - RE 0.60 PER SH
BE,MRF,MRF Limited - Depo,2026-02-13,,,2026-02-13,,,INTDIV - RS 3 PER SH
BL,MRF,MRF Ltd.,2026-02-13,,,2026-02-13,,,INTDIV - RS 3 PER SH
EQ,MRF,MRF Ltd.,2026-02-13,,,2026-02-13,,,INTDIV - RS 3 PER SH
IQ,MRF,MRF Ltd.,2026-02-13,,,2026-02-13,,,INTDIV - RS 3 PER SH
T0,MRF,MRF Ltd.,2026-02-13,,,2026-02-13,,,INTDIV - RS 3 PER SH
TL,MRF,MRF Ltd.,2026-02-13,,,2026-02-13,,,INTDIV - RS 3 PER SH
BE,MSTCLTD,MSTC Limited,2026-02-18,,,2026-02-18,,,INTDIV - RS 7.60 PER SH
BL,MSTCLTD,MSTC Limited,2026-02-18,,,2026-02-18,,,INTDIV - RS 7.60 PER SH
EQ,MSTCLTD,MSTC Limited,2026-02-18,,,2026-02-18,,,INTDIV - RS 7.60 PER SH
IQ,MSTCLTD,MSTC Limited,2026-02-18,,,2026-02-18,,,INTDIV - RS 7.60 PER SH
BE,NMDC,NMDC Limited,2026-02-13,,,2026-02-13,,,INTDIV - RS 2.50 PER SH
BL,NMDC,NMDC Limited,2026-02-13,,,2026-02-13,,,INTDIV - RS 2.50 PER SH
EQ,NMDC,NMDC Limited,2026-02-13,,,2026-02-13,,,INTDIV - RS 2.50 PER SH
IQ,NMDC,NMDC Limited,2026-02-13,,,2026-02-13,,,INTDIV - RS 2.50 PER SH
T0,NMDC,NMDC Limited,2026-02-13,,,2026-02-13,,,INTDIV - RS 2.50 PER SH
TL,NMDC,NMDC Limited,2026-02-13,,,2026-02-13,,,INTDIV - RS 2.50 PER SH
BE,NRBBEARING,NRB Bearings Limited,2026-02-13,,,2026-02-13,,,INTDIV - RS 3.20 PER SH
BL,NRBBEARING,NRB Bearings Limited,2026-02-13,,,2026-02-13,,,INTDIV - RS 3.20 PER SH
EQ,NRBBEARING,NRB Bearings Limited,2026-02-13,,,2026-02-13,,,INTDIV - RS 3.20 PER SH
IQ,NRBBEARING,NRB Bearings Limited,2026-02-13,,,2026-02-13,,,INTDIV - RS 3.20 PER SH
BE,OIL,Oil India Ltd,2026-02-18,,,2026-02-18,,,INTDIV - RS 7 PER SH
BL,OIL,Oil India Ltd,2026-02-18,,,2026-02-18,,,INTDIV - RS 7 PER SH
EQ,OIL,Oil India Ltd,2026-02-18,,,2026-02-18,,,INTDIV - RS 7 PER SH
IQ,OIL,Oil India Ltd,2026-02-18,,,2026-02-18,,,INTDIV - RS 7 PER SH
T0,OIL,Oil India Ltd,2026-02-18,,,2026-02-18,,,INTDIV - RS 7 PER SH
TL,OIL,Oil India Ltd,2026-02-18,,,2026-02-18,,,INTDIV - RS 7 PER SH
BE,ONELIFECAP,Onelife Cap Advisors Ltd,2026-02-16,,,2026-02-16,,,RGHTS 300:167 PRM RS 5/-
BL,ONELIFECAP,Onelife Cap Advisors Ltd,2026-02-16,,,2026-02-16,,,RGHTS 300:167 PRM RS 5/-
EQ,ONELIFECAP,Onelife Cap Advisors Ltd,2026-02-16,,,2026-02-16,,,RGHTS 300:167 PRM RS 5/-
IQ,ONELIFECAP,Onelife Cap Advisors Ltd,2026-02-16,,,2026-02-16,,,RGHTS 300:167 PRM RS 5/-
BE,PFC,Power Finance Corporation,2026-02-20,,,2026-02-20,,,INTDIV - RS 4 PER SH
BL,PFC,Power Finance Corporation,2026-02-20,,,2026-02-20,,,INTDIV - RS 4 PER SH
EQ,PFC,Power Finance Corporation,2026-02-20,,,2026-02-20,,,INTDIV - RS 4 PER SH
IQ,PFC,Power Finance Corporation,2026-02-20,,,2026-02-20,,,INTDIV - RS 4 PER SH
T0,PFC,Power Finance Corporation,2026-02-20,,,2026-02-20,,,INTDIV - RS 4 PER SH
TL,PFC,Power Finance Corporation,2026-02-20,,,2026-02-20,,,INTDIV - RS 4 PER SH
BE,PGHL,PROCTER & GAMBLE HEALTH L,2026-02-12,,,2026-02-12,,,INTDV/SPDV - RS 110 & 50
BL,PGHL,PROCTER & GAMBLE HEALTH L,2026-02-12,,,2026-02-12,,,INTDV/SPDV - RS 110 & 50
EQ,PGHL,PROCTER & GAMBLE HEALTH L,2026-02-12,,,2026-02-12,,,INTDV/SPDV - RS 110 & 50
IQ,PGHL,PROCTER & GAMBLE HEALTH L,2026-02-12,,,2026-02-12,,,INTDV/SPDV - RS 110 & 50
IV,PGINVIT,POWERGRID Infra. INVITs,2026-02-12,,,2026-02-12,,,DISTRIBUTION - RS 3
BL,QNIFTY,Quantum Nifty 50 ETF,2026-02-13,,,2026-02-13,,,FV SPLT FRM RS 10 TO RE1
EQ,QNIFTY,Quantum Nifty 50 ETF,2026-02-13,,,2026-02-13,,,FV SPLT FRM RS 10 TO RE1
BE,REPCOHOME,Repco Home Finance Ltd,2026-02-12,,,2026-02-12,,,INTDIV - RS 2 PER SH
BL,REPCOHOME,Repco Home Finance Ltd,2026-02-12,,,2026-02-12,,,INTDIV - RS 2 PER SH
EQ,REPCOHOME,Repco Home Finance Ltd,2026-02-12,,,2026-02-12,,,INTDIV - RS 2 PER SH
IQ,REPCOHOME,Repco Home Finance Ltd,2026-02-12,,,2026-02-12,,,INTDIV - RS 2 PER SH
BE,ROUTE,ROUTE MOBILE LIMITED,2026-02-13,,,2026-02-13,,,INTDIV - RS 3 PER SH
BL,ROUTE,ROUTE MOBILE LIMITED,2026-02-13,,,2026-02-13,,,INTDIV - RS 3 PER SH
EQ,ROUTE,ROUTE MOBILE LIMITED,2026-02-13,,,2026-02-13,,,INTDIV - RS 3 PER SH
IQ,ROUTE,ROUTE MOBILE LIMITED,2026-02-13,,,2026-02-13,,,INTDIV - RS 3 PER SH
BE,SBCL,Shivalik Bimetal Con. Ltd,2026-02-13,,,2026-02-13,,,INTDIV - RS 2 PER SH
BL,SBCL,Shivalik Bimetal Con. Ltd,2026-02-13,,,2026-02-13,,,INTDIV - RS 2 PER SH
EQ,SBCL,Shivalik Bimetal Con. Ltd,2026-02-13,,,2026-02-13,,,INTDIV - RS 2 PER SH
IQ,SBCL,Shivalik Bimetal Con. Ltd,2026-02-13,,,2026-02-13,,,INTDIV - RS 2 PER SH
BE,SCI,SHIPPING CORP OF INDIA LT,2026-02-17,,,2026-02-17,,,INTDIV - RS 3.50 PER SH
BL,SCI,Shipping Corp of India ,2026-02-17,,,2026-02-17,,,INTDIV - RS 3.50 PER SH
EQ,SCI,Shipping Corp of India ,2026-02-17,,,2026-02-17,,,INTDIV - RS 3.50 PER SH
IQ,SCI,Shipping Corp of India ,2026-02-17,,,2026-02-17,,,INTDIV - RS 3.50 PER SH
BE,SHK,S H Kelkar and Co. Ltd.,2026-02-13,,,2026-02-13,,,INTDIV - RE 1 PER SH
BL,SHK,S H Kelkar and Co. Ltd.,2026-02-13,,,2026-02-13,,,INTDIV - RE 1 PER SH
EQ,SHK,S H Kelkar and Co. Ltd.,2026-02-13,,,2026-02-13,,,INTDIV - RE 1 PER SH
IQ,SHK,S H Kelkar and Co. Ltd.,2026-02-13,,,2026-02-13,,,INTDIV - RE 1 PER SH
BE,SJVN,SJVN Ltd,2026-02-20,,,2026-02-20,,,INTDIV - RS 1.15 PER SH
BL,SJVN,SJVN Ltd,2026-02-20,,,2026-02-20,,,INTDIV - RS 1.15 PER SH
EQ,SJVN,SJVN Ltd,2026-02-20,,,2026-02-20,,,INTDIV - RS 1.15 PER SH
IQ,SJVN,SJVN Ltd,2026-02-20,,,2026-02-20,,,INTDIV - RS 1.15 PER SH
T0,SJVN,SJVN Ltd,2026-02-20,,,2026-02-20,,,INTDIV - RS 1.15 PER SH
TL,SJVN,SJVN Ltd,2026-02-20,,,2026-02-20,,,INTDIV - RS 1.15 PER SH
BE,SNOWMAN,Snowman Logistics Ltd.,2026-02-12,,,2026-02-12,,,INTDIV - RE 0.50 PER SH
BL,SNOWMAN,Snowman Logistics Ltd.,2026-02-12,,,2026-02-12,,,INTDIV - RE 0.50 PER SH
EQ,SNOWMAN,Snowman Logistics Ltd.,2026-02-12,,,2026-02-12,,,INTDIV - RE 0.50 PER SH
IQ,SNOWMAN,Snowman Logistics Ltd.,2026-02-12,,,2026-02-12,,,INTDIV - RE 0.50 PER SH
BE,SONATSOFTW,SONATSOFTW - Depo,2026-02-13,,,2026-02-13,,,INTDIV - RS 1.25 PER SH
BL,SONATSOFTW,Sonata Software Ltd,2026-02-13,,,2026-02-13,,,INTDIV - RS 1.25 PER SH
EQ,SONATSOFTW,Sonata Software Ltd,2026-02-13,,,2026-02-13,,,INTDIV - RS 1.25 PER SH
IQ,SONATSOFTW,Sonata Software Ltd,2026-02-13,,,2026-02-13,,,INTDIV - RS 1.25 PER SH
T0,SONATSOFTW,Sonata Software Ltd,2026-02-13,,,2026-02-13,,,INTDIV - RS 1.25 PER SH
TL,SONATSOFTW,Sonata Software Ltd,2026-02-13,,,2026-02-13,,,INTDIV - RS 1.25 PER SH
BE,SREEL,Sreeleathers Limited,2026-02-13,,,2026-02-13,,,INTDIV - RE 1 PER SH
BL,SREEL,Sreeleathers Limited,2026-02-13,,,2026-02-13,,,INTDIV - RE 1 PER SH
EQ,SREEL,Sreeleathers Limited,2026-02-13,,,2026-02-13,,,INTDIV - RE 1 PER SH
IQ,SREEL,Sreeleathers Limited,2026-02-13,,,2026-02-13,,,INTDIV - RE 1 PER SH
BE,STARCEMENT,Star Cement Limited,2026-02-12,,,2026-02-12,,,INTDIV - RE 1 PER SH
BL,STARCEMENT,Star Cement Limited,2026-02-12,,,2026-02-12,,,INTDIV - RE 1 PER SH
EQ,STARCEMENT,Star Cement Limited,2026-02-12,,,2026-02-12,,,INTDIV - RE 1 PER SH
IQ,STARCEMENT,Star Cement Limited,2026-02-12,,,2026-02-12,,,INTDIV - RE 1 PER SH
BE,SUNTV,Sun TV Network Limited,2026-02-12,,,2026-02-12,,,INTDIV - RS 2.50 PER SH
BL,SUNTV,Sun TV Network Limited,2026-02-12,,,2026-02-12,,,INTDIV - RS 2.50 PER SH
EQ,SUNTV,Sun TV Network Limited,2026-02-12,,,2026-02-12,,,INTDIV - RS 2.50 PER SH
IQ,SUNTV,Sun TV Network Limited,2026-02-12,,,2026-02-12,,,INTDIV - RS 2.50 PER SH
T0,SUNTV,Sun TV Network Limited,2026-02-12,,,2026-02-12,,,INTDIV - RS 2.50 PER SH
TL,SUNTV,Sun TV Network Limited,2026-02-12,,,2026-02-12,,,INTDIV - RS 2.50 PER SH
BE,SUPRAJIT,Suprajit Engineering Ltd.,2026-02-13,,,2026-02-13,,,INTDIV - RS 1.50 PER SH
BL,SUPRAJIT,Suprajit Engineering Limi,2026-02-13,,,2026-02-13,,,INTDIV - RS 1.50 PER SH
EQ,SUPRAJIT,Suprajit Engineering Limi,2026-02-13,,,2026-02-13,,,INTDIV - RS 1.50 PER SH
IQ,SUPRAJIT,Suprajit Engineering Limi,2026-02-13,,,2026-02-13,,,INTDIV - RS 1.50 PER SH
BE,TORNTPOWER,Torrent Power Limited,2026-02-16,,,2026-02-16,,,INTDIV - RS 15 PER SH
BL,TORNTPOWER,Torrent Power Limited,2026-02-16,,,2026-02-16,,,INTDIV - RS 15 PER SH
EQ,TORNTPOWER,Torrent Power Limited,2026-02-16,,,2026-02-16,,,INTDIV - RS 15 PER SH
IQ,TORNTPOWER,Torrent Power Limited,2026-02-16,,,2026-02-16,,,INTDIV - RS 15 PER SH
T0,TORNTPOWER,Torrent Power Limited,2026-02-16,,,2026-02-16,,,INTDIV - RS 15 PER SH
TL,TORNTPOWER,Torrent Power Limited,2026-02-16,,,2026-02-16,,,INTDIV - RS 15 PER SH
BE,UNIPARTS,Uniparts India Limited,2026-02-16,,,2026-02-16,,,INTDIV - RS 7 PER SH
BL,UNIPARTS,Uniparts India Limited,2026-02-16,,,2026-02-16,,,INTDIV - RS 7 PER SH
EQ,UNIPARTS,Uniparts India Limited,2026-02-16,,,2026-02-16,,,INTDIV - RS 7 PER SH
IQ,UNIPARTS,Uniparts India Limited,2026-02-16,,,2026-02-16,,,INTDIV - RS 7 PER SH
BE,UNITEDTEA,United Nilgiri Tea Ltd,2026-02-18,,,2026-02-18,,,INTDIV - RE 1 PER SH
BL,UNITEDTEA,United Nilgiri Tea Ltd,2026-02-18,,,2026-02-18,,,INTDIV - RE 1 PER SH
EQ,UNITEDTEA,United Nilgiri Tea Ltd,2026-02-18,,,2026-02-18,,,INTDIV - RE 1 PER SH
BE,VRLLOG,VRL Logistics Limited,2026-02-13,,,2026-02-13,,,INTDIV - RS 5 PER SH
BL,VRLLOG,VRL Logistics Limited,2026-02-13,,,2026-02-13,,,INTDIV - RS 5 PER SH
EQ,VRLLOG,VRL Logistics Limited,2026-02-13,,,2026-02-13,,,INTDIV - RS 5 PER SH
IQ,VRLLOG,VRL Logistics Limited,2026-02-13,,,2026-02-13,,,INTDIV - RS 5 PER SH
