SYMBOL,SERIES,SECURITY,HIGH/LOW
21STCENMGM,EQ,21ST CENTURY MGMT SERVICE,H
AAATECH,BE,AAA TECHNOLOGIES LIMITED,H
AILIMITED,SM,ABHISHEK INTEGRATIONS LTD,H
AMEYA,SM,AMEYA PRECISION ENG LTD,H
ANSALAPI,BZ,ANSAL PROP & INFRA LTD,H
APEX,EQ,APEX FROZEN FOODS LIMITED,H
ARISTO,SM,ARISTO BIO T AND LIFESC L,H
ARSHIYA,BZ,ARSHIYA LIMITED,H
AVANTIFEED,EQ,AVANTI FEEDS LIMITED,H
AVROIND,BE,AVRO INDIA LIMITED,H
AXISCADES,EQ,AXISCADES TECH LTD,H
BLUECHIP,EQ,BLUE CHIP INDIA LIMITED,H
BOHRAIND,EQ,BOHRA INDUSTRIES LIMITED,H
BOROSCI,EQ,BOROSIL SCIENTIFIC LTD,H
BOSS,SM,BOSS PACKAGING SOLU LTD,H
BRANDMAN,ST,BRANDMAN RETAIL LIMITED,H
CKKRETAIL,ST,C K K RETAIL MART LIMITED,H
COMPINFO,BZ,COMPUAGE INFOCOM LTD,H
COOLCAPS,SM,COOL CAPS INDUSTRIES LTD,H
CROWN,EQ,CROWN LIFTERS LIMITED,H
DHARAN,BZ,DHARAN INFRA-EPC LIMITED,H
FEL,BZ,FUTURE ENTERPRISES LTD,H
FLFL,BZ,FUT LIFESTYLE FASH LTD,H
FLYSBS,SM,FLYSBS AVIATION LIMITED,H
FONEBOX,ST,FONEBOX RETAIL LIMITED,H
GAYAHWS,EQ,GAYATRI HIGHWAYS LIMITED,H
GIRIRAJ,SM,GIRIRAJ CIVIL DEVP LTD,H
GJL,ST,GROVER JEWELLS LIMITED,H
GKENERGY,EQ,GK ENERGY LIMITED,H
GLFL,EQ,GUJARAT LEASE FINANCING L,H
GVPIL,EQ,GE POWER INDIA LIMITED,H
HAPPYFORGE,EQ,HAPPY FORGINGS LIMITED,H
HNGSNGBEES,EQ,NIP IND ETF HANGSENG BEES,H
JITFINFRA,EQ,JITF INFRALOGISTICS LTD,H
JPASSOCIAT,BE,JAIPRAKASH ASSOCIATES LTD,H
KARMAENG,EQ,KARMA ENERGY LIMITED,H
KESORAMIND,BE,KESORAM INDUSTRIES LTD,H
KSR,BE,KSR FOOTWEAR LIMITED,H
LAKPRE,BZ,LAKSHMI PRE SCRE LTD,H
LAXMICOT,EQ,LAXMI COTSPIN LIMITED,H
LINCOLN,EQ,LINCOLN PHARMA LTD,H
MAFANG,EQ,MIRAEAMC - MAFANG,H
MAHKTECH,EQ,MIRAEAMC - MAHKTECH,H
MARINETRAN,ST,MARINETRANS INDIA LIMITED,H
MASPTOP50,EQ,MIRAEAMC - MASPTOP50,H
MAXVOLT,ST,MAXVOLT ENERGY INDUS L,H
MAZDA,EQ,MAZDA LIMITED,H
MEDIORG,SM,MEDICAMEN ORGANICS LTD,H
NIRAJISPAT,BE,NIRAJ ISPAT IND LTD,H
ONELIFECAP,BE,ONELIFE CAP ADVISORS LTD,H
ORTEL,BZ,ORTEL COMMUNICATIONS LTD,H
ORTINGLOBE,BE,ORTIN GLOBAL LIMITED,H
PALREDTEC,EQ,PALRED TECHNOLOGIES LTD,H
PRAXIS,EQ,PRAXIS HOME RETAIL LTD,H
PRECISION,SM,PRECISION METALIKS LTD,H
PROLIFE,SM,PROLIFE INDUSTRIES LTD,H
QUADPRO,SM,QUADPRO ITES LIMITED,H
RAJRILTD,BE,RAJ RAYON INDUSTRIES LTD,H
RATNAMANI,EQ,RATNAMANI MET & TUB LTD.,H
REXPIPES,SM,REX PIPES AND CABLES LTD,H
ROLLT,BE,ROLLATAINERS LIMITED,H
S&SPOWER,EQ,S&S POWER SWITCHGEARS LTD,H
SADBHAV,EQ,SADBHAV ENGINEERING LTD,H
SATIPOLY,SM,SATI POLY PLAST LIMITED,H
SETCO,EQ,SETCO AUTOMOTIVE LTD,H
SETUINFRA,BZ,SETUBANDHAN INFRA LTD,H
SHRENIK,BZ,SHRENIK LIMITED,H
SIKKO,EQ,SIKKO INDUSTRIES LIMITED,H
SITINET,BZ,SITI NETWORKS LIMITED,H
SMLMAH,EQ,SML MAHINDRA LIMITED,H
SYNOPTICS,SM,SYNOPTICS TECHNOLOGIES L,H
TECHERA,SM,TECHERA ENGINEER (IND) L,H
TREJHARA,BE,TREJHARA SOLUTIONS LTD,H
VCL,BE,VAXTEX COTFAB LIMITED,H
VEEKAYEM,SM,VEEKAYEM FASH & APP LTD,H
VILINBIO,ST,VILIN BIO MED LIMITED,H
VIVIMEDLAB,EQ,VIVIMED LABS LIMITED,H
WINSOME,BZ,WINSOME YARNS LIMITED,H
739TN33,SG,SDL TN 7.39% 2033,L
AKIKO,ST,AKIKO GLOBAL SERVICES L,L
ARSHIYA,BZ,ARSHIYA LIMITED,L
ARVINDPORT,SM,ARVIND PORT AND INFRA LTD,L
AURIGROW,BE,AURI GROW INDIA LIMITED,L
COOLCAPS,SM,COOL CAPS INDUSTRIES LTD,L
DHARAN,BZ,DHARAN INFRA-EPC LIMITED,L
EASTSILK,BE,EASTERN SILK INDUSTRIES L,L
FEL,BZ,FUTURE ENTERPRISES LTD,L
FMNL,EQ,FUTURE MKT NETWORKS LTD,L
GANESHIN,SM,GANESH INFRAWORLD LIMITED,L
GML,ST,GALAXY MEDICARE LIMITED,L
GRAPHISAD,SM,GRAPHISADS LIMITED,L
GVKPIL,BE,GVK POW. & INFRA LTD.,L
HOMESFY,SM,HOMESFY REALTY LIMITED,L
IL&FSENGG,BZ,IL&FS ENG AND CONS CO LTD,L
KDL,ST,KORE DIGITAL LIMITED,L
LCCINFOTEC,BE,LCC INFOTECH LTD,L
LEXUS,EQ,LEXUS GRANITO (INDIA) LTD,L
LOYALTEX,BE,LOYAL TEXTILE MILLS LTD,L
MANAKALUCO,BE,MANAK ALUMINIUM CO. LTD.,L
MCON,ST,MCON RASAYAN INDIA LTD,L
MEDIORG,SM,MEDICAMEN ORGANICS LTD,L
MEP,BZ,MEP INFRA. DEVELOPERS LTD,L
MHHL,SM,MOHINI HEALTH&HYGIENE LTD,L
MORARJEE,BZ,MORARJEE TEXTILES LIMITED,L
MTEDUCARE,BE,MT EDUCARE LTD,L
NEWJAISA,SM,NEWJAISA TECHNOLOGIES LTD,L
NIRMAN,SM,NIRMAN AGRI GENTICS LTD,L
PANACHE,EQ,PANACHE DIGILIFE LIMITED,L
PARASPETRO,BE,PARAS PETROFILS LTD.,L
PERFECT,SZ,PERFECT INFRAENGINEER LTD,L
PLADAINFO,SM,PLADA INFOTECH SERVICES L,L
PRECISION,SM,PRECISION METALIKS LTD,L
PURPLEUTED,SM,PURPLE UNITED SALES LTD,L
QUICKTOUCH,SM,QUICKTOUCH TECHNOLOGIES L,L
REXPRO,SM,REXPRO ENTERPRISES LTD,L
RHFL,BZ,RELIANCE HOME FINANCE LTD,L
SANGANI,SM,SANGANI HOSPITALS LIMITED,L
SANWARIA,BZ,SANWARIA CONSUMER LIMITED,L
SETUINFRA,BZ,SETUBANDHAN INFRA LTD,L
SLONE,SM,SLONE INFOSYSTEMS LIMITED,L
SPRL,SM,SP REFRACTORIES LIMITED,L
SUPREMEENG,BZ,SUPREME ENGINEERING LTD,L
TECHLABS,SM,TRIDENT TECHLABS LIMITED,L
TERASOFT,EQ,TERA SOFTWARE LIMITED,L
TGL,ST,TEERTH GOPICON LIMITED,L
THESL,SM,THINKING HATS ENTER SOL L,L
TIJARIA,BE,TIJARIA POLYPIPES LTD,L
TRANSWIND,ST,TRANSWIND INFRA LIMITED,L
UEL,EQ,UJAAS ENERGY LIMITED,L
VERITAAS,SM,VERITAAS ADVERTISING LTD,L
VIAZ,SM,VIAZ TYRES LIMITED,L
VILINBIO,ST,VILIN BIO MED LIMITED,L
VISAMAN,ST,VISAMAN GLOBAL SALES LTD,L
VR,SM,V R INFRASPACE LIMITED,L
