SECURITY,NEW,PREVIOUS,NEW_STATUS
ADVAIT ENRGY TRANSITION L     ,1885.00,1830.50,H
AMAGI MEDIA LABS LIMITED      ,434.95,428.00,H
ANUPAM RASAYAN INDIA LTD      ,1407.00,1379.90,H
AXISAMC - AXISVALUE           ,34.97,34.23,H
BLISS GVS PHARMA LTD          ,225.20,221.00,H
BRANDMAN RETAIL LIMITED       ,201.75,192.15,H
C K K RETAIL MART LIMITED     ,207.95,198.05,H
COMMERCIAL SYN BAGS LTD       ,183.98,180.50,H
GROVER JEWELLS LIMITED        ,105.80,100.80,H
GROWWAMC - GROWWCHEM          ,29.82,29.28,H
GROWWAMC - GROWWPSE           ,105.97,105.62,H
HDFCAMC HDFCPSUBK             ,94.59,93.98,H
HITACHI ENERGY INDIA LTD      ,23140.00,22888.00,H
ICICI PRUDENTIAL AMC LTD      ,3150.60,3131.00,H
ICICIPRAMC - BHARATIWIN       ,128.19,127.69,H
IWARE SUPPLYCHAIN SER LTD     ,269.65,267.80,H
LENSKART SOLUTIONS LTD        ,532.40,495.00,H
LG BALAKRISHNAN & BROS        ,2048.00,2026.00,H
LUMAX AUTO TECH LTD           ,1823.90,1755.00,H
MAX FINANCIAL SERV LTD        ,1821.00,1768.00,H
MINDSPACE BUSINESS P REIT     ,511.68,507.50,H
MIRAEAMC - BANKPSU            ,93.28,93.07,H
MOTILALAMC - MOVALUE          ,125.02,125.00,H
MTAR TECHNOLOGIES LIMITED     ,3748.70,3688.70,H
NIPPONAMC - MANUFGBEES        ,163.64,160.69,H
PARIN ENTERPRISES LIMITED     ,720.00,699.00,H
PARK MEDI WORLD LIMITED       ,179.60,174.50,H
R&B DENIMS LIMITED            ,176.38,175.39,H
SANSERA ENGINEERING LTD       ,2240.00,2203.00,H
SBIAMC - SBIBPB               ,53.92,53.86,H
SHADOWFAX TECHNOLOGIES L      ,125.32,122.98,H
SHANKARA BUILDPRO LIMITED     ,968.00,901.00,H
SHARDA CROPCHEM LTD.          ,1265.00,1233.00,H
SHREEJI SHIPPING GLOBAL L     ,406.50,400.50,H
SJS ENTERPRISES LIMITED       ,1919.00,1869.00,H
SML MAHINDRA LIMITED          ,4862.80,4743.00,H
SUNDARAM FINANCE LTD          ,5555.00,5537.50,H
TATA MOTORS LIMITED           ,500.00,497.80,H
TVS INFRASTRUCTURE TRUST      ,113.50,113.00,H
VIYASH SCIENTIFIC LIMITED     ,228.20,220.00,H
WAKEFIT INNOVATIONS LTD       ,224.00,218.66,H
AAKAAR MEDICAL TECHNO LTD     ,48.55,51.00,L
AURI GROW INDIA LIMITED       ,0.35,0.36,L
BOSS PACKAGING SOLU LTD       ,35.75,36.20,L
CAPILLARY TECHNO INDIA L      ,555.30,570.05,L
CEDAAR TEXTILE LIMITED        ,36.50,40.00,L
CLASSIC ELECTRODE (IND) L     ,48.00,51.00,L
CLEAN SCIENCE & TECH LTD      ,752.90,769.55,L
COOL CAPS INDUSTRIES LTD      ,24.65,25.90,L
DAM CAPITAL ADVISORS LTD      ,163.00,164.91,L
DHARIWALCORP LIMITED          ,73.50,74.95,L
DHRUV CONSULTANCY SER LTD     ,28.65,33.52,L
DRONE DESTINATION LIMITED     ,47.00,50.55,L
DSPAMC - FLEXIADD             ,10.15,10.16,L
GEEKAY WIRES LIMITED          ,26.50,26.60,L
GO FASHION INDIA LTD          ,347.10,359.25,L
HEXAWARE TECHNOLOGIES LTD     ,540.00,560.30,L
HOMESFY REALTY LIMITED        ,148.05,154.60,L
KALANA ISPAT LIMITED          ,15.95,17.00,L
KAMDHENU VENTURES LIMITED     ,4.95,5.18,L
KRITIKA WIRES LIMITED         ,6.07,6.12,L
MOS UTILITY LIMITED           ,19.10,19.50,L
NOVA AGRITECH LIMITED         ,30.30,32.00,L
OSWAL PUMPS LIMITED           ,349.35,354.00,L
PHYSICSWALLAH LIMITED         ,99.55,106.10,L
PINE LABS LIMITED             ,192.81,207.00,L
PLADA INFOTECH SERVICES L     ,12.20,12.80,L
PURV FLEXIPACK LIMITED        ,62.25,64.25,L
RADIANT CASH MGMT SER LTD     ,43.85,43.90,L
SHYAM DHANI INDUSTRIES L      ,75.25,77.45,L
SOLARWORLD ENERGY SOL LTD     ,213.00,214.81,L
THINKING HATS ENTER SOL L     ,18.55,18.75,L
YASONS CHEMEX CARE LTD        ,10.05,10.55,L
