SERIES,SYMBOL,SECURITY,RECORD_DT,BC_STRT_DT,BC_END_DT,EX_DT,ND_STRT_DT,ND_END_DT,PURPOSE
NV,1003SCL30A,SEC RE NCD 10.03% SR X,2025-10-27,,,2025-10-27,,,INT PAYMNT/PART REDEMPTN
UV,1003SCL30A,SEC RE NCD 10.03% SR X,2025-10-27,,,2025-10-27,,,INT PAYMNT/PART REDEMPTN
NR,1015SCL28,SEC RE NCD 10.15% SR VII,2025-10-27,,,2025-10-27,,,INT PAYMNT/PART REDEMPTN
UR,1015SCL28,SEC RE NCD 10.15% SR VII,2025-10-27,,,2025-10-27,,,INT PAYMNT/PART REDEMPTN
NU,1050SCL30,SEC RE NCD 10.5% SR IX,2025-10-27,,,2025-10-27,,,INT PAYMNT/PART REDEMPTN
UU,1050SCL30,SEC RE NCD 10.5% SR IX,2025-10-27,,,2025-10-27,,,INT PAYMNT/PART REDEMPTN
NW,1075SCL33B,SEC RE NCD 10.25% SR XI,2025-10-27,,,2025-10-27,,,INT PAYMNT/PART REDEMPTN
UW,1075SCL33B,SEC RE NCD 10.25% SR XI,2025-10-27,,,2025-10-27,,,INT PAYMNT/PART REDEMPTN
N6,10IIFL29,Sec Re NCD 9% Sr.VI,2025-10-23,,,2025-10-23,,,INTEREST PAYMENT
U6,10IIFL29,Sec Re NCD 9% Sr.VI,2025-10-23,,,2025-10-23,,,INTEREST PAYMENT
N0,116VCCL27A,VCCL 11.6% 2027 Sr A,2025-10-23,,,2025-10-23,,,INTEREST PAYMENT
N0,118VCCL27B,VCCL 11.8% 2027 Sr B,2025-10-23,,,2025-10-23,,,INTEREST PAYMENT
N0,119VCCL26,Vedika Credit 11.9% 2026,2025-10-28,,,2025-10-28,,,INTEREST PAYMENT
TB,182D311025,GOI TBILL 182D-31/10/25,2025-10-29,,,,,,REDEMPTION
BE,360ONE,360 ONE WAM LIMITED,2025-10-27,,,2025-10-27,,,INTDIV - RS 6 PER SH
BL,360ONE,360 ONE WAM LIMITED,2025-10-27,,,2025-10-27,,,INTDIV - RS 6 PER SH
EQ,360ONE,360 ONE WAM LIMITED,2025-10-27,,,2025-10-27,,,INTDIV - RS 6 PER SH
IQ,360ONE,360 ONE WAM LIMITED,2025-10-27,,,2025-10-27,,,INTDIV - RS 6 PER SH
T0,360ONE,360 ONE WAM LIMITED,2025-10-27,,,2025-10-27,,,INTDIV - RS 6 PER SH
TL,360ONE,360 ONE WAM LIMITED,2025-10-27,,,2025-10-27,,,INTDIV - RS 6 PER SH
TB,364D301025,GOI TBILL 364D-30/10/25,2025-10-28,,,,,,REDEMPTION
SG,538CG25,SDL CG 5.38% 2025,2025-10-24,,,,,,REDEMPTION
N0,72190LTFL2,LTFL 7.2190% 2028 Sr I,2025-10-24,,,2025-10-24,,,INTEREST PAYMENT
N0,726IIFCL34,IIFCL 7.26% 2034 Sr 1,2025-10-23,,,2025-10-23,,,INTEREST PAYMENT
SG,747GJ25,SDL GJ 7.47% 2025,2025-10-23,,,,,,REDEMPTION
N0,747IIFCL27,IIFCL 7.47% 2027 Sr 2,2025-10-23,,,2025-10-23,,,INTEREST PAYMENT
NG,749IGT28,India Grid Trust,2025-10-23,,,2025-10-23,,,INTEREST PAYMENT
UG,749IGT28,India Grid Trust,2025-10-23,,,2025-10-23,,,INTEREST PAYMENT
SG,763ML25,SDL ML 7.63% 2025,2025-10-23,,,,,,REDEMPTION
NH,769IGT28,India Grid Trust,2025-10-23,,,2025-10-23,,,INTEREST PAYMENT
UH,769IGT28,India Grid Trust,2025-10-23,,,2025-10-23,,,INTEREST PAYMENT
GS,772GS2055,GOI LOAN 7.72% 2055,2025-10-24,,,2025-10-24,,,INTEREST PAYMENT
NK,772IGT31,India Grid Trust,2025-10-23,,,2025-10-23,,,INTEREST PAYMENT
UK,772IGT31,India Grid Trust,2025-10-23,,,2025-10-23,,,INTEREST PAYMENT
N0,776FEDB34,FEDB 7.76% 2034 Sr 1,2025-10-28,,,2025-10-28,,,INTEREST PAYMENT
N1,78ABCL33,ABCL 7.8% Sr V,2025-10-27,,,2025-10-27,,,INTEREST PAYMENT
U1,78ABCL33,ABCL 7.8% Sr V,2025-10-27,,,2025-10-27,,,INTEREST PAYMENT
NL,797IGT31,India Grid Trust,2025-10-23,,,2025-10-23,,,INTEREST PAYMENT
UL,797IGT31,India Grid Trust,2025-10-23,,,2025-10-23,,,INTEREST PAYMENT
MB,843SCFL27,SEC RE NCD 8.43% SR.VIII,2025-10-23,,,2025-10-23,,,INTEREST PAYMENT
YB,843SCFL27,SEC RE NCD 8.43% SR.VIII,2025-10-23,,,2025-10-23,,,INTEREST PAYMENT
N0,850CIFL34,CIFL 8.50% 2034 Sr 649,2025-10-27,,,2025-10-27,,,INTEREST PAYMENT
NG,888SCL25,SEC RE NCD 8.88% SR II,2025-10-27,,,2025-10-27,,,INT PAYMENT/REDEMPTN
UG,888SCL25,SEC RE NCD 8.88% SR II,2025-10-27,,,2025-10-27,,,INT PAYMENT/REDEMPTN
MC,889SCFL27,SEC RE NCD 8.89% SR.VIII,2025-10-23,,,2025-10-23,,,INTEREST PAYMENT
YC,889SCFL27,SEC RE NCD 8.89% SR.VIII,2025-10-23,,,2025-10-23,,,INTEREST PAYMENT
NM,902SCL26A,SEC RE NCD 9.02% SR V,2025-10-27,,,2025-10-27,,,INT PAYMNT/PART REDEMPTN
UM,902SCL26A,SEC RE NCD 9.02% SR V,2025-10-27,,,2025-10-27,,,INT PAYMNT/PART REDEMPTN
MI,903SFL28,Shriram Finance Limited,2025-10-27,,,2025-10-27,,,INTEREST PAYMENT
YI,903SFL28,Shriram Finance Limited,2025-10-27,,,2025-10-27,,,INTEREST PAYMENT
TB,91D301025,GOI TBILL 91D-30/10/25,2025-10-28,,,,,,REDEMPTION
N9,925CAGL26,Sec Re NCD 9.25% Sr III,2025-10-23,,,2025-10-23,,,INTEREST PAYMENT
U9,925CAGL26,Sec Re NCD 9.25% Sr III,2025-10-23,,,2025-10-23,,,INTEREST PAYMENT
NH,925SCL25A,SEC RE NCD 9.25% SR II,2025-10-27,,,2025-10-27,,,INT PAYMENT/REDEMPTN
UH,925SCL25A,SEC RE NCD 9.25% SR II,2025-10-27,,,2025-10-27,,,INT PAYMENT/REDEMPTN
NY,925SCL25G,SEC RE NCD 9.8% SR XII,2025-10-27,,,2025-10-27,,,INT PAYMNT/PART REDEMPTN
UY,925SCL25G,SEC RE NCD 9.8% SR XII,2025-10-27,,,2025-10-27,,,INT PAYMNT/PART REDEMPTN
NE,925SCL25Z,SEC RE NCD 9.25% SR I,2025-10-27,,,2025-10-27,,,INT PAYMENT/REDEMPTION
UE,925SCL25Z,SEC RE NCD 9.25% SR I,2025-10-27,,,2025-10-27,,,INT PAYMENT/REDEMPTION
NS,925SCL28A,SEC RE NCD 9.25% SR VIII,2025-10-27,,,2025-10-27,,,INT PAYMNT/PART REDEMPTN
US,925SCL28A,SEC RE NCD 9.25% SR VIII,2025-10-27,,,2025-10-27,,,INT PAYMNT/PART REDEMPTN
N0,930APMD27,APMD 9.30% 2027 STRPP A,2025-10-23,,,2025-10-23,,,INTEREST PAYMENT
N0,930APMD28,APMD 9.30% 2028 STRPP B,2025-10-23,,,2025-10-23,,,INTEREST PAYMENT
N0,930APMD29,APMD 9.30% 2029 STRPP C,2025-10-23,,,2025-10-23,,,INTEREST PAYMENT
N0,930APMD30,APMD 9.30% 2030 STRPP D,2025-10-23,,,2025-10-23,,,INTEREST PAYMENT
N0,930APMD31,APMD 9.30% 2031 STRPP E,2025-10-23,,,2025-10-23,,,INTEREST PAYMENT
N0,930APMD32,APMD 9.30% 2032 STRPP F,2025-10-23,,,2025-10-23,,,INTEREST PAYMENT
N0,930APMD33,APMD 9.30% 2033 STRPP G,2025-10-23,,,2025-10-23,,,INTEREST PAYMENT
N0,930APMD34,APMDC 9.30% 2034 STRPP H,2025-10-23,,,2025-10-23,,,INTEREST PAYMENT
N0,930APMD35,APMD 9.30% 2035 STRPP I,2025-10-23,,,2025-10-23,,,INTEREST PAYMENT
NB,940CAGL27,Sec Re NCD 9.40% Sr V,2025-10-23,,,2025-10-23,,,INTEREST PAYMENT
UB,940CAGL27,Sec Re NCD 9.40% Sr V,2025-10-23,,,2025-10-23,,,INTEREST PAYMENT
NK,940SCL26A,SEC RE NCD 9.4% SR IV,2025-10-27,,,2025-10-27,,,INT PAYMNT/PART REDEMPTN
UK,940SCL26A,SEC RE NCD 9.4% SR IV,2025-10-27,,,2025-10-27,,,INT PAYMNT/PART REDEMPTN
NN,948SCL26A,SEC RE NCD 9.48% SR V,2025-10-27,,,2025-10-27,,,INT PAYMNT/PART REDEMPTN
UN,948SCL26A,SEC RE NCD 9.48% SR V,2025-10-27,,,2025-10-27,,,INT PAYMNT/PART REDEMPTN
NF,965SCL25A,SEC RE NCD 9.65% SR I,2025-10-27,,,2025-10-27,,,INTEREST PAYMNT/REDEMPTN
UF,965SCL25A,SEC RE NCD 9.65% SR I,2025-10-27,,,2025-10-27,,,INTEREST PAYMNT/REDEMPTN
NZ,965SCL25F,SEC RE NCD 10.25% SR XII,2025-10-27,,,2025-10-27,,,INT PAYMNT/PART REDEMPTN
UZ,965SCL25F,SEC RE NCD 10.25% SR XII,2025-10-27,,,2025-10-27,,,INT PAYMNT/PART REDEMPTN
NQ,965SCL28A,SEC RE NCD 9.65% SR VII,2025-10-27,,,2025-10-27,,,INT PAYMNT/PART REDEMPTN
UQ,965SCL28A,SEC RE NCD 9.65% SR VII,2025-10-27,,,2025-10-27,,,INT PAYMNT/PART REDEMPTN
ND,970CAGL28,Sec Re NCD 9.70% Sr VII,2025-10-23,,,2025-10-23,,,INTEREST PAYMENT
UD,970CAGL28,Sec Re NCD 9.70% Sr VII,2025-10-23,,,2025-10-23,,,INTEREST PAYMENT
NT,971SCL28A,SEC RE NCD 9.71% SR VIII,2025-10-27,,,2025-10-27,,,INT PAYMNT/PART REDEMPTN
UT,971SCL28A,SEC RE NCD 9.71% SR VIII,2025-10-27,,,2025-10-27,,,INT PAYMNT/PART REDEMPTN
NX,980SCL33,SEC RE NCD 10.75% SR XI,2025-10-27,,,2025-10-27,,,INT PAYMNT/PART REDEMPTN
UX,980SCL33,SEC RE NCD 10.75% SR XI,2025-10-27,,,2025-10-27,,,INT PAYMNT/PART REDEMPTN
NL,990SCL26A,SEC RE NCD 9.9% SR IV,2025-10-27,,,2025-10-27,,,INT PAYMNT/PART REDEMPTN
UL,990SCL26A,SEC RE NCD 9.9% SR IV,2025-10-27,,,2025-10-27,,,INT PAYMNT/PART REDEMPTN
BE,ACCELYA,Accelya Soln India Ltd,2025-10-24,,,2025-10-24,,,DIV - RS 40 PER SH
BL,ACCELYA,Accelya Soln India Ltd,2025-10-24,,,2025-10-24,,,DIV - RS 40 PER SH
EQ,ACCELYA,Accelya Soln India Ltd,2025-10-24,,,2025-10-24,,,DIV - RS 40 PER SH
IQ,ACCELYA,Accelya Soln India Ltd,2025-10-24,,,2025-10-24,,,DIV - RS 40 PER SH
BE,BEML,BEML Limited,2025-11-03,,,2025-11-03,,,FVSPLT FRM RS 10 TO RS 5
BL,BEML,BEML Limited,2025-11-03,,,2025-11-03,,,FVSPLT FRM RS 10 TO RS 5
EQ,BEML,BEML Limited,2025-11-03,,,2025-11-03,,,FVSPLT FRM RS 10 TO RS 5
IQ,BEML,BEML Limited,2025-11-03,,,2025-11-03,,,FVSPLT FRM RS 10 TO RS 5
T0,BEML,BEML Limited,2025-11-03,,,2025-11-03,,,FVSPLT FRM RS 10 TO RS 5
TL,BEML,BEML Limited,2025-11-03,,,2025-11-03,,,FVSPLT FRM RS 10 TO RS 5
BE,CENTRALBK,Central Bank of India,2025-10-27,,,2025-10-27,,,INTDIV - RE 0.20 PER SH
BL,CENTRALBK,Central Bank of India,2025-10-27,,,2025-10-27,,,INTDIV - RE 0.20 PER SH
EQ,CENTRALBK,Central Bank of India,2025-10-27,,,2025-10-27,,,INTDIV - RE 0.20 PER SH
IQ,CENTRALBK,Central Bank of India,2025-10-27,,,2025-10-27,,,INTDIV - RE 0.20 PER SH
T0,CENTRALBK,Central Bank of India,2025-10-27,,,2025-10-27,,,INTDIV - RE 0.20 PER SH
TL,CENTRALBK,Central Bank of India,2025-10-27,,,2025-10-27,,,INTDIV - RE 0.20 PER SH
BE,CESC,CESC - Depo,2025-10-27,,,2025-10-27,,,INTDIV - RS 6 PER SH
BL,CESC,CESC Ltd.,2025-10-27,,,2025-10-27,,,INTDIV - RS 6 PER SH
EQ,CESC,CESC Ltd.,2025-10-27,,,2025-10-27,,,INTDIV - RS 6 PER SH
IQ,CESC,CESC Ltd.,2025-10-27,,,2025-10-27,,,INTDIV - RS 6 PER SH
T0,CESC,CESC Ltd.,2025-10-27,,,2025-10-27,,,INTDIV - RS 6 PER SH
TL,CESC,CESC Ltd.,2025-10-27,,,2025-10-27,,,INTDIV - RS 6 PER SH
BE,CRISIL,CRISIL Limited,2025-10-27,,,2025-10-27,,,INTDIV - RS 16 PER SH
BL,CRISIL,CRISIL Limited,2025-10-27,,,2025-10-27,,,INTDIV - RS 16 PER SH
EQ,CRISIL,CRISIL Limited,2025-10-27,,,2025-10-27,,,INTDIV - RS 16 PER SH
IQ,CRISIL,CRISIL Limited,2025-10-27,,,2025-10-27,,,INTDIV - RS 16 PER SH
T0,CRISIL,CRISIL Limited,2025-10-27,,,2025-10-27,,,INTDIV - RS 16 PER SH
TL,CRISIL,CRISIL Limited,2025-10-27,,,2025-10-27,,,INTDIV - RS 16 PER SH
BE,CYIENT,Cyient Limited,2025-10-24,,,2025-10-24,,,INTDIV - RS 16 PER SH
BL,CYIENT,Cyient Limited,2025-10-24,,,2025-10-24,,,INTDIV - RS 16 PER SH
EQ,CYIENT,Cyient Limited,2025-10-24,,,2025-10-24,,,INTDIV - RS 16 PER SH
IQ,CYIENT,Cyient Limited,2025-10-24,,,2025-10-24,,,INTDIV - RS 16 PER SH
T0,CYIENT,Cyient Limited,2025-10-24,,,2025-10-24,,,INTDIV - RS 16 PER SH
TL,CYIENT,Cyient Limited,2025-10-24,,,2025-10-24,,,INTDIV - RS 16 PER SH
BE,DALBHARAT,Dalmia Bharat Limited,2025-10-25,,,2025-10-24,,,INTDIV - RS 4 PER SH
BL,DALBHARAT,Dalmia Bharat Limited,2025-10-25,,,2025-10-24,,,INTDIV - RS 4 PER SH
EQ,DALBHARAT,Dalmia Bharat Limited,2025-10-25,,,2025-10-24,,,INTDIV - RS 4 PER SH
IQ,DALBHARAT,Dalmia Bharat Limited,2025-10-25,,,2025-10-24,,,INTDIV - RS 4 PER SH
T0,DALBHARAT,Dalmia Bharat Limited,2025-10-25,,,2025-10-24,,,INTDIV - RS 4 PER SH
TL,DALBHARAT,Dalmia Bharat Limited,2025-10-25,,,2025-10-24,,,INTDIV - RS 4 PER SH
BE,DHANI,Dhani Services Limited,2025-10-28,,,2025-10-28,,,MERGER
BL,DHANI,Dhani Services Limited,2025-10-28,,,2025-10-28,,,MERGER
EQ,DHANI,Dhani Services Limited,2025-10-28,,,2025-10-28,,,MERGER
IQ,DHANI,Dhani Services Limited,2025-10-28,,,2025-10-28,,,MERGER
SL,DIGIKORE,Digikore Studios Limited,2025-10-24,,,2025-10-24,,,BONUS 1:1
SM,DIGIKORE,Digikore Studios Limited,2025-10-24,,,2025-10-24,,,BONUS 1:1
SQ,DIGIKORE,Digikore Studios Limited,2025-10-24,,,2025-10-24,,,BONUS 1:1
ST,DIGIKORE,Digikore Studios Limited,2025-10-24,,,2025-10-24,,,BONUS 1:1
BE,HDBFS,HDB Financial Services L,2025-10-24,,,2025-10-24,,,INTDIV - RS 2 PER SH
BL,HDBFS,HDB Financial Services L,2025-10-24,,,2025-10-24,,,INTDIV - RS 2 PER SH
EQ,HDBFS,HDB Financial Services L,2025-10-24,,,2025-10-24,,,INTDIV - RS 2 PER SH
IQ,HDBFS,HDB Financial Services L,2025-10-24,,,2025-10-24,,,INTDIV - RS 2 PER SH
BE,ICICIGI,ICICI Lombard GIC Limited,2025-10-23,,,2025-10-23,,,INTDIV - RS 6.50 PER SH
BL,ICICIGI,ICICI Lombard GIC Limited,2025-10-23,,,2025-10-23,,,INTDIV - RS 6.50 PER SH
EQ,ICICIGI,ICICI Lombard GIC Limited,2025-10-23,,,2025-10-23,,,INTDIV - RS 6.50 PER SH
IQ,ICICIGI,ICICI Lombard GIC Limited,2025-10-23,,,2025-10-23,,,INTDIV - RS 6.50 PER SH
T0,ICICIGI,ICICI Lombard GIC Limited,2025-10-23,,,2025-10-23,,,INTDIV - RS 6.50 PER SH
TL,ICICIGI,ICICI Lombard GIC Limited,2025-10-23,,,2025-10-23,,,INTDIV - RS 6.50 PER SH
BE,IEL,Indiabulls Ent Ltd,2025-10-28,,,2025-10-28,,,MERGER
BL,IEL,Indiabulls Ent Ltd,2025-10-28,,,2025-10-28,,,MERGER
EQ,IEL,Indiabulls Ent Ltd,2025-10-28,,,2025-10-28,,,MERGER
IQ,IEL,Indiabulls Ent Ltd,2025-10-28,,,2025-10-28,,,MERGER
BE,INFY,Infosys Limited,2025-10-27,,,2025-10-27,,,INTDIV - RS 23 PER SH
BL,INFY,Infosys Limited,2025-10-27,,,2025-10-27,,,INTDIV - RS 23 PER SH
EQ,INFY,Infosys Limited,2025-10-27,,,2025-10-27,,,INTDIV - RS 23 PER SH
IQ,INFY,Infosys Limited,2025-10-27,,,2025-10-27,,,INTDIV - RS 23 PER SH
T0,INFY,Infosys Limited,2025-10-27,,,2025-10-27,,,INTDIV - RS 23 PER SH
TL,INFY,Infosys Limited,2025-10-27,,,2025-10-27,,,INTDIV - RS 23 PER SH
BE,IRFC,Indian Railway Fin Corp L,2025-10-24,,,2025-10-24,,,INTDIV - RS 1.05 PER SH
BL,IRFC,Indian Railway Fin Corp L,2025-10-24,,,2025-10-24,,,INTDIV - RS 1.05 PER SH
EQ,IRFC,Indian Railway Fin Corp L,2025-10-24,,,2025-10-24,,,INTDIV - RS 1.05 PER SH
T0,IRFC,Indian Railway Fin Corp L,2025-10-24,,,2025-10-24,,,INTDIV - RS 1.05 PER SH
TL,IRFC,Indian Railway Fin Corp L,2025-10-24,,,2025-10-24,,,INTDIV - RS 1.05 PER SH
BE,KAJARIACER,Kajaria Ceramics Ltd,2025-10-24,,,2025-10-24,,,INTDIV - RS 8 PER SH
BL,KAJARIACER,Kajaria Ceramics Ltd,2025-10-24,,,2025-10-24,,,INTDIV - RS 8 PER SH
EQ,KAJARIACER,Kajaria Ceramics Ltd,2025-10-24,,,2025-10-24,,,INTDIV - RS 8 PER SH
IQ,KAJARIACER,Kajaria Ceramics Ltd,2025-10-24,,,2025-10-24,,,INTDIV - RS 8 PER SH
T0,KAJARIACER,Kajaria Ceramics Ltd,2025-10-24,,,2025-10-24,,,INTDIV - RS 8 PER SH
TL,KAJARIACER,Kajaria Ceramics Ltd,2025-10-24,,,2025-10-24,,,INTDIV - RS 8 PER SH
BE,KSOLVES,Ksolves India Limited,2025-10-23,,,2025-10-23,,,INTDIV - RS 5 PER SH
BL,KSOLVES,Ksolves India Limited,2025-10-23,,,2025-10-23,,,INTDIV - RS 5 PER SH
EQ,KSOLVES,Ksolves India Limited,2025-10-23,,,2025-10-23,,,INTDIV - RS 5 PER SH
IQ,KSOLVES,Ksolves India Limited,2025-10-23,,,2025-10-23,,,INTDIV - RS 5 PER SH
BE,LTIM,LTIMindtree Limited,2025-10-24,,,2025-10-24,,,INTDIV - RS 22 PER SH
BL,LTIM,LTIMindtree Limited,2025-10-24,,,2025-10-24,,,INTDIV - RS 22 PER SH
EQ,LTIM,LTIMindtree Limited,2025-10-24,,,2025-10-24,,,INTDIV - RS 22 PER SH
IQ,LTIM,LTIMindtree Limited,2025-10-24,,,2025-10-24,,,INTDIV - RS 22 PER SH
T0,LTIM,LTIMindtree Limited,2025-10-24,,,2025-10-24,,,INTDIV - RS 22 PER SH
TL,LTIM,LTIMindtree Limited,2025-10-24,,,2025-10-24,,,INTDIV - RS 22 PER SH
BE,LTTS,L&T Technology Ser. Ltd.,2025-10-27,,,2025-10-27,,,INTDIV - RS 18 PER SH
BL,LTTS,L&T Technology Ser. Ltd.,2025-10-27,,,2025-10-27,,,INTDIV - RS 18 PER SH
EQ,LTTS,L&T Technology Ser. Ltd.,2025-10-27,,,2025-10-27,,,INTDIV - RS 18 PER SH
IQ,LTTS,L&T Technology Ser. Ltd.,2025-10-27,,,2025-10-27,,,INTDIV - RS 18 PER SH
T0,LTTS,L&T Technology Ser. Ltd.,2025-10-27,,,2025-10-27,,,INTDIV - RS 18 PER SH
TL,LTTS,L&T Technology Ser. Ltd.,2025-10-27,,,2025-10-27,,,INTDIV - RS 18 PER SH
BE,PCBL,PCBL Chemical Limited,2025-10-27,,,2025-10-27,,,INTDIV - RS 6 PER SH
BL,PCBL,PCBL Chemical Limited,2025-10-27,,,2025-10-27,,,INTDIV - RS 6 PER SH
EQ,PCBL,PCBL Chemical Limited,2025-10-27,,,2025-10-27,,,INTDIV - RS 6 PER SH
IQ,PCBL,PCBL Chemical Limited,2025-10-27,,,2025-10-27,,,INTDIV - RS 6 PER SH
T0,PCBL,PCBL Chemical Limited,2025-10-27,,,2025-10-27,,,INTDIV - RS 6 PER SH
TL,PCBL,PCBL Chemical Limited,2025-10-27,,,2025-10-27,,,INTDIV - RS 6 PER SH
BE,RECLTD,Rural Electrification Cor,2025-10-27,,,2025-10-27,,,INTDIV - RS 4.60 PER SH
BL,RECLTD,Rural Electrification Cor,2025-10-27,,,2025-10-27,,,INTDIV - RS 4.60 PER SH
EQ,RECLTD,Rural Electrification Cor,2025-10-27,,,2025-10-27,,,INTDIV - RS 4.60 PER SH
IQ,RECLTD,Rural Electrification Cor,2025-10-27,,,2025-10-27,,,INTDIV - RS 4.60 PER SH
T0,RECLTD,Rural Electrification Cor,2025-10-27,,,2025-10-27,,,INTDIV - RS 4.60 PER SH
TL,RECLTD,Rural Electrification Cor,2025-10-27,,,2025-10-27,,,INTDIV - RS 4.60 PER SH
NI,SCLZC25C,SEC RE NCD SR III,2025-10-27,,,2025-10-27,,,INT PAYMENT/REDEMPTN
UI,SCLZC25C,SEC RE NCD SR III,2025-10-27,,,2025-10-27,,,INT PAYMENT/REDEMPTN
NJ,SCLZC25D,SEC RE NCD SR III,2025-10-27,,,2025-10-27,,,INT PAYMENT/REDEMPTN
UJ,SCLZC25D,SEC RE NCD SR III,2025-10-27,,,2025-10-27,,,INT PAYMENT/REDEMPTN
GB,SGBOCT25V,2.50% GOLDBONDS2025SR-V,2025-10-28,,,,,,REDEMPTION
BE,TANLA,Tanla Platforms Limited,2025-10-27,,,2025-10-27,,,INTDIV - RS 6 PER SH
BL,TANLA,Tanla Platforms Limited,2025-10-27,,,2025-10-27,,,INTDIV - RS 6 PER SH
EQ,TANLA,Tanla Platforms Limited,2025-10-27,,,2025-10-27,,,INTDIV - RS 6 PER SH
IQ,TANLA,Tanla Platforms Limited,2025-10-27,,,2025-10-27,,,INTDIV - RS 6 PER SH
BE,THYROCARE,Thyrocare Tech Ltd,2025-10-24,,,2025-10-24,,,INTDIV - RS 7 PER SH
BL,THYROCARE,Thyrocare Tech Ltd,2025-10-24,,,2025-10-24,,,INTDIV - RS 7 PER SH
EQ,THYROCARE,Thyrocare Tech Ltd,2025-10-24,,,2025-10-24,,,INTDIV - RS 7 PER SH
IQ,THYROCARE,Thyrocare Tech Ltd,2025-10-24,,,2025-10-24,,,INTDIV - RS 7 PER SH
BE,UNIPARTS,Uniparts India Limited,2025-10-23,,,2025-10-23,,,SPLDIV - RS 22.50 PER SH
BL,UNIPARTS,Uniparts India Limited,2025-10-23,,,2025-10-23,,,SPLDIV - RS 22.50 PER SH
EQ,UNIPARTS,Uniparts India Limited,2025-10-23,,,2025-10-23,,,SPLDIV - RS 22.50 PER SH
IQ,UNIPARTS,Uniparts India Limited,2025-10-23,,,2025-10-23,,,SPLDIV - RS 22.50 PER SH
BE,WAAREEENER,Waaree Energies Limited,2025-10-24,,,2025-10-24,,,INTDIV - RS 2 PER SH
BL,WAAREEENER,Waaree Energies Limited,2025-10-24,,,2025-10-24,,,INTDIV - RS 2 PER SH
EQ,WAAREEENER,Waaree Energies Limited,2025-10-24,,,2025-10-24,,,INTDIV - RS 2 PER SH
IQ,WAAREEENER,Waaree Energies Limited,2025-10-24,,,2025-10-24,,,INTDIV - RS 2 PER SH
T0,WAAREEENER,Waaree Energies Limited,2025-10-24,,,2025-10-24,,,INTDIV - RS 2 PER SH
TL,WAAREEENER,Waaree Energies Limited,2025-10-24,,,2025-10-24,,,INTDIV - RS 2 PER SH
