SYMBOL,SERIES,SECURITY,HIGH/LOW
A2ZINFRA,BE,A2Z INFRA ENGINEERING LTD,H
AAATECH,BE,AAA TECHNOLOGIES LIMITED,H
ABMINTLLTD,BE,ABM INTERNATIONAL LTD,H
AESTHETIK,SM,AESTHETIK ENGINEERS LTD,H
AGSTRA,BZ,AGS TRANSACT TECH LTD,H
AKSHAR,BE,AKSHAR SPINTEX LIMITED,H
ALPSINDUS,BE,ALPS INDUSTRIES LTD.,H
ARSHIYA,BZ,ARSHIYA LIMITED,H
ARTNIRMAN,EQ,ART NIRMAN LIMITED,H
BAGDIGITAL,ST,B.A.G.CONVERGENCE LIMITED,H
BGRENERGY,BE,BGR ENERGY SYSTEMS LTD,H
BHAGERIA,EQ,BHAGERIA INDUSTRIES LTD,H
BIRDYS,ST,GRILL SPLENDOUR SER LTD,H
C2C,ST,C2C ADVANCED SYSTEMS LTD,H
CBAZAAR,SM,NET AVENUE TECHNOLOGIES L,H
CHANDAN,ST,CHANDAN HEALTHCARE LTD,H
COASTCORP,EQ,COASTAL CORPORATION LTD,H
CPS,SM,C P S SHAPERS LIMITED,H
CYBERTECH,BE,CYBERTECH SYSTEMS & SOFTW,H
DHARAN,BZ,DHARAN INFRA-EPC LIMITED,H
DIVYADHAN,SM,DIVYADHAN RECYCLING IND L,H
EPACKPEB,EQ,EPACK PREFAB TECHN LTD,H
ESCONET,SM,ESCONET TECHNOLOGIES LTD,H
EXCEL,BE,EXCEL REALTY N INFRA LTD,H
FCSSOFT,EQ,FCS SOFTWARE SOLN. LTD.,H
FEL,BZ,FUTURE ENTERPRISES LTD,H
FLFL,BZ,FUT LIFESTYLE FASH LTD,H
FMNL,EQ,FUTURE MKT NETWORKS LTD,H
FSC,BZ,FUTURE SUPP CHAIN SOL LTD,H
GLFL,EQ,GUJARAT LEASE FINANCING L,H
GOENKA,BZ,GOENKA DIAMOND&JEWELS LTD,H
GSTL,SM,GLOBESECURE TECHNO LTD,H
GTECJAINX,EQ,G-TEC JAINX EDUCATION LTD,H
GUJRAFFIA,BE,GUJARAT RAFFIA INDUST LTD,H
GVKPIL,BE,GVK POW. & INFRA LTD.,H
HDIL,BZ,HOUSING DEV & INFRA LTD,H
HNGSNGBEES,EQ,NIP IND ETF HANGSENG BEES,H
HOMESFY,SM,HOMESFY REALTY LIMITED,H
HYBRIDFIN,BE,HYBRID FINANCIAL SERVICE,H
IEL,BE,INDIABULLS ENT LTD,H
KDL,SM,KORE DIGITAL LIMITED,H
LCCINFOTEC,EQ,LCC INFOTECH LTD,H
MAFANG,EQ,MIRAEAMC - MAFANG,H
MAHKTECH,EQ,MIRAEAMC - MAHKTECH,H
MANAKSTEEL,EQ,MANAKSIA STEELS LTD,H
MASPTOP50,EQ,MIRAEAMC - MASPTOP50,H
MCLEODRUSS,BE,MCLEOD RUSSEL INDIA LTD.,H
MCON,SM,MCON RASAYAN INDIA LTD,H
MEGASOFT,EQ,MEGASOFT LTD,H
MEP,BZ,MEP INFRA. DEVELOPERS LTD,H
MOXSH,SM,MOXSH OVERSEAS EDUCON LTD,H
MPEL,SM,MANAS POLYMER N ENERGIE L,H
MTEDUCARE,BE,MT EDUCARE LTD,H
NACLIND,BE,NACL INDUSTRIES LIMITED,H
NEELAM,SM,NEELAM LINENS & GAR (I) L,H
NORBTEAEXP,BE,NORBEN TEA &EXPORTS LTD,H
OMAXAUTO,BE,OMAX AUTOS LTD,H
OMKARCHEM,BZ,OMKAR SPL CHEM LTD,H
ORCHASP,BE,ORCHASP LIMITED,H
ORTEL,BZ,ORTEL COMMUNICATIONS LTD,H
OSWALSEEDS,BE,SHREEOSWAL S AND CHE LTD,H
PARAMATRIX,SM,PARAMATRIX TECHNOLOGIES L,H
PARTH,ST,PARTH ELEC & ENG LTD,H
PATTECH,ST,PATTECH FITWELL TUB COM L,H
PVP,BE,PVP VENTURES LIMITED,H
RAJRILTD,BE,RAJ RAYON INDUSTRIES LTD,H
RELIABLE,BE,RELIABLE DATA SERVICE LTD,H
RHFL,BZ,RELIANCE HOME FINANCE LTD,H
RICHA,SM,RICHA INFO SYSTEMS LTD,H
RITEZONE,SM,RITE ZONE CHEMCON IND LTD,H
SALSTEEL,BE,S.A.L. STEEL LTD.,H
SANWARIA,BZ,SANWARIA CONSUMER LIMITED,H
SEJALLTD,EQ,SEJAL GLASS LIMITED,H
SELMC,EQ,SEL MANUFACTURING CO LTD,H
SETUINFRA,BZ,SETUBANDHAN INFRA LTD,H
SIKKO,EQ,SIKKO INDUSTRIES LIMITED,H
SITINET,BZ,SITI NETWORKS LIMITED,H
SLONE,SM,SLONE INFOSYSTEMS LIMITED,H
SMVD,SM,SMVD POLY PACK LIMITED,H
SOLEX,EQ,SOLEX ENERGY LIMITED,H
SOMATEX,BE,SOMA TEXTILEI NDUSTRIES L,H
SPCENET,BE,SPACENET ENTERS IND LTD,H
SRPL,BZ,SHREE RAM PROTEINS LTD.,H
TAC,ST,TAC INFOSEC LIMITED,H
TAKE,BE,TAKE SOLUTIONS LTD,H
TAPIFRUIT,ST,TAPI FRUIT PROCESSING LTD,H
TARAPUR,BE,TARAPUR TRANSFORMERS LTD,H
TCIFINANCE,EQ,TCI FINANCE LTD,H
TNPETRO,BE,TAMILNADU PETROPRODUCTS L,H
VISASTEEL,BE,VISA STEEL LIMITED,H
VLEGOV,EQ,VL E GOV AND IT SOL LTD,H
WINSOME,BZ,WINSOME YARNS LIMITED,H
ZENITHSTL,BE,ZENITH STEEL PIP IND LTD,H
ZUARI,EQ,ZUARI AGRO CHEMICALS LTD,H
ANSALAPI,BZ,ANSAL PROP & INFRA LTD,L
ARIHANTACA,ST,ARIHANT ACADEMY LIMITED,L
ATLANTAA,BE,ATLANTAA LIMITED,L
BANKA,EQ,BANKA BIOLOO LIMITED,L
CEREBRAINT,BZ,CEREBRA INT TECH LTD,L
COMMITTED,ST,COMMITTED CARGO CARE LTD,L
DESTINY,SM,DESTINY LOGISTICS & I LTD,L
DRL,SM,DHANUKA REALTY LIMITED,L
EMKAY,BE,EMKAY GLOBAL FIN SERV LTD,L
FEL,BZ,FUTURE ENTERPRISES LTD,L
FELDVR,BZ,FUTURE ENTERPRISES LTD,L
GAYAHWS,BE,GAYATRI HIGHWAYS LIMITED,L
GIRIRAJ,SM,GIRIRAJ CIVIL DEVP LTD,L
GRCL,SM,GAYATRI RUBB AND CHEM LTD,L
IDEA,T0,VODAFONE IDEA LIMITED,L
INDOTHAI,BE,INDO THAI SEC LTD,L
INNOMET,SM,INNOMET ADVANCED MATERI L,L
IZMO,BE,IZMO LIMITED,L
KAVDEFENCE,BE,KAVVERI DFS & WIR TEC LTD,L
KCEIL,SM,KAY CEE ENERGY & INFRA L,L
KCK,ST,KCK INDUSTRIES LTD,L
KONSTELEC,SM,KONSTELEC ENGINEERS LTD,L
LGHL,EQ,LAXMI GOLDORNA HOUSE LTD,L
LOYALTEX,EQ,LOYAL TEXTILE MILLS LTD,L
MAL,SM,MANGALAM ALLOYS LIMITED,L
MANAV,ST,MANAV INFRA PROJECTS LTD,L
NIRMAN,SM,NIRMAN AGRI GENTICS LTD,L
ORTEL,BZ,ORTEL COMMUNICATIONS LTD,L
OSIAHYPER,BE,OSIA HYPER RETAIL LIMITED,L
PERFECT,SZ,PERFECT INFRAENGINEER LTD,L
PRECISION,SM,PRECISION METALIKS LTD,L
QVCEL,SM,QVC EXPORTS LIMITED,L
REFRACTORY,SM,REFRACTORY SHAPES LIMITED,L
SADHNANIQ,BE,SADHANA NITROCHEM LIMITED,L
SAIFL,SM,SAMEERA AGRO AND INFRA L,L
SANGANI,SM,SANGANI HOSPITALS LIMITED,L
SANWARIA,BZ,SANWARIA CONSUMER LIMITED,L
SATIPOLY,SM,SATI POLY PLAST LIMITED,L
SETUINFRA,BZ,SETUBANDHAN INFRA LTD,L
SGBDEC2513,GB,2.50%GOLDBONDS2025SR-XIII,L
SGBJAN26,GB,2.50%GOLDBONDS2026SR-XIV,L
SGBNOV25,GB,2.50% GOLDBONDS2025SR-VII,L
SITINET,BZ,SITI NETWORKS LIMITED,L
SMVD,SM,SMVD POLY PACK LIMITED,L
STALLION,BE,STALLION IND FLUOROCHEM L,L
SYNOPTICS,SM,SYNOPTICS TECHNOLOGIES L,L
TARAPUR,BE,TARAPUR TRANSFORMERS LTD,L
THESL,SM,THINKING HATS ENTER SOL L,L
TICL,EQ,TWAMEV CONS AND INFRA LTD,L
VISASTEEL,BE,VISA STEEL LIMITED,L
WEWIN,BE,WE WIN LIMITED,L
WINSOME,BZ,WINSOME YARNS LIMITED,L
