SYMBOL,SERIES,SECURITY,HIGH/LOW,INDEX FLAG
ABHAPOWER,ST,ABHA POWER N STEEL LTD,H
ABMINTLLTD,EQ,ABM INTERNATIONAL LTD,H
AGSTRA,BZ,AGS TRANSACT TECH LTD,H
ALPSINDUS,BE,ALPS INDUSTRIES LTD.,H
AMJUMBO,SM,A AND M JUMBO BAGS LTD,H
ANKITMETAL,BZ,ANKIT MET & POW LTD,H
ANTGRAPHIC,EQ,ANTARCTICA LTD,H
APS,SM,AUSTRALIAN PREM SOLAR I L,H
ARSHIYA,BZ,ARSHIYA LIMITED,H
BAJAJINDEF,EQ,INDEF MANUFACTURING LTD,H
BCONCEPTS,BE,BRAND CONCEPTS LIMITED,H
BGRENERGY,BE,BGR ENERGY SYSTEMS LTD,H
BHAGYANGR,BE,BHAGYANAGAR INDIA LIMITED,H
BHARATSE,EQ,BHARAT SEATS LIMITED,H
BLUECOAST,BE,BLUE COAST HOTELS LIMITED,H
BVCL,BE,BARAK VALLEY CEM. LTD.,H
CADSYS,SM,CADSYS (INDIA) LIMITED,H
CALSOFT,EQ,CALIFORNIA SOFTWARE CO LT,H
CALSOFTPP,E1,CALSOFT RS.2.50 PPD UP,H
CAPTRUST,EQ,CAPITAL TRUST LIMITED,H
CBAZAAR,SM,NET AVENUE TECHNOLOGIES L,H
CHANDAN,ST,CHANDAN HEALTHCARE LTD,H
CPPLUS,EQ,ADITYA INFOTECH LIMITED,H
CYBERMEDIA,BE,CYBER MEDIA (INDIA) LTD.,H
DCAL,EQ,DISHMAN CARBO AMCIS LTD,H
DCMFINSERV,EQ,DCM FINANCIAL SERVICES LT,H
DHTL,ST,DOCMODE HEALTH TECH LTD,H
DREAMFOLKS,BE,DREAMFOLKS SERVICES LTD,H
E2E,EQ,E2E NETWORKS LIMITED,H
EASTSILK,BE,EASTERN SILK INDUSTRIES L,H
ESSARSHPNG,EQ,ESSAR SHIPPING LTD,H
FEL,BZ,FUTURE ENTERPRISES LTD,H
FSC,BZ,FUTURE SUPP CHAIN SOL LTD,H
GATECH,EQ,GACM TECHNOLOGIES LIMITED,H
GATECHDVR,BE,GACM TECHNOLOGIES LIMITED,H
GAYAHWS,BE,GAYATRI HIGHWAYS LIMITED,H
GOLD360,EQ,360ONEAMC - GOLD360,H
GPECO,ST,GP ECO SOLUTIONS INDIA L,H
GSTL,SM,GLOBESECURE TECHNO LTD,H
GVKPIL,BE,GVK POW. & INFRA LTD.,H
HCL-INSYS,EQ,HCL INFOSYSTEMS LTD,H
HNGSNGBEES,EQ,NIP IND ETF HANGSENG BEES,H
HPTL,SM,HP TELECOM INDIA LIMITED,H
IBLFL,SM,IBL FINANCE LIMITED,H
ICDSLTD,BE,ICDSLTD,H
INDRAMEDCO,EQ,INDRAPRASTHA MEDICAL CORP,H
INFOMEDIA,BE,INFOMEDIA PRESS LIMITED,H
INOXGREEN,EQ,INOX GREEN ENERGY SER LTD,H
INTERARCH,EQ,INTERARCH BLDNG SOLTN LTD,H
ISHAN,SM,ISHAN INTERNATIONAL LTD,H
IWARE,ST,IWARE SUPPLYCHAIN SER LTD,H
JAKHARIA,ST,JAKHARIA FABRIC LIMITED,H
JITFINFRA,BE,JITF INFRALOGISTICS LTD,H
JNKINDIA,EQ,JNK INDIA LIMITED,H
JPASSOCIAT,BE,JAIPRAKASH ASSOCIATES LTD,H
JYOTIGLOBL,SM,JYOTI GLOBAL PLAST LTD,H
KARMAENG,BE,KARMA ENERGY LIMITED,H
KCEIL,SM,KAY CEE ENERGY & INFRA L,H
LAKPRE,BZ,LAKSHMI PRE SCRE LTD,H
LCCINFOTEC,EQ,LCC INFOTECH LTD,H
MAFANG,EQ,MIRAEAMC - MAFANG,H
MAHKTECH,EQ,MIRAEAMC - MAHKTECH,H
MANAV,SM,MANAV INFRA PROJECTS LTD,H
MANUGRAPH,BE,MANUGRAPH INDIA LIMITED,H
MASPTOP50,EQ,MIRAEAMC - MASPTOP50,H
MCLEODRUSS,EQ,MCLEOD RUSSEL INDIA LTD.,H
MEDICO,BE,MEDICO REMEDIES LIMITED,H
MEP,BZ,MEP INFRA. DEVELOPERS LTD,H
MGSL,ST,MATRIX GEO SOLUTIONS LTD,H
MODTHREAD,EQ,MODERN THREADS INDIA LTD,H
MORARJEE,BZ,MORARJEE TEXTILES LIMITED,H
MYMUDRA,ST,MY MUDRA FINCORP LIMITED,H
NACLIND,BE,NACL INDUSTRIES LIMITED,H
NILASPACES,BE,NILA SPACES LIMITED,H
NIRMAN,SM,NIRMAN AGRI GENTICS LTD,H
NOIDATOLL,BE,NOIDA TOLL BRIDGE CO LTD,H
ORBTEXP,EQ,ORBIT EXPORTS LIMITED,H
ORIANA,SM,ORIANA POWER LIMITED,H
ORTEL,BZ,ORTEL COMMUNICATIONS LTD,H
PALREDTEC,EQ,PALRED TECHNOLOGIES LTD,H
PARSVNATH,BE,PARSVNATH DEVELOPER LTD,H
PFOCUS,EQ,PRIME FOCUS LIMITED,H
PRAXIS,BE,PRAXIS HOME RETAIL LTD,H
PREMIER,BE,PREMIER LIMITED,H
PRIZOR,ST,PRIZOR VIZTECH LIMITED,H
RAJOOENG,EQ,RAJOO ENGINEERS LIMITED,H
RAMAPHO,EQ,RAMA PHOSPHATES LIMITED,H
RVHL,BE,RAVINDER HEIGHTS LIMITED,H
SABAR,ST,SABAR FLEX INDIA LIMITED,H
SADBHAV,EQ,SADBHAV ENGINEERING LTD,H
SAIFL,SM,SAMEERA AGRO AND INFRA L,H
SAMBHAAV,EQ,SAMBHAAV MEDIA LTD,H
SANWARIA,BZ,SANWARIA CONSUMER LIMITED,H
SEJALLTD,EQ,SEJAL GLASS LIMITED,H
SEYAIND,BE,SEYA INDUSTRIES LIMITED,H
SHANTI,EQ,SHANTI OVERSEAS INDIA LTD,H
SILVER360,EQ,360ONEAMC - SILVER360,H
SITINET,BZ,SITI NETWORKS LIMITED,H
SOLEX,SM,SOLEX ENERGY LIMITED,H
SOTAC,SM,SOTAC PHARMACEUTICALS LTD,H
STALLION,EQ,STALLION IND FLUOROCHEM L,H
SUBAHOTELS,ST,SUBA HOTELS LIMITED,H
SUMEETINDS,EQ,SUMEET IND LIMITED,H
TAKE,EQ,TAKE SOLUTIONS LTD,H
TCIFINANCE,EQ,TCI FINANCE LTD,H
TECHD,SM,TECHD CYBERSECURITY LTD,H
TICL,EQ,TWAMEV CONS AND INFRA LTD,H
TIMESCAN,SM,TIMESCAN LOGISTICS IND L,H
TNTELE,EQ,TAMILNADU TELECOMMUNICATI,H
TPHQ,EQ,TEAMO PRODUCTIONS HQ LTD,H
TRUST,SM,TRUST FINTECH LIMITED,H
TTML,EQ,TATA TELESERV(MAHARASTRA),H
UEL,BE,UJAAS ENERGY LIMITED,H
VELS,SM,VELS FILM INTERNATIONAL L,H
VERTEXPLUS,ST,VERTEXPLUS TECHNOLOGIES L,H
VIJAYPD,ST,VIJAYPD CEUTICAL LIMITED,H
VISASTEEL,EQ,VISA STEEL LIMITED,H
WAAREEINDO,BE,INDOSOLAR LIMITED,H
WALCHANNAG,EQ,WALCHANDNAGAR INDUSTRIES,H
WINSOME,BZ,WINSOME YARNS LIMITED,H
YUDIZ,SM,YUDIZ SOLUTIONS LIMITED,H
ZENITHSTL,EQ,ZENITH STEEL PIP IND LTD,H
21STCENMGM,EQ,21ST CENTURY MGMT SERVICE,L
3IINFO-RE,BE,3I INFOTECH LTD,L
713MH37,SG,SDL MH 7.13% 2037,L
AAATECH,EQ,AAA TECHNOLOGIES LIMITED,L
AKIKO,ST,AKIKO GLOBAL SERVICES L,L
ALPSINDUS,BE,ALPS INDUSTRIES LTD.,L
ANSALAPI,BZ,ANSAL PROP & INFRA LTD,L
BALAJIPHOS,ST,BALAJI PHOSPHATES LIMITED,L
BALCO,SM,SOLVE PLASTIC PRODUCTS L,L
BHARATGEAR,BE,BHARAT GEARS LTD,L
BLUECOAST,BE,BLUE COAST HOTELS LIMITED,L
BMWVENTLTD,BE,BMW VENTURES LIMITED,L
C2C,ST,C2C ADVANCED SYSTEMS LTD,L
CEREBRAINT,BZ,CEREBRA INT TECH LTD,L
CONTI,SM,CONTINENTAL SEED CHEM LTD,L
COOLCAP-RE,ST,COOL CAPS INDUSTRIES LTD,L
CYBERTECH,EQ,CYBERTECH SYSTEMS & SOFTW,L
DIVINEHIRA,ST,DIVINE HIRA JEWELLERS LTD,L
EMAMIREAL,EQ,EMAMI REALTY LIMITED,L
ESCONET,SM,ESCONET TECHNOLOGIES LTD,L
ESFL,SM,ESSEN SPECIALITY FILMS L,L
FABTECH,BE,FABTECH TECHNOLOGIES LTD,L
FICRF3GP,MF,FRANTEMAMC - FICRF3GP,L
FORGEAUTO,ST,FORGE AUTO INTERNATION L,L
GAYAHWS,BE,GAYATRI HIGHWAYS LIMITED,L
GML,SM,GALAXY MEDICARE LIMITED,L
GOENKA,BZ,GOENKA DIAMOND&JEWELS LTD,L
GURUNANAK,ST,GURUNANAK AGRICULTUR IN L,L
HECPROJECT,EQ,HEC INFRA PROJECTS LTD,L
IDEALTECHO,ST,IDEAL TECHNOPLAST IND LTD,L
IMPEXFERRO,BZ,IMPEX FERRO TECH LIMITED,L
INDOBORAX,BE,INDO BORAX & CHEMICAL LTD,L
IZMO,BE,IZMO LIMITED,L
JALAN,SM,JALAN TRANSOLU. INDIA LTD,L
JKIPL,BE,JINKUSHAL INDUSTRIES LTD,L
KANDARP,ST,KANDARP DG SMART BPO LTD,L
KAVDEFENCE,BE,KAVVERI DFS & WIR TEC LTD,L
KCK,ST,KCK INDUSTRIES LTD,L
KIOCL,EQ,KIOCL LIMITED,L
KRIDHANINF,EQ,KRIDHAN INFRA LIMITED,L
LCCINFOTEC,EQ,LCC INFOTECH LTD,L
MADHUCON,EQ,MADHUCON PROJECTS LTD.,L
MARINETRAN,SM,MARINETRANS INDIA LIMITED,L
MCL,BE,MADHAV COPPER LIMITED,L
MEGAFLEX,SM,MEGA FLEX PLASTICS LTD,L
MPEL,ST,MANAS POLYMER N ENERGIE L,L
NATCAPSUQ,BE,NATURAL CAPSULES LIMITED,L
OMKARCHEM,BZ,OMKAR SPL CHEM LTD,L
ORIENTTECH,EQ,ORIENT TECHNOLOGIES LTD,L
OSELDEVICE,ST,OSEL DEVICES LIMITED,L
OSIAHYPER,BE,OSIA HYPER RETAIL LIMITED,L
PERFECT,SZ,PERFECT INFRAENGINEER LTD,L
PRECISION,SM,PRECISION METALIKS LTD,L
PRIMECAB,ST,PRIME CABLE INDUSTRIES L,L
PROZONER,BE,PROZONE REALTY LIMITED,L
QUADPRO,SM,QUADPRO ITES LIMITED,L
RAJRILTD,BE,RAJ RAYON INDUSTRIES LTD,L
RELTD,EQ,RAVINDRA ENERGY LIMITED,L
SADBHIN,BE,SADBHAV INFRA PROJ LTD.,L
SANGANI,SM,SANGANI HOSPITALS LIMITED,L
SANWARIA,BZ,SANWARIA CONSUMER LIMITED,L
SETUINFRA,BZ,SETUBANDHAN INFRA LTD,L
SHANKARA,BE,SHANKARA BLDG PRODUCT LTD,L
SHANTI,EQ,SHANTI OVERSEAS INDIA LTD,L
SIDDHICOTS,ST,SIDDHI COTSPIN LIMITED,L
SITINET,BZ,SITI NETWORKS LIMITED,L
SYNOPTICS,SM,SYNOPTICS TECHNOLOGIES L,L
TECHERA,SM,TECHERA ENGINEER (IND) L,L
TFL,EQ,TRANSWARRANTY FIN. LTD.,L
THESL,SM,THINKING HATS ENTER SOL L,L
TRU,EQ,TRUCAP FINANCE LIMITED,L
UNITEDPOLY,BE,UNITED POLYFAB GUJ. LTD.,L
URAVIDEF,EQ,URAVI DEFENCE &TECH LTD,L
USASEEDS,ST,UPSURGE SEEDS OF AGRI LTD,L
VMSTMT,BE,VMS TMT LIMITED,L
WINSOME,BZ,WINSOME YARNS LIMITED,L
