SERIES,SYMBOL,SECURITY,RECORD_DT,BC_STRT_DT,BC_END_DT,EX_DT,ND_STRT_DT,ND_END_DT,PURPOSE
BE,TIMETECHNO,Time Technoplast Limited,23/09/2025, , ,23/09/2025, , ,BONUS 1:1                
BE,RMDRIP,R M Drip & Sprink Sys Ltd,26/09/2025, , ,26/09/2025, , ,FVSPLT FRM RS 10 TO RE 1 
BE,SUMEETINDS,Sumeet Ind Limited,03/10/2025, , ,03/10/2025, , ,FVSPLT FRM RS 10 TO RS 2 
BE,TI,Tilaknagar Industries Ltd,23/09/2025, , ,23/09/2025, , ,DIV - RE 1 PER SH        
BE,CREST,Crest Ventures Limited,23/09/2025, , ,23/09/2025, , ,DIV - RE 1 PER SH        
BE,SIGIND,Signet Industries Limited,23/09/2025, , ,23/09/2025, , ,DIV - RE 0.50 PER SH     
BE,MOLDTECH,Mold-Tek Technologies Ltd,23/09/2025, , ,23/09/2025, , ,DIV - RE 1 PER SH        
BE,PREMEXPLN,Premier Explosives Ltd,23/09/2025, , ,23/09/2025, , ,DIV - RE 0.50 PER SH     
BE,SHANKARA,Shankara Bldg Product Ltd,24/09/2025, , ,24/09/2025, , ,DEMERGER                 
BE,INTENTECH,Intense Technologies Ltd,23/09/2025, , ,23/09/2025, , ,DIV - RE 1 PER SH        
BE,SMSLIFE,SMS Lifesciences (I) Ltd,24/09/2025, , ,24/09/2025, , ,DIV - RS 1.50 PER SH     
BE,INDIAGLYCO,India Glycols Ltd,23/09/2025, , ,23/09/2025, , ,DIV - RS 5 PER SH        
BE,PIDILITIND,PIDILITIND-Depo,23/09/2025, , ,23/09/2025, , ,BONUS 1:1                
BE,RPPINFRA,R.P.P. Infra Projects Ltd,23/09/2025, , ,23/09/2025, , ,DIV - RE 0.50 PER SH     
BE,SSWL,Steel Strips Wheels Ltd.,23/09/2025, , ,23/09/2025, , ,DIV - RE 1.25 PER SH     
BE,CREATIVE,Creative Newtech Limited,23/09/2025, , ,23/09/2025, , ,DIV - RE 0.50 PER SH     
BE,SATIA,Satia Industries Limited,23/09/2025, , ,23/09/2025, , ,DIV - RE 0.20 PER SH     
BE,AGROPHOS,Agro Phos India Limited,23/09/2025, , ,23/09/2025, , ,DIV - RE 1 PER SH        
BE,CONFIPET,Confidence Petro Ind Ltd.,23/09/2025, , ,23/09/2025, , ,DIV - RS 0.10 PER SH     
BE,JINDALPOLY,JINDAL POLYESTER LTD,23/09/2025, , ,23/09/2025, , ,DIV - RS 5.90 PER SH     
BE,SUNTECK,Sunteck Realty Limited,23/09/2025, , ,23/09/2025, , ,DIV - RS 1.50 PER SH     
BE,PEL,Piramal Enterprises Ltd.,23/09/2025, , , , , ,MERGER                   
BE,MOLDTKPAC,Mold-Tek Packaging Ltd,23/09/2025, , ,23/09/2025, , ,DIV - RS 2 PER SH        
BE,NAZARA,Nazara Technologies Ltd,26/09/2025, , ,26/09/2025, , ,BONUS 1:1                
BE,NAZARA,Nazara Technologies Ltd,26/09/2025, , ,26/09/2025, , ,FV SPLT FRM RS 4 TO RS 2 
BE,BESTAGRO,Best Agrolife Limited,23/09/2025, , ,23/09/2025, , ,DIV - RS 3 PER SH        
BE,HPAL,HP Adhesives Limited,23/09/2025, , ,23/09/2025, , ,DIV - RE 0.40 PER SH     
BE,AARTECH,Aartech Solonics Limited,23/09/2025, , ,23/09/2025, , ,DIV - RE 0.125 PER SH    
BE,GUJAPOLLO,Gujarat Apollo Equip Ltd.,23/09/2025, , ,23/09/2025, , ,DIV - RS 2 PER SH        
BE,SERVOTECH,Servotech renw pow sy ltd,23/09/2025, , ,23/09/2025, , ,DIV - RE 0.05 PER SH     
BE,DEVIT,Dev Info Technology Ltd,23/09/2025, , ,23/09/2025, , ,DIV - RE 0.10 PER SH     
BE,AVG,AVG Logistics Limited,23/09/2025, , ,23/09/2025, , ,DIV - RS 1.20 PER SH     
BE,HARIOMPIPE,Hariom Pipe Industries L,23/09/2025, , ,23/09/2025, , ,DIV - RE 0.61 PER SH     
BE,NAVKARURB,Navkar Urbanstructure Ltd,23/09/2025, , ,23/09/2025, , ,DIV - RE 0.005 PER SH    
BE,NIBE,NIBE Limited,23/09/2025, , ,23/09/2025, , ,DIV - RS 1.25 PER SH     
BE,PASHUPATI,Pashupati Cotspin Limited,23/09/2025, , ,23/09/2025, , ,DIV - RE 0.50 PER SH     
D1,CHOLAFIN,Cholamandalam In & Fin Co,23/09/2025, , ,23/09/2025, , ,INTEREST PAYMENT         
EQ,SUMEETINDS,Sumeet Ind Limited,03/10/2025, , ,03/10/2025, , ,FVSPLT FRM RS 10 TO RS 2 
EQ,TI,Tilaknagar Industries Ltd,23/09/2025, , ,23/09/2025, , ,DIV - RE 1 PER SH        
EQ,CREST,Crest Ventures Limited,23/09/2025, , ,23/09/2025, , ,DIV - RE 1 PER SH        
EQ,SIGIND,Signet Industries Limited,23/09/2025, , ,23/09/2025, , ,DIV - RE 0.50 PER SH     
EQ,MOLDTECH,Mold-Tek Technologies Ltd,23/09/2025, , ,23/09/2025, , ,DIV - RE 1 PER SH        
EQ,PREMEXPLN,Premier Explosives Ltd,23/09/2025, , ,23/09/2025, , ,DIV - RE 0.50 PER SH     
EQ,SHANKARA,Shankara Bldg Product Ltd,24/09/2025, , ,24/09/2025, , ,DEMERGER                 
EQ,INTENTECH,Intense Technologies Ltd,23/09/2025, , ,23/09/2025, , ,DIV - RE 1 PER SH        
EQ,SMSLIFE,SMS Lifesciences (I) Ltd,24/09/2025, , ,24/09/2025, , ,DIV - RS 1.50 PER SH     
EQ,PIDILITIND,Pidilite Industries Ltd,23/09/2025, , ,23/09/2025, , ,BONUS 1:1                
EQ,INDIAGLYCO,India Glycols Ltd,23/09/2025, , ,23/09/2025, , ,DIV - RS 5 PER SH        
EQ,SSWL,Steel Strips Wheels Limit,23/09/2025, , ,23/09/2025, , ,DIV - RE 1.25 PER SH     
EQ,CREATIVE,Creative Newtech Limited,23/09/2025, , ,23/09/2025, , ,DIV - RE 0.50 PER SH     
EQ,PEL,Piramal Enterprises Ltd.,23/09/2025, , , , , ,MERGER                   
EQ,SATIA,Satia Industries Limited,23/09/2025, , ,23/09/2025, , ,DIV - RE 0.20 PER SH     
EQ,JINDALPOLY,Jindal Poly Films Limited,23/09/2025, , ,23/09/2025, , ,DIV - RS 5.90 PER SH     
EQ,RPPINFRA,R.P.P. Infra Projects Ltd,23/09/2025, , ,23/09/2025, , ,DIV - RE 0.50 PER SH     
EQ,TIMETECHNO,Time Technoplast Limited,23/09/2025, , ,23/09/2025, , ,BONUS 1:1                
EQ,AGROPHOS,Agro Phos India Limited,23/09/2025, , ,23/09/2025, , ,DIV - RE 1 PER SH        
EQ,CONFIPET,Confidence Petro Ind Ltd.,23/09/2025, , ,23/09/2025, , ,DIV - RS 0.10 PER SH     
EQ,GUJAPOLLO,Gujarat Apollo Equip Ltd.,23/09/2025, , ,23/09/2025, , ,DIV - RS 2 PER SH        
EQ,SUNTECK,Sunteck Realty Limited,23/09/2025, , ,23/09/2025, , ,DIV - RS 1.50 PER SH     
EQ,MOLDTKPAC,Mold-Tek Packaging Ltd,23/09/2025, , ,23/09/2025, , ,DIV - RS 2 PER SH        
EQ,NAZARA,Nazara Technologies Ltd,26/09/2025, , ,26/09/2025, , ,BONUS 1:1                
EQ,NAZARA,Nazara Technologies Ltd,26/09/2025, , ,26/09/2025, , ,FV SPLT FRM RS 4 TO RS 2 
EQ,BESTAGRO,Best Agrolife Limited,23/09/2025, , ,23/09/2025, , ,DIV - RS 3 PER SH        
EQ,HPAL,HP Adhesives Limited,23/09/2025, , ,23/09/2025, , ,DIV - RE 0.40 PER SH     
EQ,AARTECH,Aartech Solonics Limited,23/09/2025, , ,23/09/2025, , ,DIV - RE 0.125 PER SH    
EQ,SERVOTECH,Servotech renw pow sy ltd,23/09/2025, , ,23/09/2025, , ,DIV - RE 0.05 PER SH     
EQ,DEVIT,Dev Info Technology Ltd,23/09/2025, , ,23/09/2025, , ,DIV - RE 0.10 PER SH     
EQ,AVG,AVG Logistics Limited,23/09/2025, , ,23/09/2025, , ,DIV - RS 1.20 PER SH     
EQ,HARIOMPIPE,Hariom Pipe Industries L,23/09/2025, , ,23/09/2025, , ,DIV - RE 0.61 PER SH     
EQ,NAVKARURB,Navkar Urbanstructure Ltd,23/09/2025, , ,23/09/2025, , ,DIV - RE 0.005 PER SH    
EQ,NIBE,NIBE Limited,23/09/2025, , ,23/09/2025, , ,DIV - RS 1.25 PER SH     
EQ,PASHUPATI,Pashupati Cotspin Limited,23/09/2025, , ,23/09/2025, , ,DIV - RE 0.50 PER SH     
EQ,RMDRIP,R M Drip & Sprink Sys Ltd,26/09/2025, , ,26/09/2025, , ,FVSPLT FRM RS 10 TO RE 1 
GS,92GS2030,GOI LOAN 9.20% 2030,29/09/2025, , ,29/09/2025, , ,INTEREST PAYMENT         
GS,601GS2028,GOI LOAN 6.01% 2028,24/09/2025, , ,24/09/2025, , ,INTEREST PAYMENT         
GS,597GS2025,GOI LOAN 5.97% 2025,23/09/2025, , , , , ,REDEMPTION               
MF,H1158D46DQ,HDFCAMC - H1158D46DQ,25/09/2025, , , , , ,REDEMPTION               
MF,H1158D46DG,HDFCAMC - H1158D46DG,25/09/2025, , , , , ,REDEMPTION               
MF,H1158D46DD,HDFCAMC - H1158D46DD,25/09/2025, , , , , ,REDEMPTION               
MF,H1158D46RQ,HDFCAMC - H1158D46RQ,25/09/2025, , , , , ,REDEMPTION               
MF,H1158D46RG,HDFCAMC - H1158D46RG,25/09/2025, , , , , ,REDEMPTION               
MF,H1158D46RD,HDFCAMC - H1158D46RD,25/09/2025, , , , , ,REDEMPTION               
MI,903SFL28,Shriram Finance Limited,26/09/2025, , ,26/09/2025, , ,INTEREST PAYMENT         
N0,912PEL27,PEL 9.12% 2027,23/09/2025, , , , , ,SCHME OF ARRANGEMENT     
N0,95PEL34,PEL 9.50% 2034,23/09/2025, , , , , ,SCHME OF ARRANGEMENT     
N0,9PEL25,Sec Re NCD 9.00% Sr I,23/09/2025, , , , , ,SCHME OF ARRANGEMENT     
N0,87IHFL25,IHFL 8.7% 2025 Sr G1,29/09/2025, , ,29/09/2025, , ,INTEREST PAYMENT         
N0,725IRFC35B,IRFCL 7.25% 2035 Sr 186,30/09/2025, , ,30/09/2025, , ,INTEREST PAYMENT         
N0,728IRFC40,IRFCL 7.28% 2040 Sr 187,30/09/2025, , ,30/09/2025, , ,INTEREST PAYMENT         
N0,805HLICL34,HLICL 8.05% 2034 Sr 1,23/09/2025, , ,23/09/2025, , ,INTEREST PAYMENT         
N0,930PEL29,PEL 9.30% 2029,23/09/2025, , , , , ,SCHME OF ARRANGEMENT     
N0,91PEL35,PEL 9.10% 2035,23/09/2025, , , , , ,SCHME OF ARRANGEMENT     
N0,717IRFC35,IRFCL 7.17% 2035 Sr 188,30/09/2025, , ,30/09/2025, , ,INTEREST PAYMENT         
N0,119VCCL26,Vedika Credit 11.9% 2026,27/09/2025, , ,26/09/2025, , ,INTEREST PAYMENT         
N0,919PEL28,PEL 9.19% 2028,23/09/2025, , , , , ,SCHME OF ARRANGEMENT     
N1,78ABCL33,ABCL 7.8% Sr V,24/09/2025, , ,24/09/2025, , ,INTEREST PAYMENT         
N1,905PEL26,Sec Re NCD 9.05% Sr II,23/09/2025, , , , , ,SCHME OF ARRANGEMENT     
N2,920PEL28,Sec Re NCD 9.20% Sr III,23/09/2025, , , , , ,SCHME OF ARRANGEMENT     
N2,8ABCL26,ABCL 8% Sr I,24/09/2025, , ,24/09/2025, , ,INTEREST PAYMENT         
N2,810IRFC27,BOND 8.10% PA Tax Free S2,30/09/2025, , ,30/09/2025, , ,INTEREST PAYMENT         
N3,960CAGL25,Sec Re NCD 9.60% Sr. III,29/09/2025, , ,29/09/2025, , ,INTEREST PAYMENT         
N3,935PEL33,Sec Re NCD 9.35% Sr IV,23/09/2025, , , , , ,SCHME OF ARRANGEMENT     
N4,935PEL26,PEL 9.35% 2026,23/09/2025, , , , , ,SCHME OF ARRANGEMENT     
N4,81ABCL33,ABCL 8.1% Sr VI,24/09/2025, , ,24/09/2025, , ,INTEREST PAYMENT         
N4,734IRFC28,7.34 NCD 19FEB28 Tr1 Sr2,30/09/2025, , ,30/09/2025, , ,INTEREST PAYMENT         
N5,10CAGL27,Sec Re NCD 10% Sr. V,29/09/2025, , ,29/09/2025, , ,INTEREST PAYMENT         
N5,805ABCL28,ABCL 8.05% Sr III,24/09/2025, , ,24/09/2025, , ,INTEREST PAYMENT         
N6,704IRFC28,BOND 7.04% PA Tax Free S2,30/09/2025, , ,30/09/2025, , ,INTEREST PAYMENT         
N6,884LTF29,Se Re NCD 8.84% Sr.VI Op1,26/09/2025, , ,26/09/2025, , ,INTEREST PAYMENT         
N7,801TCH28,Sec Red NCD 8.01% Sr.IV,26/09/2025, , ,26/09/2025, , ,INTEREST PAYMENT         
N7,791ABCL34,Aditya Birla Capital Limi,25/09/2025, , ,25/09/2025, , ,INTEREST PAYMENT         
N7,898LTF29,SeReNCD 8.98% Sr.VI Op2,26/09/2025, , ,26/09/2025, , ,INTEREST PAYMENT         
N8,81TCHF28,Sec Red NCD 8.10% Sr.IV,26/09/2025, , ,26/09/2025, , ,INTEREST PAYMENT         
NA,1040NFL26,Sec Re NCD 10.40% Sr.II,28/09/2025, , ,26/09/2025, , ,INTEREST PAYMENT         
NC,1065NFL27,Sec Re NCD 10.65% Sr.IV,28/09/2025, , ,26/09/2025, , ,INTEREST PAYMENT         
NF,707IRFC25,Tax Free 7.07% Sr. 102,30/09/2025, , ,30/09/2025, , ,INTEREST PAYMENT         
NG,728IRFC30,Tax Free  7.28% Sr. 103,30/09/2025, , ,30/09/2025, , ,INTEREST PAYMENT         
NG,888SCL25,SEC RE NCD 8.88% SR II,24/09/2025, , ,24/09/2025, , ,INTEREST PAYMENT         
NH,725IRFC35,Tax Free  7.25% Sr. 104,30/09/2025, , ,30/09/2025, , ,INTEREST PAYMENT         
NH,925SCL25A,SEC RE NCD 9.25% SR II,24/09/2025, , ,24/09/2025, , ,INTEREST PAYMENT         
NI,732IRFC25,Tax Free  7.32% Sr. 102 A,30/09/2025, , ,30/09/2025, , ,INTEREST PAYMENT         
NJ,753IRFC30,Tax Free  7.53% Sr. 103 A,30/09/2025, , ,30/09/2025, , ,INTEREST PAYMENT         
NK,750IRFC35,Tax Free  7.50% Sr. 104 A,30/09/2025, , ,30/09/2025, , ,INTEREST PAYMENT         
NL,704IRFC26,Tax Free 7.04% Sr. 107,30/09/2025, , ,30/09/2025, , ,INTEREST PAYMENT         
NM,875IIFL26,Sec Re NCD 9% Sr.VI,29/09/2025, , ,29/09/2025, , ,INTEREST PAYMENT         
NM,902SCL26A,SEC RE NCD 9.02% SR V,24/09/2025, , ,24/09/2025, , ,INTEREST PAYMENT         
NM,735IRFC31,Tax Free  7.35% Sr. 108,30/09/2025, , ,30/09/2025, , ,INTEREST PAYMENT         
NN,948SCL26A,SEC RE NCD 9.48% SR V,24/09/2025, , ,24/09/2025, , ,INTEREST PAYMENT         
NN,729IRFC26,Tax Free  7.29% Sr. 107A,30/09/2025, , ,30/09/2025, , ,INTEREST PAYMENT         
NO,764IRFC31,Tax Free  7.64% Sr. 108A,30/09/2025, , ,30/09/2025, , ,INTEREST PAYMENT         
NP,757IRFC29,IRFC 7.57% 2029 Sr 175,30/09/2025, , ,30/09/2025, , ,INTEREST PAYMENT         
NQ,748IRFC34A,IRFCL 7.48% 2034 Sr 176,30/09/2025, , ,30/09/2025, , ,INTEREST PAYMENT         
NR,744IRFC34,IRFC 7.44% 2034 Sr 177,30/09/2025, , ,30/09/2025, , ,INTEREST PAYMENT         
NS,746IRFC29,IRFC 7.46% 2029 Sr 178,30/09/2025, , ,30/09/2025, , ,INTEREST PAYMENT         
NS,925SCL28A,SEC RE NCD 9.25% SR VIII,24/09/2025, , ,24/09/2025, , ,INTEREST PAYMENT         
NT,971SCL28A,SEC RE NCD 9.71% SR VIII,24/09/2025, , ,24/09/2025, , ,INTEREST PAYMENT         
NV,1003SCL30A,SEC RE NCD 10.03% SR X,24/09/2025, , ,24/09/2025, , ,INTEREST PAYMENT         
NY,925SCL25G,SEC RE NCD 9.8% SR XII,24/09/2025, , ,24/09/2025, , ,INTEREST PAYMENT         
NZ,965SCL25F,SEC RE NCD 10.25% SR XII,24/09/2025, , ,24/09/2025, , ,INTEREST PAYMENT         
S1,CHOLAFIN,Cholamandalam In & Fin Co,23/09/2025, , ,23/09/2025, , ,INTEREST PAYMENT         
SM,SHEETAL,Sheetal Universal Limited,24/09/2025, , ,24/09/2025, , ,DIV - RE 0.50 PER SH     
SM,IPSL,Integrated Perso Ser Ltd,23/09/2025, , ,23/09/2025, , ,DIV - RE 0.10 PER SH     
SM,COOLCAPS,Cool Caps Industries Ltd,23/09/2025, , ,23/09/2025, , ,RIGHTS 1:1 @ PRM RS 68/- 
SM,SSFL,Srivari Spices N Foods L,23/09/2025, , ,23/09/2025, , ,DIV - RE 0.50 PER SH     
SM,KKVAPOW,KKV Agro Powers Ltd.,26/09/2025, , ,26/09/2025, , ,BONUS 1:10               
SM,MOS,Mos Utility Limited,26/09/2025, , ,26/09/2025, , ,BONUS 1:1                
SQ,IPSL,Integrated Perso Ser Ltd,23/09/2025, , ,23/09/2025, , ,DIV - RE 0.10 PER SH     
SQ,SSFL,Srivari Spices N Foods L,23/09/2025, , ,23/09/2025, , ,DIV - RE 0.50 PER SH     
SQ,KKVAPOW,KKV Agro Powers Ltd.,26/09/2025, , ,26/09/2025, , ,BONUS 1:10               
SQ,SHEETAL,Sheetal Universal Limited,24/09/2025, , ,24/09/2025, , ,DIV - RE 0.50 PER SH     
SQ,COOLCAPS,Cool Caps Industries Ltd,23/09/2025, , ,23/09/2025, , ,RIGHTS 1:1 @ PRM RS 68/- 
SQ,MOS,Mos Utility Limited,26/09/2025, , ,26/09/2025, , ,BONUS 1:1                
ST,KKVAPOW,KKV Agro Powers Ltd.,26/09/2025, , ,26/09/2025, , ,BONUS 1:10               
ST,SHEETAL,Sheetal Universal Limited,24/09/2025, , ,24/09/2025, , ,DIV - RE 0.50 PER SH     
ST,MOS,Mos Utility Limited,26/09/2025, , ,26/09/2025, , ,BONUS 1:1                
ST,COOLCAPS,Cool Caps Industries Ltd,23/09/2025, , ,23/09/2025, , ,RIGHTS 1:1 @ PRM RS 68/- 
ST,SSFL,Srivari Spices N Foods L,23/09/2025, , ,23/09/2025, , ,DIV - RE 0.50 PER SH     
ST,IPSL,Integrated Perso Ser Ltd,23/09/2025, , ,23/09/2025, , ,DIV - RE 0.10 PER SH     
U1,78ABCL33,ABCL 7.8% Sr V,24/09/2025, , ,24/09/2025, , ,INTEREST PAYMENT         
U1,905PEL26,Sec Re NCD 9.05% Sr II,23/09/2025, , , , , ,SCHME OF ARRANGEMENT     
U2,920PEL28,Sec Re NCD 9.20% Sr III,23/09/2025, , , , , ,SCHME OF ARRANGEMENT     
U2,8ABCL26,ABCL 8% Sr I,24/09/2025, , ,24/09/2025, , ,INTEREST PAYMENT         
U2,810IRFC27,BOND 8.10% PA Tax Free S2,30/09/2025, , ,30/09/2025, , ,INTEREST PAYMENT         
U3,960CAGL25,Sec Re NCD 9.60% Sr. III,29/09/2025, , ,29/09/2025, , ,INTEREST PAYMENT         
U3,935PEL33,Sec Re NCD 9.35% Sr IV,23/09/2025, , , , , ,SCHME OF ARRANGEMENT     
U4,935PEL26,PEL 9.35% 2026,23/09/2025, , , , , ,SCHME OF ARRANGEMENT     
U4,734IRFC28,7.34 NCD 19FEB28 Tr1 Sr2,30/09/2025, , ,30/09/2025, , ,INTEREST PAYMENT         
U4,81ABCL33,ABCL 8.1% Sr VI,24/09/2025, , ,24/09/2025, , ,INTEREST PAYMENT         
U5,10CAGL27,Sec Re NCD 10% Sr. V,29/09/2025, , ,29/09/2025, , ,INTEREST PAYMENT         
U5,805ABCL28,ABCL 8.05% Sr III,24/09/2025, , ,24/09/2025, , ,INTEREST PAYMENT         
U6,704IRFC28,BOND 7.04% PA Tax Free S2,30/09/2025, , ,30/09/2025, , ,INTEREST PAYMENT         
U6,884LTF29,Se Re NCD 8.84% Sr.VI Op1,26/09/2025, , ,26/09/2025, , ,INTEREST PAYMENT         
U7,898LTF29,SeReNCD 8.98% Sr.VI Op2,26/09/2025, , ,26/09/2025, , ,INTEREST PAYMENT         
U7,791ABCL34,Aditya Birla Capital Limi,25/09/2025, , ,25/09/2025, , ,INTEREST PAYMENT         
U7,801TCH28,Sec Red NCD 8.01% Sr.IV,26/09/2025, , ,26/09/2025, , ,INTEREST PAYMENT         
U8,81TCHF28,Sec Red NCD 8.10% Sr.IV,26/09/2025, , ,26/09/2025, , ,INTEREST PAYMENT         
UA,1040NFL26,Sec Re NCD 10.40% Sr.II,28/09/2025, , ,26/09/2025, , ,INTEREST PAYMENT         
UC,1065NFL27,Sec Re NCD 10.65% Sr.IV,28/09/2025, , ,26/09/2025, , ,INTEREST PAYMENT         
UF,707IRFC25,Tax Free 7.07% Sr. 102,30/09/2025, , ,30/09/2025, , ,INTEREST PAYMENT         
UG,888SCL25,SEC RE NCD 8.88% SR II,24/09/2025, , ,24/09/2025, , ,INTEREST PAYMENT         
UG,728IRFC30,Tax Free  7.28% Sr. 103,30/09/2025, , ,30/09/2025, , ,INTEREST PAYMENT         
UH,925SCL25A,SEC RE NCD 9.25% SR II,24/09/2025, , ,24/09/2025, , ,INTEREST PAYMENT         
UH,725IRFC35,Tax Free  7.25% Sr. 104,30/09/2025, , ,30/09/2025, , ,INTEREST PAYMENT         
UI,732IRFC25,Tax Free  7.32% Sr. 102 A,30/09/2025, , ,30/09/2025, , ,INTEREST PAYMENT         
UJ,753IRFC30,Tax Free  7.53% Sr. 103 A,30/09/2025, , ,30/09/2025, , ,INTEREST PAYMENT         
UK,750IRFC35,Tax Free  7.50% Sr. 104 A,30/09/2025, , ,30/09/2025, , ,INTEREST PAYMENT         
UL,704IRFC26,Tax Free 7.04% Sr. 107,30/09/2025, , ,30/09/2025, , ,INTEREST PAYMENT         
UM,902SCL26A,SEC RE NCD 9.02% SR V,24/09/2025, , ,24/09/2025, , ,INTEREST PAYMENT         
UM,735IRFC31,Tax Free  7.35% Sr. 108,30/09/2025, , ,30/09/2025, , ,INTEREST PAYMENT         
UM,875IIFL26,Sec Re NCD 9% Sr.VI,29/09/2025, , ,29/09/2025, , ,INTEREST PAYMENT         
UN,948SCL26A,SEC RE NCD 9.48% SR V,24/09/2025, , ,24/09/2025, , ,INTEREST PAYMENT         
UN,729IRFC26,Tax Free  7.29% Sr. 107A,30/09/2025, , ,30/09/2025, , ,INTEREST PAYMENT         
UO,764IRFC31,Tax Free  7.64% Sr. 108A,30/09/2025, , ,30/09/2025, , ,INTEREST PAYMENT         
UP,757IRFC29,IRFC 7.57% 2029 Sr 175,30/09/2025, , ,30/09/2025, , ,INTEREST PAYMENT         
UQ,748IRFC34A,IRFCL 7.48% 2034 Sr 176,30/09/2025, , ,30/09/2025, , ,INTEREST PAYMENT         
UR,744IRFC34,IRFC 7.44% 2034 Sr 177,30/09/2025, , ,30/09/2025, , ,INTEREST PAYMENT         
US,925SCL28A,SEC RE NCD 9.25% SR VIII,24/09/2025, , ,24/09/2025, , ,INTEREST PAYMENT         
US,746IRFC29,IRFC 7.46% 2029 Sr 178,30/09/2025, , ,30/09/2025, , ,INTEREST PAYMENT         
UT,971SCL28A,SEC RE NCD 9.71% SR VIII,24/09/2025, , ,24/09/2025, , ,INTEREST PAYMENT         
UV,1003SCL30A,SEC RE NCD 10.03% SR X,24/09/2025, , ,24/09/2025, , ,INTEREST PAYMENT         
UY,925SCL25G,SEC RE NCD 9.8% SR XII,24/09/2025, , ,24/09/2025, , ,INTEREST PAYMENT         
UZ,965SCL25F,SEC RE NCD 10.25% SR XII,24/09/2025, , ,24/09/2025, , ,INTEREST PAYMENT         
YI,903SFL28,Shriram Finance Limited,26/09/2025, , ,26/09/2025, , ,INTEREST PAYMENT         

