SYMBOL,SERIES,SECURITY,HIGH/LOW,INDEX FLAG
990SCL26,N7,SEC RE NCD 9.90% SR IV,H
ABHAPOWER,ST,ABHA POWER N STEEL LTD,H
ABINFRA,EQ,A B INFRABUILD LIMITED,H
AESTHETIK,SM,AESTHETIK ENGINEERS LTD,H
AGROPHOS,BE,AGRO PHOS INDIA LIMITED,H
AKIKO,ST,AKIKO GLOBAL SERVICES L,H
ASIANHOTNR,EQ,ASIAN HOTELS (NORTH) LTD,H
BAFNAPH,BE,BAFNA PHARMACEUTICALS LTD,H
BALCO,SM,SOLVE PLASTIC PRODUCTS L,H
BANARBEADS,EQ,BANARAS BEADS LTD,H
BCONCEPTS,EQ,BRAND CONCEPTS LIMITED,H
BHARATSE,EQ,BHARAT SEATS LIMITED,H
BLUECOAST,BE,BLUE COAST HOTELS LIMITED,H
C2C,ST,C2C ADVANCED SYSTEMS LTD,H
CEREBRAINT,BZ,CEREBRA INT TECH LTD,H
CHANDAN,ST,CHANDAN HEALTHCARE LTD,H
CURAA,BE,CURA TECHNOLOGIES LIMITED,H
DELPHIFX,BE,DELPHI WORLD MONEY LTD,H
DHTL,SM,DOCMODE HEALTH TECH LTD,H
DIL,EQ,DEBOCK INDUSTRIES LIMITED,H
DRSCARGO,SM,DRS CARGO MOVERS LIMITED,H
E2E,EQ,E2E NETWORKS LIMITED,H
EMKAY,EQ,EMKAY GLOBAL FIN SERV LTD,H
ENSER,SM,ENSER COMMUNICATIONS LTD,H
EQUIPPP,BE,EQUIPPP SOC IMP TECH LTD,H
ESCONET,SM,ESCONET TECHNOLOGIES LTD,H
FEL,BZ,FUTURE ENTERPRISES LTD,H
GATECH,EQ,GACM TECHNOLOGIES LIMITED,H
GATECHDVR,BE,GACM TECHNOLOGIES LIMITED,H
GAYAHWS,BE,GAYATRI HIGHWAYS LIMITED,H
GINNIFILA,BE,GINNIFILAMENTS LTD.,H
GLFL,EQ,GUJARAT LEASE FINANCING L,H
GLOBALE,EQ,GLOBALE TESSILE LIMITED,H
GODHA,BE,GODHA CABCON INSULAT LTD,H
GROBTEA,EQ,THE GROB TEA COMPANY LTD,H
HAVISHA,BE,SRI HAVISHA HOSP & INFR L,H
HECPROJECT,EQ,HEC INFRA PROJECTS LTD,H
HNGSNGBEES,EQ,NIP IND ETF HANGSENG BEES,H
HPTL,SM,HP TELECOM INDIA LIMITED,H
HVAX,SM,HVAX TECHNOLOGIES LIMITED,H
ICDSLTD,EQ,ICDS LTD,H
IFBAGRO,EQ,IFB AGRO INDUSTRIES LTD,H
IZMO,BE,IZMO LIMITED,H
JALAN,SM,JALAN TRANSOLU. INDIA LTD,H
JAYBARMARU,BE,JAYBHARATMARU-,H
KARMAENG,EQ,KARMA ENERGY LIMITED,H
KAUSHALYA,BE,KAUSHALYA INFRA DEV LTD.,H
KAVDEFENCE,BE,KAVVERI DFS & WIR TEC LTD,H
KAYA,BE,KAYA LIMITED,H
KORE,SM,JAY JALARAM TECHNO LTD,H
MAFANG,EQ,MIRAEAMC - MAFANG,H
MAHKTECH,EQ,MIRAEAMC - MAHKTECH,H
MANAV,ST,MANAV INFRA PROJECTS LTD,H
MASPTOP50,EQ,MIRAEAMC - MASPTOP50,H
MCLEODRUSS,EQ,MCLEOD RUSSEL INDIA LTD.,H
MEGASOFT,EQ,MEGASOFT LTD,H
MEP,BZ,MEP INFRA. DEVELOPERS LTD,H
MORARJEE,BZ,MORARJEE TEXTILES LIMITED,H
MTEDUCARE,BE,MT EDUCARE LTD,H
NIRMAN,SM,NIRMAN AGRI GENTICS LTD,H
ONELIFECAP,EQ,ONELIFE CAP ADVISORS LTD,H
OSIAHYPER,BE,OSIA HYPER RETAIL LIMITED,H
OSWALSEEDS,BE,SHREEOSWAL S AND CHE LTD,H
PANACHE,EQ,PANACHE DIGILIFE LIMITED,H
PARIN,SM,PARIN ENTERPRISES LIMITED,H
PARSVNATH,BE,PARSVNATH DEVELOPER LTD,H
PFOCUS,EQ,PRIME FOCUS LIMITED,H
PKTEA,BE,THE P K TEA PROD CO LTD,H
PPSL,ST,PICTUREPOST STUDIOS LTD,H
PRABHA,EQ,PRABHA ENERGY LIMITED,H
PULZ,SM,PULZ ELECTRONICS LIMITED,H
RAJRILTD,BE,RAJ RAYON INDUSTRIES LTD,H
RICHA,SM,RICHA INFO SYSTEMS LTD,H
RISHABH,BE,RISHABH INSTRUMENTS LTD,H
RVTH,EQ,REVATHI EQUIPMENT INDIA L,H
S&SPOWER,EQ,S&S POWER SWITCHGEARS LTD,H
SAKAR,BE,SAKAR HEALTHCARE LIMITED,H
SANCO,BZ,SANCO INDUSTRIES LIMITED,H
SANWARIA,BZ,SANWARIA CONSUMER LIMITED,H
SETCO,EQ,SETCO AUTOMOTIVE LTD,H
SHILPAMED,EQ,SHILPA MEDICARE LTD,H
SHRIAHIMSA,ST,SHRI AHIMSA NATURALS LTD,H
SICALLOG,BE,SICAL LOGISTICS LIMITED,H
SITINET,BZ,SITI NETWORKS LIMITED,H
SOMATEX,BE,SOMA TEXTILEI NDUSTRIES L,H
SUMEETINDS,BE,SUMEET IND LIMITED,H
TAURIAN,ST,TAURIAN MPS LIMITED,H
TEAMGTY,BE,TEAM INDIA GUARANTY LTD,H
TECHD,ST,TECHD CYBERSECURITY LTD,H
TECHERA,SM,TECHERA ENGINEER (IND) L,H
TGL,SM,TEERTH GOPICON LIMITED,H
THESL,SM,THINKING HATS ENTER SOL L,H
TIMESCAN,ST,TIMESCAN LOGISTICS IND L,H
TRANSWIND,SM,TRANSWIND INFRA LIMITED,H
TVSELECT,EQ,TVS ELECTRONICS LTD,H
TVVISION,EQ,TV VISION LIMITED,H
UNITEDPOLY,BE,UNITED POLYFAB GUJ. LTD.,H
VASA,SM,VASA RETAIL & OVERSEA LTD,H
VENUSREM,EQ,VENUS REMEDIES LIMITED,H
WALPAR,SM,WALPAR NUTRITIONS LIMITED,H
ZEAL,SM,ZEAL GLOBAL SERVICES LTD,H
ZEELEARN,EQ,ZEE LEARN LIMITED,H
667GS2035,GS,GOI LOAN  6.67% 2035,L
ABHAPOWER,ST,ABHA POWER N STEEL LTD,L
ACCENTMIC,ST,ACCENT MICROCELL LIMITED,L
AKI,BE,AKI INDIA LIMITED,L
ANSALAPI,BZ,ANSAL PROP & INFRA LTD,L
ARFIN,BE,ARFIN INDIA LIMITED,L
AXISCADES,EQ,AXISCADES TECH LTD,L
BGRENERGY,BE,BGR ENERGY SYSTEMS LTD,L
BOSS,SM,BOSS PACKAGING SOLU LTD,L
CADSYS,SM,CADSYS (INDIA) LIMITED,L
CALSOFTPP,X1,CALSOFT RS.2.50 PPD UP,L
CUBEXTUB,BE,CUBEXTUBINGS-ROLLSETT,L
CYBERPP,X1,CYBERMEDIA RS.5 PPD UP,L
DEVX,BE,DEV ACCELERATOR LIMITED,L
DREAMFOLKS,BE,DREAMFOLKS SERVICES LTD,L
ESFL,SM,ESSEN SPECIALITY FILMS L,L
FMNL,EQ,FUTURE MKT NETWORKS LTD,L
GML,ST,GALAXY MEDICARE LIMITED,L
GOENKA,BZ,GOENKA DIAMOND&JEWELS LTD,L
GSMFOILS,ST,GSM FOILS LIMITED,L
GSTL,SM,GLOBESECURE TECHNO LTD,L
GVKPIL,BE,GVK POW. & INFRA LTD.,L
HINDMOTORS,EQ,HINDUSTAN MOTORS LIMITED,L
HOLMARC,SM,HOLMARC OPTO MECHATRO L,L
HRHNEXT,SM,HRH NEXT SERVICES LIMITED,L
ISHAN,SM,ISHAN INTERNATIONAL LTD,L
ITTL,ST,INNOVATIVE TYRE & TUBE LT,L
JALAN,SM,JALAN TRANSOLU. INDIA LTD,L
KALANA,SM,KALANA ISPAT LIMITED,L
KCEIL,SM,KAY CEE ENERGY & INFRA L,L
KESORAMIND,EQ,KESORAM INDUSTRIES LTD,L
KHAITANLTD,EQ,KHAITAN (INDIA)LTD.,L
KRIDHANINF,BE,KRIDHAN INFRA LIMITED,L
KRITI,EQ,KRITI INDUSTRIES IND LTD,L
LRRPL,SM,LEAD REC AND RUB PROD LTD,L
MADHAVBAUG,ST,VAIDYA SANE AYUR LAB LTD,L
MODTHREAD,EQ,MODERN THREADS INDIA LTD,L
NEWJAISA,ST,NEWJAISA TECHNOLOGIES LTD,L
NOIDATOLL,BE,NOIDA TOLL BRIDGE CO LTD,L
ODIGMA,BE,ODIGMA CONSULTANCY SOL L,L
OMKARCHEM,BZ,OMKAR SPL CHEM LTD,L
ORTEL,BZ,ORTEL COMMUNICATIONS LTD,L
OSIAHYPER,BE,OSIA HYPER RETAIL LIMITED,L
PARTH,ST,PARTH ELEC & ENG LTD,L
RELTD,EQ,RAVINDRA ENERGY LIMITED,L
RHFL,EQ,RELIANCE HOME FINANCE LTD,L
SABAR,ST,SABAR FLEX INDIA LIMITED,L
SAHAJ,SZ,SAHAJ FASHIONS LIMITED,L
SAIFL,SM,SAMEERA AGRO AND INFRA L,L
SALSTEEL,BE,S.A.L. STEEL LTD.,L
SHEKHAWATI,EQ,SHEKHAWATI INDUSTRIES LTD,L
SIGNORIA,SM,SIGNORIA CREATION LIMITED,L
SILKFLEX,SM,SILKFLEX POLYMERS INDIA L,L
SITINET,BZ,SITI NETWORKS LIMITED,L
SKMEGGPROD,BE,SKM EGG PROD-ROLL SETT,L
SMLISUZU,EQ,SML ISUZU LIMITED,L
SRD,BE,SHANKAR LAL RAMPAL LTD,L
SYNOPTICS,SM,SYNOPTICS TECHNOLOGIES L,L
TARAPUR,EQ,TARAPUR TRANSFORMERS LTD,L
TECHLABS,SM,TRIDENT TECHLABS LIMITED,L
THESL,SM,THINKING HATS ENTER SOL L,L
TIMESCAN,ST,TIMESCAN LOGISTICS IND L,L
TRU,EQ,TRUCAP FINANCE LIMITED,L
URAVIDEF,EQ,URAVI DEFENCE &TECH LTD,L
VCL,BE,VAXTEX COTFAB LIMITED,L
VEEKAYEM,SM,VEEKAYEM FASH & APP LTD,L
VIJIFIN,BE,VIJI FINANCE LIMITED,L
WALPAR,SM,WALPAR NUTRITIONS LIMITED,L
WINSOME,BZ,WINSOME YARNS LIMITED,L
