GAIN_LOSS,SECURITY,CLOSE_PRIC,PREV_CL_PR,PERCENT_CG
 ,Nifty 50 Sec., , , 
 , , , , 
G,INDUSIND BANK LIMITED,       755.25,       734.30,2.85
G,AXIS BANK LIMITED,      1170.80,      1144.40,2.31
G,JSW STEEL LIMITED,      1138.40,      1117.00,1.92
G,BAJAJ FINANCE LIMITED,      1025.50,      1006.50,1.89
G,STATE BANK OF INDIA,       870.60,       855.25,1.79
G,ADANI ENTERPRISES LIMITED,      2676.40,      2629.50,1.78
G,MARUTI SUZUKI INDIA LTD.,     16097.00,     15816.00,1.78
G,KOTAK MAHINDRA BANK LTD,      2047.70,      2021.70,1.29
G,NTPC LTD,       343.00,       339.20,1.12
G,TATA STEEL LIMITED,       173.29,       171.39,1.11
G,MAHINDRA & MAHINDRA LTD,      3614.60,      3584.80,.83
G,TATA MOTORS LIMITED,       701.35,       696.25,.73
G,BAJAJ FINSERV LTD.,      2084.40,      2069.50,.72
G,POWER GRID CORP. LTD.,       288.60,       286.65,.68
G,EICHER MOTORS LTD,      6990.50,      6946.00,.64
G,DR. REDDY S LABORATORIES,      1308.40,      1301.40,.54
G,LARSEN & TOUBRO LTD.,      3657.60,      3644.50,.36
G,SHRIRAM FINANCE LIMITED,       628.80,       627.85,.15
G,HINDALCO  INDUSTRIES  LTD,       745.90,       745.70,.03
 , , , , 
L,TRENT LTD,      4891.00,      5010.50,-2.38
L,TECH MAHINDRA LIMITED,      1471.90,      1505.40,-2.23
L,SBI LIFE INSURANCE CO LTD,      1819.40,      1857.70,-2.06
L,ULTRATECH CEMENT LIMITED,     12401.00,     12650.00,-1.97
L,HINDUSTAN UNILEVER LTD.,      2522.20,      2572.20,-1.94
L,NESTLE INDIA LIMITED,      1168.40,      1188.30,-1.67
L,HDFC LIFE INS CO LTD,       775.05,       787.80,-1.62
L,ASIAN PAINTS LIMITED,      2446.90,      2482.70,-1.44
L,GRASIM INDUSTRIES LTD,      2813.50,      2854.10,-1.42
L,HERO MOTOCORP LIMITED,      5370.50,      5429.50,-1.09
L,ETERNAL LIMITED,       338.35,       341.85,-1.02
L,CIPLA LTD,      1527.10,      1542.20,-0.98
L,ITC LTD,       403.20,       406.95,-0.92
L,BHARTI AIRTEL LIMITED,      1938.70,      1956.20,-0.89
L,SUN PHARMACEUTICAL IND L,      1631.20,      1644.00,-0.78
L,BAJAJ AUTO LIMITED,      8984.50,      9054.50,-0.77
L,HDFC BANK LTD,       957.20,       964.20,-0.73
L,APOLLO HOSPITALS ENTER. L,      7684.00,      7739.00,-0.71
L,HCL TECHNOLOGIES LTD,      1429.80,      1439.90,-0.7
L,TITAN COMPANY LIMITED,      3439.20,      3457.50,-0.53
L,ICICI BANK LTD.,      1394.30,      1401.50,-0.51
L,BHARAT ELECTRONICS LTD,       404.45,       406.40,-0.48
L,JIO FIN SERVICES LTD,       312.55,       313.85,-0.41
L,TATA CONSULTANCY SERV LT,      3062.40,      3073.80,-0.37
L,OIL AND NATURAL GAS CORP.,       236.66,       237.47,-0.34
L,WIPRO LTD,       249.63,       250.33,-0.28
L,ADANI PORT & SEZ LTD,      1441.60,      1444.20,-0.18
L,COAL INDIA LTD,       394.05,       394.70,-0.16
L,TATA CONSUMER PRODUCT LTD,      1128.50,      1130.10,-0.14
L,INFOSYS LIMITED,      1497.50,      1499.50,-0.13
 , , , , 
 ,Nifty Next 50 Sec., , , 
 , , , , 
G,JINDAL STEEL LIMITED,      1062.70,      1032.45,2.93
G,CANARA BANK,       121.90,       118.87,2.55
G,SAMVRDHNA MTHRSN INTL LTD,       112.08,       109.95,1.94
G,BHARAT PETROLEUM CORP  LT,       330.40,       325.40,1.54
G,POWER FIN CORP LTD.,       412.90,       408.85,0.99
G,ZYDUS LIFESCIENCES LTD,      1044.85,      1035.70,0.88
G,BANK OF BARODA,       253.23,       251.14,0.83
G,REC LIMITED,       386.70,       384.00,0.7
G,ICICI LOMBARD GIC LIMITED,      1894.70,      1886.30,0.45
G,CG POWER AND IND SOL LTD,       773.45,       770.20,0.42
G,PUNJAB NATIONAL BANK,       113.43,       113.04,0.35
G,SHREE CEMENT LIMITED,     29790.00,     29705.00,0.29
G,AMBUJA CEMENTS LTD,       591.60,       590.30,0.22
G,JSW ENERGY LIMITED,       543.85,       542.95,0.17
G,UNITED SPIRITS LIMITED,      1341.20,      1339.90,0.1
G,TATA POWER CO LTD,       395.50,       395.30,0.05
G,LTIMINDTREE LIMITED,      5262.50,      5260.00,0.05
 , , , , 
L,ADANI POWER LTD,       162.35,       170.25,-4.64
L,GODREJ CONSUMER PRODUCTS,      1192.20,      1232.20,-3.25
L,THE INDIAN HOTELS CO. LTD,       752.00,       769.40,-2.26
L,BRITANNIA INDUSTRIES LTD,      5934.00,      6056.50,-2.02
L,DLF LIMITED,       759.40,       773.75,-1.85
L,ADANI GREEN ENERGY LTD,      1131.45,      1152.15,-1.8
L,INFO EDGE (I) LTD,      1393.90,      1417.70,-1.68
L,ICICI PRU LIFE INS CO LTD,       600.85,       609.50,-1.42
L,DABUR INDIA LTD,       515.00,       522.05,-1.35
L,ADANI ENERGY SOLUTION LTD,       925.10,       937.40,-1.31
L,GAIL (INDIA) LTD,       178.66,       180.95,-1.27
L,ABB INDIA LIMITED,      5298.70,      5362.80,-1.2
L,VARUN BEVERAGES LIMITED,       458.50,       463.95,-1.17
L,INDIAN RAILWAY FIN CORP L,       127.29,       128.54,-0.97
L,AVENUE SUPERMARTS LIMITED,      4633.90,      4671.20,-0.8
L,LIFE INSURA CORP OF INDIA,       897.65,       904.50,-0.76
L,DIVI S LABORATORIES LTD,      6051.00,      6092.50,-0.68
L,LODHA DEVELOPERS LIMITED,      1205.40,      1212.30,-0.57
L,HAVELLS INDIA LIMITED,      1572.30,      1581.30,-0.57
L,BAJAJ HOUSING FINANCE LTD,       112.60,       113.24,-0.57
L,BOSCH LIMITED,     39390.00,     39570.00,-0.45
L,CHOLAMANDALAM IN & FIN CO,      1623.80,      1630.00,-0.38
L,TVS MOTOR COMPANY  LTD,      3512.70,      3525.60,-0.37
L,VEDANTA LIMITED,       457.20,       458.45,-0.27
L,INTERGLOBE AVIATION LTD,      5732.00,      5747.50,-0.27
L,HINDUSTAN AERONAUTICS LTD,      4799.90,      4808.70,-0.18
L,TORRENT PHARMACEUTICALS L,      3651.50,      3655.90,-0.12
L,BAJAJ HOLDINGS & INVS LTD,     13265.00,     13279.00,-0.11
L,SIEMENS LTD,      3240.40,      3243.50,-0.1
L,SWIGGY LIMITED,       449.20,       449.55,-0.08
 , , , , 
 ,OTHER SECURITIES, , , 
 , , , , 
G,SEC RE NCD 9.90% SR IV,       432.00,       360.00,20
G,DRS CARGO MOVERS LIMITED,        30.00,        25.00,20
G,EMKAY GLOBAL FIN SERV LTD,       378.68,       315.57,20
G,BRAND CONCEPTS LIMITED,       379.30,       316.10,19.99
G,ZEAL GLOBAL SERVICES LTD,       120.90,       103.30,17.04
G,BANARAS BEADS LTD,       123.36,       105.71,16.7
G,REFEX INDUSTRIES LIMITED,       390.35,       338.05,15.47
G,AUTOMOTIVE STAMPINGS & AS,       562.20,       492.30,14.2
G,RKEC PROJECTS LIMITED,        78.02,        69.23,12.7
G,TIGER LOGISTICS (INDIA) L,        52.04,        46.23,12.57
G,TATA INVESTMENT CORP LTD,      8138.00,      7281.00,11.77
G,GUJARAT MINERAL DEV CORP,       627.40,       565.15,11.01
G,SUBROS LIMITED,      1128.70,      1021.90,10.45
G,BAJAJ HEALTHCARE LIMITED,       463.45,       420.40,10.24
G,BF UTILITIES LIMITED,       857.65,       778.05,10.23
G,TVS ELECTRONICS LTD,       520.70,       472.60,10.18
G,HVAX TECHNOLOGIES LIMITED,       937.75,       852.50,10
G,PANACHE DIGILIFE LIMITED,       349.11,       317.38,10
G,KARMA ENERGY LIMITED,        64.37,        58.52,10
G,DEBOCK INDUSTRIES LIMITED,         2.32,         2.11,9.95
G,GACM TECHNOLOGIES LIMITED,          .89,          .81,9.88
G,FRANTEMAMC - FICRF3GP,        78.00,        71.00,9.86
G,HP TELECOM INDIA LIMITED,       229.80,       209.50,9.69
G,ALLCARGO TERMINALS LTD,        35.35,        32.25,9.61
G,ZUARI INDUSTRIES LIMITED,       313.40,       286.55,9.37
G,PAVNA INDUSTRIES LIMITED,        39.80,        36.80,8.15
G,GEOJIT FINANCIAL SER L,        82.50,        76.33,8.08
G,AHLADA ENGINEERS LIMITED,        65.46,        60.78,7.7
G,LUMAX INDUSTRIES LTD,      4597.40,      4274.80,7.55
G,A B COTSPIN INDIA LIMITED,       456.50,       425.00,7.41
 , , , , 
L,MOTILALAMC - MOMGF,       150.69,       182.16,-17.28
L,INDIAN EMULSIFIERS LTD,       157.30,       185.95,-15.41
L,SEC RE NCD 9.85% SR.VIII,       552.50,       630.00,-12.3
L,USHANTI COLOUR CHEM LTD,        44.15,        49.95,-11.61
L,KCK INDUSTRIES LTD,        31.75,        35.40,-10.31
L,SUNREST LIFESCIENCE LTD,        44.00,        48.20,-8.71
L,APEX ECOTECH LIMITED,       150.45,       164.60,-8.6
L,AURO IMPEX & CHEMICALS L,        45.85,        49.85,-8.02
L,SHANTHALA FMCG PRODUCTS L,        36.05,        39.05,-7.68
L,SEC RE NCD 10.30% SR.VII,       601.50,       650.00,-7.46
L,ADANI TOTAL GAS LIMITED,       722.95,       780.75,-7.4
L,ITALIAN EDIBLES LIMITED,        33.30,        35.95,-7.37
L,DRONE DESTINATION LIMITED,        74.40,        79.90,-6.88
L,QMS MEDICAL ALLIED S LTD,        98.85,       105.25,-6.08
L,HARIOM PIPE INDUSTRIES L,       510.20,       543.10,-6.06
L,KATARIA INDUSTRIES LTD,       111.65,       118.70,-5.94
L,SHRADHA INFRAPROJECTS LTD,        47.08,        50.04,-5.92
L,SHAH METACORP LIMITED,         3.53,         3.75,-5.87
L,LT FOODS LIMITED,       429.90,       456.65,-5.86
L,ASPIRE & INNOVATIVE ADV L,        22.10,        23.45,-5.76
L,SERVICE CARE LIMITED,        49.10,        52.00,-5.58
L,ISHAN INTERNATIONAL LTD,          .85,          .90,-5.56
L,ENFUSE SOLUTIONS LIMITED,       203.15,       215.00,-5.51
L,MEGATHERM INDUCTION LTD,       278.55,       294.30,-5.35
L,POSITRON ENERGY LIMITED,       337.60,       356.60,-5.33
L,MICROPRO SOFTWARE SOL L,        23.20,        24.50,-5.31
L,TOUCHWOOD ENTERTAIN LTD.,       111.78,       118.04,-5.3
L,FONEBOX RETAIL LIMITED,        98.00,       103.45,-5.27
L,XTGLOBAL INFOTECH LIMITED,        42.30,        44.61,-5.18
L,SACHEEROME LIMITED,       221.30,       233.35,-5.16
