SECURITY,NEW,PREVIOUS,NEW_STATUS
TATA INVESTMENT CORP LTD,8238,8074.25,H
SHRE PUSH CHEM & FERT LTD,476,461,H
2.50%GOLDBONDS2026SR-XIV,12300,12117.41,H
QUALITY POWER ELEC EQUP L,1054.9,1014.85,H
CUBE HIGHWAYS TRUST,135.25,135,H
DENTA WATER N INFRA SOL L,478.4,476.8,H
MOTILALAMC - MON50EQUAL,33.6,33.4,H
MIRAEAMC - MAGOLDETF,111.92,109.25,H
TANKUP ENGINEERS LIMITED,471.75,462.5,H
TAURIAN MPS LIMITED,281.3,267.95,H
2.50%GOLDBONDS2029SR-IV,12179.99,12175,H
2.50%GOLDBONDS2029SR-XI,12700,12275,H
SEC RE NCD 9.30% SR VII,1070.25,1068.9,H
HP TELECOM INDIA LIMITED,230.45,215.15,H
NDR INVIT TRUST,122,115,H
GOI TBILL 364D-30/07/26,95.34,95,H
GROWWAMC - GROWWPOWER,10.68,10.54,H
DHARAN INFRA-EPC LIMITED,0.58,0.57,H
VISAMAN GLOBAL SALES LTD,118.8,117.05,H
MOTILALAMC - MONEXT50,71.15,70.67,H
NETWEB TECH INDIA LTD,3585,3559,H
INFIBEAM RE.0.5 PPD UP,10.5,10.31,H
EDELAMC - EGOLD,119,112.65,H
TERA SOFTWARE LIMITED,460.55,322.2,H
BIRLASLAMC - SILVER,136.83,133.97,H
ASL INDUSTRIES LIMITED,60.1,58.95,H
GOI TBILL 91D-18/12/25,98.55,98.5,H
GOI TBILL 364D-03/09/26,94.1,94,H
INVESCO INDIA GOLD ETF,10038.95,9800,H
SUMEET IND LIMITED,151.87,146.97,H
2.5%GOLDBONDS2029SR-II,12300,12200,H
GROWWAMC - GROWWGOLD,112.62,110.62,H
GROWWAMC - GROWWNXT50,71.46,71.37,H
SJS ENTERPRISES LIMITED,1554.4,1515.6,H
SIEMENS ENERGY INDIA LTD,3625,3595.5,H
SMARTWORKS COWORKING SP L,575,557.85,H
NIPPONAMC - SNXT30BEES,41,40.76,H
AKIKO GLOBAL SERVICES L,285.2,275,H
ANTELOPUS SELAN ENRGY LTD,579.95,569,H
SEC RE NCD 8.50% SR 3,1067,1061.02,H
CEMINDIA PROJECTS LIMITED,835,834.9,H
GOI TBILL 364D-30/10/25,99.3,98.49,H
GOI TBILL 182D-05/03/26,97.3,97,H
USHA MARTIN LTD.,453,451,H
PARIN ENTERPRISES LIMITED,518.55,518.15,H
HDFC GOLD ETF,98.47,96.96,H
2.5%GOLDBONDS2029SR-I,12199,12198.99,H
GUJ. APOLLO IND. LTD.,512,509,H
M.V.K. AGRO FOOD PROD LTD,459,450,H
R&B DENIMS LIMITED,136.8,128.98,H
DSPAMC - DSPGOLDETF,111.6,109.71,H
ZERODHAAMC - GOLDCASE,18.22,17.92,H
GLOBE INTL CARRIERS LTD,164.95,151.2,H
JEENA SIKHO LIFECARE LTD,849.5,849,H
MIRAEAMC - MAFANG,171.78,169.89,H
P S RAJ STEELS LIMITED,224,215,H
KOTAK GOLD ETF,96.15,94.5,H
AXISAMC - AXISILVER,136.27,133.65,H
SHRI AHIMSA NATURALS LTD,243.15,235,H
ARFIN INDIA LIMITED,48.6,47.87,H
TVS ELECTRONICS LTD,567.1,556.05,H
SUBROS LIMITED,1179.7,1083.2,H
2.50% GOLDBONDS2025SR-III,11806.54,11779.5,H
MOTILALAMC - MOGOLD,115.45,112.7,H
NIPPONAMC - LIQGRWBEES,1033.98,1027.12,H
MIRAEAMC - MASILVER,132.83,131.03,H
SBIAMC - SBISILVER,133.17,132,H
BELRISE INDUSTRIES LTD,164.5,159.9,H
KAVVERI DFS & WIR TEC LTD,121.56,115.78,H
8.67% TAX FREE NCD,1277.15,1275.4,H
LUMAX INDUSTRIES LTD,4637.6,4497.6,H
PANACHE DIGILIFE LIMITED,349.11,326.96,H
2.50%GOLDBONDS2028SR-VIII,12193.6,12099.99,H
POLYSIL IRRIGATION SYST L,231.55,227.05,H
2.5%GOLDBONDS2029SR-VII,12239,12200,H
DHARIWALCORP LIMITED,229,216.75,H
ICICI PRUDENTIAL GOLD ETF,98.59,97.5,H
ICICIPRAMC - ICICISILVE,136.64,134.77,H
UTIAMC - SILVERETF,133.14,130.3,H
STALLION IND FLUOROCHEM L,220.98,216.97,H
GOI TBILL 364D-26/03/26,96.64,96.43,H
SCL 10.75% 2034 SR XI,1030,1011,H
IIFL 9.75% TR I SR VI,1010,1005,H
MRF LTD,156400,155000,H
2.50%GOLDBONDS2027SR-I,12100,12098.99,H
HDFCAMC - HDFCSILVER,131.89,128.94,H
IZMO LIMITED,1165.1,1109.65,H
FRANTEMAMC - FICRF3GP,78,71,H
EDELAMC - ESILVER,148.05,148,H
KOTAKMAMC - KOTAKSILVE,132.94,130.1,H
2.50%GOLDBONDS2029SR-IX,12250,12200,H
360ONEAMC - SILVER360,138.8,134.98,H
SEC RE NCD 7.90% STRPP B,333.71,329,H
AXISAMC - AXISVALUE,30.21,29.88,H
AONEAMC - AONEGOLD,10.74,10.61,H
AARADHYA DISPOSAL INDUS L,138,131.5,H
GOI TBILL 364D-10/09/26,94.75,94.67,H
MARUTI SUZUKI INDIA LTD.,16325,16060,H
MEGASOFT LTD,172.57,164.36,H
MUTHOOT FINANCE LIMITED,3078.1,3061.9,H
INDIAN METALS & FERRO,1176.3,1119,H
2.50%GOLDBONDS2025SR-VIII,11800,11773.45,H
AXISCADES TECH LTD,1779.2,1767.9,H
DSPAMC - DSPSILVETF,130.63,128.9,H
DRS CARGO MOVERS LIMITED,30,25,H
MIRAEAMC - MASPTOP50,68.36,67.77,H
TEAM INDIA GUARANTY LTD,253.45,252,H
TECHD CYBERSECURITY LTD,404.25,385,H
AESTHETIK ENGINEERS LTD,141.25,137.25,H
NIPPONAMC - NETFSILVER,129.94,128.47,H
UNIONAMC - UNIONGOLD,112.25,110.95,H
GOI TBILL 364D-11/12/25,98.4,98.25,H
TIMESCAN LOGISTICS IND L,52.35,54.5,L
CEDAAR TEXTILE LIMITED,99,102.9,L
SERVICE CARE LIMITED,46,49.25,L
KAUSHALYA LOGISTICS LTD,66.2,67.15,L
BARBEQUE NATION HOSP. LTD,230.5,234,L
DRONE DESTINATION LIMITED,74,79.2,L
SAAKSHI MEDTEC N PANELS L,177,180.35,L
CYBERMEDIA RS.5 PPD UP,10.36,10.91,L
MANGALAM WORLDWIDE LTD,235,235.25,L
AGS TRANSACT TECH LTD,4.1,4.19,L
KALANA ISPAT LIMITED,30.1,32.6,L
HOMESFY REALTY LIMITED,238.1,246,L
NECTAR LIFESCIENCES LTD.,15.34,15.66,L
DREAMFOLKS SERVICES LTD,106.74,112.36,L
ESPRIT STONES LIMITED,81.5,82,L
SHIVALIC POWER CONTROL L,95,96.8,L
PRO FX TECH LIMITED,97,97.6,L
GANESH HOUSING LIMITED,846,850.6,L
ESFB 11.3% 2031 SR 2,99504.02,99619.18,L
MANUGRAPH INDIA LIMITED,21.56,22,L
SAWALIYA FOOD PRODUCTS L,225.05,233,L
REGAAL RESOURCES LIMITED,99.43,101.55,L
NEW DELHI TELEVISION LTD,28.51,28.62,L
TRUST FINTECH LIMITED,51.5,53.1,L
SANDUR MANG & IRON ORES L,156.3,158.75,L
NEPHRO CARE INDIA LIMITED,139.7,143.25,L
GALAXY MEDICARE LIMITED,41.85,44.05,L
SNEHAA ORGANICS LIMITED,99,100.6,L
RAJOO ENGINEERS LIMITED,92.41,92.8,L
MT EDUCARE LTD,1.87,1.88,L
VISHNU PRAKASH R PUNGLI L,102,103.67,L
RISHABH INSTRUMENTS LTD,395,395.05,L
MANGAL ELECTRICAL IND L,473,475.3,L
URAVI DEFENCE &TECH LTD,270.75,285,L
ACCENT MICROCELL LIMITED,248.2,258,L
JYOTI GLOBAL PLAST LTD,52.6,53,L
DIGITIDE SOLUTIONS LTD,173.46,177.01,L
SAMEERA AGRO AND INFRA L,16.15,17,L
GLOBE CIVIL PROJECTS LTD,74.51,74.85,L

