SERIES,SYMBOL,SECURITY,RECORD_DT,BC_STRT_DT,BC_END_DT,EX_DT,ND_STRT_DT,ND_END_DT,PURPOSE
Z4,1003SCFL31,SEC RE NCD 10.03% SR X,2025-12-11,,,2025-12-11,,,INTEREST PAYMENT
N1,1003SCL31A,Sec Re NCD 10.03% Sr X,2025-12-10,,,2025-12-10,,,INTEREST PAYMENT
U1,1003SCL31A,Sec Re NCD 10.03% Sr X,2025-12-10,,,2025-12-10,,,INTEREST PAYMENT
N1,1015UCL26,Sec Re NCD 10.15% Sr I,2025-12-09,,,2025-12-09,,,INTEREST PAYMENT
U1,1015UCL26,Sec Re NCD 10.15% Sr I,2025-12-09,,,2025-12-09,,,INTEREST PAYMENT
NF,1015UCL27,UCL 10.15% Sr III,2025-12-09,,,2025-12-09,,,INTEREST PAYMENT
UF,1015UCL27,UCL 10.15% Sr III,2025-12-09,,,2025-12-09,,,INTEREST PAYMENT
N0,1025PATE28,PATE 10.25% 2028,2025-12-10,,,2025-12-10,,,INTEREST PAYMENT
18,1025SCL34,SEC RE NCD 10.25% SR XII,2025-12-11,,,2025-12-11,,,INTEREST PAYMENT
Z8,1025SCL34,SEC RE NCD 10.25% SR XII,2025-12-11,,,2025-12-11,,,INTEREST PAYMENT
N1,1025SCL34B,Sec Re NCD 10.25% Sr XII,2025-12-10,,,2025-12-10,,,INTEREST PAYMENT
U1,1025SCL34B,Sec Re NCD 10.25% Sr XII,2025-12-10,,,2025-12-10,,,INTEREST PAYMENT
N1,1025UCL26A,Sec Re NCD 10.25% Sr II,2025-12-09,,,2025-12-09,,,INTEREST PAYMENT
U1,1025UCL26A,Sec Re NCD 10.25% Sr II,2025-12-09,,,2025-12-09,,,INTEREST PAYMENT
NG,1025UCL27A,UCL 10.25% Sr IV,2025-12-09,,,2025-12-09,,,INTEREST PAYMENT
UG,1025UCL27A,UCL 10.25% Sr IV,2025-12-09,,,2025-12-09,,,INTEREST PAYMENT
N0,102CCSP27A,CCSP 10.20% 2027 Sr 03,2025-12-11,,,2025-12-11,,,INT PAYMENT/PART REDMPT
N1,1040UCL27B,Sec Re NCD 10.40% Sr III,2025-12-09,,,2025-12-09,,,INTEREST PAYMENT
U1,1040UCL27B,Sec Re NCD 10.40% Sr III,2025-12-09,,,2025-12-09,,,INTEREST PAYMENT
NH,1050UCL28,UCL 10.50% Sr V,2025-12-09,,,2025-12-09,,,INTEREST PAYMENT
UH,1050UCL28,UCL 10.50% Sr V,2025-12-09,,,2025-12-09,,,INTEREST PAYMENT
NB,105UCL2026,Sec Re NCD 10.5% Sr IV,2025-12-12,,,2025-12-12,,,INTEREST PAYMENT
UB,105UCL2026,Sec Re NCD 10.5% Sr IV,2025-12-12,,,2025-12-12,,,INTEREST PAYMENT
BV,10SCL30A,SEC RE NCD 9.71% SR VIII,2025-12-11,,,2025-12-11,,,INTEREST PAYMENT
ND,10UCL26,UCL 10.00% Sr I,2025-12-09,,,2025-12-09,,,INTEREST PAYMENT
UD,10UCL26,UCL 10.00% Sr I,2025-12-09,,,2025-12-09,,,INTEREST PAYMENT
N0,1190VCCL26,VCCL 11.90% 2026,2025-12-10,,,2025-12-10,,,INTEREST PAYMENT
TB,182D111225,GOI TBILL 182D-11/12/25,2025-12-09,,,,,,REDEMPTION
TB,182D181225,GOI TBILL 182D-18/12/25,2025-12-16,,,,,,REDEMPTION
TB,182D251225,GOI TBILL 182D-25/12/25,2025-12-22,,,,,,REDEMPTION
TB,364D111225,GOI TBILL 364D-11/12/25,2025-12-09,,,,,,REDEMPTION
TB,364D181225,GOI TBILL 364D-18/12/25,2025-12-16,,,,,,REDEMPTION
TB,364D261225,GOI TBILL 364D-26/12/25,2025-12-23,,,,,,REDEMPTION
SG,535RJ25,SDL RJ 5.35% 2025,2025-12-12,,,,,,REDEMPTION
N0,712PGCIL34,PG 7.12% 2034 Sr LXXX,2025-12-09,,,2025-12-09,,,INTEREST PAYMENT
N0,799GSGL28,GSGL 7.99% 2028 Sr 1,2025-12-11,,,2025-12-11,,,INTEREST PAYMENT
N6,829PFL29,Poonawalla Fincorp Ltd,2025-12-22,,,2025-12-22,,,INTEREST PAYMENT
U6,829PFL29,Poonawalla Fincorp Ltd,2025-12-22,,,2025-12-22,,,INTEREST PAYMENT
MH,835SCL23A,SEC RE NCD 10.5% SR IX,2025-12-12,,,2025-12-12,,,INTEREST PAYMENT
YH,835SCL23A,SEC RE NCD 10.5% SR IX,2025-12-12,,,2025-12-12,,,INTEREST PAYMENT
MB,843SCFL27,SEC RE NCD 8.43% SR.VIII,2025-12-22,,,2025-12-22,,,INTEREST PAYMENT
YB,843SCFL27,SEC RE NCD 8.43% SR.VIII,2025-12-22,,,2025-12-22,,,INTEREST PAYMENT
MS,843SCL27,SEC RE NCD 8.43% SR.VIII,2025-12-15,,,2025-12-15,,,INTEREST PAYMENT
YS,843SCL27,SEC RE NCD 8.43% SR.VIII,2025-12-15,,,2025-12-15,,,INTEREST PAYMENT
N1,847TPL26,TPL 8.47% 2026 Sr O,2025-12-11,,,2025-12-11,,,INTEREST PAYMENT
U1,847TPL26,TPL 8.47% 2026 Sr O,2025-12-11,,,2025-12-11,,,INTEREST PAYMENT
NW,850SCL25A,UNSE RE NCD 9.35% SR.X,2025-12-09,,,2025-12-09,,,INTEREST PAYMENT
UW,850SCL25A,UNSE RE NCD 9.35% SR.X,2025-12-09,,,2025-12-09,,,INTEREST PAYMENT
N0,850TPL26,TPL 8.50% 2026 Sr N,2025-12-11,,,2025-12-11,,,INTEREST PAYMENT
18,865SCL24B,SEC RE NCD 8.70% SR.VIII,2025-12-15,,,2025-12-15,,,INTEREST PAYMENT
Z8,865SCL24B,SEC RE NCD 8.70% SR.VIII,2025-12-15,,,2025-12-15,,,INTEREST PAYMENT
N8,865SCL26,SEC RED NCD 8.65% SR. V,2025-12-17,,,2025-12-17,,,INTEREST PAYMENT
U8,865SCL26,SEC RED NCD 8.65% SR. V,2025-12-17,,,2025-12-17,,,INTEREST PAYMENT
NY,866SFIL23A,Sec Re NCD 9.57% Sr.VIII,2025-12-10,,,2025-12-10,,,INTEREST PAYMENT
UY,866SFIL23A,Sec Re NCD 9.57% Sr.VIII,2025-12-10,,,2025-12-10,,,INTEREST PAYMENT
M9,875SCFL27,SEC RE NCD 8.75% SR.VII,2025-12-22,,,2025-12-22,,,INTEREST PAYMENT
Y9,875SCFL27,SEC RE NCD 8.75% SR.VII,2025-12-22,,,2025-12-22,,,INTEREST PAYMENT
MI,875SCL23A,SEC RE NCD 10.03% SR X,2025-12-12,,,2025-12-12,,,INTEREST PAYMENT
YI,875SCL23A,SEC RE NCD 10.03% SR X,2025-12-12,,,2025-12-12,,,INTEREST PAYMENT
ZF,875SFL27,Shriram Finance Limited,2025-12-16,,,2025-12-16,,,INTEREST PAYMENT
NC,879SCL26,UNS RED NCD 8.79% SR.VIII,2025-12-17,,,2025-12-17,,,INTEREST PAYMENT
UC,879SCL26,UNS RED NCD 8.79% SR.VIII,2025-12-17,,,2025-12-17,,,INTEREST PAYMENT
ZV,87SCL25,SEC RE NCD 8.70% SR.V,2025-12-15,,,2025-12-15,,,INT PAYMENT/REDEMPTN
N1,885IHL26,IIFL Home Finance Limited,2025-12-10,,,2025-12-10,,,INTEREST PAYMENT
U1,885IHL26,IIFL Home Finance Limited,2025-12-10,,,2025-12-10,,,INTEREST PAYMENT
NC,888SCL25D,SEC RE NCD 9.57% SR X,2025-12-11,,,2025-12-11,,,INTEREST PAYMENT
UC,888SCL25D,SEC RE NCD 9.57% SR X,2025-12-11,,,2025-12-11,,,INTEREST PAYMENT
N4,888SCL25E,SEC RE NCD 10.25% SR XII,2025-12-11,,,2025-12-11,,,INTEREST PAYMENT
U4,888SCL25E,SEC RE NCD 10.25% SR XII,2025-12-11,,,2025-12-11,,,INTEREST PAYMENT
MP,888SCL26,SEC RE NCD 8.88% SR II,2025-12-11,,,2025-12-11,,,INTEREST PAYMENT
YP,888SCL26,SEC RE NCD 8.88% SR II,2025-12-11,,,2025-12-11,,,INTEREST PAYMENT
MC,889SCFL27,SEC RE NCD 8.89% SR.VIII,2025-12-22,,,2025-12-22,,,INTEREST PAYMENT
YC,889SCFL27,SEC RE NCD 8.89% SR.VIII,2025-12-22,,,2025-12-22,,,INTEREST PAYMENT
MT,889SCL27,SEC RE NCD 8.89% SR.VIII,2025-12-15,,,2025-12-15,,,INTEREST PAYMENT
YT,889SCL27,SEC RE NCD 8.89% SR.VIII,2025-12-15,,,2025-12-15,,,INTEREST PAYMENT
NZ,890SFIL23A,Sec Re NCD 10.03% Sr.VIII,2025-12-10,,,2025-12-10,,,INTEREST PAYMENT
UZ,890SFIL23A,Sec Re NCD 10.03% Sr.VIII,2025-12-10,,,2025-12-10,,,INTEREST PAYMENT
ZY,894SCL27,SEC RE NCD 9.80% SR.VII,2025-12-15,,,2025-12-15,,,INT PAYMENT/PART REDMPTN
ZM,89SCL24A,SEC RE NCD 8.70% SR.VIII,2025-12-19,,,2025-12-19,,,INTEREST PAYMENT
N8,902SCL26,SEC RE NCD 9.02% SR V,2025-12-11,,,2025-12-11,,,INTEREST PAYMENT
U8,902SCL26,SEC RE NCD 9.02% SR V,2025-12-11,,,2025-12-11,,,INTEREST PAYMENT
AW,902SCL26I,SEC RE NCD 9.02% SR V,2025-12-12,,,2025-12-12,,,INTEREST PAYMENT
MU,902SCL27,SEC RE NCD 9.02% SR V,2025-12-11,,,2025-12-11,,,INTEREST PAYMENT
YU,902SCL27,SEC RE NCD 9.02% SR V,2025-12-11,,,2025-12-11,,,INTEREST PAYMENT
N1,902SCL27C,Sec Re NCD 9.02% Sr V,2025-12-10,,,2025-12-10,,,INTEREST PAYMENT
U1,902SCL27C,Sec Re NCD 9.02% Sr V,2025-12-10,,,2025-12-10,,,INTEREST PAYMENT
19,905SC24B,SEC RE NCD 9.15% SR.VIII,2025-12-15,,,2025-12-15,,,INTEREST PAYMENT
Z9,905SC24B,SEC RE NCD 9.15% SR.VIII,2025-12-15,,,2025-12-15,,,INTEREST PAYMENT
ZT,905SCL25,SEC RE NCD 9.05% SR.IV,2025-12-15,,,2025-12-15,,,INTEREST PAYMNT/REDEMPTI
ZW,916SCL25,SEC RE NCD 9.16% SR.V,2025-12-15,,,2025-12-15,,,INT PAYMNT/REDEMPTN
TB,91D111225,GOI TBILL 91D-11/12/25,2025-12-09,,,,,,REDEMPTION
TB,91D181225,GOI TBILL 91D-18/12/25,2025-12-16,,,,,,REDEMPTION
TB,91D251225,GOI TBILL 91D-25/12/25,2025-12-22,,,,,,REDEMPTION
N9,925CAGL26,Sec Re NCD 9.25% Sr III,2025-12-23,,,2025-12-23,,,INTEREST PAYMENT
U9,925CAGL26,Sec Re NCD 9.25% Sr III,2025-12-23,,,2025-12-23,,,INTEREST PAYMENT
N1,925IHFL29,IIFL Home Finance Limited,2025-12-10,,,2025-12-10,,,INTEREST PAYMENT
U1,925IHFL29,IIFL Home Finance Limited,2025-12-10,,,2025-12-10,,,INTEREST PAYMENT
N1,925IHFL31,IIFL Home Finance Limited,2025-12-10,,,2025-12-10,,,INTEREST PAYMENT
U1,925IHFL31,IIFL Home Finance Limited,2025-12-10,,,2025-12-10,,,INTEREST PAYMENT
MA,925SCFL27,SEC RE NCD 9.25% SR.VII,2025-12-22,,,2025-12-22,,,INTEREST PAYMENT
YA,925SCFL27,SEC RE NCD 9.25% SR.VII,2025-12-22,,,2025-12-22,,,INTEREST PAYMENT
MQ,925SCL26B,SEC RE NCD 9.25% SR II,2025-12-11,,,2025-12-11,,,INTEREST PAYMENT
YQ,925SCL26B,SEC RE NCD 9.25% SR II,2025-12-11,,,2025-12-11,,,INTEREST PAYMENT
N1,925SCL26F,Sec Re NCD 9.25% Sr II,2025-12-10,,,2025-12-10,,,INTEREST PAYMENT
U1,925SCL26F,Sec Re NCD 9.25% Sr II,2025-12-10,,,2025-12-10,,,INTEREST PAYMENT
MC,925SCL28B,SEC RE NCD 10.15% SR VII,2025-12-12,,,2025-12-12,,,INTEREST PAYMENT
YC,925SCL28B,SEC RE NCD 10.15% SR VII,2025-12-12,,,2025-12-12,,,INTEREST PAYMENT
BA,925SCL28I,SEC RE NCD 9.25% SR VIII,2025-12-12,,,2025-12-12,,,INTEREST PAYMENT
MZ,925SCL29,SEC RE NCD 9.25% SR VIII,2025-12-11,,,2025-12-11,,,INTEREST PAYMENT
YZ,925SCL29,SEC RE NCD 9.25% SR VIII,2025-12-11,,,2025-12-11,,,INTEREST PAYMENT
N1,925SCL29C,Sec Re NCD 9.25% Sr VIII,2025-12-10,,,2025-12-10,,,INTEREST PAYMENT
U1,925SCL29C,Sec Re NCD 9.25% Sr VIII,2025-12-10,,,2025-12-10,,,INTEREST PAYMENT
MP,930SFL28,Shriram Finance Limited,2025-12-17,,,2025-12-17,,,INTEREST PAYMENT
YP,930SFL28,Shriram Finance Limited,2025-12-17,,,2025-12-17,,,INTEREST PAYMENT
,931SFIL26A,SeReNCD8.75%SrVICI&II,2025-12-10,,,2025-12-10,,,INTEREST PAYMENT
UA,931SFIL26A,SeReNCD8.75%SrVICI&II,2025-12-10,,,2025-12-10,,,INTEREST PAYMENT
Z5,931SFL26,Shriram Finance Limited,2025-12-16,,,2025-12-16,,,INTEREST PAYMENT
NV,935SCL28,UNSE RE NCD 8.89% SR.X,2025-12-09,,,2025-12-09,,,INTEREST PAYMENT
UV,935SCL28,UNSE RE NCD 8.89% SR.X,2025-12-09,,,2025-12-09,,,INTEREST PAYMENT
ZZ,939SCL27,SEC RE NCD 8.94% SR.VIII,2025-12-15,,,2025-12-15,,,INT PAYMENT/PART REDMPTN
ZN,93SCL24A,SEC RE NCD 9.15% SR.VIII,2025-12-19,,,2025-12-19,,,INTEREST PAYMENT
NB,940CAGL27,Sec Re NCD 9.40% Sr V,2025-12-23,,,2025-12-23,,,INTEREST PAYMENT
UB,940CAGL27,Sec Re NCD 9.40% Sr V,2025-12-23,,,2025-12-23,,,INTEREST PAYMENT
M6,940SCL26B,SEC RE NCD 9.4% SR IV,2025-12-12,,,2025-12-12,,,INTEREST PAYMENT
Y6,940SCL26B,SEC RE NCD 9.4% SR IV,2025-12-12,,,2025-12-12,,,INTEREST PAYMENT
N9,948SCL26,SEC RE NCD 9.48% SR V,2025-12-11,,,2025-12-11,,,INTEREST PAYMENT
U9,948SCL26,SEC RE NCD 9.48% SR V,2025-12-11,,,2025-12-11,,,INTEREST PAYMENT
M8,948SCL26B,SEC RE NCD 9.48% SR V,2025-12-12,,,2025-12-12,,,INTEREST PAYMENT
Y8,948SCL26B,SEC RE NCD 9.48% SR V,2025-12-12,,,2025-12-12,,,INTEREST PAYMENT
AX,948SCL26I,SEC RE NCD 9.48% SR V,2025-12-12,,,2025-12-12,,,INTEREST PAYMENT
MV,948SCL27,SEC RE NCD 9.48% SR V,2025-12-11,,,2025-12-11,,,INTEREST PAYMENT
YV,948SCL27,SEC RE NCD 9.48% SR V,2025-12-11,,,2025-12-11,,,INTEREST PAYMENT
N1,948SCL27D,Sec Re NCD 9.48% Sr V,2025-12-10,,,2025-12-10,,,INTEREST PAYMENT
U1,948SCL27D,Sec Re NCD 9.48% Sr V,2025-12-10,,,2025-12-10,,,INTEREST PAYMENT
ZU,955SCL25,SEC RE NCD 9.55% SR.IV,2025-12-15,,,2025-12-15,,,INT PAYMNT/REDEMPTN
MW,957ICCL25,Shriram Finance Limited,2025-12-16,,,2025-12-16,,,INTEREST PAYMENT
YW,957ICCL25,Shriram Finance Limited,2025-12-16,,,2025-12-16,,,INTEREST PAYMENT
Z3,957SCL31,SEC RE NCD 9.57% SR X,2025-12-11,,,2025-12-11,,,INTEREST PAYMENT
N0,965SCL25C,SEC RE NCD 9.39% SR.VIII,2025-12-15,,,2025-12-15,,,INT PAYMENT/PART REDMPTN
MB,965SCL28B,SEC RE NCD 9.65% SR VII,2025-12-12,,,2025-12-12,,,INTEREST PAYMENT
YB,965SCL28B,SEC RE NCD 9.65% SR VII,2025-12-12,,,2025-12-12,,,INTEREST PAYMENT
NB,96SFIL24A,SeReNCD8.84%SrVICIII&IV,2025-12-10,,,2025-12-10,,,INTEREST PAYMENT
UB,96SFIL24A,SeReNCD8.84%SrVICIII&IV,2025-12-10,,,2025-12-10,,,INTEREST PAYMENT
ND,970CAGL28,Sec Re NCD 9.70% Sr VII,2025-12-23,,,2025-12-23,,,INTEREST PAYMENT
UD,970CAGL28,Sec Re NCD 9.70% Sr VII,2025-12-23,,,2025-12-23,,,INTEREST PAYMENT
MD,971SCL28B,SEC RE NCD 9.25% SR VIII,2025-12-12,,,2025-12-12,,,INTEREST PAYMENT
YD,971SCL28B,SEC RE NCD 9.25% SR VIII,2025-12-12,,,2025-12-12,,,INTEREST PAYMENT
BU,971SCL28C,SEC RE NCD 9.25% SR VIII,2025-12-11,,,2025-12-11,,,INTEREST PAYMENT
BC,971SCL28I,SEC RE NCD 9.71% SR VIII,2025-12-12,,,2025-12-12,,,INTEREST PAYMENT
Z0,971SCL29,SEC RE NCD 9.71% SR VIII,2025-12-11,,,2025-12-11,,,INTEREST PAYMENT
N1,971SCL29B,Sammaan Capital Limited,2025-12-10,,,2025-12-10,,,INTEREST PAYMENT
U1,971SCL29B,Sammaan Capital Limited,2025-12-10,,,2025-12-10,,,INTEREST PAYMENT
NT,975SCL28,SEC RE NCD 8.89% SR.VIII,2025-12-09,,,2025-12-09,,,INTEREST PAYMENT
UT,975SCL28,SEC RE NCD 8.89% SR.VIII,2025-12-09,,,2025-12-09,,,INTEREST PAYMENT
N3,980SCL33A,SEC RE NCD 9.80% SR XII,2025-12-11,,,2025-12-11,,,INTEREST PAYMENT
U3,980SCL33A,SEC RE NCD 9.80% SR XII,2025-12-11,,,2025-12-11,,,INTEREST PAYMENT
ND,980SCL33C,SEC RE NCD 10.03% SR X,2025-12-11,,,2025-12-11,,,INTEREST PAYMENT
UD,980SCL33C,SEC RE NCD 10.03% SR X,2025-12-11,,,2025-12-11,,,INTEREST PAYMENT
MG,980SCL33D,SEC RE NCD 9.71% SR VIII,2025-12-12,,,2025-12-12,,,INTEREST PAYMENT
YG,980SCL33D,SEC RE NCD 9.71% SR VIII,2025-12-12,,,2025-12-12,,,INTEREST PAYMENT
17,980SCL34,SEC RE NCD 9.80% SR XII,2025-12-11,,,2025-12-11,,,INTEREST PAYMENT
Z7,980SCL34,SEC RE NCD 9.80% SR XII,2025-12-11,,,2025-12-11,,,INTEREST PAYMENT
N1,980SCL34B,Sec Re NCD 9.80% Sr XII,2025-12-10,,,2025-12-10,,,INTEREST PAYMENT
U1,980SCL34B,Sec Re NCD 9.80% Sr XII,2025-12-10,,,2025-12-10,,,INTEREST PAYMENT
ZX,98SCL27,SEC RE NCD SR.VI,2025-12-15,,,2025-12-15,,,INT PAYMENT/REDEMPTION
NU,98SFIL26,Sec Re NCD 9.80% Sr.V,2025-12-10,,,2025-12-10,,,INTEREST PAYMENT
UU,98SFIL26,Sec Re NCD 9.80% Sr.V,2025-12-10,,,2025-12-10,,,INTEREST PAYMENT
N0,98VFPL28,VFPL 9.80% 2028 Sr 17,2025-12-11,,,2025-12-11,,,INTEREST PAYMENT
M7,990SCL26B,SEC RE NCD 9.9% SR IV,2025-12-12,,,2025-12-12,,,INTEREST PAYMENT
Y7,990SCL26B,SEC RE NCD 9.9% SR IV,2025-12-12,,,2025-12-12,,,INTEREST PAYMENT
N1,9IHFL27,IIFL Home Finance Limited,2025-12-10,,,2025-12-10,,,INTEREST PAYMENT
U1,9IHFL27,IIFL Home Finance Limited,2025-12-10,,,2025-12-10,,,INTEREST PAYMENT
N0,ABCRESET28,ABCL FBIL 2028 Sr F3,2025-12-09,,,2025-12-09,,,INTEREST PAYMENT
BE,BECTORFOOD,Mrs Bectors Food Spe Ltd,2025-12-12,,,2025-12-12,,,FV SPLT FRM RS 10 TO RS 2
BL,BECTORFOOD,Mrs Bectors Food Spe Ltd,2025-12-12,,,2025-12-12,,,FV SPLT FRM RS 10 TO RS 2
EQ,BECTORFOOD,Mrs Bectors Food Spe Ltd,2025-12-12,,,2025-12-12,,,FV SPLT FRM RS 10 TO RS 2
IQ,BECTORFOOD,Mrs Bectors Food Spe Ltd,2025-12-12,,,2025-12-12,,,FV SPLT FRM RS 10 TO RS 2
T0,BECTORFOOD,Mrs Bectors Food Spe Ltd,2025-12-12,,,2025-12-12,,,FV SPLT FRM RS 10 TO RS 2
TL,BECTORFOOD,Mrs Bectors Food Spe Ltd,2025-12-12,,,2025-12-12,,,FV SPLT FRM RS 10 TO RS 2
BE,BHARATRAS,Bharat Rasayan Ltd,2025-12-12,,,2025-12-12,,,FVSPLT FRM RS 10 TO RS 5
BE,BHARATRAS,Bharat Rasayan Ltd,2025-12-12,,,2025-12-12,,,BONUS 1:1
BL,BHARATRAS,Bharat Rasayan Ltd,2025-12-12,,,2025-12-12,,,FVSPLT FRM RS 10 TO RS 5
BL,BHARATRAS,Bharat Rasayan Ltd,2025-12-12,,,2025-12-12,,,BONUS 1:1
EQ,BHARATRAS,Bharat Rasayan Ltd,2025-12-12,,,2025-12-12,,,BONUS 1:1
EQ,BHARATRAS,Bharat Rasayan Ltd,2025-12-12,,,2025-12-12,,,FVSPLT FRM RS 10 TO RS 5
IQ,BHARATRAS,Bharat Rasayan Ltd,2025-12-12,,,2025-12-12,,,BONUS 1:1
IQ,BHARATRAS,Bharat Rasayan Ltd,2025-12-12,,,2025-12-12,,,FVSPLT FRM RS 10 TO RS 5
BE,ECLERX,eClerx Services Limited,2025-12-17,,,2025-12-17,,,BUY BACK
BL,ECLERX,eClerx Services Limited,2025-12-17,,,2025-12-17,,,BUY BACK
EQ,ECLERX,eClerx Services Limited,2025-12-17,,,2025-12-17,,,BUY BACK
IQ,ECLERX,eClerx Services Limited,2025-12-17,,,2025-12-17,,,BUY BACK
T0,ECLERX,eClerx Services Limited,2025-12-17,,,2025-12-17,,,BUY BACK
TL,ECLERX,eClerx Services Limited,2025-12-17,,,2025-12-17,,,BUY BACK
GS,GS121225C,GOI STRIPS C 121225,2025-12-10,,,,,,REDEMPTION
GS,GS151225C,GOI STRIPS C 151225,2025-12-11,,,,,,REDEMPTION
GS,GS171225C,GOI STRIPS C 171225,2025-12-15,,,,,,REDEMPTION
GS,GS231225C,GOI STRIPS C 231225,2025-12-20,,,,,,REDEMPTION
BE,KMEW,Knowledge Marine & En W L,2025-12-22,,,2025-12-22,,,FVSPLT FRM RS 10 TO RS 5
BL,KMEW,Knowledge Marine & En W L,2025-12-22,,,2025-12-22,,,FVSPLT FRM RS 10 TO RS 5
EQ,KMEW,Knowledge Marine & En W L,2025-12-22,,,2025-12-22,,,FVSPLT FRM RS 10 TO RS 5
IQ,KMEW,Knowledge Marine & En W L,2025-12-22,,,2025-12-22,,,FVSPLT FRM RS 10 TO RS 5
BE,NECLIFE,Nectar Lifesciences Ltd.,2025-12-24,,,2025-12-24,,,BUY BACK
BL,NECLIFE,Nectar Lifesciences Limit,2025-12-24,,,2025-12-24,,,BUY BACK
EQ,NECLIFE,Nectar Lifesciences Limit,2025-12-24,,,2025-12-24,,,BUY BACK
IQ,NECLIFE,Nectar Lifesciences Limit,2025-12-24,,,2025-12-24,,,BUY BACK
BE,NURECA,Nureca Limited,2025-12-12,,,2025-12-12,,,BUY BACK
BL,NURECA,Nureca Limited,2025-12-12,,,2025-12-12,,,BUY BACK
EQ,NURECA,Nureca Limited,2025-12-12,,,2025-12-12,,,BUY BACK
IQ,NURECA,Nureca Limited,2025-12-12,,,2025-12-12,,,BUY BACK
GB,SGBDEC2512,2.50%GOLDBONDS2025 SR-XII,2025-12-16,,,,,,REDEMPTION
GB,SGBDEC2513,2.50%GOLDBONDS2025SR-XIII,2025-12-23,,,,,,REDEMPTION
GB,SGBDEC25XI,2.50%GOLDBONDS 2025 SR-XI,2025-12-09,,,,,,REDEMPTION
BE,STEELCITY,Steel City Securities Lim,2025-12-11,,,2025-12-11,,,INTDIV - RE 1 PER SH
BL,STEELCITY,Steel City Securities Lim,2025-12-11,,,2025-12-11,,,INTDIV - RE 1 PER SH
EQ,STEELCITY,Steel City Securities Lim,2025-12-11,,,2025-12-11,,,INTDIV - RE 1 PER SH
IQ,STEELCITY,Steel City Securities Lim,2025-12-11,,,2025-12-11,,,INTDIV - RE 1 PER SH
BE,VLSFINANCE,VLS Finance Ltd.,2025-12-12,,,2025-12-12,,,BUY BACK
BL,VLSFINANCE,VLS Finance Ltd.,2025-12-12,,,2025-12-12,,,BUY BACK
EQ,VLSFINANCE,VLS Finance Ltd.,2025-12-12,,,2025-12-12,,,BUY BACK
IQ,VLSFINANCE,VLS Finance Ltd.,2025-12-12,,,2025-12-12,,,BUY BACK
