SECURITY,NEW,PREVIOUS,NEW_STATUS
ADITYA BIRLA CAPITAL LTD.     ,366.80,360.60,H
ANONDITA MEDICARE LIMITED     ,741.85,727.35,H
ANUPAM RASAYAN INDIA LTD      ,1309.30,1272.00,H
ARFIN INDIA LIMITED           ,63.00,62.95,H
KNOWLEDGE MARINE & EN W L     ,3338.10,3234.00,H
KNOWLEDGE REALTY TRUST        ,129.07,125.50,H
MEGA FLEX PLASTICS LTD        ,110.80,110.50,H
NEOCHEM BIO SOLUTIONS LTD     ,113.40,98.00,H
NORBEN TEA &EXPORTS LTD       ,74.46,74.17,H
SKF IND (INDUSTRIAL) LTD      ,2755.00,2748.00,H
TATA MOTORS LIMITED           ,381.95,368.00,H
3I INFOTECH LIMITED           ,15.60,16.22,L
ADVENT HOTELS INTERNATI L     ,190.17,194.85,L
AFCONS INFRASTRUCTURE LTD     ,381.70,384.50,L
AFFORD ROBO & AUTO LTD        ,204.00,205.71,L
AMANTA HEALTHCARE LIMITED     ,97.75,99.05,L
ANSAL PROP & INFRA LTD        ,3.31,3.33,L
AONEAMC - AONETMMQ50          ,9.51,9.61,L
ARC INSULATION & INSU LTD     ,74.00,74.65,L
ARISINFRA SOLUTIONS LTD       ,118.50,121.55,L
ASHOKA METCAST LIMITED        ,14.86,15.00,L
ASPIRE & INNOVATIVE ADV L     ,16.30,16.85,L
BAJAJ HOUSING FINANCE LTD     ,92.10,93.09,L
BAWEJA STUDIOS LIMITED        ,38.50,39.10,L
BCL INDUSTRIES LIMITED        ,30.41,30.56,L
BLUSPRING ENTERPRISES LTD     ,62.61,65.00,L
BRIGADE HOTEL VENTURE LTD     ,72.06,72.97,L
CANARA ROBECO AMC LIMITED     ,274.30,276.55,L
CEIGALL INDIA LIMITED         ,222.61,226.65,L
CHEMBOND CHEMICAL LIMITED     ,140.29,143.71,L
CHEMPLAST SANMAR LIMITED      ,255.85,257.25,L
CLASSIC ELECTRODE (IND) L     ,66.75,71.10,L
CLEAR SECURED SERVICES L      ,107.40,113.05,L
COMPUTER AGE MNGT SER LTD     ,733.00,746.30,L
CONCORD ENVIRO SYSTEMS L      ,349.65,351.85,L
CREDO BRANDS MARKETING L      ,91.32,92.06,L
DANGEE DUMS LIMITED           ,3.40,3.42,L
DEEM ROLL TECH LIMITED        ,44.70,46.55,L
DEEPAK BUILDERS & ENG I L     ,117.10,117.21,L
DEV INFO TECHNOLOGY LTD       ,37.36,37.50,L
DHANLAXMI CROP SCIENCE L      ,28.20,29.15,L
DIVYADHAN RECYCLING IND L     ,29.65,30.00,L
DSPAMC - MSCIADD              ,30.09,30.25,L
EDELAMC - ENIFTY              ,25.65,25.92,L
EDELAMC - ESENSEX             ,84.00,85.00,L
ELLENBARRIE INDUS GASES L     ,338.00,343.00,L
EMMVEE PHOTOVOLTAIC PWR L     ,194.81,197.40,L
EXICOM TELE SYSTEMS LTD       ,101.41,102.22,L
FINKURVE FINANCIAL SERV L     ,99.02,101.01,L
GANDHAR OIL REFINE IND L      ,120.56,122.30,L
GEM AROMATICS LIMITED         ,133.00,135.23,L
GENSOL ENGINEERING LTD        ,25.80,26.80,L
GK ENERGY LIMITED             ,129.00,135.29,L
GLOBE CIVIL PROJECTS LTD      ,59.50,59.51,L
GLOTTIS LIMITED               ,56.24,57.00,L
GNG ELECTRONICS LIMITED       ,287.10,293.20,L
GO FASHION INDIA LTD          ,458.60,468.05,L
GREENCHEF APPLIANCES LTD      ,48.15,54.55,L
GROWWAMC - GROWWCAPM          ,9.41,9.71,L
GROWWAMC - GROWWMC150         ,215.48,218.03,L
GROWWAMC - GROWWPOWER         ,9.43,9.44,L
GROWWAMC - GROWWRLTY          ,9.56,9.62,L
GROWWAMC - GROWWSC250         ,9.17,9.29,L
HIGHWAY INFRASTRUCTURE L      ,59.58,60.51,L
HOMESFY REALTY LIMITED        ,164.00,170.00,L
HP ADHESIVES LIMITED          ,41.31,41.48,L
IDENTICAL BRAINS STUDIO L     ,23.45,24.50,L
INDIAN EMULSIFIERS LTD        ,86.00,90.60,L
INDIQUBE SPACES LIMITED       ,191.12,194.01,L
INDOGULF CROPSCIENCES LTD     ,78.50,80.45,L
INNOMET ADVANCED MATERI L     ,88.65,93.10,L
INSPIRE FILMS LIMITED         ,11.50,11.55,L
INVENTURE GRO & SEC LTD       ,1.17,1.19,L
INVICTA DIAGNOSTIC LTD        ,91.90,95.00,L
JARO INS OF TEC MG N RE L     ,525.45,540.10,L
JAY BEE LAMINATIONS LTD       ,116.00,117.25,L
JAYKAY ENTERPRISES LTD        ,191.50,191.81,L
JHS SVENDGAARD RETAIL V L     ,25.16,26.00,L
JUNIPER HOTELS LIMITED        ,220.80,223.60,L
K.P. ENERGY LIMITED           ,326.85,335.70,L
KAMDHENU VENTURES LIMITED     ,6.56,6.58,L
KATARIA INDUSTRIES LTD        ,85.50,89.10,L
KAY CEE ENERGY & INFRA L      ,135.35,138.10,L
KONSTELEC ENGINEERS LTD       ,47.80,49.75,L
KOTAKMAMC - CHEMICAL          ,27.65,27.87,L
KRONOX LAB SCIENCES LTD       ,130.30,132.05,L
KSHITIJ POLYLINE LIMITED      ,2.06,2.10,L
KSR FOOTWEAR LIMITED          ,21.39,22.51,L
LG ELECTRONICS INDIA LTD      ,1533.20,1554.70,L
M AND B ENGINEERING LTD       ,349.85,350.05,L
MIRAEAMC - ENERGY             ,34.03,34.36,L
MIRAEAMC - SMALL250           ,15.85,16.08,L
MITTAL LIFE STYLE LIMITED     ,1.16,1.19,L
MOTILALAMC - MOENERGY         ,34.10,34.35,L
MOTILALAMC - MOIPO            ,45.45,45.96,L
MOTILALAMC - MOMNC            ,29.32,29.55,L
MOTILALAMC - MOSERVICE        ,33.47,33.56,L
MOTILALAMC - MOTOUR           ,82.66,83.44,L
MUKKA PROTEINS LIMITED        ,23.75,23.80,L
MUNISH FORGE LIMITED          ,97.00,100.50,L
NANDAN DENIM LIMITED          ,2.90,2.96,L
NAZARA TECHNOLOGIES LTD       ,221.35,222.65,L
NEOCHEM BIO SOLUTIONS LTD     ,102.60,98.00,L
NOVA AGRITECH LIMITED         ,39.97,40.40,L
OLA ELECTRIC MOBILITY LTD     ,33.20,33.60,L
OPTIVALUE TEK CONSULT LTD     ,73.00,75.00,L
ORKLA INDIA LIMITED           ,597.20,602.30,L
OSWAL PUMPS LIMITED           ,492.20,497.00,L
PACE DIGITEK LIMITED          ,195.71,199.56,L
PAKKA LIMITED                 ,101.22,102.02,L
PARAMOUNT DYE TEC LIMITED     ,44.55,46.25,L
PARAMOUNT SPECIALI FORG L     ,28.60,29.10,L
PARKHOTELS                    ,128.40,129.00,L
PATEL RETAIL LIMITED          ,203.35,210.10,L
PAUSHAK LIMITED               ,541.55,552.00,L
PAVNA INDUSTRIES LIMITED      ,26.20,27.00,L
PICCADILY AGRO INDUSTRI L     ,533.15,555.00,L
POSITRON ENERGY LIMITED       ,207.10,215.50,L
PRANIK LOGISTICS LIMITED      ,48.10,54.60,L
PRIMO CHEMICALS LIMITED       ,21.51,21.61,L
PUSHPA JEWELLERS LIMITED      ,91.00,97.65,L
QUADRANT FUTURE TEK LTD       ,254.40,266.05,L
R K SWAMY LIMITED             ,110.00,111.02,L
RAJOO ENGINEERS LIMITED       ,64.18,66.00,L
RAJSHREE POLYPACK LTD         ,16.56,16.80,L
REVATHI EQUIPMENT INDIA L     ,702.05,730.00,L
REXPRO ENTERPRISES LTD        ,55.10,57.60,L
SAATVIK GREEN ENERGY LTD      ,350.60,353.35,L
SAHAJ SOLAR LIMITED           ,138.15,140.00,L
SAKUMA EXPORTS LIMITED        ,2.11,2.17,L
SAMBHV STEEL TUBES LTD        ,86.89,90.46,L
SAMEERA AGRO AND INFRA L      ,10.60,11.05,L
SAPPHIRE FOODS INDIA LTD      ,232.03,238.50,L
SARASWATI SAREE DEPOT LTD     ,77.05,77.52,L
SARVESHWAR FOODS LIMITED      ,3.82,3.95,L
SATI POLY PLAST LIMITED       ,60.00,60.15,L
SESHAASAI TECHNOLOGIES L      ,290.20,294.35,L
SHANKARA BLDG PRODUCT LTD     ,109.32,110.33,L
SHEELA FOAM LIMITED           ,578.25,578.60,L
SHEETAL COOL PRODUCTS LTD     ,190.03,190.37,L
SHILCHAR TECHNOLOGIES LTD     ,3675.10,3749.80,L
SHIVALIK RASAYAN LIMITED      ,351.10,356.70,L
SMARTEN POWER SYSTEMS LTD     ,67.40,67.65,L
SNEHAA ORGANICS LIMITED       ,67.00,69.05,L
SOLARWORLD ENERGY SOL LTD     ,272.35,276.55,L
SPEB ADHESIVES LIMITED        ,54.15,57.00,L
SPENCER S RETAIL LIMITED      ,39.86,40.01,L
SRI LOTUS DEVLPRS N RTY L     ,151.98,153.30,L
STUDDS ACCESSORIES LTD        ,503.00,521.00,L
SUBA HOTELS LIMITED           ,132.00,134.95,L
SUDEEP PHARMA LIMITED         ,631.45,641.15,L
SUKHJIT STARCH & CHEM LTD     ,145.00,145.10,L
SULA VINEYARDS LIMITED        ,213.10,216.60,L
SUNDARAM CLAYTON LIMITED      ,1182.00,1187.80,L
SURAJ LIMITED                 ,252.50,260.05,L
SUYOG TELEMATICS LIMITED      ,585.55,595.10,L
TATA MOTORS PASS VEH LTD      ,341.70,345.80,L
TAURIAN MPS LIMITED           ,193.90,204.10,L
TINNA RUBBER AND INFR LTD     ,765.00,775.00,L
TRACXN TECHNOLOGIES LTD       ,39.88,40.16,L
TRANSINDIA REAL ESTATE L      ,23.91,24.25,L
TROM INDUSTRIES LIMITED       ,67.90,69.00,L
TRUALT BIOENERGY LIMITED      ,388.45,396.00,L
TVS SUPPLY CHAIN SOL L        ,100.01,101.31,L
UDAYSHIVAKUMAR INFRA LTD      ,21.98,22.52,L
UNITED FOODBRANDS LIMITED     ,173.75,174.00,L
UPDATER SERVICES LIMITED      ,164.18,164.34,L
USHA FINANCIAL SERVICES L     ,34.10,37.05,L
UTKARSH SMALL FIN BANK L      ,14.00,14.35,L
V.L.INFRAPROJECTS LIMITED     ,22.15,23.20,L
VAISHALI PHARMA LIMITED       ,7.82,8.25,L
VAKRANGEE LIMITED             ,7.62,7.75,L
VEDANT FASHIONS LIMITED       ,580.40,583.20,L
VIBHOR STEEL TUBES LTD        ,117.02,119.92,L
VIKRAM SOLAR LIMITED          ,228.10,235.00,L
VIKRAN ENGINEERING LTD        ,90.38,91.70,L
VISHNU PRAKASH R PUNGLI L     ,72.00,73.18,L
VISHWARAJ SUGAR IND LTD       ,6.42,6.60,L
VISHWAS AGRI SEEDS LTD        ,41.60,42.00,L
VMS TMT LIMITED               ,50.59,51.15,L
VRAJ IRON AND STEEL LTD       ,122.99,125.00,L
WINSOL ENGINEERS LIMITED      ,151.05,152.60,L
ZEAL GLOBAL SERVICES LTD      ,95.10,97.00,L
ZERODHAAMC - SML100CASE       ,9.48,9.59,L
