SYMBOL,SERIES,SECURITY,HIGH/LOW,INDEX FLAG
AAATECH,EQ,AAA TECHNOLOGIES LIMITED,H
ABMINTLLTD,EQ,ABM INTERNATIONAL LTD,H
AGSTRA,BZ,AGS TRANSACT TECH LTD,H
AKANKSHA,SM,AKANKSHA POWER N INFRA L,H
ALPSINDUS,BE,ALPS INDUSTRIES LTD.,H
APS,SM,AUSTRALIAN PREM SOLAR I L,H
ARIHANTACA,SM,ARIHANT ACADEMY LIMITED,H
ARSHIYA,BZ,ARSHIYA LIMITED,H
ATLANTAA,EQ,ATLANTAA LIMITED,H
BAJAJINDEF,EQ,INDEF MANUFACTURING LTD,H
BAJEL,EQ,BAJEL PROJECTS LIMITED,H
BANKA,EQ,BANKA BIOLOO LIMITED,H
BBOX,EQ,BLACK BOX LIMITED,H
BGLOBAL,BZ,BHARATIYA GLOBAL INFO LTD,H
BGRENERGY,BE,BGR ENERGY SYSTEMS LTD,H
BHARATSE,EQ,BHARAT SEATS LIMITED,H
CADSYS,SM,CADSYS (INDIA) LIMITED,H
CALSOFT,EQ,CALIFORNIA SOFTWARE CO LT,H
CALSOFTPP,E1,CALSOFT RS.2.50 PPD UP,H
CAPTRUST,EQ,CAPITAL TRUST LIMITED,H
CEREBRAINT,BZ,CEREBRA INT TECH LTD,H
CMICABLES,BZ,CMI LIMITED,H
CPS,SM,C P S SHAPERS LIMITED,H
CYBERMEDIA,BE,CYBER MEDIA (INDIA) LTD.,H
CYBERPP,X1,CYBERMEDIA RS.5 PPD UP,H
DCMFINSERV,EQ,DCM FINANCIAL SERVICES LT,H
DHTL,ST,DOCMODE HEALTH TECH LTD,H
DIGISPICE,BE,DIGISPICE TECHNOLOGIES LT,H
DIVINEHIRA,SM,DIVINE HIRA JEWELLERS LTD,H
E2E,EQ,E2E NETWORKS LIMITED,H
EASTSILK,BE,EASTERN SILK INDUSTRIES L,H
FEL,BZ,FUTURE ENTERPRISES LTD,H
FELDVR,BZ,FUTURE ENTERPRISES LTD,H
GANGAFORGE,EQ,GANGA FORGING LIMITED,H
GATECH,EQ,GACM TECHNOLOGIES LIMITED,H
GATECHDVR,BE,GACM TECHNOLOGIES LIMITED,H
GAYAHWS,BE,GAYATRI HIGHWAYS LIMITED,H
GAYAPROJ,BZ,GAYATRI PROJECTS LTD,H
GFSTEELS,BE,GRAND FOUNDRY LTD,H
GOENKA,BZ,GOENKA DIAMOND&JEWELS LTD,H
GSMFOILS,ST,GSM FOILS LIMITED,H
GSTL,SM,GLOBESECURE TECHNO LTD,H
GVKPIL,BE,GVK POW. & INFRA LTD.,H
GVPTECHPP,E1,GVPTECH RE.1 PPD UP,H
HBSL,EQ,HB STOCKHOLDINGS LIMITED,H
IDEALTECHO,ST,IDEAL TECHNOPLAST IND LTD,H
IL&FSTRANS,BZ,IL&FS TRANS NET LTD,H
INDBANK,EQ,INDBANK MERCH BANK,H
INDIFRA,ST,INDIFRA LIMITED,H
INDOBORAX,BE,INDO BORAX & CHEMICAL LTD,H
INDOTECH,EQ,INDO TECH TRANSFORM LTD.,H
INOXGREEN,EQ,INOX GREEN ENERGY SER LTD,H
IVZINGOLD,EQ,INVESCO INDIA GOLD ETF,H
IWARE,ST,IWARE SUPPLYCHAIN SER LTD,H
IZMO,BE,IZMO LIMITED,H
JAKHARIA,ST,JAKHARIA FABRIC LIMITED,H
JNKINDIA,EQ,JNK INDIA LIMITED,H
JPASSOCIAT,BE,JAIPRAKASH ASSOCIATES LTD,H
KHAITANLTD,EQ,KHAITAN (INDIA)LTD.,H
KIOCL,EQ,KIOCL LIMITED,H
KRIDHANINF,EQ,KRIDHAN INFRA LIMITED,H
KTL,SZ,KALAHRIDHAAN TRENDZ LTD,H
LAKPRE,BZ,LAKSHMI PRE SCRE LTD,H
LYPSAGEMS,EQ,LYPSA GEMS & JEWEL LTD,H
MAFANG,EQ,MIRAEAMC - MAFANG,H
MAHKTECH,EQ,MIRAEAMC - MAHKTECH,H
MANAV,SM,MANAV INFRA PROJECTS LTD,H
MASPTOP50,EQ,MIRAEAMC - MASPTOP50,H
MCLEODRUSS,EQ,MCLEOD RUSSEL INDIA LTD.,H
MEP,BZ,MEP INFRA. DEVELOPERS LTD,H
MGSL,ST,MATRIX GEO SOLUTIONS LTD,H
MONQ50,EQ,MOTILALAMC - MONQ50,H
NIRMAN,SM,NIRMAN AGRI GENTICS LTD,H
ORIANA,SM,ORIANA POWER LIMITED,H
ORIENTTECH,EQ,ORIENT TECHNOLOGIES LTD,H
ORTEL,BZ,ORTEL COMMUNICATIONS LTD,H
ORTINGLOBE,BE,ORTIN GLOBAL LIMITED,H
PALREDTEC,EQ,PALRED TECHNOLOGIES LTD,H
PANACHE,BE,PANACHE DIGILIFE LIMITED,H
PARSVNATH,BE,PARSVNATH DEVELOPER LTD,H
PRAXIS,BE,PRAXIS HOME RETAIL LTD,H
PRIZOR,ST,PRIZOR VIZTECH LIMITED,H
PURPLEUTED,ST,PURPLE UNITED SALES LTD,H
RAJOOENG,EQ,RAJOO ENGINEERS LIMITED,H
RELTD,EQ,RAVINDRA ENERGY LIMITED,H
RICHA,SM,RICHA INFO SYSTEMS LTD,H
ROLLT,EQ,ROLLATAINERS LIMITED,H
ROML,EQ,RAJ OIL MILLS LIMITED,H
RVHL,BE,RAVINDER HEIGHTS LIMITED,H
SAIFL,SM,SAMEERA AGRO AND INFRA L,H
SAMBHAAV,EQ,SAMBHAAV MEDIA LTD,H
SANWARIA,BZ,SANWARIA CONSUMER LIMITED,H
SHANTI,EQ,SHANTI OVERSEAS INDIA LTD,H
SIGMA,EQ,SIGMA SOLVE LIMITED,H
SITINET,BZ,SITI NETWORKS LIMITED,H
SPCENET,EQ,SPACENET ENTERS IND LTD,H
SWANDEF,BE,SWAN DEFENCE N HEVY IND L,H
TAKE,EQ,TAKE SOLUTIONS LTD,H
TARACHAND,EQ,TARA CHAND INFRA SOLN LTD,H
TARAPUR,EQ,TARAPUR TRANSFORMERS LTD,H
TCIFINANCE,EQ,TCI FINANCE LTD,H
TECHD,ST,TECHD CYBERSECURITY LTD,H
THESL,SM,THINKING HATS ENTER SOL L,H
TIMESCAN,SM,TIMESCAN LOGISTICS IND L,H
TIRUPATIFL,EQ,TIRUPATI FORGE LIMITED,H
TNTELE,EQ,TAMILNADU TELECOMMUNICATI,H
TPHQ,EQ,TEAMO PRODUCTIONS HQ LTD,H
TRANSWIND,SM,TRANSWIND INFRA LIMITED,H
TRUST,SM,TRUST FINTECH LIMITED,H
UEL,BE,UJAAS ENERGY LIMITED,H
UNITECH,BZ,UNITECH LIMITED,H
URAVIDEF,EQ,URAVI DEFENCE &TECH LTD,H
VELS,SM,VELS FILM INTERNATIONAL L,H
VENUSREM,EQ,VENUS REMEDIES LIMITED,H
VERTEXPLUS,ST,VERTEXPLUS TECHNOLOGIES L,H
VISASTEEL,EQ,VISA STEEL LIMITED,H
VLEGOV,EQ,VL E GOV AND IT SOL LTD,H
WAAREEINDO,BE,INDOSOLAR LIMITED,H
YUDIZ,SM,YUDIZ SOLUTIONS LIMITED,H
21STCENMGM,EQ,21ST CENTURY MGMT SERVICE,L
AESTHETIK,SM,AESTHETIK ENGINEERS LTD,L
ALPSINDUS,BE,ALPS INDUSTRIES LTD.,L
ANKITMETAL,BZ,ANKIT MET & POW LTD,L
ASPIRE,SM,ASPIRE & INNOVATIVE ADV L,L
ASTRON,EQ,ASTRON PAPER BORD MIL LTD,L
BALCO,SM,SOLVE PLASTIC PRODUCTS L,L
BHARATGEAR,BE,BHARAT GEARS LTD,L
BLUECHIP,BE,BLUE CHIP INDIA LIMITED,L
BLUECOAST,BE,BLUE COAST HOTELS LIMITED,L
BMWVENTLTD,BE,BMW VENTURES LIMITED,L
C2C,ST,C2C ADVANCED SYSTEMS LTD,L
CMRSL,SM,CYBER MEDIA RES & SER LTD,L
COOLCAP-RE,ST,COOL CAPS INDUSTRIES LTD,L
CYBERTECH,EQ,CYBERTECH SYSTEMS & SOFTW,L
DESTINY,SM,DESTINY LOGISTICS & I LTD,L
EDUCOMP,BZ,EDUCOMP SOLUTIONS LTD,L
ESFL,SM,ESSEN SPECIALITY FILMS L,L
FCONSUMER,BE,FUTURE CONSUMER LIMITED,L
FELDVR,BZ,FUTURE ENTERPRISES LTD,L
FLFL,BZ,FUT LIFESTYLE FASH LTD,L
FMNL,EQ,FUTURE MKT NETWORKS LTD,L
FORGEAUTO,ST,FORGE AUTO INTERNATION L,L
FSC,BZ,FUTURE SUPP CHAIN SOL LTD,L
GENSOL,BE,GENSOL ENGINEERING LTD,L
GIRIRAJ,SM,GIRIRAJ CIVIL DEVP LTD,L
GML,SM,GALAXY MEDICARE LIMITED,L
GTECJAINX,EQ,G-TEC JAINX EDUCATION LTD,L
GURUNANAK,ST,GURUNANAK AGRICULTUR IN L,L
HEMIPROP,EQ,HEMISPHERE PROP IND LTD,L
HOACFOODS,SM,HOAC FOODS INDIA LIMITED,L
IL&FSENGG,BZ,IL&FS ENG AND CONS CO LTD,L
INFLUX,ST,INFLUX HEALTHTECH LIMITED,L
INNOMET,SM,INNOMET ADVANCED MATERI L,L
ISHAN,SM,ISHAN INTERNATIONAL LTD,L
JKIPL,BE,JINKUSHAL INDUSTRIES LTD,L
KAVDEFENCE,BE,KAVVERI DFS & WIR TEC LTD,L
KCK,ST,KCK INDUSTRIES LTD,L
KTL,SZ,KALAHRIDHAAN TRENDZ LTD,L
LAKPRE,BZ,LAKSHMI PRE SCRE LTD,L
LAL,EQ,LORENZINI APPARELS LTD,L
LCCINFOTEC,EQ,LCC INFOTECH LTD,L
MARSHALL,BZ,MARSHALL MACHINES LTD,L
MASTERTR,EQ,MASTER TRUST LIMITED,L
MCL,BE,MADHAV COPPER LIMITED,L
MEGAFLEX,SM,MEGA FLEX PLASTICS LTD,L
MEGASOFT,EQ,MEGASOFT LTD,L
MIEL,ST,MANGLAM INFRA & ENG LTD,L
MOHITIND,BE,MOHIT INDUSTRIES LTD,L
MPEL,ST,MANAS POLYMER N ENERGIE L,L
NATCAPSUQ,BE,NATURAL CAPSULES LIMITED,L
NIRAJISPAT,EQ,NIRAJ ISPAT IND LTD,L
NIRMAN,SM,NIRMAN AGRI GENTICS LTD,L
NOIDATOLL,BE,NOIDA TOLL BRIDGE CO LTD,L
OBSCP,SM,OBSC PERFECTION LIMITED,L
ODIGMA,BE,ODIGMA CONSULTANCY SOL L,L
OSELDEVICE,ST,OSEL DEVICES LIMITED,L
OSIAHYPER,BE,OSIA HYPER RETAIL LIMITED,L
PERFECT,SZ,PERFECT INFRAENGINEER LTD,L
PRUDMOULI,EQ,PRUDENTIAL SUGAR CORPORAT,L
QUADPRO,SM,QUADPRO ITES LIMITED,L
QUINTEGRA,BE,QUINTEGRA SOLUTIONS LTD.,L
QVCEL,SM,QVC EXPORTS LIMITED,L
RADAAN,EQ,RADAAN MEDIAWORKS (I) LTD,L
REFRACTORY,SM,REFRACTORY SHAPES LIMITED,L
SANCO,BZ,SANCO INDUSTRIES LIMITED,L
SANWARIA,BZ,SANWARIA CONSUMER LIMITED,L
SAROJA,ST,SAROJA PHARMA INDUS IND L,L
SEJALLTD,EQ,SEJAL GLASS LIMITED,L
SETUINFRA,BZ,SETUBANDHAN INFRA LTD,L
SHANKARA,BE,SHANKARA BLDG PRODUCT LTD,L
SICALLOG,BE,SICAL LOGISTICS LIMITED,L
SIDDHICOTS,ST,SIDDHI COTSPIN LIMITED,L
SIGNORIA,SM,SIGNORIA CREATION LIMITED,L
SKIL,BZ,SKIL INFRASTRUCTURE LTD.,L
SPECTSTM,SM,SPECTRUM TALENT MGMT LTD,L
SUMEETINDS,EQ,SUMEET IND LIMITED,L
SUPREMEENG,BE,SUPREME ENGINEERING LTD,L
SUULD,BZ,SUUMAYA INDUSTRIES LTD,L
SYNOPTICS,SM,SYNOPTICS TECHNOLOGIES L,L
TBI,SM,TBI CORN LIMITED,L
TRANSWIND,SM,TRANSWIND INFRA LIMITED,L
TRU,EQ,TRUCAP FINANCE LIMITED,L
UNIMECH,EQ,UNIMECH AEROSPACE N MFG L,L
UNITEDPOLY,BE,UNITED POLYFAB GUJ. LTD.,L
VIAZ,ST,VIAZ TYRES LIMITED,L
VMSTMT,BE,VMS TMT LIMITED,L
VSCL,SM,VADIVARHE SPCLTY CHEM LTD,L
