GAIN_LOSS,SECURITY,CLOSE_PRIC,PREV_CL_PR,PERCENT_CG
 ,Nifty 50 Sec., , , 
 , , , , 
G,SHRIRAM FINANCE LIMITED,       671.45,       645.80,3.97
G,TATA CONSULTANCY SERV LT,      2988.40,      2901.90,2.98
G,APOLLO HOSPITALS ENTER. L,      7662.00,      7449.50,2.85
G,TECH MAHINDRA LIMITED,      1439.30,      1400.60,2.76
G,AXIS BANK LIMITED,      1212.80,      1181.00,2.69
G,KOTAK MAHINDRA BANK LTD,      2146.00,      2100.50,2.17
G,INFOSYS LIMITED,      1476.00,      1446.60,2.03
G,ETERNAL LIMITED,       335.10,       328.45,2.02
G,BAJAJ FINANCE LIMITED,      1008.90,       989.75,1.93
G,HCL TECHNOLOGIES LTD,      1417.70,      1393.50,1.74
G,BAJAJ FINSERV LTD.,      2033.20,      2000.90,1.61
G,JIO FIN SERVICES LTD,       306.25,       301.70,1.51
G,SUN PHARMACEUTICAL IND L,      1654.70,      1631.20,1.44
G,BAJAJ AUTO LIMITED,      8792.00,      8679.50,1.3
G,MARUTI SUZUKI INDIA LTD.,     15998.00,     15806.00,1.21
G,NESTLE INDIA LIMITED,      1181.70,      1169.90,1.01
G,OIL AND NATURAL GAS CORP.,       245.86,       243.66,.9
G,HDFC BANK LTD,       973.45,       965.15,.86
G,RELIANCE INDUSTRIES LTD,      1375.00,      1363.40,.85
G,STATE BANK OF INDIA,       874.05,       867.30,.78
G,GRASIM INDUSTRIES LTD,      2807.40,      2791.40,.57
G,HERO MOTOCORP LIMITED,      5581.50,      5550.50,.56
G,HDFC LIFE INS CO LTD,       763.05,       759.20,.51
G,WIPRO LTD,       242.13,       240.98,.48
G,TATA CONSUMER PRODUCT LTD,      1142.10,      1137.50,.4
G,BHARTI AIRTEL LIMITED,      1903.10,      1896.70,.34
G,ULTRATECH CEMENT LIMITED,     12055.00,     12019.00,.3
G,MAHINDRA & MAHINDRA LTD,      3472.00,      3462.00,.29
G,BHARAT ELECTRONICS LTD,       413.25,       412.65,.15
G,LARSEN & TOUBRO LTD.,      3737.00,      3733.10,.1
 , , , , 
L,TATA STEEL LIMITED,       170.06,       173.21,-1.82
L,ADANI PORT & SEZ LTD,      1400.50,      1419.10,-1.31
L,INDUSIND BANK LIMITED,       739.30,       747.40,-1.08
L,POWER GRID CORP. LTD.,       286.90,       289.70,-0.97
L,EICHER MOTORS LTD,      6880.00,      6941.00,-0.88
L,ITC LTD,       400.75,       404.30,-0.88
L,NTPC LTD,       339.10,       342.00,-0.85
L,TITAN COMPANY LIMITED,      3425.40,      3453.30,-0.81
L,TRENT LTD,      4777.30,      4815.70,-0.8
L,SBI LIFE INSURANCE CO LTD,      1770.90,      1785.10,-0.8
L,ADANI ENTERPRISES LIMITED,      2573.50,      2589.90,-0.63
L,TATA MOTORS LIMITED,       712.65,       716.10,-0.48
L,HINDALCO  INDUSTRIES  LTD,       776.70,       780.35,-0.47
L,COAL INDIA LTD,       381.90,       383.35,-0.38
L,CIPLA LTD,      1513.10,      1517.70,-0.3
L,JSW STEEL LIMITED,      1159.90,      1161.70,-0.15
L,ICICI BANK LTD.,      1363.40,      1365.20,-0.13
L,ASIAN PAINTS LIMITED,      2354.80,      2357.80,-0.13
L,HINDUSTAN UNILEVER LTD.,      2541.80,      2544.90,-0.12
 , , , , 
 ,Nifty Next 50 Sec., , , 
 , , , , 
G,CHOLAMANDALAM IN & FIN CO,      1634.10,      1570.90,4.02
G,INFO EDGE (I) LTD,      1379.90,      1333.90,3.45
G,ADANI POWER LTD,       151.99,       147.38,3.13
G,LTIMINDTREE LIMITED,      5274.00,      5120.00,3.01
G,INDIAN OIL CORP LTD,       154.84,       150.39,2.96
G,SIEMENS LTD,      3251.70,      3164.10,2.77
G,SWIGGY LIMITED,       421.55,       413.85,1.86
G,TVS MOTOR COMPANY  LTD,      3510.90,      3456.10,1.59
G,ADANI ENERGY SOLUTION LTD,       926.65,       916.35,1.12
G,BANK OF BARODA,       266.60,       263.95,1
G,DLF LIMITED,       735.25,       729.20,0.83
G,ICICI LOMBARD GIC LIMITED,      1925.80,      1911.60,0.74
G,CANARA BANK,       126.76,       125.90,0.68
G,ABB INDIA LIMITED,      5218.00,      5183.50,0.67
G,INTERGLOBE AVIATION LTD,      5694.50,      5657.00,0.66
G,HAVELLS INDIA LIMITED,      1497.70,      1488.10,0.65
G,ZYDUS LIFESCIENCES LTD,       994.65,       988.30,0.64
G,BHARAT PETROLEUM CORP  LT,       343.60,       341.55,0.6
G,BOSCH LIMITED,     38800.00,     38630.00,0.44
G,SHREE CEMENT LIMITED,     29295.00,     29180.00,0.39
G,TORRENT PHARMACEUTICALS L,      3526.00,      3514.70,0.32
G,BRITANNIA INDUSTRIES LTD,      6011.00,      5992.50,0.31
G,BAJAJ HOUSING FINANCE LTD,       111.77,       111.51,0.23
G,LIFE INSURA CORP OF INDIA,       907.15,       905.25,0.21
G,JSW ENERGY LIMITED,       541.00,       539.90,0.2
G,LODHA DEVELOPERS LIMITED,      1115.10,      1113.00,0.19
G,TATA POWER CO LTD,       395.55,       394.90,0.16
G,PUNJAB NATIONAL BANK,       114.54,       114.37,0.15
 , , , , 
L,AVENUE SUPERMARTS LIMITED,      4301.60,      4418.40,-2.64
L,JINDAL STEEL LIMITED,      1055.90,      1076.50,-1.91
L,POWER FIN CORP LTD.,       405.90,       412.20,-1.53
L,HYUNDAI MOTOR INDIA LTD,      2480.80,      2507.60,-1.07
L,ADANI GREEN ENERGY LTD,      1059.40,      1070.30,-1.02
L,VARUN BEVERAGES LIMITED,       438.95,       443.45,-1.01
L,DIVI S LABORATORIES LTD,      5826.50,      5866.00,-0.67
L,REC LIMITED,       378.05,       380.35,-0.6
L,DABUR INDIA LTD,       493.35,       496.15,-0.56
L,HINDUSTAN AERONAUTICS LTD,      4845.20,      4870.40,-0.52
L,INDIAN RAILWAY FIN CORP L,       125.24,       125.85,-0.48
L,SAMVRDHNA MTHRSN INTL LTD,       106.22,       106.67,-0.42
L,GAIL (INDIA) LTD,       176.62,       177.36,-0.42
L,AMBUJA CEMENTS LTD,       573.80,       576.15,-0.41
L,CG POWER AND IND SOL LTD,       745.40,       747.50,-0.28
L,BAJAJ HOLDINGS & INVS LTD,     11802.00,     11819.00,-0.14
L,THE INDIAN HOTELS CO. LTD,       723.55,       724.45,-0.12
L,GODREJ CONSUMER PRODUCTS,      1147.60,      1149.00,-0.12
L,UNITED SPIRITS LIMITED,      1361.00,      1362.60,-0.12
L,ICICI PRU LIFE INS CO LTD,       600.45,       601.10,-0.11
L,PIDILITE INDUSTRIES LTD,      1489.00,      1489.60,-0.04
L,VEDANTA LIMITED,       470.80,       470.95,-0.03
 , , , , 
 ,OTHER SECURITIES, , , 
 , , , , 
G,ATLANTAA LIMITED,        66.78,        55.65,20
G,INDBANK MERCH BANK,        39.58,        32.99,19.98
G,ARIHANT ACADEMY LIMITED,       508.95,       425.10,19.72
G,RAJ OIL MILLS LIMITED,        61.04,        51.18,19.27
G,AAA TECHNOLOGIES LIMITED,       125.44,       105.28,19.15
G,ORIENT TECHNOLOGIES LTD,       505.40,       425.15,18.88
G,TARA CHAND INFRA SOLN LTD,        83.85,        70.54,18.87
G,KIOCL LIMITED,       627.60,       528.80,18.68
G,MIRAEAMC - MAHKTECH,        34.13,        29.66,15.07
G,ISHAN DYES N CHEMICALS L,        69.24,        61.51,12.57
G,INDIA TOUR. DEV. CO. LTD.,       672.85,       599.50,12.24
G,SERVICE CARE LIMITED,        52.20,        47.00,11.06
G,SHREE TIRUPATI BALAJEE L,        51.98,        46.90,10.83
G,REPRO INDIA LIMITED,       502.70,       454.20,10.68
G,IRIS CLOTHINGS LIMITED,        35.36,        31.95,10.67
G,TAURIAN MPS LIMITED,       408.75,       369.50,10.62
G,ANONDITA MEDICARE LIMITED,       429.35,       388.45,10.53
G,SEC RE NCD 10.35% SR III,       880.00,       800.00,10
G,MCLEOD RUSSEL INDIA LTD.,        47.20,        42.91,10
G,JNK INDIA LIMITED,       305.40,       277.65,9.99
G,TAMILNADU TELECOMMUNICATI,        12.68,        11.53,9.97
G,TRUST FINTECH LIMITED,        50.40,        45.85,9.92
G,SAMBHAAV MEDIA LTD,         7.07,         6.45,9.61
G,INTL CONVEYORS LIMITED,       110.73,       101.40,9.2
G,SEC RE NCD 8.45% SR 1,      1090.19,       999.00,9.13
G,LE TRAVENUES TECHNOLOGY L,       311.75,       286.40,8.85
G,GVPTECH RE.1 PPD UP,         4.89,         4.50,8.67
G,DEEM ROLL TECH LIMITED,        58.00,        53.45,8.51
G,GVP INFOTECH LIMITED,        10.06,         9.29,8.29
G,CENTURY EXTRUSIONS LTD,        25.96,        24.01,8.12
 , , , , 
L,COOL CAPS INDUSTRIES LTD,         4.20,         5.25,-20
L,AARTI SURFACTANTS LIMITED,       138.10,       172.00,-19.71
L,HEMISPHERE PROP IND LTD,       149.52,       184.00,-18.74
L,CYBERTECH SYSTEMS & SOFTW,       225.80,       270.89,-16.65
L,MASTER TRUST LIMITED,       137.58,       161.91,-15.03
L,SEC RED NCD 10.6% SR. VII,      1050.79,      1231.00,-14.64
L,8.48%S-R-NCD SERIES 2A,      1157.00,      1298.00,-10.86
L,PROZONE REALTY LIMITED,        59.16,        66.04,-10.42
L,INVESCO INDIA GOLD ETF,     10618.75,     11853.30,-10.42
L,SUMEET IND LIMITED,        34.25,        38.06,-10.01
L,GALAXY MEDICARE LIMITED,        23.70,        26.30,-9.89
L,SAHASRA ELECTRONIC SOLU L,       284.35,       315.40,-9.84
L,SAT KARTAR SHOPPING LTD,       145.00,       160.00,-9.38
L,VARDHAMAN ACRYLICS LTD,        40.25,        44.41,-9.37
L,UMIYA BUILDCON LIMITED,        91.21,        99.30,-8.15
L,PARAMATRIX TECHNOLOGIES L,        80.20,        86.70,-7.5
L,LUMAX INDUSTRIES LTD,      4910.00,      5306.00,-7.46
L,RAPPID VALVES (INDIA) LTD,       305.40,       328.95,-7.16
L,SNEHAA ORGANICS LIMITED,        91.05,        98.00,-7.09
L,SPUNWEB NONWOVEN LIMITED,       150.65,       161.95,-6.98
L,RACL GEARTECH LIMITED,      1154.40,      1237.00,-6.68
L,RNFI SERVICES LIMITED,       350.45,       375.50,-6.67
L,AEROFLEX ENTERPRISES LTD,        86.55,        92.69,-6.62
L,PARAMOUNT DYE TEC LIMITED,        55.00,        58.90,-6.62
L,SOMI CONVEYOR BELT. LTD.,       148.91,       159.45,-6.61
L,CASH UR DRIVE MARKETING L,       140.40,       150.00,-6.4
L,JYOTI GLOBAL PLAST LTD,        50.10,        53.50,-6.36
L,N R VANDANA TEX IND LTD,        50.15,        53.55,-6.35
L,ASHAPURA MINECHEM LTD,       647.30,       690.75,-6.29
L,UNITED HEAT TRANSFER LTD,        87.25,        93.00,-6.18
