SERIES,SYMBOL,SECURITY,RECORD_DT,BC_STRT_DT,BC_END_DT,EX_DT,ND_STRT_DT,ND_END_DT,PURPOSE
BE,AGIIL,Agi Infra Limited,10/10/2025, , ,10/10/2025, , ,FVSPLT FRM RS 5 TO RE 1  
BE,SUMEETINDS,Sumeet Ind Limited,03/10/2025, , ,03/10/2025, , ,FVSPLT FRM RS 10 TO RS 2 
BE,SIGMA,Sigma Solve Limited,06/10/2025, , ,06/10/2025, , ,FVSPLT FRM RS 10 TO RE 1 
BE,GLENMARK,Glenmark Pharma Ltd,03/10/2025, , ,03/10/2025, , ,INTDIV - RS 2.50 PER SH  
BE,SHILPAMED,Shilpa Medicare Ltd,03/10/2025, , ,03/10/2025, , ,BONUS 1:1                
BE,FCL,Fineotex Chemical Limited,03/10/2025, , ,03/10/2025, , ,INTDIV - RE 0.80 PER SH  
BO,SIGMA,Sigma Solve Limited,06/10/2025, , ,06/10/2025, , ,FVSPLT FRM RS 10 TO RE 1 
E1,SEPCPP,SEPC Rs.5 ppd up,30/09/2025, , , , , ,FSTFINCL RS 5 PR SH      
EQ,SIGMA,Sigma Solve Limited,06/10/2025, , ,06/10/2025, , ,FVSPLT FRM RS 10 TO RE 1 
EQ,GLENMARK,Glenmark Pharma Ltd,03/10/2025, , ,03/10/2025, , ,INTDIV - RS 2.50 PER SH  
EQ,AGIIL,Agi Infra Limited,10/10/2025, , ,10/10/2025, , ,FVSPLT FRM RS 5 TO RE 1  
EQ,SHILPAMED,Shilpa Medicare Ltd,03/10/2025, , ,03/10/2025, , ,BONUS 1:1                
EQ,SUMEETINDS,Sumeet Ind Limited,03/10/2025, , ,03/10/2025, , ,FVSPLT FRM RS 10 TO RS 2 
EQ,FCL,Fineotex Chemical Limited,03/10/2025, , ,03/10/2025, , ,INTDIV - RE 0.80 PER SH  
GB,SGBOCT25V,2.50% GOLDBONDS2025SR-V,28/10/2025, , , , , ,REDEMPTION               
GB,SGBOCT25,2.50% GOLDBONDS2025SR-III,14/10/2025, , , , , ,REDEMPTION               
GB,SGBOCT25IV,2.50% GOLDBONDS2025SR-IV,18/10/2025, , , , , ,REDEMPTION               
GS,GS101025C,GOI STRIPS C 101025,08/10/2025, , , , , ,REDEMPTION               
GS,GS261025C,GOI STRIPS C 261025,20/10/2025, , , , , ,REDEMPTION               
N0,815ANN29,ANN 8.15% 2029 STRPP A,30/09/2025, , ,30/09/2025, , ,INTEREST PAYMENT         
N0,111ESFB31,ESFB 11.1% 2031 Sr 1,01/10/2025, , ,01/10/2025, , ,INTEREST PAYMENT         
N0,975ISF28,ISF 9.75% NCD 2028,01/10/2025, , ,01/10/2025, , ,INTEREST PAYMENT         
N0,950ISF27A,ISF 9.50% 2027,07/10/2025, , ,07/10/2025, , ,INTEREST PAYMENT         
N0,950ISF27B,ISF 9.50% 2027,04/10/2025, , ,03/10/2025, , ,INT PAYMNT/PART REDMPTN  
N0,774LICH27,LICH 7.74% 2027 Sr 448,07/10/2025, , ,07/10/2025, , ,INTEREST PAYMENT         
N0,757LICH29,LICH 7.57% 2029 Sr 447,03/10/2025, , ,03/10/2025, , ,INTEREST PAYMENT         
N0,87IHFL25,IHFL 8.7% 2025 Sr G1,03/10/2025, , ,03/10/2025, , ,INT PAYMENT/REDEMPTION   
N0,815ANN32,ANN 8.15% 2032 STRPP D,30/09/2025, , ,30/09/2025, , ,INTEREST PAYMENT         
N0,815ANN31,ANN 8.15% 2031 STRPP C,30/09/2025, , ,30/09/2025, , ,INTEREST PAYMENT         
N0,815ANN30,ANN 8.15% 2030 STRPP B,30/09/2025, , ,30/09/2025, , ,INTEREST PAYMENT         
N0,725IRFC35B,IRFCL 7.25% 2035 Sr 186,30/09/2025, , ,30/09/2025, , ,INTEREST PAYMENT         
N0,717IRFC35,IRFCL 7.17% 2035 Sr 188,30/09/2025, , ,30/09/2025, , ,INTEREST PAYMENT         
N0,728IRFC40,IRFCL 7.28% 2040 Sr 187,30/09/2025, , ,30/09/2025, , ,INTEREST PAYMENT         
N1,735PFCL35,7.35% Tax Free NCD,01/10/2025, , ,01/10/2025, , ,INTEREST PAYMENT         
N2,810IRFC27,BOND 8.10% PA Tax Free S2,30/09/2025, , ,30/09/2025, , ,INTEREST PAYMENT         
N3,760PFCL35,7.60% Tax Free NCD,01/10/2025, , ,01/10/2025, , ,INTEREST PAYMENT         
N4,734IRFC28,7.34 NCD 19FEB28 Tr1 Sr2,30/09/2025, , ,30/09/2025, , ,INTEREST PAYMENT         
N5,1025NFL25,Sec Re NCD 10.25% Sr.II,03/10/2025, , ,03/10/2025, , ,INT PAYMENT/REDEMPTION   
N6,704IRFC28,BOND 7.04% PA Tax Free S2,30/09/2025, , ,30/09/2025, , ,INTEREST PAYMENT         
N6,1075NFL25,Sec Re NCD 10.75% Sr.III,03/10/2025, , ,03/10/2025, , ,INT PAYMENT/REDEMPTION   
N7,1050NFL26,Sec Re NCD 10.50% Sr.IV,03/10/2025, , ,03/10/2025, , ,INTEREST PAYMENT         
NB,885AEL28,AEL 8.85% 2028 Sr III,01/10/2025, , ,01/10/2025, , ,INTEREST PAYMENT         
NE,9AEL30,AEL 9% 2030 Sr VI,01/10/2025, , ,01/10/2025, , ,INTEREST PAYMENT         
NF,707IRFC25,Tax Free 7.07% Sr. 102,30/09/2025, , ,30/09/2025, , ,INTEREST PAYMENT         
NG,728IRFC30,Tax Free  7.28% Sr. 103,30/09/2025, , ,30/09/2025, , ,INTEREST PAYMENT         
NG,852LTF27,SeReNCD 8.52% Sr.VII OpI,30/09/2025, , ,30/09/2025, , ,INTEREST PAYMENT         
NH,725IRFC35,Tax Free  7.25% Sr. 104,30/09/2025, , ,30/09/2025, , ,INTEREST PAYMENT         
NH,87LTF27,SeReNCD 8.70% Sr.VII OpII,30/09/2025, , ,30/09/2025, , ,INTEREST PAYMENT         
NI,732IRFC25,Tax Free  7.32% Sr. 102 A,30/09/2025, , ,30/09/2025, , ,INTEREST PAYMENT         
NJ,753IRFC30,Tax Free  7.53% Sr. 103 A,30/09/2025, , ,30/09/2025, , ,INTEREST PAYMENT         
NK,750IRFC35,Tax Free  7.50% Sr. 104 A,30/09/2025, , ,30/09/2025, , ,INTEREST PAYMENT         
NL,704IRFC26,Tax Free 7.04% Sr. 107,30/09/2025, , ,30/09/2025, , ,INTEREST PAYMENT         
NM,735IRFC31,Tax Free  7.35% Sr. 108,30/09/2025, , ,30/09/2025, , ,INTEREST PAYMENT         
NN,729IRFC26,Tax Free  7.29% Sr. 107A,30/09/2025, , ,30/09/2025, , ,INTEREST PAYMENT         
NO,764IRFC31,Tax Free  7.64% Sr. 108A,30/09/2025, , ,30/09/2025, , ,INTEREST PAYMENT         
NP,757IRFC29,IRFC 7.57% 2029 Sr 175,30/09/2025, , ,30/09/2025, , ,INTEREST PAYMENT         
NQ,748IRFC34A,IRFCL 7.48% 2034 Sr 176,30/09/2025, , ,30/09/2025, , ,INTEREST PAYMENT         
NR,744IRFC34,IRFC 7.44% 2034 Sr 177,30/09/2025, , ,30/09/2025, , ,INTEREST PAYMENT         
NS,746IRFC29,IRFC 7.46% 2029 Sr 178,30/09/2025, , ,30/09/2025, , ,INTEREST PAYMENT         
SG,594CG25,SDL CG 5.94% 2025,04/10/2025, , , , , ,REDEMPTION               
SG,604AS25,SDL AS 6.04% 2025,04/10/2025, , , , , ,REDEMPTION               
SG,538CG25,SDL CG 5.38% 2025,24/10/2025, , , , , ,REDEMPTION               
SG,747GJ25,SDL GJ 7.47% 2025,23/10/2025, , , , , ,REDEMPTION               
SG,763ML25,SDL ML 7.63% 2025,23/10/2025, , , , , ,REDEMPTION               
SM,MOS,Mos Utility Limited,14/10/2025, , ,14/10/2025, , ,BONUS 1:1                
SM,USASEEDS,Upsurge Seeds of Agri Ltd,10/10/2025, , ,10/10/2025, , ,BONUS 3:7                
SQ,USASEEDS,Upsurge Seeds of Agri Ltd,10/10/2025, , ,10/10/2025, , ,BONUS 3:7                
SQ,MOS,Mos Utility Limited,14/10/2025, , ,14/10/2025, , ,BONUS 1:1                
ST,MOS,Mos Utility Limited,14/10/2025, , ,14/10/2025, , ,BONUS 1:1                
ST,USASEEDS,Upsurge Seeds of Agri Ltd,10/10/2025, , ,10/10/2025, , ,BONUS 3:7                
U1,735PFCL35,7.35% Tax Free NCD,01/10/2025, , ,01/10/2025, , ,INTEREST PAYMENT         
U2,810IRFC27,BOND 8.10% PA Tax Free S2,30/09/2025, , ,30/09/2025, , ,INTEREST PAYMENT         
U3,760PFCL35,7.60% Tax Free NCD,01/10/2025, , ,01/10/2025, , ,INTEREST PAYMENT         
U4,734IRFC28,7.34 NCD 19FEB28 Tr1 Sr2,30/09/2025, , ,30/09/2025, , ,INTEREST PAYMENT         
U5,1025NFL25,Sec Re NCD 10.25% Sr.II,03/10/2025, , ,03/10/2025, , ,INT PAYMENT/REDEMPTION   
U6,704IRFC28,BOND 7.04% PA Tax Free S2,30/09/2025, , ,30/09/2025, , ,INTEREST PAYMENT         
U6,1075NFL25,Sec Re NCD 10.75% Sr.III,03/10/2025, , ,03/10/2025, , ,INT PAYMENT/REDEMPTION   
U7,1050NFL26,Sec Re NCD 10.50% Sr.IV,03/10/2025, , ,03/10/2025, , ,INTEREST PAYMENT         
UB,885AEL28,AEL 8.85% 2028 Sr III,01/10/2025, , ,01/10/2025, , ,INTEREST PAYMENT         
UE,9AEL30,AEL 9% 2030 Sr VI,01/10/2025, , ,01/10/2025, , ,INTEREST PAYMENT         
UF,707IRFC25,Tax Free 7.07% Sr. 102,30/09/2025, , ,30/09/2025, , ,INTEREST PAYMENT         
UG,728IRFC30,Tax Free  7.28% Sr. 103,30/09/2025, , ,30/09/2025, , ,INTEREST PAYMENT         
UG,852LTF27,SeReNCD 8.52% Sr.VII OpI,30/09/2025, , ,30/09/2025, , ,INTEREST PAYMENT         
UH,87LTF27,SeReNCD 8.70% Sr.VII OpII,30/09/2025, , ,30/09/2025, , ,INTEREST PAYMENT         
UH,725IRFC35,Tax Free  7.25% Sr. 104,30/09/2025, , ,30/09/2025, , ,INTEREST PAYMENT         
UI,732IRFC25,Tax Free  7.32% Sr. 102 A,30/09/2025, , ,30/09/2025, , ,INTEREST PAYMENT         
UJ,753IRFC30,Tax Free  7.53% Sr. 103 A,30/09/2025, , ,30/09/2025, , ,INTEREST PAYMENT         
UK,750IRFC35,Tax Free  7.50% Sr. 104 A,30/09/2025, , ,30/09/2025, , ,INTEREST PAYMENT         
UL,704IRFC26,Tax Free 7.04% Sr. 107,30/09/2025, , ,30/09/2025, , ,INTEREST PAYMENT         
UM,735IRFC31,Tax Free  7.35% Sr. 108,30/09/2025, , ,30/09/2025, , ,INTEREST PAYMENT         
UN,729IRFC26,Tax Free  7.29% Sr. 107A,30/09/2025, , ,30/09/2025, , ,INTEREST PAYMENT         
UO,764IRFC31,Tax Free  7.64% Sr. 108A,30/09/2025, , ,30/09/2025, , ,INTEREST PAYMENT         
UP,757IRFC29,IRFC 7.57% 2029 Sr 175,30/09/2025, , ,30/09/2025, , ,INTEREST PAYMENT         
UQ,748IRFC34A,IRFCL 7.48% 2034 Sr 176,30/09/2025, , ,30/09/2025, , ,INTEREST PAYMENT         
UR,744IRFC34,IRFC 7.44% 2034 Sr 177,30/09/2025, , ,30/09/2025, , ,INTEREST PAYMENT         
US,746IRFC29,IRFC 7.46% 2029 Sr 178,30/09/2025, , ,30/09/2025, , ,INTEREST PAYMENT         

