SYMBOL,SERIES,SECURITY,HIGH/LOW,INDEX FLAG
21STCENMGM,EQ,21ST CENTURY MGMT SERVICE,H
ABINFRA,EQ,A B INFRABUILD LIMITED,H
ALPSINDUS,BE,ALPS INDUSTRIES LTD.,H
ASTRON,EQ,ASTRON PAPER BORD MIL LTD,H
BLUECOAST,BE,BLUE COAST HOTELS LIMITED,H
CEREBRAINT,BZ,CEREBRA INT TECH LTD,H
CONTI,SM,CONTINENTAL SEED CHEM LTD,H
DIVINEHIRA,SM,DIVINE HIRA JEWELLERS LTD,H
DRSCARGO,ST,DRS CARGO MOVERS LIMITED,H
ENSER,SM,ENSER COMMUNICATIONS LTD,H
FEL,BZ,FUTURE ENTERPRISES LTD,H
FELDVR,BZ,FUTURE ENTERPRISES LTD,H
FLFL,BZ,FUT LIFESTYLE FASH LTD,H
FORGEAUTO,ST,FORGE AUTO INTERNATION L,H
GAYAHWS,BE,GAYATRI HIGHWAYS LIMITED,H
GOENKA,BZ,GOENKA DIAMOND&JEWELS LTD,H
HECPROJECT,EQ,HEC INFRA PROJECTS LTD,H
HNGSNGBEES,EQ,NIP IND ETF HANGSENG BEES,H
HOLMARC,SM,HOLMARC OPTO MECHATRO L,H
IBLFL,SM,IBL FINANCE LIMITED,H
IFGLEXPOR,EQ,IFGL REFRACTORIES LIMITED,H
INDORAMA,EQ,INDO RAMA SYNTHETICS LTD,H
JAYBARMARU,BE,JAYBHARATMARU-,H
K2INFRA,SM,K2 INFRAGEN LIMITED,H
KAVDEFENCE,BE,KAVVERI DFS & WIR TEC LTD,H
KORE,SM,JAY JALARAM TECHNO LTD,H
LCCINFOTEC,EQ,LCC INFOTECH LTD,H
LPDC,EQ,LANDMARK PR.DEV.CO.LTD,H
MAANALU,EQ,MAAN ALUMINIUM LIMITED,H
MAFANG,EQ,MIRAEAMC - MAFANG,H
MAHKTECH,EQ,MIRAEAMC - MAHKTECH,H
MANAV,SM,MANAV INFRA PROJECTS LTD,H
MASPTOP50,EQ,MIRAEAMC - MASPTOP50,H
MEP,BZ,MEP INFRA. DEVELOPERS LTD,H
MODTHREAD,EQ,MODERN THREADS INDIA LTD,H
MONQ50,EQ,MOTILALAMC - MONQ50,H
NOIDATOLL,BE,NOIDA TOLL BRIDGE CO LTD,H
OBSCP,SM,OBSC PERFECTION LIMITED,H
ODIGMA,BE,ODIGMA CONSULTANCY SOL L,H
OILCOUNTUB,EQ,OIL COUNTRY TUBULAR LTD,H
OLAELEC,BE,OLA ELECTRIC MOBILITY LTD,H
OMKARCHEM,BZ,OMKAR SPL CHEM LTD,H
ORCHASP,EQ,ORCHASP LIMITED,H
ORIANA,SM,ORIANA POWER LIMITED,H
ORTEL,BZ,ORTEL COMMUNICATIONS LTD,H
PPSL,ST,PICTUREPOST STUDIOS LTD,H
PRAENG,BE,PRAJAY ENG. SYN. LTD.,H
PREMIER,BE,PREMIER LIMITED,H
PRIZOR,ST,PRIZOR VIZTECH LIMITED,H
RHFL,BE,RELIANCE HOME FINANCE LTD,H
RISHABH,BE,RISHABH INSTRUMENTS LTD,H
S&SPOWER,EQ,S&S POWER SWITCHGEARS LTD,H
SAIFL,SM,SAMEERA AGRO AND INFRA L,H
SANWARIA,BZ,SANWARIA CONSUMER LIMITED,H
SEJALLTD,EQ,SEJAL GLASS LIMITED,H
SHRENIK,EQ,SHRENIK LIMITED,H
SILGO,BE,SILGO RETAIL LIMITED,H
SITINET,BZ,SITI NETWORKS LIMITED,H
SKMEGGPROD,BE,SKM EGG PROD-ROLL SETT,H
SOMATEX,BE,SOMA TEXTILEI NDUSTRIES L,H
SPCENET,EQ,SPACENET ENTERS IND LTD,H
SUMEETINDS,BE,SUMEET IND LIMITED,H
TAKE,EQ,TAKE SOLUTIONS LTD,H
TATAINVEST,EQ,TATA INVESTMENT CORP LTD,H
TECHD,ST,TECHD CYBERSECURITY LTD,H
TECHERA,SM,TECHERA ENGINEER (IND) L,H
THESL,SM,THINKING HATS ENTER SOL L,H
TIJARIA,EQ,TIJARIA POLYPIPES LTD,H
TIMESCAN,ST,TIMESCAN LOGISTICS IND L,H
TIRUPATI,SM,SHREE TIRUPATI BALAJEE,H
TRANSWIND,SM,TRANSWIND INFRA LIMITED,H
UNITECH,BZ,UNITECH LIMITED,H
VELS,SM,VELS FILM INTERNATIONAL L,H
VIJIFIN,BE,VIJI FINANCE LIMITED,H
VISASTEEL,EQ,VISA STEEL LIMITED,H
VOLERCAR,ST,VOLER CAR LIMITED,H
YUDIZ,SM,YUDIZ SOLUTIONS LIMITED,H
AISL,SM,ANI INTEGRATED SERV LTD.,L
AKI,BE,AKI INDIA LIMITED,L
ANKITMETAL,BZ,ANKIT MET & POW LTD,L
ANSALAPI,BZ,ANSAL PROP & INFRA LTD,L
ARSHIYA,BZ,ARSHIYA LIMITED,L
ARVEE,EQ,ARVEE LABORATORIES I LTD,L
BASILIC,SM,BASILIC FLY STUDIO LTD,L
BLUECOAST,BE,BLUE COAST HOTELS LIMITED,L
C2C,ST,C2C ADVANCED SYSTEMS LTD,L
CADSYS,SM,CADSYS (INDIA) LIMITED,L
CBAZAAR,SM,NET AVENUE TECHNOLOGIES L,L
CMRSL,SM,CYBER MEDIA RES & SER LTD,L
COMMITTED,ST,COMMITTED CARGO CARE LTD,L
COOLCAP-RE,ST,COOL CAPS INDUSTRIES LTD,L
CYBERPP,X1,CYBERMEDIA RS.5 PPD UP,L
DYNAMIC,SM,DYNAMIC SRVCS & SEC LTD,L
ECOLINE,ST,ECOLINE EXIM LIMITED,L
EMKAY,BE,EMKAY GLOBAL FIN SERV LTD,L
ESCONET,SM,ESCONET TECHNOLOGIES LTD,L
FEL,BZ,FUTURE ENTERPRISES LTD,L
FMNL,EQ,FUTURE MKT NETWORKS LTD,L
GATECH,EQ,GACM TECHNOLOGIES LIMITED,L
GATECHDVR,BE,GACM TECHNOLOGIES LIMITED,L
GML,ST,GALAXY MEDICARE LIMITED,L
GSTL,SM,GLOBESECURE TECHNO LTD,L
GVKPIL,BE,GVK POW. & INFRA LTD.,L
HILTON,EQ,HILTON METAL FORGING LTD,L
HOLMARC,SM,HOLMARC OPTO MECHATRO L,L
ICDSLTD,EQ,ICDS LTD,L
INFLUX,ST,INFLUX HEALTHTECH LIMITED,L
IZMO,BE,IZMO LIMITED,L
JALAN,SM,JALAN TRANSOLU. INDIA LTD,L
JSWHL,EQ,JSW HOLDINGS LIMITED,L
KAUSHALYA,BE,KAUSHALYA INFRA DEV LTD.,L
KRITI,EQ,KRITI INDUSTRIES IND LTD,L
LYPSAGEMS,EQ,LYPSA GEMS & JEWEL LTD,L
MANDEEP,SM,MANDEEP AUTO INDUSTRIES L,L
MGSL,ST,MATRIX GEO SOLUTIONS LTD,L
MONOLITH,ST,MONOLITHISCH INDIA LTD,L
MTEDUCARE,BE,MT EDUCARE LTD,L
NACLIND,BE,NACL INDUSTRIES LIMITED,L
NEWJAISA,ST,NEWJAISA TECHNOLOGIES LTD,L
NILASPACES,BE,NILA SPACES LIMITED,L
NIRMAN,SM,NIRMAN AGRI GENTICS LTD,L
NOIDATOLL,BE,NOIDA TOLL BRIDGE CO LTD,L
ODIGMA,BE,ODIGMA CONSULTANCY SOL L,L
ONELIFECAP,EQ,ONELIFE CAP ADVISORS LTD,L
OSIAHYPER,BE,OSIA HYPER RETAIL LIMITED,L
PANACHE,BE,PANACHE DIGILIFE LIMITED,L
PARTH,ST,PARTH ELEC & ENG LTD,L
PERFECT,SZ,PERFECT INFRAENGINEER LTD,L
PFOCUS,EQ,PRIME FOCUS LIMITED,L
PHANTOMFX,ST,PHANTOM DIGITAL EFF LTD,L
PPAP,BE,PPAP AUTOMOTIVE LIMITED,L
PRECOT,BE,PRECOT LIMITED,L
PREMIER,BE,PREMIER LIMITED,L
PRIMECAB,ST,PRIME CABLE INDUSTRIES L,L
PURVFLEXI,ST,PURV FLEXIPACK LIMITED,L
RAJRILTD,BE,RAJ RAYON INDUSTRIES LTD,L
REFRACTORY,SM,REFRACTORY SHAPES LIMITED,L
RICHA,SM,RICHA INFO SYSTEMS LTD,L
SANWARIA,BZ,SANWARIA CONSUMER LIMITED,L
SETCO,EQ,SETCO AUTOMOTIVE LTD,L
SHANKARA,BE,SHANKARA BLDG PRODUCT LTD,L
SIDDHICOTS,ST,SIDDHI COTSPIN LIMITED,L
SITINET,BZ,SITI NETWORKS LIMITED,L
SKMEGGPROD,BE,SKM EGG PROD-ROLL SETT,L
SLONE,SM,SLONE INFOSYSTEMS LIMITED,L
SOTAC,SM,SOTAC PHARMACEUTICALS LTD,L
SPECTSTM,SM,SPECTRUM TALENT MGMT LTD,L
SRD,BE,SHANKAR LAL RAMPAL LTD,L
SUMEETINDS,BE,SUMEET IND LIMITED,L
TCIFINANCE,EQ,TCI FINANCE LTD,L
TGL,SM,TEERTH GOPICON LIMITED,L
UNITEDPOLY,BE,UNITED POLYFAB GUJ. LTD.,L
URAVIDEF,EQ,URAVI DEFENCE &TECH LTD,L
VLEGOV,EQ,VL E GOV AND IT SOL LTD,L
VMSTMT,BE,VMS TMT LIMITED,L
WINSOME,BZ,WINSOME YARNS LIMITED,L
YASHOPTICS,ST,YASH OPTICS & LENS LTD,L
