GAIN_LOSS,SECURITY,CLOSE_PRIC,PREV_CL_PR,PERCENT_CG
 ,Nifty 50 Sec., , , 
 , , , , 
G,HERO MOTOCORP LIMITED,      5472.50,      5300.50,3.24
G,JSW STEEL LIMITED,      1142.70,      1122.20,1.83
G,INDUSIND BANK LIMITED,       735.55,       723.40,1.68
G,ULTRATECH CEMENT LIMITED,     12222.00,     12041.00,1.5
G,ADANI PORT & SEZ LTD,      1403.50,      1383.20,1.47
G,TATA MOTORS LIMITED,       680.20,       672.50,1.14
G,HINDALCO  INDUSTRIES  LTD,       761.95,       753.80,1.08
G,CIPLA LTD,      1503.30,      1488.00,1.03
G,BHARAT ELECTRONICS LTD,       403.95,       399.95,1
G,BAJAJ FINANCE LIMITED,       998.90,       990.95,.8
G,SHRIRAM FINANCE LIMITED,       616.10,       611.80,.7
G,HINDUSTAN UNILEVER LTD.,      2514.40,      2497.90,.66
G,TATA CONSUMER PRODUCT LTD,      1129.30,      1123.10,.55
G,COAL INDIA LTD,       389.95,       388.30,.42
G,GRASIM INDUSTRIES LTD,      2756.90,      2746.90,.36
G,ASIAN PAINTS LIMITED,      2350.00,      2342.60,.32
G,SUN PHARMACEUTICAL IND L,      1594.30,      1589.30,.31
G,EICHER MOTORS LTD,      7005.50,      6985.00,.29
G,MARUTI SUZUKI INDIA LTD.,     16029.00,     15984.00,.28
G,MAHINDRA & MAHINDRA LTD,      3427.00,      3418.10,.26
G,ETERNAL LIMITED,       325.50,       324.85,.2
G,STATE BANK OF INDIA,       872.45,       870.75,.2
G,SBI LIFE INSURANCE CO LTD,      1790.60,      1788.70,.11
G,HDFC BANK LTD,       951.00,       950.30,.07
G,KOTAK MAHINDRA BANK LTD,      1992.70,      1991.60,.06
G,NESTLE INDIA LIMITED,      1152.90,      1152.50,.03
G,INFOSYS LIMITED,      1441.80,      1441.80,0
 , , , , 
L,ITC LTD,       401.55,       407.25,-1.4
L,BHARTI AIRTEL LIMITED,      1878.40,      1902.20,-1.25
L,TRENT LTD,      4677.50,      4730.50,-1.12
L,TITAN COMPANY LIMITED,      3367.00,      3401.20,-1.01
L,BAJAJ FINSERV LTD.,      2006.40,      2024.70,-0.9
L,DR. REDDY S LABORATORIES,      1223.70,      1234.60,-0.88
L,LARSEN & TOUBRO LTD.,      3659.00,      3688.40,-0.8
L,TECH MAHINDRA LIMITED,      1400.30,      1410.70,-0.74
L,RELIANCE INDUSTRIES LTD,      1364.00,      1372.80,-0.64
L,APOLLO HOSPITALS ENTER. L,      7409.00,      7444.00,-0.47
L,BAJAJ AUTO LIMITED,      8678.50,      8717.50,-0.45
L,JIO FIN SERVICES LTD,       293.20,       294.20,-0.34
L,TATA CONSULTANCY SERV LT,      2888.40,      2896.10,-0.27
L,OIL AND NATURAL GAS CORP.,       239.50,       239.98,-0.2
L,HCL TECHNOLOGIES LTD,      1385.10,      1387.40,-0.17
L,NTPC LTD,       340.45,       340.95,-0.15
L,ADANI ENTERPRISES LIMITED,      2505.90,      2509.50,-0.14
L,POWER GRID CORP. LTD.,       280.25,       280.60,-0.12
L,TATA STEEL LIMITED,       168.77,       168.98,-0.12
L,WIPRO LTD,       239.37,       239.64,-0.11
L,AXIS BANK LIMITED,      1131.60,      1132.20,-0.05
L,HDFC LIFE INS CO LTD,       756.45,       756.60,-0.02
L,ICICI BANK LTD.,      1348.00,      1348.10,-0.01
 , , , , 
 ,Nifty Next 50 Sec., , , 
 , , , , 
G,PUNJAB NATIONAL BANK,       112.83,       109.51,3.03
G,VEDANTA LIMITED,       465.80,       452.25,3
G,CANARA BANK,       123.71,       120.48,2.68
G,JINDAL STEEL LIMITED,      1063.75,      1043.35,1.96
G,BANK OF BARODA,       258.54,       253.99,1.79
G,SWIGGY LIMITED,       422.95,       416.50,1.55
G,AMBUJA CEMENTS LTD,       569.95,       562.15,1.39
G,UNITED SPIRITS LIMITED,      1324.30,      1308.50,1.21
G,CHOLAMANDALAM IN & FIN CO,      1610.80,      1591.70,1.2
G,BRITANNIA INDUSTRIES LTD,      5991.00,      5929.00,1.05
G,ICICI PRU LIFE INS CO LTD,       595.20,       589.15,1.03
G,POWER FIN CORP LTD.,       410.25,       406.45,0.93
G,SIEMENS LTD,      3129.20,      3105.20,0.77
G,LIFE INSURA CORP OF INDIA,       900.35,       895.05,0.59
G,TORRENT PHARMACEUTICALS L,      3603.20,      3586.60,0.46
G,BHARAT PETROLEUM CORP  LT,       339.65,       338.10,0.46
G,JSW ENERGY LIMITED,       530.85,       528.55,0.44
G,INDIAN OIL CORP LTD,       149.79,       149.31,0.32
G,REC LIMITED,       372.85,       372.00,0.23
G,TATA POWER CO LTD,       388.65,       388.05,0.15
G,HINDUSTAN AERONAUTICS LTD,      4746.50,      4740.00,0.14
G,PIDILITE INDUSTRIES LTD,      1468.00,      1466.80,0.08
G,ADANI ENERGY SOLUTION LTD,       872.25,       871.75,0.06
 , , , , 
L,HYUNDAI MOTOR INDIA LTD,      2584.40,      2642.00,-2.18
L,INTERGLOBE AVIATION LTD,      5594.50,      5707.00,-1.97
L,VARUN BEVERAGES LIMITED,       443.70,       451.70,-1.77
L,BAJAJ HOLDINGS & INVS LTD,     12247.00,     12462.00,-1.73
L,LODHA DEVELOPERS LIMITED,      1135.80,      1155.30,-1.69
L,SHREE CEMENT LIMITED,     29265.00,     29735.00,-1.58
L,BAJAJ HOUSING FINANCE LTD,       110.01,       111.61,-1.43
L,ADANI POWER LTD,       144.65,       146.65,-1.36
L,DLF LIMITED,       713.00,       722.15,-1.27
L,AVENUE SUPERMARTS LIMITED,      4475.40,      4529.90,-1.2
L,SAMVRDHNA MTHRSN INTL LTD,       105.65,       106.88,-1.15
L,ZYDUS LIFESCIENCES LTD,       981.90,       992.10,-1.03
L,GODREJ CONSUMER PRODUCTS,      1166.90,      1177.60,-0.91
L,CG POWER AND IND SOL LTD,       740.95,       747.30,-0.85
L,ADANI GREEN ENERGY LTD,      1026.85,      1035.35,-0.82
L,ICICI LOMBARD GIC LIMITED,      1889.80,      1903.50,-0.72
L,INDIAN RAILWAY FIN CORP L,       123.51,       124.26,-0.6
L,THE INDIAN HOTELS CO. LTD,       720.30,       724.30,-0.55
L,BOSCH LIMITED,     38145.00,     38345.00,-0.52
L,INFO EDGE (I) LTD,      1309.30,      1315.80,-0.49
L,ABB INDIA LIMITED,      5183.30,      5207.80,-0.47
L,DABUR INDIA LTD,       491.30,       492.85,-0.31
L,HAVELLS INDIA LIMITED,      1502.00,      1505.20,-0.21
L,DIVI S LABORATORIES LTD,      5689.50,      5697.50,-0.14
L,GAIL (INDIA) LTD,       176.29,       176.49,-0.11
L,TVS MOTOR COMPANY  LTD,      3438.70,      3439.60,-0.03
L,LTIMINDTREE LIMITED,      5157.50,      5158.00,-0.01
 , , , , 
 ,OTHER SECURITIES, , , 
 , , , , 
G,IFGL REFRACTORIES LIMITED,       294.49,       248.84,18.35
G,TATA INVESTMENT CORP LTD,     10330.50,      8843.00,16.82
G,NAKODA GROUP OF IND. LTD,        34.26,        29.47,16.25
G,SHREE KARNI FABCOM LTD,       677.55,       594.00,14.07
G,UMIYA BUILDCON LIMITED,       100.56,        88.52,13.6
G,CYBERTECH SYSTEMS & SOFTW,       214.78,       195.11,10.08
G,BHARAT WIRE ROPES LTD.,       170.81,       155.45,9.88
G,DELAPLEX LIMITED,       166.90,       152.05,9.77
G,FRANTEMAMC - FICRF3GP,        84.50,        77.00,9.74
G,CHEMFAB ALKALIS LIMITED,       654.05,       596.10,9.72
G,OSWAL GREENTECH LIMITED,        41.07,        37.49,9.55
G,STALLION IND FLUOROCHEM L,       250.29,       229.57,9.03
G,PENINSULA LAND LIMITED,        34.48,        31.71,8.74
G,EURO PRATIK SALES LIMITED,       248.77,       229.97,8.17
G,SERENCD9.20%SRVIICIII&IV,       990.55,       915.90,8.15
G,NK INDUSTRIES LTD,        76.80,        71.20,7.87
G,2.50%GOLDBONDS2026SR-XIV,     12400.00,     11505.01,7.78
G,NITCO LIMITED,       118.48,       110.15,7.56
G,LANDMARK PR.DEV.CO.LTD,         8.30,         7.72,7.51
G,MOTILALAMC - MOGOLD,       123.65,       115.05,7.48
G,MIRAEAMC - METAL,        10.72,         9.98,7.41
G,V R INFRASPACE LIMITED,       204.00,       190.00,7.37
G,UTIAMC - NIFMID150,       226.18,       211.00,7.19
G,TUNWAL E-MOTORS LIMITED,        32.90,        30.70,7.17
G,D K ENTERPRISES GLOBAL L,        74.40,        69.50,7.05
G,PROZONE REALTY LIMITED,        53.47,        49.95,7.05
G,HARDWYN INDIA LIMITED,        13.11,        12.25,7.02
G,TWAMEV CONS AND INFRA LTD,        25.28,        23.63,6.98
G,MICROPRO SOFTWARE SOL L,        24.55,        22.95,6.97
G,ATAL REALTECH LIMITED,        22.52,        21.06,6.93
 , , , , 
L,SEC RE NCD 9.48% SR V,       479.00,       799.00,-40.05
L,COOL CAPS INDUSTRIES LTD,        14.50,        24.10,-39.83
L,BHARAT GEARS LTD.,       126.34,       146.66,-13.86
L,WONDER ELECTRICALS LTD,       125.28,       143.74,-12.84
L,INTEGRATED PERSO SER LTD,       308.65,       348.00,-11.31
L,MAN INDUSTRIES (I) LTD.,       364.00,       406.70,-10.5
L,MOS UTILITY LIMITED,        41.80,        46.40,-9.91
L,PRO FX TECH LIMITED,        84.00,        92.85,-9.53
L,KPIT TECHNOLOGIES LIMITED,      1097.70,      1209.80,-9.27
L,SUBROS LIMITED,      1085.30,      1194.20,-9.12
L,BEARDSELL LIMITED,        33.19,        36.06,-7.96
L,HEUBACH COLORANTS IND LTD,       516.70,       559.25,-7.61
L,MAITREYA MEDICARE LIMITED,       229.20,       247.95,-7.56
L,BOND 8.10% PA TAX FREE S2,      1029.31,      1108.49,-7.14
L,ANB METAL CAST LIMITED,       270.85,       291.30,-7.02
L,8.66% TAX FREE NCD,      1261.00,      1354.00,-6.87
L,RITE ZONE CHEMCON IND LTD,        23.30,        25.00,-6.8
L,BELLA CASA FASH AND RET L,       379.15,       406.15,-6.65
L,SEC RE NCD 8.75% SR.VI,       985.28,      1054.99,-6.61
L,USHA FINANCIAL SERVICES L,        45.30,        48.50,-6.6
L,TAX FREE  7.53% SR. 103 A,      1078.13,      1153.29,-6.52
L,HITACHI ENERGY INDIA LTD,     18001.00,     19247.00,-6.47
L,TAURIAN MPS LIMITED,       296.70,       316.75,-6.33
L,SEC RE NCD 9.80% SR.V,       300.00,       320.00,-6.25
L,TAX FREE  7.64% SR. 108A,      1090.80,      1163.00,-6.21
L,FIDEL SOFTECH LIMITED,       169.00,       180.00,-6.11
L,ZYDUS WELLNESS LIMITED,       457.20,       486.50,-6.02
L,BALAJI TELEFILMS LIMITED.,       121.12,       128.88,-6.02
L,CURRENT INFRAPROJECTS LTD,       139.40,       148.25,-5.97
L,RACL GEARTECH LIMITED,      1070.15,      1136.80,-5.86
