SECURITY,NEW,PREVIOUS,NEW_STATUS
TATA INVESTMENT CORP LTD,10611.5,9128,H
2.5%GOLDBONDS2028SR-III,12490,12231,H
2.50%GOLDBONDS2029SR-IV,12650,12332,H
2.50%GOLDBONDS2030SR-III,13919.52,13799.98,H
DIVINE HIRA JEWELLERS LTD,97.35,93,H
QUALITY POWER ELEC EQUP L,1082,1072,H
HP TELECOM INDIA LIMITED,287.5,275,H
DESTINY LOGISTICS & I LTD,126,120.6,H
ACTIVE INFRASTRUCTURES L,190,185.5,H
MIRAEAMC - MAGOLDETF,114.99,113.19,H
TANKUP ENGINEERS LIMITED,494.9,489.35,H
AARADHYA DISPOSAL INDUS L,165.5,122.35,H
AEL 9.15% 2028 SR IV,1017.69,1016.94,H
TATA STEEL LIMITED,170,166.1,H
DRS CARGO MOVERS LIMITED,45.7,24.45,H
TATAAML-TATSILV,14.65,14.4,H
TERA SOFTWARE LIMITED,469.35,461,H
2.5%GOLDBONDS2028SR-VIII,13899.98,13499.99,H
2.50%GOLDBONDS2028SR-VI,12798,12390,H
2.50%GOLDBONDS2029SR-XII,12546.99,12343,H
DR AGARWALS HEALTH CARE L,512.4,510,H
MINDSPACE BUSINESS P REIT,469.99,461.99,H
BIRLASLAMC - SILVER,149.15,148,H
NETWEB TECH INDIA LTD,3750,3745,H
LE MERITE EXPORTS LIMITED,444.5,433.5,H
SDL TS 7.61% 2044,99.5,96,H
SDL TN 7.6% 2031,100,95.45,H
V2 RETAIL LIMITED,2219.7,2074.4,H
INVESCO INDIA GOLD ETF,10279.95,10202.9,H
2.5%GOLDBONDS2029SR-II,12495.8,12444,H
2.50% GOLDBONDS2025SR-VI,12109.24,11985,H
2.50%GOLDBONDS2028SR-IV,12438,12220,H
2.50%GOLDBONDS2028SR-VII,13099,12475,H
2.50%GOLDBONDS2029SR-X,12550,12500,H
GROWWAMC - GROWWGOLD,115.59,113.97,H
NATIONAL HIGHW INFRA TRUS,143,142,H
MIRAEAMC - METAL,11.5,10.84,H
GK ENERGY LIMITED,175.65,174.7,H
KNOWLEDGE REALTY TRUST,116.65,115.49,H
2.50%GOLDBONDS2028SR-II,12450,12244,H
KOTAK GOLD ETF,98.19,97.76,H
2.5%GOLDBONDS2029SR-I,12501,12491.8,H
2.50%GOLDBONDS2027SR-VI,12450,12400,H
2.50%GOLDBONDS2028SR-V,12675,12599.98,H
SE RE NCD 9.35% SR.V OP2,1185.1,1169,H
P S RAJ STEELS LIMITED,248,245,H
DSPAMC - DSPGOLDETF,115.14,114.5,H
ZERODHAAMC - GOLDCASE,18.88,18.42,H
ARIHANT ACADEMY LIMITED,441,435,H
AXISAMC - AXISILVER,148.88,146,H
AAREY DRUGS & PHARM LTD,83.5,82,H
HDFC GOLD ETF,100.85,100.64,H
MOTILALAMC - MONQ50,101.3,100.3,H
PARIN ENTERPRISES LIMITED,549,528.3,H
BHARAT SEATS LIMITED,186.85,186,H
M.V.K. AGRO FOOD PROD LTD,506.65,496.75,H
GOI TBILL 364D-11/06/26,95.55,95.15,H
BAFNA PHARMACEUTICALS LTD,176.25,172.8,H
2.50% GOLDBONDS2025SR-III,12475,12455,H
2.5%GOLDBONDS2029SR-VI,12600,12475,H
2.50%GOLDBONDS2027SR-II,12750,12300,H
2.50%GOLDBONDS2028SR-X,12494,12200,H
2.50%GOLDBONDS2031SR-III,14049.49,13940,H
SBIAMC - SBISILVER,144.99,142.99,H
TECHERA ENGINEER (IND) L,268.8,256,H
NEXUS SELECT TRUST,168.35,168.19,H
NILA SPACES LIMITED,18.06,18,H
MOTILALAMC - MOGOLD,134.4,118.8,H
N R VANDANA TEX IND LTD,61,58.9,H
MIRAEAMC - MASILVER,143.7,142.29,H
KAVVERI DFS & WIR TEC LTD,155.12,147.74,H
LUMAX INDUSTRIES LTD,5074.5,4989,H
2.50% GOLDBONDS2025SR-IV,12099,11979.67,H
UTIAMC - SILVERETF,144.34,142.5,H
ICICIPRAMC - ICICISILVE,147.95,146.1,H
2.5%GOLDBONDS2029SR-VII,12650,12451.95,H
2.50%GOLDBONDS2028SR-VIII,12439.92,12230,H
2.50%GOLDBONDS2029SR-VIII,13249,12945,H
PROZONE REALTY LIMITED,58.94,53.38,H
STALLION IND FLUOROCHEM L,257.99,241.15,H
ONECLICK LOGISTICS IND L,282,279.5,H
POLYSIL IRRIGATION SYST L,255.4,250.55,H
MOTILALAMC - MOSILVER,146.45,144.74,H
ANB METAL CAST LIMITED,295.3,294.85,H
INDIAN BANK,761.05,727.95,H
KOTAKMAMC - KOTAKSILVE,144.3,142.7,H
2.50%GOLDBONDS2029SR-IX,12496.99,12296.99,H
2.50%GOLDBONDS2032SR-IV,15000,14998,H
2.50%GOLDBONDS2027SR-IV,12795,12300,H
UMIYA BUILDCON LIMITED,104.2,91,H
PANACHE DIGILIFE LIMITED,400,301.95,H
ZERODHAAMC - SILVERCASE,15.12,14.84,H
AONEAMC - AONEGOLD,11.09,10.96,H
MUTHOOT FINANCE LIMITED,3117.9,3100.8,H
2.50%GOLDBONDS2025SR-XIII,12400,12300,H
2.50%GOLDBONDS2030SR-I,13150,13000,H
2.50%GOLDBONDS2030SR-IX,13049.99,12900,H
NIPPONAMC - NETFSILVER,140.61,139.37,H
DSPAMC - DSPSILVETF,141.4,140.2,H
VOLER CAR LIMITED,241.5,230,H
TECHD CYBERSECURITY LTD,515.8,491.25,H
IVALUE INFOSOLUTIONS LTD,301.95,298.35,H
VIPUL LIMITED,9.1,9.37,L
CAPITAL INFRA TRUST,74.6,75.01,L
MEDICAMEN BIOTECH LIMITED,292.95,298.3,L
RAJSHREE POLYPACK LTD,19.55,19.56,L
KAUSHALYA LOGISTICS LTD,60,62,L
NET AVENUE TECHNOLOGIES L,3.75,3.8,L
DHANLAXMI CROP SCIENCE L,40.4,41.35,L
DEV ACCELERATOR LIMITED,51.25,52,L
SAAKSHI MEDTEC N PANELS L,172,172.1,L
CYBERMEDIA RS.5 PPD UP,7.99,8.42,L
SHANKARA BLDG PRODUCT LTD,197.4,207.75,L
BOND 8.10% PA TAX FREE S2,1029,1045.06,L
CAPITAL TRUST LIMITED,37.5,38.9,L
VL E GOV AND IT SOL LTD,26.98,28.21,L
REMUS PHARMACEUTICALS L,700,725.3,L
EXCELLENT WIRES N PACK L,42,44.5,L
TAX FREE  7.53% SR. 103 A,1076,1086,L
GLOBESECURE TECHNO LTD,8.1,8.2,L
8.30% TAX FREE NCD,1029.21,1032,L
SIDDHI COTSPIN LIMITED,74.1,78,L
SCL 9.25% 2030 SR VIII,920,932.25,L
GANESH CONSUMER PRODUCT L,280.35,291.65,L
DUDIGITAL GLOBAL LIMITED,36.5,37.05,L
TAX FREE  7.64% SR. 108A,1086,1088.3,L
VEDANT FASHIONS LIMITED,684.4,687.1,L
LAKSHYA POWERTECH LIMITED,124,125,L
LEXUS GRANITO (INDIA) LTD,25.8,26.2,L
ESPRIT STONES LIMITED,75.05,78,L
DELTA AUTOCORP LIMITED,62.5,64,L
ALL TIME PLASTICS LIMITED,256.8,257.85,L
JSW CEMENT LIMITED,137.45,139.79,L
PRO FX TECH LIMITED,84,91.9,L
JFL LIFE SCIENCES LIMITED,12.4,12.65,L
SPECTRUM ELECTRIC IND LTD,1274.1,1333.1,L
ATC ENERGIES SYSTEM LTD,46.5,47.8,L
CP CAPITAL LIMITED,125,125.06,L
DE NEERS TOOLS LIMITED,160,160.3,L
GE POWER INDIA LIMITED,317,321,L
REGAAL RESOURCES LIMITED,87.53,87.61,L
SAFE ENTER RETAIL FIX LTD,180,188,L
SAWALIYA FOOD PRODUCTS L,225,225.05,L
ZERODHAAMC - SML100CASE,9.83,9.89,L
SEC RE NCD 9.80% SR.V,300,320,L
NEW DELHI TELEVISION LTD,20,20.75,L
BAFNA PHARMACEUTICALS LTD,169.34,172.8,L
CELLECOR GADGETS LIMITED,28.65,29.25,L
NAZARA TECHNOLOGIES LTD,253,263.8,L
GLOBAL SURFACES LIMITED,84.71,89.51,L
PRAXIS HOME RETAIL LTD,11.35,11.59,L
ARC INSULATION & INSU LTD,95.15,98,L
BOHRA INDUSTRIES LIMITED,22.55,22.69,L
GALAXY MEDICARE LIMITED,32.45,34.15,L
R M DRIP & SPRINK SYS LTD,70,72.1,L
SHRINGAR HOU OF MANGALS L,177.51,180.6,L
AFFORD ROBO & AUTO LTD,218,221,L
ARSHIYA LIMITED,1.69,1.73,L
PATANJALI FOODS LIMITED,570,585.6,L
PATIL AUTOMATION LIMITED,170.25,178,L
ARVIND PORT AND INFRA LTD,44.5,45.15,L
RAJOO ENGINEERS LIMITED,81,82.91,L
ELLENBARRIE INDUS GASES L,467,477.3,L
RAYMOND REALTY LIMITED,568,585.15,L
CHEMBOND CHEMICAL LIMITED,157.51,162.03,L
RISHABH INSTRUMENTS LTD,375,377.65,L
SHREEJI SHIPPING GLOBAL L,235.1,236,L
SCL 9.65% 2030 SR VII,995,996,L
OPTIVALUE TEK CONSULT LTD,93,97.25,L
R K SWAMY LIMITED,140.41,142,L
VALIANT ORGANICS LIMITED,320,325,L
PATTECH FITWELL TUB COM L,115.75,118.1,L
NAHAR CAP & FIN.,279.1,279.25,L
REFRACTORY SHAPES LIMITED,46.05,48.45,L
STUDIO LSD LIMITED,18.65,19,L
HIGHWAY INFRASTRUCTURE L,79.1,79.57,L
VMS TMT LIMITED,81.14,85.42,L
SAATVIK GREEN ENERGY LTD,420.1,427.3,L
WIPRO LTD,240,265,L
PRIME CABLE INDUSTRIES L,74.4,76.95,L
SHEETAL COOL PRODUCTS LTD,226.35,232.35,L
UMA CONVERTER LIMITED,22.55,23.1,L
URAVI DEFENCE &TECH LTD,212.65,221.8,L
MOS UTILITY LIMITED,38.15,40.45,L
INTEGRA ESSENTIA LIMITED,1.76,1.77,L
SEC RE NCD 9.48% SR V,479,680.2,L
BIKEWO GREEN TECH LIMITED,15,15.1,L
ACCENT MICROCELL LIMITED,240,242,L
DIGITIDE SOLUTIONS LTD,156.43,157.29,L
AEROFLEX NEU LIMITED,78,80.12,L
ANDHRA CEMENTS LIMITED,84.01,85.73,L
HANDSON GBL MNGMNT LTD,74,74.01,L
GLOBE CIVIL PROJECTS LTD,67.74,69.71,L
SATTVA ENGINEERING CSTN L,99.9,102.1,L
IVALUE INFOSOLUTIONS LTD,273.65,274,L
VIGOR PLAST INDIA LIMITED,83.5,84,L
ATLANTA ELECTRICALS LTD,782.1,806.25,L

