SERIES,SYMBOL,SECURITY,RECORD_DT,BC_STRT_DT,BC_END_DT,EX_DT,ND_STRT_DT,ND_END_DT,PURPOSE
NC,1003IIFL29,Sec Re NCD 10.03% Sr V,2025-10-17,,,2025-10-17,,,INTEREST PAYMENT
UC,1003IIFL29,Sec Re NCD 10.03% Sr V,2025-10-17,,,2025-10-17,,,INTEREST PAYMENT
N4,1003ISFL28,Sec Re NCD 10.03% Sr 5,2025-10-17,,,2025-10-17,,,INTEREST PAYMENT
U4,1003ISFL28,Sec Re NCD 10.03% Sr 5,2025-10-17,,,2025-10-17,,,INTEREST PAYMENT
NR,1015ECL29,ECL Finance Limited,2025-10-17,,,2025-10-17,,,INTEREST PAYMENT
UR,1015ECL29,ECL Finance Limited,2025-10-17,,,2025-10-17,,,INTEREST PAYMENT
N3,1035CCSP27,CCSPL 10.35% 2027,2025-10-17,,,2025-10-17,,,INT PAYMENT/PART REDMPTN
U3,1035CCSP27,CCSPL 10.35% 2027,2025-10-17,,,2025-10-17,,,INT PAYMENT/PART REDMPTN
N6,1048IIFL27,IIFL Samasta10.48% 2027,2025-10-22,,,2025-10-20,,,INTEREST PAYMENT
U6,1048IIFL27,IIFL Samasta10.48% 2027,2025-10-22,,,2025-10-20,,,INTEREST PAYMENT
N6,10IIFL29,Sec Re NCD 9% Sr.VI,2025-10-23,,,2025-10-23,,,INTEREST PAYMENT
U6,10IIFL29,Sec Re NCD 9% Sr.VI,2025-10-23,,,2025-10-23,,,INTEREST PAYMENT
TB,182D231025,GOI TBILL 182D-23/10/25,2025-10-18,,,,,,REDEMPTION
TB,182D311025,GOI TBILL 182D-31/10/25,2025-10-29,,,,,,REDEMPTION
TB,364D231025,GOI TBILL 364D-23/10/25,2025-10-18,,,,,,REDEMPTION
TB,364D301025,GOI TBILL 364D-30/10/25,2025-10-28,,,,,,REDEMPTION
SG,538CG25,SDL CG 5.38% 2025,2025-10-24,,,,,,REDEMPTION
N0,732IREDA29,IREDA 7.32% 29 Sr XVI-E,2025-10-21,,,2025-10-20,,,INTEREST PAYMENT
SG,747GJ25,SDL GJ 7.47% 2025,2025-10-23,,,,,,REDEMPTION
NG,749IGT28,India Grid Trust,2025-10-23,,,2025-10-23,,,INTEREST PAYMENT
UG,749IGT28,India Grid Trust,2025-10-23,,,2025-10-23,,,INTEREST PAYMENT
SG,763ML25,SDL ML 7.63% 2025,2025-10-23,,,,,,REDEMPTION
NH,769IGT28,India Grid Trust,2025-10-23,,,2025-10-23,,,INTEREST PAYMENT
UH,769IGT28,India Grid Trust,2025-10-23,,,2025-10-23,,,INTEREST PAYMENT
NK,772IGT31,India Grid Trust,2025-10-23,,,2025-10-23,,,INTEREST PAYMENT
UK,772IGT31,India Grid Trust,2025-10-23,,,2025-10-23,,,INTEREST PAYMENT
N0,78241ABH29,ABHFL 7.8241% 2029 Sr H1,2025-10-20,,,2025-10-20,,,INTEREST PAYMENT
NL,797IGT31,India Grid Trust,2025-10-23,,,2025-10-23,,,INTEREST PAYMENT
UL,797IGT31,India Grid Trust,2025-10-23,,,2025-10-23,,,INTEREST PAYMENT
N3,813ABHF28,ABHFL 8.1168% 2029 SR 2,2025-10-17,,,2025-10-17,,,INTEREST PAYMENT
U3,813ABHF28,ABHFL 8.1168% 2029 SR 2,2025-10-17,,,2025-10-17,,,INTEREST PAYMENT
N6,829PFL29,Poonawalla Fincorp Ltd,2025-10-20,,,2025-10-20,,,INTEREST PAYMENT
U6,829PFL29,Poonawalla Fincorp Ltd,2025-10-20,,,2025-10-20,,,INTEREST PAYMENT
N3,842SCL27,SCL 8.42% 2027 Sr II,2025-10-17,,,2025-10-17,,,INTEREST PAYMENT
U3,842SCL27,SCL 8.42% 2027 Sr II,2025-10-17,,,2025-10-17,,,INTEREST PAYMENT
N4,865SCL27,SCL 8.65% 2027 Sr II,2025-10-17,,,2025-10-17,,,INTEREST PAYMENT
U4,865SCL27,SCL 8.65% 2027 Sr II,2025-10-17,,,2025-10-17,,,INTEREST PAYMENT
N9,865SCL28,SCL 8.65% 2028 Sr V,2025-10-17,,,2025-10-17,,,INTEREST PAYMENT
U9,865SCL28,SCL 8.65% 2028 Sr V,2025-10-17,,,2025-10-17,,,INTEREST PAYMENT
ZK,87SCL27A,SEC RE NCD 8.94% SR.VI,2025-10-20,,,,,,INTPAYMENT/REDEMPTION
N5,888ERFL28,Sec Red NCD 8.88% Sr. V,2025-10-17,,,2025-10-17,,,INTEREST PAYMENT
U5,888ERFL28,Sec Red NCD 8.88% Sr. V,2025-10-17,,,2025-10-17,,,INTEREST PAYMENT
,888SCL28,SCL 8.88% 2028 Sr V,2025-10-17,,,2025-10-17,,,INTEREST PAYMENT
UA,888SCL28,SCL 8.88% 2028 Sr V,2025-10-17,,,2025-10-17,,,INTEREST PAYMENT
ZG,88SCL25,SEC RE NCD 8.80% SR.IV,2025-10-20,,,,,,INT PAYMENT/REDEMPTION
ZI,894SCL25A,SEC RE NCD SR.V,2025-10-20,,,,,,INT PAYMENT/REDEMPTION
ZM,89SCL24A,SEC RE NCD 8.70% SR.VIII,2025-10-20,,,2025-10-20,,,INTEREST PAYMENT
NG,902SCL2030,SCL 9.02% 2030 Sr IX,2025-10-17,,,2025-10-17,,,INTEREST PAYMENT
UG,902SCL2030,SCL 9.02% 2030 Sr IX,2025-10-17,,,2025-10-17,,,INTEREST PAYMENT
NE,902SCL30,SCL 9.02% 2030 Sr VIII,2025-10-17,,,2025-10-17,,,INTEREST PAYMENT
UE,902SCL30,SCL 9.02% 2030 Sr VIII,2025-10-17,,,2025-10-17,,,INTEREST PAYMENT
ZL,915SCL27A,SEC RE NCD 9.55% SR.VII,2025-10-20,,,2025-10-20,,,INTEREST PAYMENT
TB,91D231025,GOI TBILL 91D-23/10/25,2025-10-18,,,,,,REDEMPTION
TB,91D301025,GOI TBILL 91D-30/10/25,2025-10-28,,,,,,REDEMPTION
N8,920IIFLS26,Sec Re NCD 9.20% Sr I,2025-10-17,,,2025-10-17,,,INTEREST PAYMENT
U8,920IIFLS26,Sec Re NCD 9.20% Sr I,2025-10-17,,,2025-10-17,,,INTEREST PAYMENT
N0,920SCL28,SCL 9.20% 2028,2025-10-20,,,2025-10-20,,,INTEREST PAYMENT
NK,920SCL32,SCL 9.20% 2032 Sr XI,2025-10-17,,,2025-10-17,,,INTEREST PAYMENT
UK,920SCL32,SCL 9.20% 2032 Sr XI,2025-10-17,,,2025-10-17,,,INTEREST PAYMENT
N0,921ISFL25,Sec Re NCD 9.21% Sr 1,2025-10-17,,,2025-10-17,,,INTEREST PAYMENT
ZM,925SCL29A,SEC RE NCD 9.25% SR VIII,2025-10-17,,,2025-10-17,,,INTEREST PAYMENT
NF,925SCL30,SCL 9.25% 2030 Sr VIII,2025-10-17,,,2025-10-17,,,INTEREST PAYMENT
UF,925SCL30,SCL 9.25% 2030 Sr VIII,2025-10-17,,,2025-10-17,,,INTEREST PAYMENT
NH,925SCL30A,SCL 9.25% 2030 Sr IX,2025-10-17,,,2025-10-17,,,INTEREST PAYMENT
UH,925SCL30A,SCL 9.25% 2030 Sr IX,2025-10-17,,,2025-10-17,,,INTEREST PAYMENT
NN,930SCL35,SCL 9.30% 2035 Sr XIII,2025-10-17,,,2025-10-17,,,INTEREST PAYMENT
UN,930SCL35,SCL 9.30% 2035 Sr XIII,2025-10-17,,,2025-10-17,,,INTEREST PAYMENT
MP,930SFL28,Shriram Finance Limited,2025-10-17,,,2025-10-17,,,INTEREST PAYMENT
YP,930SFL28,Shriram Finance Limited,2025-10-17,,,2025-10-17,,,INTEREST PAYMENT
ZN,93SCL24A,SEC RE NCD 9.15% SR.VIII,2025-10-20,,,2025-10-20,,,INTEREST PAYMENT
ZH,93SCL25,SEC RE NCD 9.30% SR.IV,2025-10-20,,,,,,INT PAYMENT/REDEMPTION
NN,940SFIL28,Sec Re NCD 9.40% Sr.VIII,2025-10-20,,,2025-10-20,,,INTEREST PAYMENT
UN,940SFIL28,Sec Re NCD 9.40% Sr.VIII,2025-10-20,,,2025-10-20,,,INTEREST PAYMENT
NJ,943ECL28,Sec Red NCD 9.43% Sr. VI,2025-10-17,,,2025-10-17,,,INTEREST PAYMENT
UJ,943ECL28,Sec Red NCD 9.43% Sr. VI,2025-10-17,,,2025-10-17,,,INTEREST PAYMENT
NL,945SCL32,SCL 9.45% 2032 Sr XI,2025-10-17,,,2025-10-17,,,INTEREST PAYMENT
UL,945SCL32,SCL 9.45% 2032 Sr XI,2025-10-17,,,2025-10-17,,,INTEREST PAYMENT
N0,950ISF27,ISF 9.50% 2027,2025-10-21,,,2025-10-20,,,INT PAYMNT/PART REDEMPTN
ZJ,955SCL27A,SEC RE NCD SR.V,2025-10-20,,,,,,INT PAYMENT/REDEMPTION
NO,955SCL35,SCL 9.55% 2035 Sr XIII,2025-10-17,,,2025-10-17,,,INTEREST PAYMENT
UO,955SCL35,SCL 9.55% 2035 Sr XIII,2025-10-17,,,2025-10-17,,,INTEREST PAYMENT
,957IIFLS27,Sec Re NCD 9.57% Sr III,2025-10-17,,,2025-10-17,,,INTEREST PAYMENT
UA,957IIFLS27,Sec Re NCD 9.57% Sr III,2025-10-17,,,2025-10-17,,,INTEREST PAYMENT
N2,957ISFL26,Sec Re NCD 9.57% Sr 3,2025-10-17,,,2025-10-17,,,INTEREST PAYMENT
U2,957ISFL26,Sec Re NCD 9.57% Sr 3,2025-10-17,,,2025-10-17,,,INTEREST PAYMENT
N5,957NIDO26,Sec Red NCD 9.57% Sr. V,2025-10-17,,,2025-10-17,,,INTEREST PAYMENT
U5,957NIDO26,Sec Red NCD 9.57% Sr. V,2025-10-17,,,2025-10-17,,,INTEREST PAYMENT
N6,965IFSL26,Sec Re NCD 9.65% Sr.III,2025-10-18,,,2025-10-17,,,INTEREST PAYMENT
U6,965IFSL26,Sec Re NCD 9.65% Sr.III,2025-10-18,,,2025-10-17,,,INTEREST PAYMENT
ZN,971SCL29A,SEC RE NCD 9.71% SR VIII,2025-10-17,,,2025-10-17,,,INTEREST PAYMENT
MS,97SFL28,Shriram Finance Limited,2025-10-17,,,2025-10-17,,,INTEREST PAYMENT
YS,97SFL28,Shriram Finance Limited,2025-10-17,,,2025-10-17,,,INTEREST PAYMENT
NK,984SFIL26A,Sec Re NCD 9.61% Sr.VI,2025-10-20,,,2025-10-20,,,INTEREST PAYMENT
UK,984SFIL26A,Sec Re NCD 9.61% Sr.VI,2025-10-20,,,2025-10-20,,,INTEREST PAYMENT
NO,985SFIL28,Sec Re NCD 9.85% Sr.VIII,2025-10-20,,,2025-10-20,,,INTEREST PAYMENT
UO,985SFIL28,Sec Re NCD 9.85% Sr.VIII,2025-10-20,,,2025-10-20,,,INTEREST PAYMENT
BE,ABINFRA,A B Infrabuild Limited,2025-10-17,,,2025-10-17,,,FVSPLT FRM RS 10 TO RE 1
BL,ABINFRA,A B Infrabuild Limited,2025-10-17,,,2025-10-17,,,FVSPLT FRM RS 10 TO RE 1
EQ,ABINFRA,A B Infrabuild Limited,2025-10-17,,,2025-10-17,,,FVSPLT FRM RS 10 TO RE 1
IQ,ABINFRA,A B Infrabuild Limited,2025-10-17,,,2025-10-17,,,FVSPLT FRM RS 10 TO RE 1
BE,ACCELYA,Accelya Soln India Ltd,2025-10-24,,,2025-10-24,,,DIV - RS 40 PER SH
BL,ACCELYA,Accelya Soln India Ltd,2025-10-24,,,2025-10-24,,,DIV - RS 40 PER SH
EQ,ACCELYA,Accelya Soln India Ltd,2025-10-24,,,2025-10-24,,,DIV - RS 40 PER SH
IQ,ACCELYA,Accelya Soln India Ltd,2025-10-24,,,2025-10-24,,,DIV - RS 40 PER SH
BE,ANANDRATHI,Anand Rathi Wealth Ltd,2025-10-17,,,2025-10-17,,,INTDIV - RS 6 PER SH
BL,ANANDRATHI,Anand Rathi Wealth Ltd,2025-10-17,,,2025-10-17,,,INTDIV - RS 6 PER SH
EQ,ANANDRATHI,Anand Rathi Wealth Ltd,2025-10-17,,,2025-10-17,,,INTDIV - RS 6 PER SH
IQ,ANANDRATHI,Anand Rathi Wealth Ltd,2025-10-17,,,2025-10-17,,,INTDIV - RS 6 PER SH
T0,ANANDRATHI,Anand Rathi Wealth Ltd,2025-10-17,,,2025-10-17,,,INTDIV - RS 6 PER SH
TL,ANANDRATHI,Anand Rathi Wealth Ltd,2025-10-17,,,2025-10-17,,,INTDIV - RS 6 PER SH
BE,DHANI,Dhani Services Limited,2025-10-28,,,2025-10-28,,,MERGER
BL,DHANI,Dhani Services Limited,2025-10-28,,,2025-10-28,,,MERGER
EQ,DHANI,Dhani Services Limited,2025-10-28,,,2025-10-28,,,MERGER
IQ,DHANI,Dhani Services Limited,2025-10-28,,,2025-10-28,,,MERGER
SL,DIGIKORE,Digikore Studios Limited,2025-10-24,,,2025-10-24,,,BONUS 1:1
SM,DIGIKORE,Digikore Studios Limited,2025-10-24,,,2025-10-24,,,BONUS 1:1
SQ,DIGIKORE,Digikore Studios Limited,2025-10-24,,,2025-10-24,,,BONUS 1:1
ST,DIGIKORE,Digikore Studios Limited,2025-10-24,,,2025-10-24,,,BONUS 1:1
GS,GS261025C,GOI STRIPS C 261025,2025-10-20,,,,,,REDEMPTION
BE,HCLTECH,HCL Technologies Ltd.,2025-10-17,,,2025-10-17,,,INTDIV - RS 12 PER SH
BL,HCLTECH,HCL Technologies Ltd.,2025-10-17,,,2025-10-17,,,INTDIV - RS 12 PER SH
EQ,HCLTECH,HCL Technologies Ltd.,2025-10-17,,,2025-10-17,,,INTDIV - RS 12 PER SH
IQ,HCLTECH,HCL Technologies Ltd.,2025-10-17,,,2025-10-17,,,INTDIV - RS 12 PER SH
T0,HCLTECH,HCL Technologies Ltd.,2025-10-17,,,2025-10-17,,,INTDIV - RS 12 PER SH
TL,HCLTECH,HCL Technologies Ltd.,2025-10-17,,,2025-10-17,,,INTDIV - RS 12 PER SH
BE,ICICIGI,ICICI Lombard GIC Limited,2025-10-23,,,2025-10-23,,,INTDIV - RS 6.50 PER SH
BL,ICICIGI,ICICI Lombard GIC Limited,2025-10-23,,,2025-10-23,,,INTDIV - RS 6.50 PER SH
EQ,ICICIGI,ICICI Lombard GIC Limited,2025-10-23,,,2025-10-23,,,INTDIV - RS 6.50 PER SH
IQ,ICICIGI,ICICI Lombard GIC Limited,2025-10-23,,,2025-10-23,,,INTDIV - RS 6.50 PER SH
T0,ICICIGI,ICICI Lombard GIC Limited,2025-10-23,,,2025-10-23,,,INTDIV - RS 6.50 PER SH
TL,ICICIGI,ICICI Lombard GIC Limited,2025-10-23,,,2025-10-23,,,INTDIV - RS 6.50 PER SH
BE,IEL,Indiabulls Ent Ltd,2025-10-28,,,2025-10-28,,,MERGER
BL,IEL,Indiabulls Ent Ltd,2025-10-28,,,2025-10-28,,,MERGER
EQ,IEL,Indiabulls Ent Ltd,2025-10-28,,,2025-10-28,,,MERGER
IQ,IEL,Indiabulls Ent Ltd,2025-10-28,,,2025-10-28,,,MERGER
BE,KSOLVES,Ksolves India Limited,2025-10-23,,,2025-10-23,,,INTDIV - RS 5 PER SH
BL,KSOLVES,Ksolves India Limited,2025-10-23,,,2025-10-23,,,INTDIV - RS 5 PER SH
EQ,KSOLVES,Ksolves India Limited,2025-10-23,,,2025-10-23,,,INTDIV - RS 5 PER SH
IQ,KSOLVES,Ksolves India Limited,2025-10-23,,,2025-10-23,,,INTDIV - RS 5 PER SH
BE,OBEROIRLTY,Oberoi Realty Limited,2025-10-21,,,2025-10-20,,,INTDIV - RS 2 PER SH
BL,OBEROIRLTY,Oberoi Realty Limited,2025-10-21,,,2025-10-20,,,INTDIV - RS 2 PER SH
EQ,OBEROIRLTY,Oberoi Realty Limited,2025-10-21,,,2025-10-20,,,INTDIV - RS 2 PER SH
IQ,OBEROIRLTY,Oberoi Realty Limited,2025-10-21,,,2025-10-20,,,INTDIV - RS 2 PER SH
T0,OBEROIRLTY,Oberoi Realty Limited,2025-10-21,,,2025-10-20,,,INTDIV - RS 2 PER SH
TL,OBEROIRLTY,Oberoi Realty Limited,2025-10-21,,,2025-10-20,,,INTDIV - RS 2 PER SH
BE,RAMAPHO,Rama Phosphates Limited,2025-10-21,,,2025-10-20,,,INTDIV - RE 0.50 PER SH
BL,RAMAPHO,Rama Phosphates Limited,2025-10-21,,,2025-10-20,,,INTDIV - RE 0.50 PER SH
EQ,RAMAPHO,Rama Phosphates Limited,2025-10-21,,,2025-10-20,,,INTDIV - RE 0.50 PER SH
IQ,RAMAPHO,Rama Phosphates Limited,2025-10-21,,,2025-10-20,,,INTDIV - RE 0.50 PER SH
BE,ROLEXRINGS,Rolex Rings Limited,2025-10-17,,,2025-10-17,,,FVSPLT FRM RS 10 TO RE 1
BL,ROLEXRINGS,Rolex Rings Limited,2025-10-17,,,2025-10-17,,,FVSPLT FRM RS 10 TO RE 1
EQ,ROLEXRINGS,Rolex Rings Limited,2025-10-17,,,2025-10-17,,,FVSPLT FRM RS 10 TO RE 1
IQ,ROLEXRINGS,Rolex Rings Limited,2025-10-17,,,2025-10-17,,,FVSPLT FRM RS 10 TO RE 1
GB,SGBOCT25IV,2.50% GOLDBONDS2025SR-IV,2025-10-18,,,,,,REDEMPTION
GB,SGBOCT25V,2.50% GOLDBONDS2025SR-V,2025-10-28,,,,,,REDEMPTION
BE,TECHM,Tech Mahindra Limited,2025-10-21,,,2025-10-20,,,INTDIV - RS 15 PER SH
BL,TECHM,Tech Mahindra Limited,2025-10-21,,,2025-10-20,,,INTDIV - RS 15 PER SH
EQ,TECHM,Tech Mahindra Limited,2025-10-21,,,2025-10-20,,,INTDIV - RS 15 PER SH
IQ,TECHM,Tech Mahindra Limited,2025-10-21,,,2025-10-20,,,INTDIV - RS 15 PER SH
T0,TECHM,Tech Mahindra Limited,2025-10-21,,,2025-10-20,,,INTDIV - RS 15 PER SH
TL,TECHM,Tech Mahindra Limited,2025-10-21,,,2025-10-20,,,INTDIV - RS 15 PER SH
BE,THYROCARE,Thyrocare Tech Ltd,2025-10-24,,,2025-10-24,,,INTDIV - RS 7 PER SH
BL,THYROCARE,Thyrocare Tech Ltd,2025-10-24,,,2025-10-24,,,INTDIV - RS 7 PER SH
EQ,THYROCARE,Thyrocare Tech Ltd,2025-10-24,,,2025-10-24,,,INTDIV - RS 7 PER SH
IQ,THYROCARE,Thyrocare Tech Ltd,2025-10-24,,,2025-10-24,,,INTDIV - RS 7 PER SH
BE,TIPSMUSIC,TIPS MUSIC LIMITED,2025-10-21,,,2025-10-20,,,INTDIV - RS 4 PER SH
BL,TIPSMUSIC,TIPS MUSIC LIMITED,2025-10-21,,,2025-10-20,,,INTDIV - RS 4 PER SH
EQ,TIPSMUSIC,TIPS MUSIC LIMITED,2025-10-21,,,2025-10-20,,,INTDIV - RS 4 PER SH
IQ,TIPSMUSIC,TIPS MUSIC LIMITED,2025-10-21,,,2025-10-20,,,INTDIV - RS 4 PER SH
BE,UNIPARTS,Uniparts India Limited,2025-10-23,,,2025-10-23,,,SPLDIV - RS 22.50 PER SH
BL,UNIPARTS,Uniparts India Limited,2025-10-23,,,2025-10-23,,,SPLDIV - RS 22.50 PER SH
EQ,UNIPARTS,Uniparts India Limited,2025-10-23,,,2025-10-23,,,SPLDIV - RS 22.50 PER SH
IQ,UNIPARTS,Uniparts India Limited,2025-10-23,,,2025-10-23,,,SPLDIV - RS 22.50 PER SH
