SYMBOL,SERIES,SECURITY,HIGH/LOW,INDEX FLAG
21STCENMGM,EQ,21ST CENTURY MGMT SERVICE,H
ALPSINDUS,BE,ALPS INDUSTRIES LTD.,H
ANIKINDS,EQ,ANIK INDUSTRIES LTD,H
ASPIRE,SM,ASPIRE & INNOVATIVE ADV L,H
BAFNAPH,BE,BAFNA PHARMACEUTICALS LTD,H
BCG,EQ,BRIGHTCOM GROUP LIMITED,H
BHAGYANGR,BE,BHAGYANAGAR INDIA LIMITED,H
CBAZAAR,SM,NET AVENUE TECHNOLOGIES L,H
CURAA,BE,CURA TECHNOLOGIES LIMITED,H
DESTINY,SM,DESTINY LOGISTICS & I LTD,H
DEVX,BE,DEV ACCELERATOR LIMITED,H
DHTL,SM,DOCMODE HEALTH TECH LTD,H
DRSCARGO,SM,DRS CARGO MOVERS LIMITED,H
DYNAMIC,SM,DYNAMIC SRVCS & SEC LTD,H
E2E,EQ,E2E NETWORKS LIMITED,H
ESCONET,SM,ESCONET TECHNOLOGIES LTD,H
ESSARSHPNG,EQ,ESSAR SHIPPING LTD,H
FEL,BZ,FUTURE ENTERPRISES LTD,H
GAYAHWS,BE,GAYATRI HIGHWAYS LIMITED,H
GODHA,BE,GODHA CABCON INSULAT LTD,H
GOENKA,BZ,GOENKA DIAMOND&JEWELS LTD,H
HNGSNGBEES,EQ,NIP IND ETF HANGSENG BEES,H
HOACFOODS,SM,HOAC FOODS INDIA LIMITED,H
HPTL,SM,HP TELECOM INDIA LIMITED,H
ICDSLTD,EQ,ICDS LTD,H
INFOMEDIA,BE,INFOMEDIA PRESS LIMITED,H
INOXGREEN,EQ,INOX GREEN ENERGY SER LTD,H
INSPIRISYS,BE,INSPIRISYS SOLUTIONS LTD,H
INTENTECH,BE,INTENSE TECHNOLOGIES LTD,H
ISHAN,SM,ISHAN INTERNATIONAL LTD,H
IZMO,BE,IZMO LIMITED,H
JAINIK,ST,JAINIK POWER CABLES LTD,H
JALAN,SM,JALAN TRANSOLU. INDIA LTD,H
JYOTIGLOBL,SM,JYOTI GLOBAL PLAST LTD,H
K2INFRA,SM,K2 INFRAGEN LIMITED,H
KAUSHALYA,BE,KAUSHALYA INFRA DEV LTD.,H
KAVDEFENCE,BE,KAVVERI DFS & WIR TEC LTD,H
KEEPLEARN,EQ,DSJ KEEP LEARNING LTD,H
MADHUCON,EQ,MADHUCON PROJECTS LTD.,H
MAFANG,EQ,MIRAEAMC - MAFANG,H
MAHKTECH,EQ,MIRAEAMC - MAHKTECH,H
MASPTOP50,EQ,MIRAEAMC - MASPTOP50,H
MAXIND,EQ,MAX INDIA LIMITED,H
MEGASOFT,EQ,MEGASOFT LTD,H
MEP,BZ,MEP INFRA. DEVELOPERS LTD,H
MHHL,SM,MOHINI HEALTH&HYGIENE LTD,H
MODTHREAD,EQ,MODERN THREADS INDIA LTD,H
MOHITIND,BE,MOHIT INDUSTRIES LTD,H
NACLIND,BE,NACL INDUSTRIES LIMITED,H
NATCAPSUQ,EQ,NATURAL CAPSULES LIMITED,H
NIBE,EQ,NIBE LIMITED,H
NILASPACES,EQ,NILA SPACES LIMITED,H
NOIDATOLL,BE,NOIDA TOLL BRIDGE CO LTD,H
ONEPOINT,EQ,ONE POINT ONE SOL LTD,H
OSWALSEEDS,BE,SHREEOSWAL S AND CHE LTD,H
PANACHE,EQ,PANACHE DIGILIFE LIMITED,H
PARTH,ST,PARTH ELEC & ENG LTD,H
PERFECT,SZ,PERFECT INFRAENGINEER LTD,H
PIGL,BE,POWER INSTRUMENT (G) LTD,H
PVP,BE,PVP VENTURES LIMITED,H
RAMAPHO,BE,RAMA PHOSPHATES LIMITED,H
RAMCOSYS,EQ,RAMCO SYSTEMS LTD.,H
RELTD,EQ,RAVINDRA ENERGY LIMITED,H
ROLLT,EQ,ROLLATAINERS LIMITED,H
SANWARIA,BZ,SANWARIA CONSUMER LIMITED,H
SATIPOLY,SM,SATI POLY PLAST LIMITED,H
SCML,SM,SHARP CHUCKS N MACHINES L,H
SETCO,EQ,SETCO AUTOMOTIVE LTD,H
SHAHALLOYS,EQ,SHAH ALLOYS LIMITED,H
SHANTI,EQ,SHANTI OVERSEAS INDIA LTD,H
SHUBHLAXMI,SM,SHUBHLAXMI JEWEL ART LTD,H
SIMBHALS,BE,SIMBHAOLI SUGARS LTD.,H
SITINET,BZ,SITI NETWORKS LIMITED,H
SLONE,SM,SLONE INFOSYSTEMS LIMITED,H
SPRL,SM,SP REFRACTORIES LIMITED,H
SUMEETINDS,BE,SUMEET IND LIMITED,H
TARAPUR,EQ,TARAPUR TRANSFORMERS LTD,H
TAURIAN,ST,TAURIAN MPS LIMITED,H
TECHD,ST,TECHD CYBERSECURITY LTD,H
TECHERA,SM,TECHERA ENGINEER (IND) L,H
TGL,SM,TEERTH GOPICON LIMITED,H
THESL,SM,THINKING HATS ENTER SOL L,H
TIL,EQ,TIL LTD,H
TIMESCAN,ST,TIMESCAN LOGISTICS IND L,H
TRANSWIND,SM,TRANSWIND INFRA LIMITED,H
TVSELECT,EQ,TVS ELECTRONICS LTD,H
UNIINFO,EQ,UNIINFO TELECOM SERVI LTD,H
UNITECH,BZ,UNITECH LIMITED,H
UNITEDPOLY,BE,UNITED POLYFAB GUJ. LTD.,H
USASEEDS,ST,UPSURGE SEEDS OF AGRI LTD,H
VASA,SM,VASA RETAIL & OVERSEA LTD,H
VCL,BE,VAXTEX COTFAB LIMITED,H
VILINBIO,SM,VILIN BIO MED LIMITED,H
WALPAR,SM,WALPAR NUTRITIONS LIMITED,H
YUDIZ,SM,YUDIZ SOLUTIONS LIMITED,H
ZUARI,EQ,ZUARI AGRO CHEMICALS LTD,H
990SCL26,N7,SEC RE NCD 9.90% SR IV,L
ABAN,BE,ABAN OFFSHORE LTD.,L
AESTHETIK,SM,AESTHETIK ENGINEERS LTD,L
AGROPHOS,BE,AGRO PHOS INDIA LIMITED,L
AHCL,BE,ANLON HEALTHCARE LIMITED,L
AISL,SM,ANI INTEGRATED SERV LTD.,L
AKIKO,ST,AKIKO GLOBAL SERVICES L,L
ARVEE,EQ,ARVEE LABORATORIES I LTD,L
ASTRON,EQ,ASTRON PAPER BORD MIL LTD,L
BASILIC,SM,BASILIC FLY STUDIO LTD,L
BGRENERGY,BE,BGR ENERGY SYSTEMS LTD,L
BLUECOAST,BE,BLUE COAST HOTELS LIMITED,L
BOHRAIND,EQ,BOHRA INDUSTRIES LIMITED,L
CADSYS,SM,CADSYS (INDIA) LIMITED,L
CALSOFTPP,X1,CALSOFT RS.2.50 PPD UP,L
CEREBRAINT,BZ,CEREBRA INT TECH LTD,L
COFFEEDAY,BE,COFFEE DAY ENTERPRISE LTD,L
CYBERPP,X1,CYBERMEDIA RS.5 PPD UP,L
EMKAY,EQ,EMKAY GLOBAL FIN SERV LTD,L
FEL,BZ,FUTURE ENTERPRISES LTD,L
FICRF3GP,MF,FRANTEMAMC - FICRF3GP,L
FLEXITUFF,EQ,FLEXITUFF VENTURES INT L,L
FLYSBS,ST,FLYSBS AVIATION LIMITED,L
FMNL,EQ,FUTURE MKT NETWORKS LTD,L
FSC,BZ,FUTURE SUPP CHAIN SOL LTD,L
GATECH,EQ,GACM TECHNOLOGIES LIMITED,L
GATECHDVR,BE,GACM TECHNOLOGIES LIMITED,L
GLOBALE,EQ,GLOBALE TESSILE LIMITED,L
GML,ST,GALAXY MEDICARE LIMITED,L
GODHA,BE,GODHA CABCON INSULAT LTD,L
GOLDSTAR,SM,GOLDSTAR POWER LIMITED,L
GSTL,SM,GLOBESECURE TECHNO LTD,L
GVKPIL,BE,GVK POW. & INFRA LTD.,L
HDIL,BZ,HOUSING DEV & INFRA LTD,L
HRHNEXT,SM,HRH NEXT SERVICES LIMITED,L
INFLUX,ST,INFLUX HEALTHTECH LIMITED,L
ISHAN,SM,ISHAN INTERNATIONAL LTD,L
ITTL,ST,INNOVATIVE TYRE & TUBE LT,L
JAYBARMARU,BE,JAYBHARATMARU-,L
KANDARP,ST,KANDARP DG SMART BPO LTD,L
KARMAENG,EQ,KARMA ENERGY LIMITED,L
LAL,EQ,LORENZINI APPARELS LTD,L
LINC,BE,LINC LIMITED,L
LOYALTEX,BE,LOYAL TEXTILE MILLS LTD,L
MCON,SM,MCON RASAYAN INDIA LTD,L
MINDTECK,BE,MINDTECK (INDIA) LIMITED,L
MIRCELECTR,BE,MIRCELECTR-DEPO,L
MTEDUCARE,BE,MT EDUCARE LTD,L
NEWJAISA,ST,NEWJAISA TECHNOLOGIES LTD,L
NIRMAN,SM,NIRMAN AGRI GENTICS LTD,L
NOIDATOLL,BE,NOIDA TOLL BRIDGE CO LTD,L
ODIGMA,BE,ODIGMA CONSULTANCY SOL L,L
OILCOUNTUB,EQ,OIL COUNTRY TUBULAR LTD,L
ONEPOINT,EQ,ONE POINT ONE SOL LTD,L
OSIAHYPER,BE,OSIA HYPER RETAIL LIMITED,L
PARSVNATH,BE,PARSVNATH DEVELOPER LTD,L
PKTEA,BE,THE P K TEA PROD CO LTD,L
PLADAINFO,SM,PLADA INFOTECH SERVICES L,L
PRIZOR,ST,PRIZOR VIZTECH LIMITED,L
PRUDMOULI,EQ,PRUDENTIAL SUGAR CORPORAT,L
PURPLEUTED,ST,PURPLE UNITED SALES LTD,L
QUADPRO,SM,QUADPRO ITES LIMITED,L
QVCEL,SM,QVC EXPORTS LIMITED,L
RBMINFRA,SM,RBM INFRACON LIMITED,L
RHFL,BE,RELIANCE HOME FINANCE LTD,L
RSSOFTWARE,BE,R. S. SOFTWARE (INDIA) LI,L
RVTH,EQ,REVATHI EQUIPMENT INDIA L,L
SAIFL,SM,SAMEERA AGRO AND INFRA L,L
SANWARIA,BZ,SANWARIA CONSUMER LIMITED,L
SHANKARA,BE,SHANKARA BLDG PRODUCT LTD,L
SHRADHA-RE,BE,SHRADHA INFRAPROJECTS LTD,L
SITINET,BZ,SITI NETWORKS LIMITED,L
SPRL,SM,SP REFRACTORIES LIMITED,L
SYNOPTICS,SM,SYNOPTICS TECHNOLOGIES L,L
TRANSWIND,SM,TRANSWIND INFRA LIMITED,L
TRU,EQ,TRUCAP FINANCE LIMITED,L
URAVIDEF,EQ,URAVI DEFENCE &TECH LTD,L
USASEEDS,ST,UPSURGE SEEDS OF AGRI LTD,L
VIAZ,ST,VIAZ TYRES LIMITED,L
VMSTMT,BE,VMS TMT LIMITED,L
WINSOME,BZ,WINSOME YARNS LIMITED,L
