GAIN_LOSS,SECURITY,CLOSE_PRIC,PREV_CL_PR,PERCENT_CG
 ,Nifty 50 Sec., , , 
 , , , , 
G,BHARAT ELECTRONICS LTD,       403.15,       395.45,1.95
G,HERO MOTOCORP LIMITED,      5354.50,      5277.00,1.47
G,AXIS BANK LIMITED,      1166.60,      1158.90,.66
G,HINDALCO  INDUSTRIES  LTD,       745.65,       741.05,.62
G,OIL AND NATURAL GAS CORP.,       239.67,       238.52,.48
G,BHARTI AIRTEL LIMITED,      1935.60,      1931.10,.23
G,MARUTI SUZUKI INDIA LTD.,     16269.00,     16249.00,.12
G,BAJAJ AUTO LIMITED,      8842.50,      8839.00,.04
G,SUN PHARMACEUTICAL IND L,      1627.40,      1627.10,.02
G,INDUSIND BANK LIMITED,       740.75,       740.75,0
 , , , , 
L,TRENT LTD,      4742.50,      4897.00,-3.15
L,POWER GRID CORP. LTD.,       284.40,       293.30,-3.03
L,TATA MOTORS LIMITED,       664.30,       682.95,-2.73
L,TATA CONSULTANCY SERV LT,      2957.40,      3035.40,-2.57
L,ASIAN PAINTS LIMITED,      2404.00,      2457.20,-2.17
L,NTPC LTD,       340.50,       347.60,-2.04
L,SHRIRAM FINANCE LIMITED,       612.70,       625.15,-1.99
L,CIPLA LTD,      1509.70,      1538.00,-1.84
L,DR. REDDY S LABORATORIES,      1275.20,      1298.10,-1.76
L,ADANI PORT & SEZ LTD,      1407.20,      1431.60,-1.7
L,JIO FIN SERVICES LTD,       301.60,       306.75,-1.68
L,ADANI ENTERPRISES LIMITED,      2576.40,      2619.80,-1.66
L,BAJAJ FINANCE LIMITED,      1012.75,      1029.75,-1.65
L,BAJAJ FINSERV LTD.,      2035.60,      2069.20,-1.62
L,HCL TECHNOLOGIES LTD,      1423.80,      1442.30,-1.28
L,MAHINDRA & MAHINDRA LTD,      3530.00,      3574.90,-1.26
L,TITAN COMPANY LIMITED,      3378.50,      3418.30,-1.16
L,WIPRO LTD,       242.00,       244.59,-1.06
L,ETERNAL LIMITED,       332.25,       335.80,-1.06
L,GRASIM INDUSTRIES LTD,      2778.60,      2807.40,-1.03
L,KOTAK MAHINDRA BANK LTD,      2013.50,      2031.30,-0.88
L,LARSEN & TOUBRO LTD.,      3644.40,      3673.80,-0.8
L,RELIANCE INDUSTRIES LTD,      1372.40,      1383.00,-0.77
L,HDFC LIFE INS CO LTD,       765.05,       770.25,-0.68
L,INFOSYS LIMITED,      1484.80,      1494.60,-0.66
L,ULTRATECH CEMENT LIMITED,     12141.00,     12214.00,-0.6
L,STATE BANK OF INDIA,       861.15,       866.20,-0.58
L,TECH MAHINDRA LIMITED,      1444.30,      1452.40,-0.56
L,TATA CONSUMER PRODUCT LTD,      1134.20,      1140.10,-0.52
L,ICICI BANK LTD.,      1375.80,      1382.70,-0.5
 , , , , 
 ,Nifty Next 50 Sec., , , 
 , , , , 
G,ADANI POWER LTD,       149.00,       144.50,3.11
G,VEDANTA LIMITED,       461.65,       448.45,2.94
G,HINDUSTAN AERONAUTICS LTD,      4775.20,      4723.90,1.09
G,ADANI ENERGY SOLUTION LTD,       894.20,       889.00,0.58
G,PUNJAB NATIONAL BANK,       111.40,       111.01,0.35
G,GODREJ CONSUMER PRODUCTS,      1189.20,      1186.00,0.27
G,ICICI LOMBARD GIC LIMITED,      1881.80,      1878.40,0.18
G,LTIMINDTREE LIMITED,      5214.00,      5207.00,0.13
 , , , , 
L,SWIGGY LIMITED,       426.10,       438.45,-2.82
L,LODHA DEVELOPERS LIMITED,      1149.40,      1179.40,-2.54
L,UNITED SPIRITS LIMITED,      1317.60,      1350.90,-2.47
L,SAMVRDHNA MTHRSN INTL LTD,       105.38,       107.96,-2.39
L,BAJAJ HOLDINGS & INVS LTD,     12899.00,     13203.00,-2.3
L,TORRENT PHARMACEUTICALS L,      3531.60,      3614.60,-2.3
L,CHOLAMANDALAM IN & FIN CO,      1592.80,      1630.20,-2.29
L,DABUR INDIA LTD,       506.30,       517.80,-2.22
L,INFO EDGE (I) LTD,      1358.60,      1385.30,-1.93
L,THE INDIAN HOTELS CO. LTD,       732.15,       746.00,-1.86
L,REC LIMITED,       375.25,       382.00,-1.77
L,DLF LIMITED,       721.05,       733.65,-1.72
L,ZYDUS LIFESCIENCES LTD,      1019.25,      1036.00,-1.62
L,PIDILITE INDUSTRIES LTD,      1495.70,      1519.50,-1.57
L,AVENUE SUPERMARTS LIMITED,      4576.20,      4645.80,-1.5
L,DIVI S LABORATORIES LTD,      5897.00,      5984.00,-1.45
L,ADANI GREEN ENERGY LTD,      1079.55,      1095.25,-1.43
L,CG POWER AND IND SOL LTD,       759.10,       770.10,-1.43
L,SIEMENS LTD,      3156.30,      3201.00,-1.4
L,TVS MOTOR COMPANY  LTD,      3408.40,      3453.00,-1.29
L,POWER FIN CORP LTD.,       405.40,       410.70,-1.29
L,JSW ENERGY LIMITED,       528.60,       535.15,-1.22
L,INDIAN RAILWAY FIN CORP L,       124.08,       125.59,-1.2
L,CANARA BANK,       121.44,       122.91,-1.2
L,TATA POWER CO LTD,       386.00,       390.30,-1.1
L,GAIL (INDIA) LTD,       174.42,       175.91,-0.85
L,ABB INDIA LIMITED,      5200.70,      5237.30,-0.7
L,HYUNDAI MOTOR INDIA LTD,      2736.90,      2755.70,-0.68
L,LIFE INSURA CORP OF INDIA,       888.20,       894.25,-0.68
L,BANK OF BARODA,       252.82,       254.37,-0.61
 , , , , 
 ,OTHER SECURITIES, , , 
 , , , , 
G,NATURAL CAPSULES LIMITED,       259.89,       216.58,20
G,TVS ELECTRONICS LTD,       623.60,       519.85,19.96
G,CHEMCON SPECIAL CHEM LTD,       283.29,       246.05,15.14
G,CANARYS AUTOMATIONS LTD,        33.40,        29.20,14.38
G,MADHAV COPPER LIMITED,        53.36,        46.92,13.73
G,ITALIAN EDIBLES LIMITED,        39.45,        35.00,12.71
G,THE STATE TRADING CORPN,       143.91,       129.12,11.45
G,MAX INDIA LIMITED,       224.11,       201.31,11.33
G,CINEVISTA LIMITED,        21.46,        19.36,10.85
G,DRS CARGO MOVERS LIMITED,        39.60,        36.00,10
G,NILA SPACES LIMITED,        18.73,        17.03,9.98
G,DYNAMIC SRVCS & SEC LTD,       133.40,       121.30,9.98
G,ASPIRE & INNOVATIVE ADV L,        22.80,        20.75,9.88
G,SHARP CHUCKS N MACHINES L,       112.70,       102.60,9.84
G,SHUBHSHREE BIOFUELS ENE L,       460.95,       421.00,9.49
G,TSC INDIA LIMITED,        66.70,        60.95,9.43
G,DELAPLEX LIMITED,       144.75,       132.50,9.25
G,RUDRABHISHEK ENTERP LTD,       155.00,       142.02,9.14
G,AKME FINTRADE (INDIA) LTD,         9.13,         8.37,9.08
G,CLASSIC ELECTRODE (IND) L,       107.95,        99.00,9.04
G,MAXVOLT ENERGY INDUS L,       254.60,       233.80,8.9
G,MOTOR & GENERAL FINANCE L,        28.57,        26.32,8.55
G,JYOTI GLOBAL PLAST LTD,        57.30,        52.80,8.52
G,ZUARI INDUSTRIES LIMITED,       403.90,       376.05,7.41
G,SEC RE NCD SR III,      1182.00,      1100.50,7.41
G,AARADHYA DISPOSAL INDUS L,       159.80,       150.15,6.43
G,HINDUSTAN COPPER LTD,       328.23,       308.71,6.32
G,RACL GEARTECH LIMITED,       982.40,       924.05,6.31
G,TRIGYN TECHNOLOGIES LTD,        89.96,        84.64,6.29
G,AKG EXIM LIMITED,        13.20,        12.43,6.19
 , , , , 
L,SEC RE NCD 9.90% SR IV,       379.68,       474.60,-20
L,SEC RE NCD 9.80% SR.V,       370.00,       456.00,-18.86
L,SEC RE NCD 10.15% SR VII,       739.80,       840.00,-11.93
L,PRUDENTIAL SUGAR CORPORAT,        30.09,        33.44,-10.02
L,EMKAY GLOBAL FIN SERV LTD,       341.59,       379.55,-10
L,FRANTEMAMC - FICRF3GP,        70.20,        78.00,-10
L,MAHALAXMI FABRIC MILLS LT,        28.16,        31.18,-9.69
L,D K ENTERPRISES GLOBAL L,        68.35,        74.90,-8.74
L,MONO PHARMACARE LIMITED,        22.25,        24.25,-8.25
L,SUNGARNER ENERGIES LTD,       233.65,       253.50,-7.83
L,TOLINS TYRES LIMITED,       181.01,       195.64,-7.48
L,KONTOR SPACE LIMITED,        69.75,        74.75,-6.69
L,AKASH INFRA-PROJECTS LTD,        28.59,        30.56,-6.45
L,RKEC PROJECTS LIMITED,        74.71,        79.81,-6.39
L,SALASAR TECHNO ENGG. LTD.,         8.96,         9.56,-6.28
L,KROSS LIMITED,       206.14,       219.94,-6.27
L,SIGACHI INDUSTRIES LTD,        38.99,        41.56,-6.18
L,PARAMATRIX TECHNOLOGIES L,        83.50,        89.00,-6.18
L,SELLOWRAP INDUSTRIES LTD,        96.60,       102.95,-6.17
L,IDENTICAL BRAINS STUDIO L,        38.40,        40.90,-6.11
L,GACM TECHNOLOGIES LIMITED,          .79,          .84,-5.95
L,TRUST FINTECH LIMITED,        47.45,        50.40,-5.85
L,GLOBALE TESSILE LIMITED,        13.15,        13.94,-5.67
L,TATA INVESTMENT CORP LTD,      8372.00,      8863.50,-5.55
L,ELEGANZ INTERIORS LIMITED,       139.05,       147.15,-5.5
L,STL GLOBAL LIMITED,        15.73,        16.64,-5.47
L,SUYOG TELEMATICS LIMITED,       822.40,       869.65,-5.43
L,SHRI HARE-KRI SPO IRON L,        63.30,        66.90,-5.38
L,AURO IMPEX & CHEMICALS L,        50.00,        52.80,-5.3
L,VIVIANA POWER TECH LTD,      1561.60,      1649.00,-5.3
