SECURITY,NEW,PREVIOUS,NEW_STATUS
2.50%GOLDBONDS2029SR-IV,12249.99,12209,H
SEC RE NCD 10% SR. V,1089.99,1060,H
KAYA LIMITED,484.5,481.95,H
HP TELECOM INDIA LIMITED,253.45,252.75,H
GRAND CONTINENT HOTELS L,202.9,202.85,H
BIL VYAPAR LIMITED,14.7,14.4,H
UNS RED NCD 8.79% SR.VIII,970.2,970,H
GOI TBILL 91D-28/11/25,98.9,98.8,H
TAURIAN MPS LIMITED,310.1,295.35,H
2.50%GOLDBONDS2028SR-VI,12210.75,12099,H
2.5%GOLDBONDS2028SR-VIII,12739.95,12611.28,H
2.50% GOLDBONDS2025SR-VII,12010,11871.62,H
2.50%GOLDBONDS2031SR-I,13470,13377.99,H
NETWEB TECH INDIA LTD,3652,3610,H
ASL INDUSTRIES LIMITED,61.3,60.1,H
DHARAN INFRA-EPC LIMITED,0.6,0.59,H
CLASSIC ELECTRODE (IND) L,113.9,108.65,H
AMBER ENTERPRISES (I) LTD,8497,8420,H
INVESCO INDIA GOLD ETF,10202.9,10038.95,H
SUMEET IND LIMITED,167.09,159.14,H
NATIONAL HIGHW INFRA TRUS,140.5,140.01,H
SMARTWORKS COWORKING SP L,580.9,575,H
SEC RE NCD SR III,1182,1150.25,H
SEC RE NCD 9.30% SR.IV,1079.8,1068,H
KNOWLEDGE REALTY TRUST,114.89,114.25,H
PARIN ENTERPRISES LIMITED,524,518.55,H
GLOBE INTL CARRIERS LTD,169.95,164.95,H
2.5%GOLDBONDS2029SR-I,12250,12224.77,H
2.50%GOLDBONDS2026SR-II,12696,12300,H
ZERODHAAMC - GOLDCASE,18.33,18.24,H
DSPAMC - DSPGOLDETF,113.86,112.49,H
KOTAK GOLD ETF,97.76,96.15,H
M.V.K. AGRO FOOD PROD LTD,477.5,468.15,H
P S RAJ STEELS LIMITED,242,239.35,H
BHARAT SEATS LIMITED,186,178.59,H
JAYBHARATMARU-,111.85,109.2,H
TVS ELECTRONICS LTD,623.8,567.1,H
2.50%GOLDBONDS2027SR-II,12300,12179.87,H
2.5%GOLDBONDS2029SR-VI,12475,12390,H
NEXUS SELECT TRUST,162.79,162.49,H
SBIAMC - SBISILVER,141.3,133.6,H
SEC RE NCD 9.65% SR IV,1110.4,1099,H
NEPTUNE PETROCHEMICALS L,186,183,H
SDL UP 7.73% 2034,100.45,100.1,H
KAVVERI DFS & WIR TEC LTD,134.01,127.63,H
MIRAEAMC - MASILVER,135.59,133.95,H
ASAHI INDIA GLASS LIMITED,933,932.8,H
LUMAX INDUSTRIES LTD,4815.7,4783.8,H
THE P K TEA PROD CO LTD,917,902.55,H
NILA SPACES LIMITED,18.73,17.39,H
PANACHE DIGILIFE LIMITED,384.88,366.56,H
2.50%GOLDBONDS2029SR-VIII,12549,12499,H
UTIAMC - SILVERETF,135,134.8,H
GOI LOAN 6.13% 2028,102.15,101.49,H
ICICI PRUDENTIAL GOLD ETF,102.5,98.81,H
POLYSIL IRRIGATION SYST L,240.85,236.15,H
ANLON HEALTHCARE LIMITED,139.85,112,H
GOI TBILL 91D-04/12/25,99,98.85,H
GOI TBILL 91D-11/12/25,98.9,98.75,H
2.50% GOLDBONDS2025SR-V,12100,11837.29,H
2.50%GOLDBONDS2032SR-IV,14900,14865.4,H
FRANTEMAMC - FICRF3GP,85,78,H
IZMO LIMITED,1284.5,1223.35,H
AARADHYA DISPOSAL INDUS L,175.75,155,H
GOI LOAN  5.91% 2028,101,100.9,H
2.50%GOLDBONDS2028SR-IX,13001,12900,H
INDIAN METALS & FERRO,1197.05,1186.4,H
2.50%GOLDBONDS2025SR-VIII,12000,11800,H
NIPPONAMC - NETFSILVER,133,130.35,H
COMMERCIAL SYN BAGS LTD,158.98,155.6,H
CHOICE INTERNATIONAL LTD,836.8,832,H
AESTHETIK ENGINEERS LTD,155.6,148.3,H
TEAM INDIA GUARANTY LTD,274.95,266.1,H
VIGOR PLAST INDIA LIMITED,98,94.55,H
GOI TBILL 91D-09/10/25,99.52,99.51,H
JYOTI GLOBAL PLAST LTD,63.35,59.8,H
GOI TBILL 182D-25/12/25,98.12,98,H
GOI TBILL 182D-12/02/26,97.37,97.3,H
DRS CARGO MOVERS LIMITED,39.6,36,H
TECHD CYBERSECURITY LTD,445.65,424.45,H
BARBEQUE NATION HOSP. LTD,221.4,225,L
DRONE DESTINATION LIMITED,67.1,69.2,L
KAUSHALYA LOGISTICS LTD,62.5,63.6,L
CREDO BRANDS MARKETING L,110.1,112.03,L
SHANTI GOLD INTERNATION L,213,215.69,L
CYBERMEDIA RS.5 PPD UP,9.34,9.84,L
DEV ACCELERATOR LIMITED,52,54.03,L
MAHALAXMI FABRIC MILLS LT,26.99,28.75,L
KAYTEX FABRICS LIMITED,99,102.5,L
SAAKSHI MEDTEC N PANELS L,172.1,175.6,L
SHRADHA INFRAPROJECTS LTD,2.7,4.25,L
SHANKARA BLDG PRODUCT LTD,230.15,242.25,L
HOMESFY REALTY LIMITED,229.45,229.55,L
GLOBESECURE TECHNO LTD,8.55,8.6,L
NECTAR LIFESCIENCES LTD.,14.72,15.03,L
AGS TRANSACT TECH LTD,3.96,4.04,L
TRUCAP FINANCE LIMITED,11.01,11.39,L
UMA EXPORTS LIMITED,46.76,47.35,L
PRESSTONIC ENGINEERING L,80.05,80.35,L
ESPRIT STONES LIMITED,80.8,81.5,L
SHANTI OVERSEAS INDIA LTD,9.03,9.1,L
VEDANT FASHIONS LIMITED,701.15,706.3,L
SHIVALIC POWER CONTROL L,93,95,L
PRO FX TECH LIMITED,96,96.15,L
JSW CEMENT LIMITED,143.25,143.95,L
PATEL RETAIL LIMITED,229,230,L
CP CAPITAL LIMITED,134.3,135,L
SEC RE NCD 10.15% SR VII,739.8,749.7,L
SG FINSERVE LIMITED,358.4,370.3,L
REGAAL RESOURCES LIMITED,92.01,95.2,L
ZERODHAAMC - SML100CASE,10.11,10.13,L
TSI 9.35% 29 SR I-C,101193.63,101331.99,L
SEC RE NCD 9.80% SR.V,370,400,L
LLOYD RE.0.50 PPD UP,41.51,42.25,L
NEW DELHI TELEVISION LTD,25.01,27.1,L
VAKRANGEE LIMITED,8.26,8.27,L
AERON COMPOSITE LIMITED,99,102.7,L
TWAMEV CONS AND INFRA LTD,19.35,20.56,L
TRUST FINTECH LIMITED,46,48.1,L
GALAXY MEDICARE LIMITED,37.8,39.75,L
GEM AROMATICS LIMITED,253.05,257.1,L
OLA ELECTRIC MOBILITY LTD,54.55,56.16,L
AMANTA HEALTHCARE LIMITED,137.34,142.2,L
VISHNU PRAKASH R PUNGLI L,96.61,99.5,L
PATIL AUTOMATION LIMITED,185,191,L
RAJOO ENGINEERS LIMITED,87.01,90.3,L
TSIIC 9.35% 2028 SR I- B,100999.13,101450.38,L
OPTIVALUE TEK CONSULT LTD,100.6,101.4,L
MCON RASAYAN INDIA LTD,61.65,62.5,L
ROTO PUMPS LIMITED,78,79.36,L
PARAMOUNT SPECIALI FORG L,37,37.5,L
AEROFLEX ENTERPRISES LTD,83,83.55,L
REFRACTORY SHAPES LIMITED,49.15,49.85,L
HIGHWAY INFRASTRUCTURE L,82.5,84.25,L
ORTIN GLOBAL LIMITED,11.55,11.76,L
SCL 8.88% 2028 SR V,938,942,L
VMS TMT LIMITED,94.66,99.65,L
URAVI DEFENCE &TECH LTD,245.7,257.25,L
DIGITIDE SOLUTIONS LTD,162.02,166.92,L
GLOBE CIVIL PROJECTS LTD,72.01,74,L
MEDISTEP HEALTHCARE LTD,29.5,30.2,L
MANGAL ELECTRICAL IND L,470.5,473,L
SATTVA ENGINEERING CSTN L,102.15,103,L
ANDHRA CEMENTS LIMITED,89.27,90.42,L

