SERIES,SYMBOL,SECURITY,RECORD_DT,BC_STRT_DT,BC_END_DT,EX_DT,ND_STRT_DT,ND_END_DT,PURPOSE
NC,1003IIFL29,Sec Re NCD 10.03% Sr V,2025-10-17,,,2025-10-17,,,INTEREST PAYMENT
UC,1003IIFL29,Sec Re NCD 10.03% Sr V,2025-10-17,,,2025-10-17,,,INTEREST PAYMENT
N0,1025VCCL28,VCCL 10.25% 2028,2025-10-16,,,2025-10-16,,,INTEREST PAYMENT
N6,1048IIFL27,IIFL Samasta10.48% 2027,2025-10-22,,,2025-10-20,,,INTEREST PAYMENT
U6,1048IIFL27,IIFL Samasta10.48% 2027,2025-10-22,,,2025-10-20,,,INTEREST PAYMENT
TB,182D231025,GOI TBILL 182D-23/10/25,2025-10-18,,,,,,REDEMPTION
TB,182D311025,GOI TBILL 182D-31/10/25,2025-10-29,,,,,,REDEMPTION
N0,18MVL27,Magnum Ventures 18% 2027,2025-10-16,,,2025-10-16,,,INTEREST PAYMENT
TB,364D231025,GOI TBILL 364D-23/10/25,2025-10-18,,,,,,REDEMPTION
TB,364D301025,GOI TBILL 364D-30/10/25,2025-10-28,,,,,,REDEMPTION
SG,538CG25,SDL CG 5.38% 2025,2025-10-24,,,,,,REDEMPTION
SG,747GJ25,SDL GJ 7.47% 2025,2025-10-23,,,,,,REDEMPTION
N0,755RECL26,REC LTD 7.55% 26 Sr 237,2025-10-16,,,2025-10-16,,,INTEREST PAYMENT
SG,763ML25,SDL ML 7.63% 2025,2025-10-23,,,,,,REDEMPTION
N9,820IIFL27,Sec Re NCD 8.20% Sr.III,2025-10-16,,,2025-10-16,,,INTEREST PAYMENT
U9,820IIFL27,Sec Re NCD 8.20% Sr.III,2025-10-16,,,2025-10-16,,,INTEREST PAYMENT
NL,842IIFL26,Sec Re NCD 9% Sr.VI,2025-10-16,,,2025-10-16,,,INTEREST PAYMENT
UL,842IIFL26,Sec Re NCD 9% Sr.VI,2025-10-16,,,2025-10-16,,,INTEREST PAYMENT
NC,843IHFL29,Sec Re NCD 8.43% Sr.VI,2025-10-16,,,2025-10-16,,,INTEREST PAYMENT
UC,843IHFL29,Sec Re NCD 8.43% Sr.VI,2025-10-16,,,2025-10-16,,,INTEREST PAYMENT
NZ,865IFL28,Sec Re NCD 9% Sr.VI,2025-10-16,,,2025-10-16,,,INTEREST PAYMENT
UZ,865IFL28,Sec Re NCD 9% Sr.VI,2025-10-16,,,2025-10-16,,,INTEREST PAYMENT
N1,865IHFL27,IIFL Home Finance Limited,2025-10-16,,,2025-10-16,,,INTEREST PAYMENT
U1,865IHFL27,IIFL Home Finance Limited,2025-10-16,,,2025-10-16,,,INTEREST PAYMENT
NS,865IIFL28,Sec Re NCD 9% Sr.VI,2025-10-16,,,2025-10-16,,,INTEREST PAYMENT
US,865IIFL28,Sec Re NCD 9% Sr.VI,2025-10-16,,,2025-10-16,,,INTEREST PAYMENT
N8,865SCL26,SEC RED NCD 8.65% SR. V,2025-10-15,,,2025-10-15,,,INTEREST PAYMENT
U8,865SCL26,SEC RED NCD 8.65% SR. V,2025-10-15,,,2025-10-15,,,INTEREST PAYMENT
ZF,875SFL27,Shriram Finance Limited,2025-10-16,,,2025-10-16,,,INTEREST PAYMENT
NC,879SCL26,UNS RED NCD 8.79% SR.VIII,2025-10-15,,,2025-10-15,,,INTEREST PAYMENT
UC,879SCL26,UNS RED NCD 8.79% SR.VIII,2025-10-15,,,2025-10-15,,,INTEREST PAYMENT
N4,897MOFSL29,Sec Re NCD 8.97% Sr V,2025-10-16,,,2025-10-16,,,INTEREST PAYMENT
U4,897MOFSL29,Sec Re NCD 8.97% Sr V,2025-10-16,,,2025-10-16,,,INTEREST PAYMENT
N1,89IHFL29,IIFL Home Finance Limited,2025-10-16,,,2025-10-16,,,INTEREST PAYMENT
U1,89IHFL29,IIFL Home Finance Limited,2025-10-16,,,2025-10-16,,,INTEREST PAYMENT
TB,91D231025,GOI TBILL 91D-23/10/25,2025-10-18,,,,,,REDEMPTION
TB,91D301025,GOI TBILL 91D-30/10/25,2025-10-28,,,,,,REDEMPTION
N8,920IIFLS26,Sec Re NCD 9.20% Sr I,2025-10-17,,,2025-10-17,,,INTEREST PAYMENT
U8,920IIFLS26,Sec Re NCD 9.20% Sr I,2025-10-17,,,2025-10-17,,,INTEREST PAYMENT
N0,925IIFL32,IIFL 9.25% Sr D33 OP B,2025-10-16,,,2025-10-16,,,INTEREST PAYMENT
Z5,931SFL26,Shriram Finance Limited,2025-10-16,,,2025-10-16,,,INTEREST PAYMENT
NZ,935IIFL28,IIFL 9.35% Tr I Sr V,2025-10-16,,,2025-10-16,,,INTEREST PAYMENT
UZ,935IIFL28,IIFL 9.35% Tr I Sr V,2025-10-16,,,2025-10-16,,,INTEREST PAYMENT
N6,93MOFSL34,Sec Re NCD 9.30% Sr VII,2025-10-16,,,2025-10-16,,,INTEREST PAYMENT
U6,93MOFSL34,Sec Re NCD 9.30% Sr VII,2025-10-16,,,2025-10-16,,,INTEREST PAYMENT
N0,950ISF26,IIFL Samasta 9.50% 2026,2025-10-15,,,2025-10-15,,,INT PAYMENT/PART REDMPTN
N0,950ISF26A,ISF 9.50% 2026,2025-10-16,,,2025-10-16,,,INT PAYNT/PART REDEMPTN
MW,957ICCL25,Shriram Finance Limited,2025-10-16,,,2025-10-16,,,INTEREST PAYMENT
YW,957ICCL25,Shriram Finance Limited,2025-10-16,,,2025-10-16,,,INTEREST PAYMENT
,957IIFLS27,Sec Re NCD 9.57% Sr III,2025-10-17,,,2025-10-17,,,INTEREST PAYMENT
UA,957IIFLS27,Sec Re NCD 9.57% Sr III,2025-10-17,,,2025-10-17,,,INTEREST PAYMENT
M2,960IIFL30,IIFL 9.60% Tr I Sr VIII,2025-10-16,,,2025-10-16,,,INTEREST PAYMENT
Y2,960IIFL30,IIFL 9.60% Tr I Sr VIII,2025-10-16,,,2025-10-16,,,INTEREST PAYMENT
N5,96IIFL28,Unsec Re NCD 9.60% Sr.II,2025-10-16,,,2025-10-16,,,INTEREST PAYMENT
U5,96IIFL28,Unsec Re NCD 9.60% Sr.II,2025-10-16,,,2025-10-16,,,INTEREST PAYMENT
NF,96IIFL28A,Sec Re NCD 9% Sr.VI,2025-10-16,,,2025-10-16,,,INTEREST PAYMENT
UF,96IIFL28A,Sec Re NCD 9% Sr.VI,2025-10-16,,,2025-10-16,,,INTEREST PAYMENT
BE,ABINFRA,A B Infrabuild Limited,2025-10-17,,,2025-10-17,,,FVSPLT FRM RS 10 TO RE 1
BL,ABINFRA,A B Infrabuild Limited,2025-10-17,,,2025-10-17,,,FVSPLT FRM RS 10 TO RE 1
EQ,ABINFRA,A B Infrabuild Limited,2025-10-17,,,2025-10-17,,,FVSPLT FRM RS 10 TO RE 1
IQ,ABINFRA,A B Infrabuild Limited,2025-10-17,,,2025-10-17,,,FVSPLT FRM RS 10 TO RE 1
BE,ACCELYA,Accelya Soln India Ltd,2025-10-24,,,2025-10-24,,,DIV - RS 40 PER SH
BL,ACCELYA,Accelya Soln India Ltd,2025-10-24,,,2025-10-24,,,DIV - RS 40 PER SH
EQ,ACCELYA,Accelya Soln India Ltd,2025-10-24,,,2025-10-24,,,DIV - RS 40 PER SH
IQ,ACCELYA,Accelya Soln India Ltd,2025-10-24,,,2025-10-24,,,DIV - RS 40 PER SH
BE,ANANDRATHI,Anand Rathi Wealth Ltd,2025-10-17,,,2025-10-17,,,INTDIV - RS 6 PER SH
BL,ANANDRATHI,Anand Rathi Wealth Ltd,2025-10-17,,,2025-10-17,,,INTDIV - RS 6 PER SH
EQ,ANANDRATHI,Anand Rathi Wealth Ltd,2025-10-17,,,2025-10-17,,,INTDIV - RS 6 PER SH
IQ,ANANDRATHI,Anand Rathi Wealth Ltd,2025-10-17,,,2025-10-17,,,INTDIV - RS 6 PER SH
T0,ANANDRATHI,Anand Rathi Wealth Ltd,2025-10-17,,,2025-10-17,,,INTDIV - RS 6 PER SH
TL,ANANDRATHI,Anand Rathi Wealth Ltd,2025-10-17,,,2025-10-17,,,INTDIV - RS 6 PER SH
BE,ELECON,Elecon Engg Co. Ltd.,2025-10-16,,,2025-10-16,,,INTDIV - RE 0.50 PER SH
BL,ELECON,Elecon Eng. Co. Ltd,2025-10-16,,,2025-10-16,,,INTDIV - RE 0.50 PER SH
EQ,ELECON,Elecon Engg Co. Ltd.,2025-10-16,,,2025-10-16,,,INTDIV - RE 0.50 PER SH
IQ,ELECON,Elecon Engg Co. Ltd.,2025-10-16,,,2025-10-16,,,INTDIV - RE 0.50 PER SH
T0,ELECON,Elecon Engg Co. Ltd.,2025-10-16,,,2025-10-16,,,INTDIV - RE 0.50 PER SH
TL,ELECON,Elecon Engg Co. Ltd.,2025-10-16,,,2025-10-16,,,INTDIV - RE 0.50 PER SH
SL,GICL,Globe Intl Carriers Ltd,2025-10-15,,,2025-10-15,,,BONUS 1:1
SL,GICL,Globe Intl Carriers Ltd,2025-10-15,,,2025-10-15,,,FVSPLT FRM RS 10 TO RS 5
SM,GICL,Globe Intl Carriers Ltd,2025-10-15,,,2025-10-15,,,FVSPLT FRM RS 10 TO RS 5
SM,GICL,Globe Intl Carriers Ltd,2025-10-15,,,2025-10-15,,,BONUS 1:1
SQ,GICL,Globe Intl Carriers Ltd,2025-10-15,,,2025-10-15,,,FVSPLT FRM RS 10 TO RS 5
SQ,GICL,Globe Intl Carriers Ltd,2025-10-15,,,2025-10-15,,,BONUS 1:1
ST,GICL,Globe Intl Carriers Ltd,2025-10-15,,,2025-10-15,,,BONUS 1:1
ST,GICL,Globe Intl Carriers Ltd,2025-10-15,,,2025-10-15,,,FVSPLT FRM RS 10 TO RS 5
GS,GS261025C,GOI STRIPS C 261025,2025-10-20,,,,,,REDEMPTION
BE,HCLTECH,HCL Technologies Ltd.,2025-10-17,,,2025-10-17,,,INTDIV - RS 12 PER SH
BL,HCLTECH,HCL Technologies Ltd.,2025-10-17,,,2025-10-17,,,INTDIV - RS 12 PER SH
EQ,HCLTECH,HCL Technologies Ltd.,2025-10-17,,,2025-10-17,,,INTDIV - RS 12 PER SH
IQ,HCLTECH,HCL Technologies Ltd.,2025-10-17,,,2025-10-17,,,INTDIV - RS 12 PER SH
T0,HCLTECH,HCL Technologies Ltd.,2025-10-17,,,2025-10-17,,,INTDIV - RS 12 PER SH
TL,HCLTECH,HCL Technologies Ltd.,2025-10-17,,,2025-10-17,,,INTDIV - RS 12 PER SH
BE,ICICIGI,ICICI Lombard GIC Limited,2025-10-23,,,2025-10-23,,,INTDIV - RS 6.50 PER SH
BL,ICICIGI,ICICI Lombard GIC Limited,2025-10-23,,,2025-10-23,,,INTDIV - RS 6.50 PER SH
EQ,ICICIGI,ICICI Lombard GIC Limited,2025-10-23,,,2025-10-23,,,INTDIV - RS 6.50 PER SH
IQ,ICICIGI,ICICI Lombard GIC Limited,2025-10-23,,,2025-10-23,,,INTDIV - RS 6.50 PER SH
T0,ICICIGI,ICICI Lombard GIC Limited,2025-10-23,,,2025-10-23,,,INTDIV - RS 6.50 PER SH
TL,ICICIGI,ICICI Lombard GIC Limited,2025-10-23,,,2025-10-23,,,INTDIV - RS 6.50 PER SH
BE,RAMAPHO,Rama Phosphates Limited,2025-10-21,,,2025-10-20,,,INTDIV - RE 0.50 PER SH
BL,RAMAPHO,Rama Phosphates Limited,2025-10-21,,,2025-10-20,,,INTDIV - RE 0.50 PER SH
EQ,RAMAPHO,Rama Phosphates Limited,2025-10-21,,,2025-10-20,,,INTDIV - RE 0.50 PER SH
IQ,RAMAPHO,Rama Phosphates Limited,2025-10-21,,,2025-10-20,,,INTDIV - RE 0.50 PER SH
BE,ROLEXRINGS,Rolex Rings Limited,2025-10-17,,,2025-10-17,,,FVSPLT FRM RS 10 TO RE 1
BL,ROLEXRINGS,Rolex Rings Limited,2025-10-17,,,2025-10-17,,,FVSPLT FRM RS 10 TO RE 1
EQ,ROLEXRINGS,Rolex Rings Limited,2025-10-17,,,2025-10-17,,,FVSPLT FRM RS 10 TO RE 1
IQ,ROLEXRINGS,Rolex Rings Limited,2025-10-17,,,2025-10-17,,,FVSPLT FRM RS 10 TO RE 1
GB,SGBOCT25IV,2.50% GOLDBONDS2025SR-IV,2025-10-18,,,,,,REDEMPTION
GB,SGBOCT25V,2.50% GOLDBONDS2025SR-V,2025-10-28,,,,,,REDEMPTION
BE,SKFINDIA,SKF India Limited,2025-10-15,,,2025-10-15,,,DEMERGER
BL,SKFINDIA,SKF India Limited,2025-10-15,,,2025-10-15,,,DEMERGER
EQ,SKFINDIA,SKF India Limited,2025-10-15,,,2025-10-15,,,DEMERGER
IQ,SKFINDIA,SKF India Limited,2025-10-15,,,2025-10-15,,,DEMERGER
T0,SKFINDIA,SKF India Limited,2025-10-15,,,2025-10-15,,,DEMERGER
TL,SKFINDIA,SKF India Limited,2025-10-15,,,2025-10-15,,,DEMERGER
SL,TAC,TAC Infosec Limited,2025-10-15,,,2025-10-15,,,BONUS 1:1
SM,TAC,TAC Infosec Limited,2025-10-15,,,2025-10-15,,,BONUS 1:1
SQ,TAC,TAC Infosec Limited,2025-10-15,,,2025-10-15,,,BONUS 1:1
ST,TAC,TAC Infosec Limited,2025-10-15,,,2025-10-15,,,BONUS 1:1
BE,TCS,TATA CONSULTANCY SERV LTD,2025-10-15,,,2025-10-15,,,INTDIV - RS 11 PER SH
BL,TCS,Tata Consultancy Serv Ltd,2025-10-15,,,2025-10-15,,,INTDIV - RS 11 PER SH
EQ,TCS,Tata Consultancy Serv Ltd,2025-10-15,,,2025-10-15,,,INTDIV - RS 11 PER SH
IQ,TCS,Tata Consultancy Serv Ltd,2025-10-15,,,2025-10-15,,,INTDIV - RS 11 PER SH
T0,TCS,Tata Consultancy Serv Ltd,2025-10-15,,,2025-10-15,,,INTDIV - RS 11 PER SH
TL,TCS,Tata Consultancy Serv Ltd,2025-10-15,,,2025-10-15,,,INTDIV - RS 11 PER SH
BE,TECHM,Tech Mahindra Limited,2025-10-21,,,2025-10-20,,,INTDIV - RS 15 PER SH
BL,TECHM,Tech Mahindra Limited,2025-10-21,,,2025-10-20,,,INTDIV - RS 15 PER SH
EQ,TECHM,Tech Mahindra Limited,2025-10-21,,,2025-10-20,,,INTDIV - RS 15 PER SH
IQ,TECHM,Tech Mahindra Limited,2025-10-21,,,2025-10-20,,,INTDIV - RS 15 PER SH
T0,TECHM,Tech Mahindra Limited,2025-10-21,,,2025-10-20,,,INTDIV - RS 15 PER SH
TL,TECHM,Tech Mahindra Limited,2025-10-21,,,2025-10-20,,,INTDIV - RS 15 PER SH
BE,THYROCARE,Thyrocare Tech Ltd,2025-10-24,,,2025-10-24,,,INTDIV - RS 7 PER SH
BL,THYROCARE,Thyrocare Tech Ltd,2025-10-24,,,2025-10-24,,,INTDIV - RS 7 PER SH
EQ,THYROCARE,Thyrocare Tech Ltd,2025-10-24,,,2025-10-24,,,INTDIV - RS 7 PER SH
IQ,THYROCARE,Thyrocare Tech Ltd,2025-10-24,,,2025-10-24,,,INTDIV - RS 7 PER SH
BE,TIPSMUSIC,TIPS MUSIC LIMITED,2025-10-21,,,2025-10-20,,,INTDIV - RS 4 PER SH
BL,TIPSMUSIC,TIPS MUSIC LIMITED,2025-10-21,,,2025-10-20,,,INTDIV - RS 4 PER SH
EQ,TIPSMUSIC,TIPS MUSIC LIMITED,2025-10-21,,,2025-10-20,,,INTDIV - RS 4 PER SH
IQ,TIPSMUSIC,TIPS MUSIC LIMITED,2025-10-21,,,2025-10-20,,,INTDIV - RS 4 PER SH
BE,UNIPARTS,Uniparts India Limited,2025-10-23,,,2025-10-23,,,SPLDIV - RS 22.50 PER SH
BL,UNIPARTS,Uniparts India Limited,2025-10-23,,,2025-10-23,,,SPLDIV - RS 22.50 PER SH
EQ,UNIPARTS,Uniparts India Limited,2025-10-23,,,2025-10-23,,,SPLDIV - RS 22.50 PER SH
IQ,UNIPARTS,Uniparts India Limited,2025-10-23,,,2025-10-23,,,SPLDIV - RS 22.50 PER SH
