SYMBOL,SERIES,SECURITY,HIGH/LOW
21STCENMGM,EQ,21ST CENTURY MGMT SERVICE,H
ABMINTLLTD,EQ,ABM INTERNATIONAL LTD,H
ADVANCE,BE,ADVANCE AGROLIFE LIMITED,H
ALPSINDUS,BE,ALPS INDUSTRIES LTD.,H
AMCL,ST,ANB METAL CAST LIMITED,H
BEACON,SM,BEACON TRUSTEESHIP LTD,H
BHARATSE,EQ,BHARAT SEATS LIMITED,H
BLUECOAST,BE,BLUE COAST HOTELS LIMITED,H
BOHRAIND,EQ,BOHRA INDUSTRIES LIMITED,H
COMPINFO,BZ,COMPUAGE INFOCOM LTD,H
CTE,EQ,CAMBRIDGE TECH ENTER LTD,H
DHARAN,BZ,DHARAN INFRA-EPC LIMITED,H
EFACTOR,SM,E FACTOR EXPERIENCES LTD,H
EMKAY,BE,EMKAY GLOBAL FIN SERV LTD,H
ESFL,SM,ESSEN SPECIALITY FILMS L,H
FEL,BZ,FUTURE ENTERPRISES LTD,H
FLFL,BZ,FUT LIFESTYLE FASH LTD,H
FMNL,EQ,FUTURE MKT NETWORKS LTD,H
FSC,BZ,FUTURE SUPP CHAIN SOL LTD,H
GATECH,EQ,GACM TECHNOLOGIES LIMITED,H
GATECHDVR,BE,GACM TECHNOLOGIES LIMITED,H
GAYAHWS,BE,GAYATRI HIGHWAYS LIMITED,H
GENESYS,EQ,GENESYS INTL CORPN LTD,H
GINNIFILA,BE,GINNIFILAMENTS LTD.,H
GKENERGY,EQ,GK ENERGY LIMITED,H
GMBREW,EQ,G M BREWERIES LTD,H
GOENKA,BZ,GOENKA DIAMOND&JEWELS LTD,H
GUJRAFFIA,EQ,GUJARAT RAFFIA INDUST LTD,H
GVPTECH,EQ,GVP INFOTECH LIMITED,H
GVPTECHPP,E1,GVPTECH RE.1 PPD UP,H
HILTON,EQ,HILTON METAL FORGING LTD,H
HNGSNGBEES,EQ,NIP IND ETF HANGSENG BEES,H
HVAX,SM,HVAX TECHNOLOGIES LIMITED,H
IEL,BE,INDIABULLS ENT LTD,H
IMPEXFERRO,BZ,IMPEX FERRO TECH LIMITED,H
INDOTHAI,BE,INDO THAI SEC LTD,H
ISHAN,SM,ISHAN INTERNATIONAL LTD,H
JAKHARIA,ST,JAKHARIA FABRIC LIMITED,H
JALAN,SM,JALAN TRANSOLU. INDIA LTD,H
KAVDEFENCE,BE,KAVVERI DFS & WIR TEC LTD,H
KONSTELEC,SM,KONSTELEC ENGINEERS LTD,H
LAKPRE,BZ,LAKSHMI PRE SCRE LTD,H
LCCINFOTEC,EQ,LCC INFOTECH LTD,H
LRRPL,SM,LEAD REC AND RUB PROD LTD,H
MADHUCON,EQ,MADHUCON PROJECTS LTD.,H
MAFANG,EQ,MIRAEAMC - MAFANG,H
MAHKTECH,EQ,MIRAEAMC - MAHKTECH,H
MASKINVEST,EQ,MASK INVESTMENTS LIMITED,H
MASPTOP50,EQ,MIRAEAMC - MASPTOP50,H
MCLEODRUSS,BE,MCLEOD RUSSEL INDIA LTD.,H
MCON,SM,MCON RASAYAN INDIA LTD,H
MEGASOFT,EQ,MEGASOFT LTD,H
MEP,BZ,MEP INFRA. DEVELOPERS LTD,H
MIRCELECTR,BE,MIRCELECTR-DEPO,H
MOXSH,SM,MOXSH OVERSEAS EDUCON LTD,H
MUNISH,ST,MUNISH FORGE LIMITED,H
NIBE,EQ,NIBE LIMITED,H
NOIDATOLL,EQ,NOIDA TOLL BRIDGE CO LTD,H
OLAELEC,BE,OLA ELECTRIC MOBILITY LTD,H
OMKARCHEM,BZ,OMKAR SPL CHEM LTD,H
ORCHASP,EQ,ORCHASP LIMITED,H
ORTEL,BZ,ORTEL COMMUNICATIONS LTD,H
OSIAHYPER,BE,OSIA HYPER RETAIL LIMITED,H
PARSVNATH,BE,PARSVNATH DEVELOPER LTD,H
PRECISION,SM,PRECISION METALIKS LTD,H
PURVFLEXI,ST,PURV FLEXIPACK LIMITED,H
RAMAPHO,EQ,RAMA PHOSPHATES LIMITED,H
READYMIX,ST,READYMIX CONSTRU MACHI L,H
RELIABLE,BE,RELIABLE DATA SERVICE LTD,H
RICHA,SM,RICHA INFO SYSTEMS LTD,H
ROCKINGDCE,SM,ROCKINGDEALS CIRCU ECO L,H
SALSTEEL,BE,S.A.L. STEEL LTD.,H
SANWARIA,BZ,SANWARIA CONSUMER LIMITED,H
SATIPOLY,SM,SATI POLY PLAST LIMITED,H
SETUINFRA,BZ,SETUBANDHAN INFRA LTD,H
SITINET,BZ,SITI NETWORKS LIMITED,H
SOMATEX,BE,SOMA TEXTILEI NDUSTRIES L,H
SPECTSTM,SM,SPECTRUM TALENT MGMT LTD,H
SRPL,BZ,SHREE RAM PROTEINS LTD.,H
STALLION,EQ,STALLION IND FLUOROCHEM L,H
SUMEETINDS,BE,SUMEET IND LIMITED,H
TAC,ST,TAC INFOSEC LIMITED,H
TAKE,BE,TAKE SOLUTIONS LTD,H
TARAPUR,EQ,TARAPUR TRANSFORMERS LTD,H
TATSILV,EQ,TATAAML-TATSILV,H
TECHERA,SM,TECHERA ENGINEER (IND) L,H
TECHLABS,SM,TRIDENT TECHLABS LIMITED,H
TIMESCAN,SM,TIMESCAN LOGISTICS IND L,H
TREJHARA,EQ,TREJHARA SOLUTIONS LTD,H
VCL,EQ,VAXTEX COTFAB LIMITED,H
VELS,SM,VELS FILM INTERNATIONAL L,H
VERTEXPLUS,ST,VERTEXPLUS TECHNOLOGIES L,H
VIJAYPD,ST,VIJAYPD CEUTICAL LIMITED,H
VISASTEEL,BE,VISA STEEL LIMITED,H
WINSOME,BZ,WINSOME YARNS LIMITED,H
YAARI,BE,YAARI DIGI INT SER LTD,H
AAATECH,BE,AAA TECHNOLOGIES LIMITED,L
ABHAPOWER,ST,ABHA POWER N STEEL LTD,L
AESTHETIK,SM,AESTHETIK ENGINEERS LTD,L
AGSTRA,BZ,AGS TRANSACT TECH LTD,L
AGUL,SM,A G UNIVERSAL LIMITED,L
ATLANTAA,BE,ATLANTAA LIMITED,L
BIRDYS,ST,GRILL SPLENDOUR SER LTD,L
CENTEXT,BE,CENTURY EXTRUSIONS LTD,L
CHANDAN,ST,CHANDAN HEALTHCARE LTD,L
COMMITTED,ST,COMMITTED CARGO CARE LTD,L
COOLCAP-RE,ST,COOL CAPS INDUSTRIES LTD,L
CPS,SM,C P S SHAPERS LIMITED,L
CYBERPP,X1,CYBERMEDIA RS.5 PPD UP,L
DIVYADHAN,SM,DIVYADHAN RECYCLING IND L,L
EQUIPPP,BE,EQUIPPP SOC IMP TECH LTD,L
ESCONET,SM,ESCONET TECHNOLOGIES LTD,L
ESFL,SM,ESSEN SPECIALITY FILMS L,L
EXCEL,BE,EXCEL REALTY N INFRA LTD,L
FEL,BZ,FUTURE ENTERPRISES LTD,L
FELDVR,BZ,FUTURE ENTERPRISES LTD,L
FICRF3GP,MF,FRANTEMAMC - FICRF3GP,L
FLEXITUFF,EQ,FLEXITUFF VENTURES INT L,L
GAYAHWS,BE,GAYATRI HIGHWAYS LIMITED,L
GIRIRAJ,SM,GIRIRAJ CIVIL DEVP LTD,L
GREENLEAF,ST,GREENLEAF ENVIROTECH LTD,L
GSTL,SM,GLOBESECURE TECHNO LTD,L
GURUNANAK,ST,GURUNANAK AGRICULTUR IN L,L
GVKPIL,BE,GVK POW. & INFRA LTD.,L
HITECHGEAR,BE,THE HI-TECH GEARS LIMITED,L
INDIFRA,ST,INDIFRA LIMITED,L
IWARE,ST,IWARE SUPPLYCHAIN SER LTD,L
IZMO,BE,IZMO LIMITED,L
JAINIK,ST,JAINIK POWER CABLES LTD,L
JITFINFRA,BE,JITF INFRALOGISTICS LTD,L
KAVDEFENCE,BE,KAVVERI DFS & WIR TEC LTD,L
KCEIL,SM,KAY CEE ENERGY & INFRA L,L
KCK,ST,KCK INDUSTRIES LTD,L
KDL,SM,KORE DIGITAL LIMITED,L
LGHL,EQ,LAXMI GOLDORNA HOUSE LTD,L
MAHASTEEL,BE,MAHAMAYA STEEL INDS LTD,L
MANAV,SM,MANAV INFRA PROJECTS LTD,L
MPEL,ST,MANAS POLYMER N ENERGIE L,L
MYMUDRA,ST,MY MUDRA FINCORP LIMITED,L
NACLIND,BE,NACL INDUSTRIES LIMITED,L
NAGREEKCAP,BE,NAGREEKA CAP & INFR.LTD,L
NIKITA,ST,NIKITA PAPERS LIMITED,L
NIRMAN,SM,NIRMAN AGRI GENTICS LTD,L
OMFREIGHT,BE,OM FREIGHT FORWARDERS LTD,L
ORTEL,BZ,ORTEL COMMUNICATIONS LTD,L
PERFECT,SZ,PERFECT INFRAENGINEER LTD,L
PPSL,ST,PICTUREPOST STUDIOS LTD,L
PROLIFE,SM,PROLIFE INDUSTRIES LTD,L
QVCEL,SM,QVC EXPORTS LIMITED,L
RAJRILTD,BE,RAJ RAYON INDUSTRIES LTD,L
SABAR,ST,SABAR FLEX INDIA LIMITED,L
SADBHAV,EQ,SADBHAV ENGINEERING LTD,L
SADHNANIQ,BE,SADHANA NITROCHEM LIMITED,L
SAIFL,SM,SAMEERA AGRO AND INFRA L,L
SANGANI,SM,SANGANI HOSPITALS LIMITED,L
SANWARIA,BZ,SANWARIA CONSUMER LIMITED,L
SILKFLEX,SM,SILKFLEX POLYMERS INDIA L,L
SKFINDIA,BE,SKF INDIA LTD,L
SPCENET,BE,SPACENET ENTERS IND LTD,L
SUBAHOTELS,ST,SUBA HOTELS LIMITED,L
SYNOPTICS,SM,SYNOPTICS TECHNOLOGIES L,L
TAURIAN,ST,TAURIAN MPS LIMITED,L
TECHD,ST,TECHD CYBERSECURITY LTD,L
TGL,SM,TEERTH GOPICON LIMITED,L
THESL,SM,THINKING HATS ENTER SOL L,L
TRANSWIND,SM,TRANSWIND INFRA LIMITED,L
VLEGOV,EQ,VL E GOV AND IT SOL LTD,L
WINNY,ST,WINNY IMMIGRA & EDU SER L,L
WINSOME,BZ,WINSOME YARNS LIMITED,L
