SECURITY,NEW,PREVIOUS,NEW_STATUS
AAREY DRUGS & PHARM LTD       ,86.85,85.16,H
ANB METAL CAST LIMITED        ,298.75,295.30,H
AONEAMC - AONEGOLD            ,12.21,12.01,H
ARFIN INDIA LIMITED           ,51.00,50.92,H
ATLANTA ELECTRICALS LTD       ,1040.00,1025.00,H
AVI ANSH TEXTILE LIMITED      ,115.00,114.25,H
AXISAMC - AXISILVER           ,194.80,189.95,H
BELLA CASA FASH AND RET L     ,497.35,464.90,H
BIRLASLAMC - SILVER           ,191.65,189.90,H
DSPAMC - DSPGOLDETF           ,124.55,124.00,H
EDELAMC - EGOLD               ,128.80,127.30,H
EPACK PREFAB TECHN LTD        ,205.00,202.00,H
ETERNAL LIMITED               ,355.90,352.00,H
GK ENERGY LIMITED             ,203.52,197.35,H
GROWWAMC - GROWWGOLD          ,126.99,125.85,H
GROWWAMC - GROWWSLVR          ,194.21,189.50,H
GUJARAT THEMIS BIOSYN LTD     ,435.00,434.25,H
INOX GREEN ENERGY SER LTD     ,261.72,253.40,H
KINGFA SCI & TEC IND LTD.     ,4880.00,4851.00,H
L&T FINANCE LIMITED           ,272.19,268.60,H
LE TRAVENUES TECHNOLOGY L     ,331.30,329.75,H
LIC MF - LIC GOLD ETF         ,11699.95,11633.95,H
M.V.K. AGRO FOOD PROD LTD     ,558.70,555.70,H
MIRAEAMC - MAGOLDETF          ,124.89,123.91,H
MIRAEAMC - MASILVER           ,185.70,184.26,H
MONEYBOXX FINANCE LIMITED     ,170.12,164.95,H
MULTI COMMODITY EXCHANGE      ,9617.00,9460.00,H
MUNISH FORGE LIMITED          ,138.80,132.20,H
ORCHASP LIMITED               ,4.08,3.94,H
PASHUPATI COTSPIN LIMITED     ,738.00,736.00,H
PRAMARA PROMOTIONS LTD        ,307.80,307.50,H
SAMAY PROJECT SERVICES L      ,44.75,44.00,H
SBIAMC - SBISILVER            ,180.00,179.00,H
STALLION IND FLUOROCHEM L     ,394.90,369.00,H
SYSTEMATIX CORP SERVICE L     ,154.19,151.38,H
TATAAML-TATAGOLD              ,13.48,12.38,H
TATAAML-TATSILV               ,17.71,17.28,H
THYROCARE TECH LTD            ,1474.00,1465.00,H
VISA STEEL LIMITED            ,66.84,66.20,H
ZERODHAAMC - GOLDCASE         ,20.71,20.22,H
AGI INFRA LIMITED             ,224.70,231.00,L
AMANTA HEALTHCARE LIMITED     ,121.54,126.00,L
ANUH PHARMA LIMITED           ,78.50,78.55,L
AXITA COTTON LIMITED          ,8.20,8.28,L
BANSAL WIRE INDUSTRIES L      ,306.40,311.40,L
BEW ENGINEERING LIMITED       ,120.00,125.00,L
CAPITAL TRUST LIMITED         ,29.35,30.82,L
COOL CAPS INDUSTRIES LTD      ,2.25,2.35,L
CRIZAC LIMITED                ,269.85,273.10,L
DEEM ROLL TECH LIMITED        ,47.45,48.15,L
DEV ACCELERATOR LIMITED       ,44.30,46.49,L
DEV INFO TECHNOLOGY LTD       ,38.45,39.12,L
DIVYADHAN RECYCLING IND L     ,34.50,36.00,L
EPPELTONE ENGINEERS LTD       ,180.00,185.55,L
GEM AROMATICS LIMITED         ,227.95,230.10,L
GOYAL ALUMINIUMS LIMITED      ,6.98,7.00,L
GREENLEAF ENVIROTECH LTD      ,119.65,125.95,L
GURUNANAK AGRICULTUR IN L     ,35.95,37.85,L
INDO US BIOTECH LTD           ,128.00,128.20,L
KALANA ISPAT LIMITED          ,29.80,30.00,L
KAMDHENU VENTURES LIMITED     ,8.05,8.20,L
KAYTEX FABRICS LIMITED        ,77.35,80.00,L
MANAS POLYMER N ENERGIE L     ,111.10,116.95,L
MARKOLINES PAVEMENT TEC L     ,175.10,180.00,L
MEDISTEP HEALTHCARE LTD       ,28.25,29.15,L
MONEYBOXX FINANCE LIMITED     ,155.50,164.95,L
MOS UTILITY LIMITED           ,26.65,27.25,L
PACE DIGITEK LIMITED          ,205.02,206.39,L
PRESSTONIC ENGINEERING L      ,67.00,67.05,L
REGAAL RESOURCES LIMITED      ,86.91,86.92,L
ROTO PUMPS LIMITED            ,70.10,71.65,L
SG MART LIMITED               ,334.00,336.75,L
SHANKARA BLDG PRODUCT LTD     ,129.95,130.96,L
SHEEL BIOTECH LIMITED         ,77.55,79.65,L
SHIVASHRIT FOODS LIMITED      ,118.00,119.80,L
SIDDHI COTSPIN LIMITED        ,41.10,44.00,L
TEERTH GOPICON LIMITED        ,46.20,47.20,L
TRUALT BIOENERGY LIMITED      ,471.40,479.10,L
TSC INDIA LIMITED             ,58.30,58.65,L
UNITED FOODBRANDS LIMITED     ,217.35,219.15,L
UPDATER SERVICES LIMITED      ,235.00,235.30,L
UTKARSH SMALL FIN BANK L      ,17.51,18.20,L
V.L.INFRAPROJECTS LIMITED     ,32.00,32.10,L
VEDANT FASHIONS LIMITED       ,668.70,669.55,L
WINNY IMMIGRA & EDU SER L     ,64.10,67.45,L
