SERIES,SYMBOL,SECURITY,RECORD_DT,BC_STRT_DT,BC_END_DT,EX_DT,ND_STRT_DT,ND_END_DT,PURPOSE
NC,1003IIFL29,Sec Re NCD 10.03% Sr V,2026-01-17,,,2026-01-16,,,INTEREST PAYMENT
UC,1003IIFL29,Sec Re NCD 10.03% Sr V,2026-01-17,,,2026-01-16,,,INTEREST PAYMENT
U3,1035CCSP27,CCSPL 10.35% 2027,2026-01-16,,,2026-01-16,,,INTEREST PAYMENT
N0,1075WCA28,WCAPL 10.75% 2028,2026-01-15,,,2026-01-14,,,INTEREST PAYMENT
N0,10IIFL26,IIFL Samasta 10% 2026,2026-01-13,,,2026-01-13,,,INT PAYMENT/PART RDMPTN
N0,12VCCL29A,VCCL12% 2029,2026-01-13,,,2026-01-13,,,INTEREST PAYMENT
TB,182D220126,GOI TBILL 182D-22/01/26,2026-01-20,,,,,,REDEMPTION
TB,182D290126,GOI TBILL 182D-29/01/26,2026-01-27,,,,,,REDEMPTION
N0,18MVL27,Magnum Ventures 18% 2027,2026-01-16,,,2026-01-16,,,INTEREST PAYMENT
TB,364D220126,GOI TBILL 364D-22/01/26,2026-01-20,,,,,,REDEMPTION
TB,364D290126,GOI TBILL 364D-29/01/26,2026-01-27,,,,,,REDEMPTION
SG,582BR26,SDL BR 5.82% 2026,2026-01-17,,,,,,REDEMPTION
GS,601GS2030,GOI LOAN  6.01% 2030,2026-01-20,,,2026-01-20,,,INTEREST PAYMENT
SG,618GJ26A,SDL GJ 6.18% 2026,2026-01-21,,,,,,REDEMPTION
GS,628GS2032,GOI LOAN  6.28% 2032,2026-01-13,,,2026-01-13,,,INTEREST PAYMENT
N0,652RL28,REC 6.52% 2028 Sr 248-A,2026-01-16,,,2026-01-16,,,INTEREST PAYMENT
GS,683GS2039,GOI 6.83% 2039,2026-01-17,,,2026-01-16,,,INTEREST PAYMENT
SG,701PY26,SDL PY 7.01% 2026,2026-01-20,,,,,,REDEMPTION
N0,720RECL35,REC 7.20% 2035 Sr 242,2026-01-16,,,2026-01-16,,,INTEREST PAYMENT
GS,726GS2029,GOI LOAN 7.26% 2029,2026-01-13,,,2026-01-13,,,INTEREST PAYMENT
NS,735RECL34,REC 7.35% 2034 Sr 235,2026-01-16,,,2026-01-16,,,INTEREST PAYMENT
US,735RECL34,REC 7.35% 2034 Sr 235,2026-01-16,,,2026-01-16,,,INTEREST PAYMENT
N0,760CIT38,CIT 7.60% 2038 Sr 2,2026-01-16,,,2026-01-16,,,INT PAYMNT/PART REDEMPTN
NK,764REC34,REC 7.64% 2034 Sr 230-B,2026-01-16,,,2026-01-16,,,INTEREST PAYMENT
UK,764REC34,REC 7.64% 2034 Sr 230-B,2026-01-16,,,2026-01-16,,,INTEREST PAYMENT
N0,775CIT38,CIT 7.75% 2038,2026-01-16,,,2026-01-16,,,INT PAYMNT/PART REDEMPTN
N0,778SHFL28,SHFL 7.78% 2028 Sr 346,2026-01-16,,,2026-01-16,,,INTEREST PAYMENT
N0,790CANF30,CANF 7.90% 2030 Sr 1,2026-01-15,,,2026-01-14,,,INTEREST PAYMENT
NP,813LTF29,L&T Fin 8.13% 2029 Sr H,2026-01-14,,,2026-01-14,,,INTEREST PAYMENT
UP,813LTF29,L&T Fin 8.13% 2029 Sr H,2026-01-14,,,2026-01-14,,,INTEREST PAYMENT
N9,820IIFL27,Sec Re NCD 8.20% Sr.III,2026-01-16,,,2026-01-16,,,INTEREST PAYMENT
U9,820IIFL27,Sec Re NCD 8.20% Sr.III,2026-01-16,,,2026-01-16,,,INTEREST PAYMENT
NL,842IIFL26,Sec Re NCD 9% Sr.VI,2026-01-16,,,2026-01-16,,,INTEREST PAYMENT
UL,842IIFL26,Sec Re NCD 9% Sr.VI,2026-01-16,,,2026-01-16,,,INTEREST PAYMENT
NC,843IHFL29,Sec Re NCD 8.43% Sr.VI,2026-01-16,,,2026-01-16,,,INTEREST PAYMENT
UC,843IHFL29,Sec Re NCD 8.43% Sr.VI,2026-01-16,,,2026-01-16,,,INTEREST PAYMENT
MS,843SCL27,SEC RE NCD 8.43% SR.VIII,2026-01-13,,,2026-01-13,,,INTEREST PAYMENT
YS,843SCL27,SEC RE NCD 8.43% SR.VIII,2026-01-13,,,2026-01-13,,,INTEREST PAYMENT
U1,860HFL29,HFL 8.60% 2029 Sr 62,2026-01-16,,,2026-01-16,,,INTEREST PAYMENT
NZ,865IFL28,Sec Re NCD 9% Sr.VI,2026-01-16,,,2026-01-16,,,INTEREST PAYMENT
UZ,865IFL28,Sec Re NCD 9% Sr.VI,2026-01-16,,,2026-01-16,,,INTEREST PAYMENT
N1,865IHFL27,IIFL Home Finance Limited,2026-01-16,,,2026-01-16,,,INTEREST PAYMENT
U1,865IHFL27,IIFL Home Finance Limited,2026-01-16,,,2026-01-16,,,INTEREST PAYMENT
NS,865IIFL28,Sec Re NCD 9% Sr.VI,2026-01-16,,,2026-01-16,,,INTEREST PAYMENT
US,865IIFL28,Sec Re NCD 9% Sr.VI,2026-01-16,,,2026-01-16,,,INTEREST PAYMENT
N0,865MFL28,MFL 8.65% 2028,2026-01-16,,,2026-01-16,,,INTEREST PAYMENT
18,865SCL24B,SEC RE NCD 8.70% SR.VIII,2026-01-13,,,2026-01-13,,,INTEREST PAYMENT
Z8,865SCL24B,SEC RE NCD 8.70% SR.VIII,2026-01-13,,,2026-01-13,,,INTEREST PAYMENT
N8,865SCL26,SEC RED NCD 8.65% SR. V,2026-01-16,,,2026-01-16,,,INTEREST PAYMENT
U8,865SCL26,SEC RED NCD 8.65% SR. V,2026-01-16,,,2026-01-16,,,INTEREST PAYMENT
ZF,875SFL27,Shriram Finance Limited,2026-01-16,,,2026-01-16,,,INTEREST PAYMENT
NC,879SCL26,UNS RED NCD 8.79% SR.VIII,2026-01-16,,,2026-01-16,,,INTEREST PAYMENT
UC,879SCL26,UNS RED NCD 8.79% SR.VIII,2026-01-16,,,2026-01-16,,,INTEREST PAYMENT
NJ,885MFL29,MFL 8.85% 2029,2026-01-15,,,2026-01-14,,,INTEREST PAYMENT
UJ,885MFL29,MFL 8.85% 2029,2026-01-15,,,2026-01-14,,,INTEREST PAYMENT
MT,889SCL27,SEC RE NCD 8.89% SR.VIII,2026-01-13,,,2026-01-13,,,INTEREST PAYMENT
YT,889SCL27,SEC RE NCD 8.89% SR.VIII,2026-01-13,,,2026-01-13,,,INTEREST PAYMENT
N4,897MOFSL29,Sec Re NCD 8.97% Sr V,2026-01-16,,,2026-01-16,,,INTEREST PAYMENT
U4,897MOFSL29,Sec Re NCD 8.97% Sr V,2026-01-16,,,2026-01-16,,,INTEREST PAYMENT
N1,89IHFL29,IIFL Home Finance Limited,2026-01-16,,,2026-01-16,,,INTEREST PAYMENT
U1,89IHFL29,IIFL Home Finance Limited,2026-01-16,,,2026-01-16,,,INTEREST PAYMENT
19,905SC24B,SEC RE NCD 9.15% SR.VIII,2026-01-13,,,2026-01-13,,,INTEREST PAYMENT
Z9,905SC24B,SEC RE NCD 9.15% SR.VIII,2026-01-13,,,2026-01-13,,,INTEREST PAYMENT
TB,91D230126,GOI TBILL 91D-23/01/26,2026-01-21,,,,,,REDEMPTION
TB,91D290126,GOI TBILL 91D-29/01/26,2026-01-27,,,,,,REDEMPTION
N8,920IIFLS26,Sec Re NCD 9.20% Sr I,2026-01-17,,,2026-01-16,,,INTEREST PAYMENT
U8,920IIFLS26,Sec Re NCD 9.20% Sr I,2026-01-17,,,2026-01-16,,,INTEREST PAYMENT
N0,925IIFL32,IIFL 9.25% Sr D33 OP B,2026-01-16,,,2026-01-16,,,INTEREST PAYMENT
N0,925IIFL32A,IIFL 9.25% 2032 Sr 35,2026-01-14,,,2026-01-14,,,INTEREST PAYMENT
Z5,931SFL26,Shriram Finance Limited,2026-01-16,,,2026-01-16,,,INTEREST PAYMENT
NZ,935IIFL28,IIFL 9.35% Tr I Sr V,2026-01-16,,,2026-01-16,,,INTEREST PAYMENT
UZ,935IIFL28,IIFL 9.35% Tr I Sr V,2026-01-16,,,2026-01-16,,,INTEREST PAYMENT
ZZ,939SCL27,SEC RE NCD 8.94% SR.VIII,2026-01-13,,,2026-01-13,,,INTEREST PAYMENT
N6,93MOFSL34,Sec Re NCD 9.30% Sr VII,2026-01-16,,,2026-01-16,,,INTEREST PAYMENT
U6,93MOFSL34,Sec Re NCD 9.30% Sr VII,2026-01-16,,,2026-01-16,,,INTEREST PAYMENT
N0,950ISF26,IIFL Samasta 9.50% 2026,2026-01-15,,,2026-01-14,,,INT PAYMENT/PART REDMPTN
MW,957ICCL25,Shriram Finance Limited,2026-01-16,,,2026-01-16,,,INTEREST PAYMENT
YW,957ICCL25,Shriram Finance Limited,2026-01-16,,,2026-01-16,,,INTEREST PAYMENT
NA,957IIFLS27,Sec Re NCD 9.57% Sr III,2026-01-17,,,2026-01-16,,,INTEREST PAYMENT
UA,957IIFLS27,Sec Re NCD 9.57% Sr III,2026-01-17,,,2026-01-16,,,INTEREST PAYMENT
M2,960IIFL30,IIFL 9.60% Tr I Sr VIII,2026-01-16,,,2026-01-16,,,INTEREST PAYMENT
Y2,960IIFL30,IIFL 9.60% Tr I Sr VIII,2026-01-16,,,2026-01-16,,,INTEREST PAYMENT
N0,965SCL25C,SEC RE NCD 9.39% SR.VIII,2026-01-13,,,2026-01-13,,,INTEREST PAYMENT
N5,96IIFL28,Unsec Re NCD 9.60% Sr.II,2026-01-16,,,2026-01-16,,,INTEREST PAYMENT
U5,96IIFL28,Unsec Re NCD 9.60% Sr.II,2026-01-16,,,2026-01-16,,,INTEREST PAYMENT
NF,96IIFL28A,Sec Re NCD 9% Sr.VI,2026-01-16,,,2026-01-16,,,INTEREST PAYMENT
UF,96IIFL28A,Sec Re NCD 9% Sr.VI,2026-01-16,,,2026-01-16,,,INTEREST PAYMENT
N0,970ISF28,ISF 9.70% 2028,2026-01-13,,,2026-01-13,,,INTEREST PAYMENT
N0,975PCPL28,PCPL 9.75% 2028,2026-01-16,,,2026-01-16,,,INTEREST PAYMENT
N0,995CCSP27,CCSPL 9.95% 2027,2026-01-13,,,2026-01-13,,,INTEREST PAYMENT
BE,AIIL,Authum Invest & Infra Ltd,2026-01-13,,,2026-01-13,,,BONUS 4:1
BL,AIIL,Authum Invest & Infra Ltd,2026-01-13,,,2026-01-13,,,BONUS 4:1
EQ,AIIL,Authum Invest & Infra Ltd,2026-01-13,,,2026-01-13,,,BONUS 4:1
IQ,AIIL,Authum Invest & Infra Ltd,2026-01-13,,,2026-01-13,,,BONUS 4:1
T0,AIIL,Authum Invest & Infra Ltd,2026-01-13,,,2026-01-13,,,BONUS 4:1
TL,AIIL,Authum Invest & Infra Ltd,2026-01-13,,,2026-01-13,,,BONUS 4:1
BE,AJMERA,Ajmera Realty & Inf I Ltd,2026-01-15,,,2026-01-14,,,FVSPLT FRM RS 10 TO RS 2
BL,AJMERA,Ajmera Realty & Inf I Ltd,2026-01-15,,,2026-01-14,,,FVSPLT FRM RS 10 TO RS 2
EQ,AJMERA,Ajmera Realty & Inf I Ltd,2026-01-15,,,2026-01-14,,,FVSPLT FRM RS 10 TO RS 2
IQ,AJMERA,Ajmera Realty & Inf I Ltd,2026-01-15,,,2026-01-14,,,FVSPLT FRM RS 10 TO RS 2
BE,BESTAGRO,Best Agrolife Limited,2026-01-16,,,2026-01-16,,,BONUS 1:2
BE,BESTAGRO,Best Agrolife Limited,2026-01-16,,,2026-01-16,,,FVSPLT FRM RS 10 TO RE 1
BL,BESTAGRO,Best Agrolife Limited,2026-01-16,,,2026-01-16,,,FVSPLT FRM RS 10 TO RE 1
BL,BESTAGRO,Best Agrolife Limited,2026-01-16,,,2026-01-16,,,BONUS 1:2
EQ,BESTAGRO,Best Agrolife Limited,2026-01-16,,,2026-01-16,,,FVSPLT FRM RS 10 TO RE 1
EQ,BESTAGRO,Best Agrolife Limited,2026-01-16,,,2026-01-16,,,BONUS 1:2
IQ,BESTAGRO,Best Agrolife Limited,2026-01-16,,,2026-01-16,,,BONUS 1:2
IQ,BESTAGRO,Best Agrolife Limited,2026-01-16,,,2026-01-16,,,FVSPLT FRM RS 10 TO RE 1
E1,CYBERPP,CYBERMEDIA Rs.5 ppd up,2026-01-14,,,,,,FSTFINCL RS 7.90 PR SH
X1,CYBERPP,CYBERMEDIA Rs.5 ppd up,2026-01-14,,,,,,FSTFINCL RS 7.90 PR SH
BE,HCLTECH,HCL Technologies Ltd.,2026-01-17,,,2026-01-16,,,INTDIV - RS 12 PER SH
BL,HCLTECH,HCL Technologies Ltd.,2026-01-17,,,2026-01-16,,,INTDIV - RS 12 PER SH
EQ,HCLTECH,HCL Technologies Ltd.,2026-01-17,,,2026-01-16,,,INTDIV - RS 12 PER SH
IQ,HCLTECH,HCL Technologies Ltd.,2026-01-17,,,2026-01-16,,,INTDIV - RS 12 PER SH
T0,HCLTECH,HCL Technologies Ltd.,2026-01-17,,,2026-01-16,,,INTDIV - RS 12 PER SH
TL,HCLTECH,HCL Technologies Ltd.,2026-01-17,,,2026-01-16,,,INTDIV - RS 12 PER SH
BE,JARO,Jaro Ins of Tec Mg N Re L,2026-01-16,,,2026-01-16,,,INTDIV - RS 2 PER SH
BL,JARO,Jaro Ins of Tec Mg N Re L,2026-01-16,,,2026-01-16,,,INTDIV - RS 2 PER SH
EQ,JARO,Jaro Ins of Tec Mg N Re L,2026-01-16,,,2026-01-16,,,INTDIV - RS 2 PER SH
IQ,JARO,Jaro Ins of Tec Mg N Re L,2026-01-16,,,2026-01-16,,,INTDIV - RS 2 PER SH
BE,KOTAKBANK,Kotak Mahindra Bank Limit,2026-01-14,,,2026-01-14,,,FV SPLT FRM RS 5 TO RE 1
BL,KOTAKBANK,Kotak Mahindra Bank Limit,2026-01-14,,,2026-01-14,,,FV SPLT FRM RS 5 TO RE 1
EQ,KOTAKBANK,Kotak Mahindra Bank Limit,2026-01-14,,,2026-01-14,,,FV SPLT FRM RS 5 TO RE 1
IQ,KOTAKBANK,Kotak Mahindra Bank Limit,2026-01-14,,,2026-01-14,,,FV SPLT FRM RS 5 TO RE 1
T0,KOTAKBANK,Kotak Mahindra Bank Limit,2026-01-14,,,2026-01-14,,,FV SPLT FRM RS 5 TO RE 1
TL,KOTAKBANK,Kotak Mahindra Bank Limit,2026-01-14,,,2026-01-14,,,FV SPLT FRM RS 5 TO RE 1
E1,LLOYDPP,LLOYD Rs.0.50 ppd up,2026-01-16,,,2026-01-16,,,FSTFINCL RS 19.50 PR SH
X1,LLOYDPP,LLOYD Rs.0.50 ppd up,2026-01-16,,,2026-01-16,,,FSTFINCL RS 19.50 PR SH
BE,NLCINDIA,NLC India Limited,2026-01-16,,,2026-01-16,,,INTDIV - RS 3.60 PER SH
BL,NLCINDIA,NLC India Limited,2026-01-16,,,2026-01-16,,,INTDIV - RS 3.60 PER SH
EQ,NLCINDIA,NLC India Limited,2026-01-16,,,2026-01-16,,,INTDIV - RS 3.60 PER SH
IQ,NLCINDIA,NLC India Limited,2026-01-16,,,2026-01-16,,,INTDIV - RS 3.60 PER SH
T0,NLCINDIA,NLC India Limited,2026-01-16,,,2026-01-16,,,INTDIV - RS 3.60 PER SH
TL,NLCINDIA,NLC India Limited,2026-01-16,,,2026-01-16,,,INTDIV - RS 3.60 PER SH
BE,TCS,TATA CONSULTANCY SERV LTD,2026-01-17,,,2026-01-16,,,INTDIV-RS11/SPLDIV-RS46
BL,TCS,Tata Consultancy Serv Ltd,2026-01-17,,,2026-01-16,,,INTDIV-RS11/SPLDIV-RS46
EQ,TCS,Tata Consultancy Serv Ltd,2026-01-17,,,2026-01-16,,,INTDIV-RS11/SPLDIV-RS46
IQ,TCS,Tata Consultancy Serv Ltd,2026-01-17,,,2026-01-16,,,INTDIV-RS11/SPLDIV-RS46
T0,TCS,Tata Consultancy Serv Ltd,2026-01-17,,,2026-01-16,,,INTDIV-RS11/SPLDIV-RS46
TL,TCS,Tata Consultancy Serv Ltd,2026-01-17,,,2026-01-16,,,INTDIV-RS11/SPLDIV-RS46
BE,TEMBO,Tembo Global Ind Ltd,2026-01-16,,,2026-01-16,,,INTDIV - RE 1 PER SH
BL,TEMBO,Tembo Global Ind Ltd,2026-01-16,,,2026-01-16,,,INTDIV - RE 1 PER SH
EQ,TEMBO,Tembo Global Ind Ltd,2026-01-16,,,2026-01-16,,,INTDIV - RE 1 PER SH
IQ,TEMBO,Tembo Global Ind Ltd,2026-01-16,,,2026-01-16,,,INTDIV - RE 1 PER SH
