SYMBOL,SERIES,SECURITY,HIGH/LOW
667GS2035,GS,GOI LOAN  6.67% 2035,H
AAATECH,EQ,AAA TECHNOLOGIES LIMITED,H
ACCORD,SM,ACCORD SYNERGY LIMITED,H
ANSALAPI,BZ,ANSAL PROP & INFRA LTD,H
ASPIRE,SM,ASPIRE & INNOVATIVE ADV L,H
BORANA,BE,BORANA WEAVES LIMITED,H
CEREBRAINT,BZ,CEREBRA INT TECH LTD,H
CMRSL,SM,CYBER MEDIA RES & SER LTD,H
DHARAN,BZ,DHARAN INFRA-EPC LIMITED,H
EQUIPPP,BE,EQUIPPP SOC IMP TECH LTD,H
ESFL,SM,ESSEN SPECIALITY FILMS L,H
EUROTEXIND,BE,EUROTEX IND & EXPORTS LTD,H
EXCEL,EQ,EXCEL REALTY N INFRA LTD,H
FALCONTECH,SM,FALCON TECHNOPROJ IND LTD,H
FEL,BZ,FUTURE ENTERPRISES LTD,H
FELDVR,BZ,FUTURE ENTERPRISES LTD,H
FISCHER,EQ,FISCHER MEDICAL VENTURE L,H
FLFL,BZ,FUT LIFESTYLE FASH LTD,H
FMNL,EQ,FUTURE MKT NETWORKS LTD,H
GLFL,BE,GUJARAT LEASE FINANCING L,H
GLOBAL,BE,GLOBAL EDUCATION LIMITED,H
GVKPIL,BE,GVK POW. & INFRA LTD.,H
HDIL,BZ,HOUSING DEV & INFRA LTD,H
HNGSNGBEES,EQ,NIP IND ETF HANGSENG BEES,H
JALAN,ST,JALAN TRANSOLU. INDIA LTD,H
JETFREIGHT,BE,JET FREIGHT LOGISTICS LTD,H
KALPATARU,EQ,KALPATARU LIMITED,H
KCEIL,SM,KAY CEE ENERGY & INFRA L,H
KCK,ST,KCK INDUSTRIES LTD,H
LATTEYS,BE,LATTEYS INDUSTRIES LTD,H
MAANALU,BE,MAAN ALUMINIUM LIMITED,H
MAFANG,EQ,MIRAEAMC - MAFANG,H
MAHKTECH,EQ,MIRAEAMC - MAHKTECH,H
MANAKALUCO,EQ,MANAK ALUMINIUM CO. LTD.,H
MANGALAM,BE,MANGALAM DRUG & CHEM LTD,H
MANOMAY,BE,MANOMAY TEX INDIA LTD,H
MASPTOP50,EQ,MIRAEAMC - MASPTOP50,H
MCL,BE,MADHAV COPPER LIMITED,H
MEDIORG,SM,MEDICAMEN ORGANICS LTD,H
MEP,BZ,MEP INFRA. DEVELOPERS LTD,H
MOHITIND,EQ,MOHIT INDUSTRIES LTD,H
MVKAGRO,SM,M.V.K. AGRO FOOD PROD LTD,H
NACLIND,EQ,NACL INDUSTRIES LIMITED,H
OILCOUNTUB,EQ,OIL COUNTRY TUBULAR LTD,H
OSELDEVICE,ST,OSEL DEVICES LIMITED,H
PALREDTEC,EQ,PALRED TECHNOLOGIES LTD,H
PATTECH,SM,PATTECH FITWELL TUB COM L,H
POLYSIL,ST,POLYSIL IRRIGATION SYST L,H
PREMIERPOL,EQ,PREMIER POLYFILM LTD,H
S&SPOWER,EQ,S&S POWER SWITCHGEARS LTD,H
SABTNL,BE,SRI ADHIKARI BRO TELE N L,H
SANWARIA,BZ,SANWARIA CONSUMER LIMITED,H
SEJALLTD,BE,SEJAL GLASS LIMITED,H
SETCO,EQ,SETCO AUTOMOTIVE LTD,H
SHRIKANHA,SM,SHRI KANHA STAINLESS LTD,H
SICALLOG,BE,SICAL LOGISTICS LIMITED,H
SIDDHIKA,SM,SIDDHIKA COATINGS LIMITED,H
SILLYMONKS,BE,SILLY MONKS ENTERTAIN LTD,H
SPRL,ST,SP REFRACTORIES LIMITED,H
SUMEETINDS,EQ,SUMEET IND LIMITED,H
TEJASCARGO,SM,TEJAS CARGO INDIA LIMITED,H
THESL,SM,THINKING HATS ENTER SOL L,H
UNIMECH,EQ,UNIMECH AEROSPACE N MFG L,H
UNITEDPOLY,BE,UNITED POLYFAB GUJ. LTD.,H
VENUSREM,BE,VENUS REMEDIES LIMITED,H
VILINBIO,SM,VILIN BIO MED LIMITED,H
VIPULLTD,BE,VIPUL LIMITED,H
VSCL,SM,VADIVARHE SPCLTY CHEM LTD,H
WAAREEINDO,BE,INDOSOLAR LIMITED,H
1035UCL26,NA,SEC RE NCD 10.35% SR III,L
21STCENMGM,EQ,21ST CENTURY MGMT SERVICE,L
ACCPL,ST,ACCRETION PHARMA LIMITED,L
AGUL,SM,A G UNIVERSAL LIMITED,L
AILIMITED,SM,ABHISHEK INTEGRATIONS LTD,L
AMIABLE,ST,AMIABLE LOGISTICS (I) LTD,L
ANSALAPI,BZ,ANSAL PROP & INFRA LTD,L
ARVINDPORT,SM,ARVIND PORT AND INFRA LTD,L
AURIGROW,BE,AURI GROW INDIA LIMITED,L
AXITA,BE,AXITA COTTON LIMITED,L
BHAGYANGR,BE,BHAGYANAGAR INDIA LIMITED,L
BLUECHIP,BE,BLUE CHIP INDIA LIMITED,L
BLUECOAST,EQ,BLUE COAST HOTELS LIMITED,L
BUILDPRO,BE,SHANKARA BUILDPRO LIMITED,L
CADSYS,SM,CADSYS (INDIA) LIMITED,L
CURAA,BE,CURA TECHNOLOGIES LIMITED,L
DHARAN,BZ,DHARAN INFRA-EPC LIMITED,L
DRONE,SM,DRONE DESTINATION LIMITED,L
DRSCARGO,ST,DRS CARGO MOVERS LIMITED,L
ESCONET,SM,ESCONET TECHNOLOGIES LTD,L
EUROTEXIND,BE,EUROTEX IND & EXPORTS LTD,L
EXIMROUTES,ST,EXIM ROUTES LIMITED,L
FISCHER,EQ,FISCHER MEDICAL VENTURE L,L
FLYSBS,SM,FLYSBS AVIATION LIMITED,L
GANESHIN,SM,GANESH INFRAWORLD LIMITED,L
GCSL,BE,GRETEX CORPORATE SERVICES,L
GLFL,BE,GUJARAT LEASE FINANCING L,L
GOYALALUM,BE,GOYAL ALUMINIUMS LIMITED,L
HARDWYN,BE,HARDWYN INDIA LIMITED,L
IFBAGRO,EQ,IFB AGRO INDUSTRIES LTD,L
JALAN,ST,JALAN TRANSOLU. INDIA LTD,L
JFLLIFE,SM,JFL LIFE SCIENCES LIMITED,L
KCK,ST,KCK INDUSTRIES LTD,L
KSR,BE,KSR FOOTWEAR LIMITED,L
LASA,EQ,LASA SUPERGENERICS LTD,L
LCCINFOTEC,BE,LCC INFOTECH LTD,L
MARINETRAN,ST,MARINETRANS INDIA LIMITED,L
MASTER,SM,MASTER COMPONENTS LIMITED,L
MEP,BZ,MEP INFRA. DEVELOPERS LTD,L
MONOPHARMA,SM,MONO PHARMACARE LIMITED,L
NAVKARURB,BE,NAVKAR URBANSTRUCTURE LTD,L
NECLIFE,BE,NECTAR LIFESCIENCES LTD.,L
NEWJAISA,SM,NEWJAISA TECHNOLOGIES LTD,L
NIKITA,ST,NIKITA GRENTEC RECYCL LTD,L
NIRMAN,SM,NIRMAN AGRI GENTICS LTD,L
NOIDATOLL,EQ,NOIDA TOLL BRIDGE CO LTD,L
NRVANDANA,ST,N R VANDANA TEX IND LTD,L
OSIAHYPER,EQ,OSIA HYPER RETAIL LIMITED,L
PANACHE,EQ,PANACHE DIGILIFE LIMITED,L
PANSARI,BE,PANSARI DEVELOPERS LTD,L
PLADAINFO,SM,PLADA INFOTECH SERVICES L,L
PRUDMOULI,EQ,PRUDENTIAL SUGAR CORPORAT,L
REXPIPES,SM,REX PIPES AND CABLES LTD,L
RICHA,ST,RICHA INFO SYSTEMS LTD,L
ROCKINGDCE,ST,ROCKINGDEALS CIRCU ECO L,L
ROLLT,BE,ROLLATAINERS LIMITED,L
SABAR,ST,SABAR FLEX INDIA LIMITED,L
SACHEEROME,ST,SACHEEROME LIMITED,L
SADBHAV,BE,SADBHAV ENGINEERING LTD,L
SETUINFRA,BZ,SETUBANDHAN INFRA LTD,L
SEYAIND,BE,SEYA INDUSTRIES LIMITED,L
SHUBHLAXMI,ST,SHUBHLAXMI JEWEL ART LTD,L
SILKFLEX,SM,SILKFLEX POLYMERS INDIA L,L
SILVERTUC,EQ,SILVER TOUCH TECHNO LTD,L
SITINET,BZ,SITI NETWORKS LIMITED,L
SOCL,SM,SUNDREX OIL COMPANY LTD,L
SOTAC,SM,SOTAC PHARMACEUTICALS LTD,L
SPECTSTM,SM,SPECTRUM TALENT MGMT LTD,L
SPRL,ST,SP REFRACTORIES LIMITED,L
TCIFINANCE,BE,TCIFINANCELTD-ROLL SETT,L
TECILCHEM,EQ,TECIL CHEMICALS,L
TIRUPATI,ST,SHREE TIRUPATI BALAJEE,L
TVVISION,BE,TV VISION LIMITED,L
VCL,BE,VAXTEX COTFAB LIMITED,L
VERITAAS,SM,VERITAAS ADVERTISING LTD,L
VIJIFIN,EQ,VIJI FINANCE LIMITED,L
VIVIMEDLAB,EQ,VIVIMED LABS LIMITED,L
VIVO,SM,VIVO COLLAB SOLUTIONS LTD,L
WINSOME,BZ,WINSOME YARNS LIMITED,L
WOL3D,ST,WOL 3D INDIA LIMITED,L
YUDIZ,SM,YUDIZ SOLUTIONS LIMITED,L
