SECURITY,NEW,PREVIOUS,NEW_STATUS
360ONEAMC - SILVER360         ,257.86,250.00,H
ARFIN INDIA LIMITED           ,84.01,82.70,H
AVI ANSH TEXTILE LIMITED      ,122.50,122.00,H
AXISAMC - AXISILVER           ,260.60,253.75,H
BANDHANAMC - GOLDBND          ,144.00,143.87,H
BANDHANAMC - SILVERBND        ,269.90,261.42,H
BARODABNP - BBNPPGOLD         ,140.25,140.00,H
BIRLASLAMC - SILVER           ,262.20,254.78,H
CHOICEAMC - CHOICEGOLD        ,140.45,139.93,H
DSPAMC - DSPSILVETF           ,253.92,246.80,H
EDELAMC - ESILVER             ,263.50,255.00,H
GROWWAMC - GROWWGOLD          ,138.48,137.77,H
GROWWAMC - GROWWSLVR          ,257.00,256.58,H
HDFCAMC - HDFCSILVER          ,252.49,245.95,H
ICICIPRAMC - ICICISILVE       ,262.00,254.99,H
ICICIPRAMC - PSUBANKICI       ,89.46,89.40,H
INVESCO INDIA GOLD ETF        ,12500.00,12295.00,H
KOTAKMAMC - KOTAKSILVE        ,256.70,250.80,H
LIC MF - LIC GOLD ETF         ,12828.00,12799.00,H
MANAK ALUMINIUM CO. LTD.      ,48.63,46.00,H
MIRAEAMC - MASILVER           ,255.59,249.40,H
MOTILALAMC - MOGOLD           ,139.80,139.25,H
MOTILALAMC - MOSILVER         ,258.54,252.19,H
NIPPONAMC - NETFSILVER        ,251.40,244.70,H
PARIN ENTERPRISES LIMITED     ,618.00,613.60,H
SBIAMC - SBISILVER            ,257.72,251.00,H
SHEETAL UNIVERSAL LIMITED     ,215.50,201.00,H
TATAAML-TATSILV               ,25.53,25.10,H
TVS INFRASTRUCTURE TRUST      ,111.50,110.50,H
UNIONAMC - UNIONGOLD          ,144.30,139.70,H
UTIAMC-SILVERBETA             ,254.08,247.00,H
WEALTH - TWCGOLDETF           ,141.20,141.00,H
ZERODHAAMC - GOLDCASE         ,22.70,22.38,H
ZERODHAAMC - SILVERCASE       ,26.93,25.90,H
AFFORD ROBO & AUTO LTD        ,183.42,184.82,L
AKI INDIA LIMITED             ,5.77,6.05,L
ALCOKRAFT DISTILLERIE LTD     ,83.60,88.30,L
ALL TIME PLASTICS LIMITED     ,237.20,239.00,L
ANUH PHARMA LIMITED           ,74.00,75.47,L
ARVIND PORT AND INFRA LTD     ,35.20,37.05,L
AUTHUM INVEST & INFRA LTD     ,633.00,732.20,L
BMW VENTURES LIMITED          ,50.02,50.11,L
BOMBAY METRICS S C LTD        ,36.95,37.30,L
BRAINBEES SOLUTIONS LTD       ,267.05,268.05,L
CLASSIC ELECTRODE (IND) L     ,62.00,62.95,L
COMPUTER AGE MNGT SER LTD     ,699.00,703.75,L
DAR CREDIT & CAPITAL LTD      ,40.10,44.00,L
DCM SHRIRAM IND LTD           ,44.80,44.88,L
DIGIKORE STUDIOS LIMITED      ,64.00,64.80,L
DIVYADHAN RECYCLING IND L     ,24.00,24.40,L
DMCC SPECIALITY CHEMICALS     ,227.65,228.25,L
DRONE DESTINATION LIMITED     ,57.20,60.20,L
ELEGANZ INTERIORS LIMITED     ,80.00,81.00,L
ELLENBARRIE INDUS GASES L     ,277.00,279.55,L
ESCONET TECHNOLOGIES LTD      ,114.50,120.10,L
FISCHER MEDICAL VENTURE L     ,36.29,38.19,L
GANESH GREEN BHARAT LTD       ,282.00,282.20,L
GATEWAY DISTRIPARKS LTD       ,56.01,56.02,L
GENSOL ENGINEERING LTD        ,23.30,23.78,L
GO FASHION INDIA LTD          ,401.85,412.70,L
IDENTICAL BRAINS STUDIO L     ,19.20,20.00,L
JAY BEE LAMINATIONS LTD       ,100.75,106.00,L
JFL LIFE SCIENCES LIMITED     ,10.80,11.00,L
KSH INTERNATIONAL LIMITED     ,330.40,334.05,L
LAXMI INDIA FINANCE LTD       ,107.01,110.22,L
LORENZINI APPARELS LTD        ,7.32,7.95,L
MANAS POLYMER N ENERGIE L     ,76.00,78.50,L
MONO PHARMACARE LIMITED       ,12.55,13.20,L
NANDAN DENIM LIMITED          ,2.82,2.84,L
NEWJAISA TECHNOLOGIES LTD     ,20.10,21.15,L
NIRAJ ISPAT IND LTD           ,180.40,182.30,L
ODIGMA CONSULTANCY SOL L      ,27.50,28.00,L
OSWAL PUMPS LIMITED           ,451.00,453.05,L
OWAIS METAL & MINERAL         ,200.10,203.10,L
PACE DIGITEK LIMITED          ,174.90,180.00,L
PAKKA LIMITED                 ,92.72,95.00,L
PATEL RETAIL LIMITED          ,176.61,177.25,L
PINE LABS LIMITED             ,214.51,216.64,L
PLADA INFOTECH SERVICES L     ,14.05,14.75,L
RACE ECO CHAIN LIMITED        ,122.00,124.00,L
RAMA TELECOM LIMITED          ,54.00,57.50,L
SADBHAV ENGINEERING LTD       ,8.08,8.38,L
SANOFI CONS HEALTHC IND L     ,4194.00,4211.55,L
SATTVA ENGINEERING CSTN L     ,50.00,51.75,L
SHANKARA BUILDPRO LIMITED     ,733.40,771.95,L
SHREE TIRUPATI BALAJEE L      ,38.10,38.16,L
SIKKO INDUSTRIES LIMITED      ,4.10,4.24,L
SNEHAA ORGANICS LIMITED       ,49.80,50.40,L
SPENCER S RETAIL LIMITED      ,36.71,36.86,L
SPUNWEB NONWOVEN LIMITED      ,122.60,123.50,L
SUNDREX OIL COMPANY LTD       ,37.25,41.35,L
SUNREST LIFESCIENCE LTD       ,35.00,35.05,L
SUPREME FACILITY MGMT LTD     ,27.00,27.40,L
SUYOG TELEMATICS LIMITED      ,545.00,552.50,L
THINKING HATS ENTER SOL L     ,24.15,24.65,L
TRIDHYA TECH LIMITED          ,13.25,13.95,L
VINNY OVERSEAS LIMITED        ,1.18,1.19,L
YASONS CHEMEX CARE LTD        ,10.55,11.00,L
