SERIES,SYMBOL,SECURITY,RECORD_DT,BC_STRT_DT,BC_END_DT,EX_DT,ND_STRT_DT,ND_END_DT,PURPOSE
18,865SCL24B,SEC RE NCD 8.70% SR.VIII,13/10/2025, , ,13/10/2025, , ,INTEREST PAYMENT         
19,905SC24B,SEC RE NCD 9.15% SR.VIII,13/10/2025, , ,13/10/2025, , ,INTEREST PAYMENT         
AW,902SCL26I,SEC RE NCD 9.02% SR V,13/10/2025, , ,13/10/2025, , ,INTEREST PAYMENT         
AX,948SCL26I,SEC RE NCD 9.48% SR V,13/10/2025, , ,13/10/2025, , ,INTEREST PAYMENT         
BA,925SCL28I,SEC RE NCD 9.25% SR VIII,13/10/2025, , ,13/10/2025, , ,INTEREST PAYMENT         
BC,971SCL28I,SEC RE NCD 9.71% SR VIII,13/10/2025, , ,13/10/2025, , ,INTEREST PAYMENT         
BE,AGIIL,Agi Infra Limited,10/10/2025, , ,10/10/2025, , ,FVSPLT FRM RS 5 TO RE 1  
BE,GOKULAGRO,Gokul Agro Resources Ltd,14/10/2025, , ,14/10/2025, , ,FVSPLT FRM RS 2 TO RE 1  
BE,TCS,TATA CONSULTANCY SERV LTD,15/10/2025, , ,15/10/2025, , ,INTDIV - RS 11 PER SH    
BE,UEL,Ujaas Energy Limited,10/10/2025, , ,10/10/2025, , ,BONUS 2:1                
BE,TATAMOTORS,Tata Motors Limited,14/10/2025, , ,14/10/2025, , ,DEMERGER                 
BE,SKFINDIA,SKF India Limited,15/10/2025, , ,15/10/2025, , ,DEMERGER                 
BE,TATAINVEST,Tata Inv. Corpn Ltd.,14/10/2025, , ,14/10/2025, , ,FVSPLT FRM RS 10 TO RE 1 
BE,UNIVASTU,Univastu India Limited,13/10/2025, , ,13/10/2025, , ,BONUS 2:1                
BE,LGHL,Laxmi Goldorna House Ltd,10/10/2025, , ,10/10/2025, , ,BONUS 7:5                
BE,HEXT,Hexaware Technologies Ltd,10/10/2025, , ,10/10/2025, , ,INT DIV - RS 5.75 PER SH 
BE,CAPTRUST,Capital Trust Limited,10/10/2025, , ,10/10/2025, , ,RIGHTS 1:1 @ PRM RS 4/-  
BE,RCF,RASHTRIYA CHEMICALS & FER,10/10/2025, , ,10/10/2025, , ,DIV - RS 1.32 PER SH     
BE,ROLEXRINGS,Rolex Rings Limited,17/10/2025, , ,17/10/2025, , ,FVSPLT FRM RS 10 TO RE 1 
BE,ABINFRA,A B Infrabuild Limited,17/10/2025, , ,17/10/2025, , ,FVSPLT FRM RS 10 TO RE 1 
BU,971SCL28C,SEC RE NCD 9.25% SR VIII,13/10/2025, , ,13/10/2025, , ,INTEREST PAYMENT         
BV,10SCL30A,SEC RE NCD 9.71% SR VIII,13/10/2025, , ,13/10/2025, , ,INTEREST PAYMENT         
EQ,TATAMOTORS,Tata Motors Limited,14/10/2025, , ,14/10/2025, , ,DEMERGER                 
EQ,SKFINDIA,SKF India Limited,15/10/2025, , ,15/10/2025, , ,DEMERGER                 
EQ,UEL,Ujaas Energy Limited,10/10/2025, , ,10/10/2025, , ,BONUS 2:1                
EQ,AGIIL,Agi Infra Limited,10/10/2025, , ,10/10/2025, , ,FVSPLT FRM RS 5 TO RE 1  
EQ,GOKULAGRO,Gokul Agro Resources Ltd,14/10/2025, , ,14/10/2025, , ,FVSPLT FRM RS 2 TO RE 1  
EQ,TCS,Tata Consultancy Serv Ltd,15/10/2025, , ,15/10/2025, , ,INTDIV - RS 11 PER SH    
EQ,TATAINVEST,Tata Inv. Corpn Ltd.,14/10/2025, , ,14/10/2025, , ,FVSPLT FRM RS 10 TO RE 1 
EQ,LGHL,Laxmi Goldorna House Ltd,10/10/2025, , ,10/10/2025, , ,BONUS 7:5                
EQ,HEXT,Hexaware Technologies Ltd,10/10/2025, , ,10/10/2025, , ,INT DIV - RS 5.75 PER SH 
EQ,CAPTRUST,Capital Trust Limited,10/10/2025, , ,10/10/2025, , ,RIGHTS 1:1 @ PRM RS 4/-  
EQ,RCF,Rashtriya Chem Fert Ltd.,10/10/2025, , ,10/10/2025, , ,DIV - RS 1.32 PER SH     
EQ,ROLEXRINGS,Rolex Rings Limited,17/10/2025, , ,17/10/2025, , ,FVSPLT FRM RS 10 TO RE 1 
EQ,ABINFRA,A B Infrabuild Limited,17/10/2025, , ,17/10/2025, , ,FVSPLT FRM RS 10 TO RE 1 
EQ,UNIVASTU,Univastu India Limited,13/10/2025, , ,13/10/2025, , ,BONUS 2:1                
GB,SGBOCT25V,2.50% GOLDBONDS2025SR-V,28/10/2025, , , , , ,REDEMPTION               
GB,SGBOCT25IV,2.50% GOLDBONDS2025SR-IV,18/10/2025, , , , , ,REDEMPTION               
GB,SGBOCT25,2.50% GOLDBONDS2025SR-III,14/10/2025, , , , , ,REDEMPTION               
GS,690GS2065,GOI LOAN  6.90% 2065,14/10/2025, , ,14/10/2025, , ,INTEREST PAYMENT         
GS,GS261025C,GOI STRIPS C 261025,20/10/2025, , , , , ,REDEMPTION               
GS,633GS2035,GOI LOAN  6.33% 2035,14/10/2025, , ,14/10/2025, , ,INTEREST PAYMENT         
M2,888SCL25B,SEC RE NCD 8.88% SR II,13/10/2025, , ,13/10/2025, , ,INTEREST PAYMENT         
M3,925SCL25B,SEC RE NCD 9.25% SR II,13/10/2025, , ,13/10/2025, , ,INTEREST PAYMENT         
MD,971SCL28B,SEC RE NCD 9.25% SR VIII,13/10/2025, , ,13/10/2025, , ,INTEREST PAYMENT         
MG,980SCL33D,SEC RE NCD 9.71% SR VIII,13/10/2025, , ,13/10/2025, , ,INTEREST PAYMENT         
MI,875SCL23A,SEC RE NCD 10.03% SR X,13/10/2025, , ,13/10/2025, , ,INTEREST PAYMENT         
ML,980SCL33B,SEC RE NCD 9.8% SR XII,13/10/2025, , ,13/10/2025, , ,INTEREST PAYMENT         
MM,835SCL23B,SEC RE NCD 10.25% SR XII,13/10/2025, , ,13/10/2025, , ,INTEREST PAYMENT         
MP,888SCL26,SEC RE NCD 8.88% SR II,13/10/2025, , ,13/10/2025, , ,INTEREST PAYMENT         
MQ,925SCL26B,SEC RE NCD 9.25% SR II,13/10/2025, , ,13/10/2025, , ,INTEREST PAYMENT         
MS,843SCL27,SEC RE NCD 8.43% SR.VIII,13/10/2025, , ,13/10/2025, , ,INTEREST PAYMENT         
MT,889SCL27,SEC RE NCD 8.89% SR.VIII,13/10/2025, , ,13/10/2025, , ,INTEREST PAYMENT         
MU,902SCL27,SEC RE NCD 9.02% SR V,13/10/2025, , ,13/10/2025, , ,INTEREST PAYMENT         
MV,948SCL27,SEC RE NCD 9.48% SR V,13/10/2025, , ,13/10/2025, , ,INTEREST PAYMENT         
MZ,925SCL29,SEC RE NCD 9.25% SR VIII,13/10/2025, , ,13/10/2025, , ,INTEREST PAYMENT         
N0,SIHF27,SIHF T-Bill lkd 27 Sr 28,14/10/2025, , ,14/10/2025, , ,INTEREST PAYMENT         
N0,765SHFL29,SHFL 7.65% 2029 Sr 344,10/10/2025, , ,10/10/2025, , ,INTEREST PAYMENT         
N0,995CCSP27,CCSPL 9.95% 2027,13/10/2025, , ,13/10/2025, , ,INT PAYMNT/PART REDEMPTN 
N0,98VFPL28,VFPL 9.80% 2028 Sr 17,10/10/2025, , ,10/10/2025, , ,INTEREST PAYMENT         
N0,1025PATE28,PATE 10.25% 2028,10/10/2025, , ,10/10/2025, , ,INTEREST PAYMENT         
N0,950ISF26,IIFL Samasta 9.50% 2026,15/10/2025, , ,15/10/2025, , ,INT PAYMENT/PART REDMPTN 
N0,708PGC34,PGC 7.08% 2034 Sr LXXIX,10/10/2025, , ,10/10/2025, , ,INTEREST PAYMENT         
N0,857IHFL26,IHFL 8.57% 2026 Sr J1,10/10/2025, , ,10/10/2025, , ,INTEREST PAYMENT         
N0,712INBK34,INBK 7.12% 2034 Sr II,10/10/2025, , ,10/10/2025, , ,INTEREST PAYMENT         
N0,10IIFL26,IIFL Samasta 10% 2026,13/10/2025, , ,13/10/2025, , ,INT PAYMNT/PART REDEMPTN 
N0,7798LTFH29,LTFH 7.798% 2029 Sr F,13/10/2025, , ,13/10/2025, , ,INTEREST PAYMENT         
N0,835TCSL27,Tvs Credit 8.35% 2027,13/10/2025, , ,13/10/2025, , ,INTEREST PAYMENT         
N1,79NHIT35,Sec Re NCD 7.90% STRPP A,10/10/2025, , ,10/10/2025, , ,INTEREST PAYMENT         
N1,902SCL27C,Sec Re NCD 9.02% Sr V,10/10/2025, , ,10/10/2025, , ,INTEREST PAYMENT         
N1,948SCL27D,Sec Re NCD 9.48% Sr V,10/10/2025, , ,10/10/2025, , ,INTEREST PAYMENT         
N1,1025SCL34Z,Sammaan Capital Limited,13/10/2025, , ,13/10/2025, , ,INTEREST PAYMENT         
N1,1003SCL31P,Sammaan Capital Limited,13/10/2025, , ,13/10/2025, , ,INTEREST PAYMENT         
N1,925SCL29S,Sammaan Capital Limited,13/10/2025, , ,13/10/2025, , ,INTEREST PAYMENT         
N1,902SCL27Q,Sammaan Capital Limited,13/10/2025, , ,13/10/2025, , ,INTEREST PAYMENT         
N1,888SCL26X,Sammaan Capital Limited,13/10/2025, , ,13/10/2025, , ,INTEREST PAYMENT         
N1,98SCL34Z,Sammaan Capital Limited,13/10/2025, , ,13/10/2025, , ,INTEREST PAYMENT         
N1,971SCL29T,Sammaan Capital Limited,13/10/2025, , ,13/10/2025, , ,INTEREST PAYMENT         
N1,948SCL27R,Sammaan Capital Limited,13/10/2025, , ,13/10/2025, , ,INTEREST PAYMENT         
N1,1025SCL34B,Sec Re NCD 10.25% Sr XII,10/10/2025, , ,10/10/2025, , ,INTEREST PAYMENT         
N1,980SCL34B,Sec Re NCD 9.80% Sr XII,10/10/2025, , ,10/10/2025, , ,INTEREST PAYMENT         
N1,925SCL26W,Sammaan Capital Limited,13/10/2025, , ,13/10/2025, , ,INTEREST PAYMENT         
N1,971SCL29B,Sammaan Capital Limited,10/10/2025, , ,10/10/2025, , ,INTEREST PAYMENT         
N1,1003SCL31A,Sec Re NCD 10.03% Sr X,10/10/2025, , ,10/10/2025, , ,INTEREST PAYMENT         
N1,89IHFL29,IIFL Home Finance Limited,16/10/2025, , ,16/10/2025, , ,INTEREST PAYMENT         
N1,925SCL29C,Sec Re NCD 9.25% Sr VIII,10/10/2025, , ,10/10/2025, , ,INTEREST PAYMENT         
N1,925SCL26F,Sec Re NCD 9.25% Sr II,10/10/2025, , ,10/10/2025, , ,INTEREST PAYMENT         
N2,79NHIT40,Sec Re NCD 7.90% STRPP B,10/10/2025, , ,10/10/2025, , ,INTEREST PAYMENT         
N3,980SCL33A,SEC RE NCD 9.80% SR XII,13/10/2025, , ,13/10/2025, , ,INTEREST PAYMENT         
N3,79NHIT47,Sec Re NCD 7.90% STRPP C,10/10/2025, , ,10/10/2025, , ,INTEREST PAYMENT         
N4,888SCL25E,SEC RE NCD 10.25% SR XII,13/10/2025, , ,13/10/2025, , ,INTEREST PAYMENT         
N9,948SCL26,SEC RE NCD 9.48% SR V,13/10/2025, , ,13/10/2025, , ,INTEREST PAYMENT         
NA,931SFIL26A,SeReNCD8.75%SrVICI&II,10/10/2025, , ,10/10/2025, , ,INTEREST PAYMENT         
NB,96SFIL24A,SeReNCD8.84%SrVICIII&IV,10/10/2025, , ,10/10/2025, , ,INTEREST PAYMENT         
NB,105UCL2026,Sec Re NCD 10.5% Sr IV,12/10/2025, , ,10/10/2025, , ,INTEREST PAYMENT         
NC,888SCL25D,SEC RE NCD 9.57% SR X,13/10/2025, , ,13/10/2025, , ,INTEREST PAYMENT         
ND,980SCL33C,SEC RE NCD 10.03% SR X,13/10/2025, , ,13/10/2025, , ,INTEREST PAYMENT         
NU,98SFIL26,Sec Re NCD 9.80% Sr.V,10/10/2025, , ,10/10/2025, , ,INTEREST PAYMENT         
NY,866SFIL23A,Sec Re NCD 9.57% Sr.VIII,10/10/2025, , ,10/10/2025, , ,INTEREST PAYMENT         
NZ,890SFIL23A,Sec Re NCD 10.03% Sr.VIII,10/10/2025, , ,10/10/2025, , ,INTEREST PAYMENT         
SG,538CG25,SDL CG 5.38% 2025,24/10/2025, , , , , ,REDEMPTION               
SG,763ML25,SDL ML 7.63% 2025,23/10/2025, , , , , ,REDEMPTION               
SG,747GJ25,SDL GJ 7.47% 2025,23/10/2025, , , , , ,REDEMPTION               
SM,USASEEDS,Upsurge Seeds of Agri Ltd,10/10/2025, , ,10/10/2025, , ,BONUS 3:7                
SM,GICL,Globe Intl Carriers Ltd,15/10/2025, , ,15/10/2025, , ,BONUS 1:1                
SM,GICL,Globe Intl Carriers Ltd,15/10/2025, , ,15/10/2025, , ,FVSPLT FRM RS 10 TO RS 5 
SM,IEML,Indian Emulsifiers Ltd,10/10/2025, , ,10/10/2025, , ,RIGHTS 1:2 @ PRM RS 70/- 
SM,MOS,Mos Utility Limited,14/10/2025, , ,14/10/2025, , ,BONUS 1:1                
SQ,MOS,Mos Utility Limited,14/10/2025, , ,14/10/2025, , ,BONUS 1:1                
SQ,GICL,Globe Intl Carriers Ltd,15/10/2025, , ,15/10/2025, , ,BONUS 1:1                
SQ,IEML,Indian Emulsifiers Ltd,10/10/2025, , ,10/10/2025, , ,RIGHTS 1:2 @ PRM RS 70/- 
SQ,GICL,Globe Intl Carriers Ltd,15/10/2025, , ,15/10/2025, , ,FVSPLT FRM RS 10 TO RS 5 
SQ,USASEEDS,Upsurge Seeds of Agri Ltd,10/10/2025, , ,10/10/2025, , ,BONUS 3:7                
ST,GICL,Globe Intl Carriers Ltd,15/10/2025, , ,15/10/2025, , ,BONUS 1:1                
ST,IEML,Indian Emulsifiers Ltd,10/10/2025, , ,10/10/2025, , ,RIGHTS 1:2 @ PRM RS 70/- 
ST,USASEEDS,Upsurge Seeds of Agri Ltd,10/10/2025, , ,10/10/2025, , ,BONUS 3:7                
ST,MOS,Mos Utility Limited,14/10/2025, , ,14/10/2025, , ,BONUS 1:1                
ST,GICL,Globe Intl Carriers Ltd,15/10/2025, , ,15/10/2025, , ,FVSPLT FRM RS 10 TO RS 5 
U1,925SCL29C,Sec Re NCD 9.25% Sr VIII,10/10/2025, , ,10/10/2025, , ,INTEREST PAYMENT         
U1,925SCL26F,Sec Re NCD 9.25% Sr II,10/10/2025, , ,10/10/2025, , ,INTEREST PAYMENT         
U1,948SCL27D,Sec Re NCD 9.48% Sr V,10/10/2025, , ,10/10/2025, , ,INTEREST PAYMENT         
U1,948SCL27R,Sammaan Capital Limited,13/10/2025, , ,13/10/2025, , ,INTEREST PAYMENT         
U1,971SCL29T,Sammaan Capital Limited,13/10/2025, , ,13/10/2025, , ,INTEREST PAYMENT         
U1,98SCL34Z,Sammaan Capital Limited,13/10/2025, , ,13/10/2025, , ,INTEREST PAYMENT         
U1,888SCL26X,Sammaan Capital Limited,13/10/2025, , ,13/10/2025, , ,INTEREST PAYMENT         
U1,902SCL27Q,Sammaan Capital Limited,13/10/2025, , ,13/10/2025, , ,INTEREST PAYMENT         
U1,925SCL29S,Sammaan Capital Limited,13/10/2025, , ,13/10/2025, , ,INTEREST PAYMENT         
U1,902SCL27C,Sec Re NCD 9.02% Sr V,10/10/2025, , ,10/10/2025, , ,INTEREST PAYMENT         
U1,1003SCL31P,Sammaan Capital Limited,13/10/2025, , ,13/10/2025, , ,INTEREST PAYMENT         
U1,1025SCL34Z,Sammaan Capital Limited,13/10/2025, , ,13/10/2025, , ,INTEREST PAYMENT         
U1,79NHIT35,Sec Re NCD 7.90% STRPP A,10/10/2025, , ,10/10/2025, , ,INTEREST PAYMENT         
U1,89IHFL29,IIFL Home Finance Limited,16/10/2025, , ,16/10/2025, , ,INTEREST PAYMENT         
U1,925SCL26W,Sammaan Capital Limited,13/10/2025, , ,13/10/2025, , ,INTEREST PAYMENT         
U1,1025SCL34B,Sec Re NCD 10.25% Sr XII,10/10/2025, , ,10/10/2025, , ,INTEREST PAYMENT         
U1,980SCL34B,Sec Re NCD 9.80% Sr XII,10/10/2025, , ,10/10/2025, , ,INTEREST PAYMENT         
U1,1003SCL31A,Sec Re NCD 10.03% Sr X,10/10/2025, , ,10/10/2025, , ,INTEREST PAYMENT         
U1,971SCL29B,Sammaan Capital Limited,10/10/2025, , ,10/10/2025, , ,INTEREST PAYMENT         
U2,79NHIT40,Sec Re NCD 7.90% STRPP B,10/10/2025, , ,10/10/2025, , ,INTEREST PAYMENT         
U3,980SCL33A,SEC RE NCD 9.80% SR XII,13/10/2025, , ,13/10/2025, , ,INTEREST PAYMENT         
U3,79NHIT47,Sec Re NCD 7.90% STRPP C,10/10/2025, , ,10/10/2025, , ,INTEREST PAYMENT         
U4,888SCL25E,SEC RE NCD 10.25% SR XII,13/10/2025, , ,13/10/2025, , ,INTEREST PAYMENT         
U9,948SCL26,SEC RE NCD 9.48% SR V,13/10/2025, , ,13/10/2025, , ,INTEREST PAYMENT         
UA,931SFIL26A,SeReNCD8.75%SrVICI&II,10/10/2025, , ,10/10/2025, , ,INTEREST PAYMENT         
UB,105UCL2026,Sec Re NCD 10.5% Sr IV,12/10/2025, , ,10/10/2025, , ,INTEREST PAYMENT         
UB,96SFIL24A,SeReNCD8.84%SrVICIII&IV,10/10/2025, , ,10/10/2025, , ,INTEREST PAYMENT         
UC,888SCL25D,SEC RE NCD 9.57% SR X,13/10/2025, , ,13/10/2025, , ,INTEREST PAYMENT         
UD,980SCL33C,SEC RE NCD 10.03% SR X,13/10/2025, , ,13/10/2025, , ,INTEREST PAYMENT         
UU,98SFIL26,Sec Re NCD 9.80% Sr.V,10/10/2025, , ,10/10/2025, , ,INTEREST PAYMENT         
UY,866SFIL23A,Sec Re NCD 9.57% Sr.VIII,10/10/2025, , ,10/10/2025, , ,INTEREST PAYMENT         
UZ,890SFIL23A,Sec Re NCD 10.03% Sr.VIII,10/10/2025, , ,10/10/2025, , ,INTEREST PAYMENT         
Y2,888SCL25B,SEC RE NCD 8.88% SR II,13/10/2025, , ,13/10/2025, , ,INTEREST PAYMENT         
Y3,925SCL25B,SEC RE NCD 9.25% SR II,13/10/2025, , ,13/10/2025, , ,INTEREST PAYMENT         
YD,971SCL28B,SEC RE NCD 9.25% SR VIII,13/10/2025, , ,13/10/2025, , ,INTEREST PAYMENT         
YG,980SCL33D,SEC RE NCD 9.71% SR VIII,13/10/2025, , ,13/10/2025, , ,INTEREST PAYMENT         
YI,875SCL23A,SEC RE NCD 10.03% SR X,13/10/2025, , ,13/10/2025, , ,INTEREST PAYMENT         
YL,980SCL33B,SEC RE NCD 9.8% SR XII,13/10/2025, , ,13/10/2025, , ,INTEREST PAYMENT         
YM,835SCL23B,SEC RE NCD 10.25% SR XII,13/10/2025, , ,13/10/2025, , ,INTEREST PAYMENT         
YP,888SCL26,SEC RE NCD 8.88% SR II,13/10/2025, , ,13/10/2025, , ,INTEREST PAYMENT         
YQ,925SCL26B,SEC RE NCD 9.25% SR II,13/10/2025, , ,13/10/2025, , ,INTEREST PAYMENT         
YS,843SCL27,SEC RE NCD 8.43% SR.VIII,13/10/2025, , ,13/10/2025, , ,INTEREST PAYMENT         
YT,889SCL27,SEC RE NCD 8.89% SR.VIII,13/10/2025, , ,13/10/2025, , ,INTEREST PAYMENT         
YU,902SCL27,SEC RE NCD 9.02% SR V,13/10/2025, , ,13/10/2025, , ,INTEREST PAYMENT         
YV,948SCL27,SEC RE NCD 9.48% SR V,13/10/2025, , ,13/10/2025, , ,INTEREST PAYMENT         
YZ,925SCL29,SEC RE NCD 9.25% SR VIII,13/10/2025, , ,13/10/2025, , ,INTEREST PAYMENT         
Z8,865SCL24B,SEC RE NCD 8.70% SR.VIII,13/10/2025, , ,13/10/2025, , ,INTEREST PAYMENT         
Z9,905SC24B,SEC RE NCD 9.15% SR.VIII,13/10/2025, , ,13/10/2025, , ,INTEREST PAYMENT         
ZV,87SCL25,SEC RE NCD 8.70% SR.V,13/10/2025, , ,13/10/2025, , ,INTEREST PAYMENT         
ZW,916SCL25,SEC RE NCD 9.16% SR.V,13/10/2025, , ,13/10/2025, , ,INTEREST PAYMENT         
ZZ,939SCL27,SEC RE NCD 8.94% SR.VIII,13/10/2025, , ,13/10/2025, , ,INTEREST PAYMENT         

