SYMBOL,SERIES,SECURITY,HIGH/LOW,INDEX FLAG
3IINFO-RE,BE,3I INFOTECH LTD,H
AAATECH,BE,AAA TECHNOLOGIES LIMITED,H
ADVANCE,BE,ADVANCE AGROLIFE LIMITED,H
AGIIL,EQ,AGI INFRA LIMITED,H
ANKITMETAL,BZ,ANKIT MET & POW LTD,H
ANSALAPI,BZ,ANSAL PROP & INFRA LTD,H
ASTRON,EQ,ASTRON PAPER BORD MIL LTD,H
ATLANTAA,BE,ATLANTAA LIMITED,H
BBOX,EQ,BLACK BOX LIMITED,H
BGRENERGY,BE,BGR ENERGY SYSTEMS LTD,H
BMWVENTLTD,BE,BMW VENTURES LIMITED,H
BVCL,BE,BARAK VALLEY CEM. LTD.,H
CAPTRUST,EQ,CAPITAL TRUST LIMITED,H
CHANDAN,ST,CHANDAN HEALTHCARE LTD,H
CTE,EQ,CAMBRIDGE TECH ENTER LTD,H
CYBERPP,X1,CYBERMEDIA RS.5 PPD UP,H
DANGEE,EQ,DANGEE DUMS LIMITED,H
DREAMFOLKS,BE,DREAMFOLKS SERVICES LTD,H
DRSCARGO,ST,DRS CARGO MOVERS LIMITED,H
EMKAY,BE,EMKAY GLOBAL FIN SERV LTD,H
ESFL,SM,ESSEN SPECIALITY FILMS L,H
FABTECH,BE,FABTECH TECHNOLOGIES LTD,H
FEL,BZ,FUTURE ENTERPRISES LTD,H
FINKURVE,EQ,FINKURVE FINANCIAL SERV L,H
FLYSBS,ST,FLYSBS AVIATION LIMITED,H
FMNL,EQ,FUTURE MKT NETWORKS LTD,H
GATECHDVR,BE,GACM TECHNOLOGIES LIMITED,H
GCHOTELS,ST,GRAND CONTINENT HOTELS L,H
GML,SM,GALAXY MEDICARE LIMITED,H
GOENKA,BZ,GOENKA DIAMOND&JEWELS LTD,H
GOLDENTOBC,BZ,GOLDEN TOBACCO LIMITED,H
GRCL,SM,GAYATRI RUBB AND CHEM LTD,H
GREENLEAF,ST,GREENLEAF ENVIROTECH LTD,H
GVKPIL,BE,GVK POW. & INFRA LTD.,H
HDIL,BZ,HOUSING DEV & INFRA LTD,H
HECPROJECT,EQ,HEC INFRA PROJECTS LTD,H
HITECHGEAR,BE,THE HI-TECH GEARS LIMITED,H
HNGSNGBEES,EQ,NIP IND ETF HANGSENG BEES,H
HRHNEXT,SM,HRH NEXT SERVICES LIMITED,H
INDBANK,EQ,INDBANK MERCH BANK,H
IZMO,BE,IZMO LIMITED,H
JAINAM,SM,JAINAM FER ALLOYS (I) LTD,H
JSWHL,EQ,JSW HOLDINGS LIMITED,H
JYOTIGLOBL,SM,JYOTI GLOBAL PLAST LTD,H
KAVDEFENCE,BE,KAVVERI DFS & WIR TEC LTD,H
KCEIL,SM,KAY CEE ENERGY & INFRA L,H
KEEPLEARN,EQ,DSJ KEEP LEARNING LTD,H
KINGFA,BE,KINGFA SCI & TEC IND LTD.,H
KONSTELEC,SM,KONSTELEC ENGINEERS LTD,H
MAFANG,EQ,MIRAEAMC - MAFANG,H
MAGSON,SM,MAGSON RETAIL AND DIST L,H
MAHKTECH,EQ,MIRAEAMC - MAHKTECH,H
MANAV,SM,MANAV INFRA PROJECTS LTD,H
MASPTOP50,EQ,MIRAEAMC - MASPTOP50,H
MEP,BZ,MEP INFRA. DEVELOPERS LTD,H
MIRCELECTR,BE,MIRCELECTR-DEPO,H
MTEDUCARE,BE,MT EDUCARE LTD,H
MUNISH,ST,MUNISH FORGE LIMITED,H
NIRMAN,SM,NIRMAN AGRI GENTICS LTD,H
ODIGMA,BE,ODIGMA CONSULTANCY SOL L,H
OMFREIGHT,BE,OM FREIGHT FORWARDERS LTD,H
ORCHASP,EQ,ORCHASP LIMITED,H
ORTEL,BZ,ORTEL COMMUNICATIONS LTD,H
OSELDEVICE,ST,OSEL DEVICES LIMITED,H
PALREDTEC,EQ,PALRED TECHNOLOGIES LTD,H
PARSVNATH,BE,PARSVNATH DEVELOPER LTD,H
PRAXIS,BE,PRAXIS HOME RETAIL LTD,H
PREMIER,BE,PREMIER LIMITED,H
PURPLEUTED,ST,PURPLE UNITED SALES LTD,H
RCOM,BE,RELIANCE COMMUNICATIONS L,H
REFRACTORY,SM,REFRACTORY SHAPES LIMITED,H
RELINFRA,BE,RELIANCE INFRASTRUCTU LTD,H
RHFL,BZ,RELIANCE HOME FINANCE LTD,H
SANWARIA,BZ,SANWARIA CONSUMER LIMITED,H
SCML,SM,SHARP CHUCKS N MACHINES L,H
SETCO,EQ,SETCO AUTOMOTIVE LTD,H
SETUINFRA,BZ,SETUBANDHAN INFRA LTD,H
SITINET,BZ,SITI NETWORKS LIMITED,H
SMLISUZU,EQ,SML ISUZU LIMITED,H
SMVD,SM,SMVD POLY PACK LIMITED,H
SOMATEX,BE,SOMA TEXTILEI NDUSTRIES L,H
SPCENET,EQ,SPACENET ENTERS IND LTD,H
STUDIOLSD,SM,STUDIO LSD LIMITED,H
SUBAHOTELS,ST,SUBA HOTELS LIMITED,H
SUBEXLTD,EQ,SUBEX LTD,H
TAKE,EQ,TAKE SOLUTIONS LTD,H
TARAPUR,EQ,TARAPUR TRANSFORMERS LTD,H
TECHD,ST,TECHD CYBERSECURITY LTD,H
TECHERA,SM,TECHERA ENGINEER (IND) L,H
TRU,EQ,TRUCAP FINANCE LIMITED,H
UMAEXPORTS,BE,UMA EXPORTS LIMITED,H
UTSSAV,SM,UTSSAV CZ GOLD JEWELS LTD,H
VELS,SM,VELS FILM INTERNATIONAL L,H
VIJAYPD,ST,VIJAYPD CEUTICAL LIMITED,H
VILINBIO,SM,VILIN BIO MED LIMITED,H
VIRINCHI,BE,VIRINCHI LIMITED,H
VISASTEEL,EQ,VISA STEEL LIMITED,H
VLEGOV,EQ,VL E GOV AND IT SOL LTD,H
VSCL,SM,VADIVARHE SPCLTY CHEM LTD,H
AAATECH,BE,AAA TECHNOLOGIES LIMITED,L
ALPSINDUS,BE,ALPS INDUSTRIES LTD.,L
ASTRON,EQ,ASTRON PAPER BORD MIL LTD,L
ATLANTAA,BE,ATLANTAA LIMITED,L
BAGDIGITAL,ST,B.A.G.CONVERGENCE LIMITED,L
BHARATGEAR,BE,BHARAT GEARS LTD,L
BLUECOAST,BE,BLUE COAST HOTELS LIMITED,L
CALSOFTPP,E1,CALSOFT RS.2.50 PPD UP,L
COMMITTED,ST,COMMITTED CARGO CARE LTD,L
COOLCAP-RE,ST,COOL CAPS INDUSTRIES LTD,L
CYBERTECH,BE,CYBERTECH SYSTEMS & SOFTW,L
DIVYADHAN,SM,DIVYADHAN RECYCLING IND L,L
EQUIPPP,BE,EQUIPPP SOC IMP TECH LTD,L
ESCONET,SM,ESCONET TECHNOLOGIES LTD,L
FLFL,BZ,FUT LIFESTYLE FASH LTD,L
FSC,BZ,FUTURE SUPP CHAIN SOL LTD,L
GATECH,EQ,GACM TECHNOLOGIES LIMITED,L
GAYAHWS,BE,GAYATRI HIGHWAYS LIMITED,L
GML,SM,GALAXY MEDICARE LIMITED,L
GURUNANAK,ST,GURUNANAK AGRICULTUR IN L,L
GVPTECHPP,E1,GVPTECH RE.1 PPD UP,L
HPTL,ST,HP TELECOM INDIA LIMITED,L
ICDSLTD,BE,ICDSLTD,L
ISHAN,SM,ISHAN INTERNATIONAL LTD,L
IZMO,BE,IZMO LIMITED,L
JALAN,SM,JALAN TRANSOLU. INDIA LTD,L
KAVDEFENCE,BE,KAVVERI DFS & WIR TEC LTD,L
KCK,ST,KCK INDUSTRIES LTD,L
LAKPRE,BZ,LAKSHMI PRE SCRE LTD,L
MAL,SM,MANGALAM ALLOYS LIMITED,L
MCLEODRUSS,EQ,MCLEOD RUSSEL INDIA LTD.,L
MCON,SM,MCON RASAYAN INDIA LTD,L
MORARJEE,BZ,MORARJEE TEXTILES LIMITED,L
MPEL,ST,MANAS POLYMER N ENERGIE L,L
NACLIND,BE,NACL INDUSTRIES LIMITED,L
NAMAN,SM,NAMAN IN-STORE (INDIA) L,L
OMKARCHEM,BZ,OMKAR SPL CHEM LTD,L
PREMIER,BE,PREMIER LIMITED,L
PROLIFE,SM,PROLIFE INDUSTRIES LTD,L
READYMIX,ST,READYMIX CONSTRU MACHI L,L
SAIFL,SM,SAMEERA AGRO AND INFRA L,L
SANWARIA,BZ,SANWARIA CONSUMER LIMITED,L
SBIN,T0,STATE BANK OF INDIA,L
SGBFEB32IV,GB,2.50%GOLDBONDS2032SR-IV,L
SHEEL,ST,SHEEL BIOTECH LIMITED,L
SIDDHICOTS,ST,SIDDHI COTSPIN LIMITED,L
SILKFLEX,SM,SILKFLEX POLYMERS INDIA L,L
SOLEX,EQ,SOLEX ENERGY LIMITED,L
SYNOPTICS,SM,SYNOPTICS TECHNOLOGIES L,L
THESL,SM,THINKING HATS ENTER SOL L,L
TNTELE,EQ,TAMILNADU TELECOMMUNICATI,L
WINNY,ST,WINNY IMMIGRA & EDU SER L,L
YASHOPTICS,ST,YASH OPTICS & LENS LTD,L
