GAIN_LOSS,SECURITY,CLOSE_PRIC,PREV_CL_PR,PERCENT_CG
 ,Nifty 50 Sec., , , 
 , , , , 
G,CIPLA LTD,      1561.80,      1513.10,3.22
G,STATE BANK OF INDIA,       880.65,       862.10,2.15
G,INDUSIND BANK LIMITED,       763.35,       749.15,1.9
G,MARUTI SUZUKI INDIA LTD.,     16265.00,     15985.00,1.75
G,BAJAJ AUTO LIMITED,      8946.50,      8810.00,1.55
G,DR. REDDY S LABORATORIES,      1264.40,      1246.10,1.47
G,OIL AND NATURAL GAS CORP.,       246.34,       243.39,1.21
G,NTPC LTD,       339.70,       335.85,1.15
G,AXIS BANK LIMITED,      1180.40,      1167.40,1.11
G,POWER GRID CORP. LTD.,       289.15,       286.15,1.05
G,BHARAT ELECTRONICS LTD,       413.50,       409.35,1.01
G,EICHER MOTORS LTD,      6965.00,      6896.50,.99
G,ADANI PORT & SEZ LTD,      1409.40,      1395.60,.99
G,NESTLE INDIA LIMITED,      1199.50,      1187.80,.99
G,WIPRO LTD,       248.70,       246.40,.93
G,ETERNAL LIMITED,       348.30,       345.50,.81
G,TATA CONSUMER PRODUCT LTD,      1126.50,      1118.00,.76
G,SUN PHARMACEUTICAL IND L,      1670.90,      1658.50,.75
G,ULTRATECH CEMENT LIMITED,     12281.00,     12192.00,.73
G,ITC LTD,       402.80,       399.90,.73
G,TRENT LTD,      4691.10,      4660.90,.65
G,HCL TECHNOLOGIES LTD,      1495.50,      1486.50,.61
G,HINDUSTAN UNILEVER LTD.,      2528.90,      2517.60,.45
G,LARSEN & TOUBRO LTD.,      3784.00,      3769.20,.39
G,HDFC BANK LTD,       980.90,       977.10,.39
G,INFOSYS LIMITED,      1514.90,      1509.30,.37
G,MAHINDRA & MAHINDRA LTD,      3454.90,      3442.90,.35
G,ADANI ENTERPRISES LIMITED,      2550.90,      2542.40,.33
G,COAL INDIA LTD,       384.50,       383.35,.3
G,ICICI BANK LTD.,      1380.30,      1376.20,.3
 , , , , 
L,TATA STEEL LIMITED,       173.86,       176.42,-1.45
L,TATA CONSULTANCY SERV LT,      3028.30,      3061.70,-1.09
L,HDFC LIFE INS CO LTD,       747.30,       754.35,-0.93
L,TECH MAHINDRA LIMITED,      1457.20,      1466.60,-0.64
L,JSW STEEL LIMITED,      1167.80,      1175.20,-0.63
L,SHRIRAM FINANCE LIMITED,       665.05,       669.05,-0.6
L,TITAN COMPANY LIMITED,      3531.90,      3550.60,-0.53
L,BAJAJ FINSERV LTD.,      2004.30,      2014.60,-0.51
L,TATA MOTORS LIMITED,       678.95,       681.10,-0.32
L,HERO MOTOCORP LIMITED,      5500.00,      5512.00,-0.22
L,APOLLO HOSPITALS ENTER. L,      7681.00,      7695.00,-0.18
L,BHARTI AIRTEL LIMITED,      1939.90,      1942.00,-0.11
L,BAJAJ FINANCE LIMITED,      1023.85,      1024.10,-0.02
L,HINDALCO  INDUSTRIES  LTD,       773.95,       774.10,-0.02
 , , , , 
 ,Nifty Next 50 Sec., , , 
 , , , , 
G,DIVI S LABORATORIES LTD,      6474.50,      6132.00,5.59
G,PUNJAB NATIONAL BANK,       117.24,       114.30,2.57
G,LODHA DEVELOPERS LIMITED,      1155.90,      1128.70,2.41
G,DLF LIMITED,       740.20,       729.00,1.54
G,BAJAJ HOLDINGS & INVS LTD,     12074.00,     11909.00,1.39
G,ADANI GREEN ENERGY LTD,      1064.30,      1051.50,1.22
G,INDIAN RAILWAY FIN CORP L,       126.50,       125.07,1.14
G,BANK OF BARODA,       266.95,       264.15,1.06
G,CANARA BANK,       127.39,       126.17,0.97
G,DABUR INDIA LTD,       489.70,       485.40,0.89
G,ABB INDIA LIMITED,      5186.00,      5146.50,0.77
G,ICICI PRU LIFE INS CO LTD,       597.70,       593.40,0.72
G,LTIMINDTREE LIMITED,      5471.50,      5434.00,0.69
G,HAVELLS INDIA LIMITED,      1495.90,      1485.80,0.68
G,SAMVRDHNA MTHRSN INTL LTD,       104.10,       103.44,0.64
G,AMBUJA CEMENTS LTD,       569.25,       565.90,0.59
G,JSW ENERGY LIMITED,       546.00,       542.80,0.59
G,ADANI POWER LTD,       149.70,       148.91,0.53
G,TATA POWER CO LTD,       390.10,       388.20,0.49
G,THE INDIAN HOTELS CO. LTD,       735.55,       732.15,0.46
G,GAIL (INDIA) LTD,       179.21,       178.45,0.43
G,BOSCH LIMITED,     38625.00,     38465.00,0.42
G,POWER FIN CORP LTD.,       403.85,       402.35,0.37
G,REC LIMITED,       372.95,       371.60,0.36
G,AVENUE SUPERMARTS LIMITED,      4320.40,      4305.10,0.36
G,LIFE INSURA CORP OF INDIA,       897.80,       895.20,0.29
G,INTERGLOBE AVIATION LTD,      5735.00,      5724.50,0.18
G,TVS MOTOR COMPANY  LTD,      3490.30,      3486.60,0.11
G,GODREJ CONSUMER PRODUCTS,      1129.80,      1128.80,0.09
G,PIDILITE INDUSTRIES LTD,      1510.60,      1510.40,0.01
 , , , , 
L,JINDAL STEEL LIMITED,      1015.20,      1040.30,-2.41
L,BHARAT PETROLEUM CORP  LT,       338.70,       344.00,-1.54
L,ICICI LOMBARD GIC LIMITED,      1862.80,      1882.70,-1.06
L,CG POWER AND IND SOL LTD,       753.40,       761.15,-1.02
L,INFO EDGE (I) LTD,      1333.10,      1346.50,-1
L,SIEMENS LTD,      3147.40,      3178.40,-0.98
L,INDIAN OIL CORP LTD,       154.11,       155.25,-0.73
L,ADANI ENERGY SOLUTION LTD,       925.85,       931.95,-0.65
L,VARUN BEVERAGES LIMITED,       443.65,       445.90,-0.5
L,TORRENT PHARMACEUTICALS L,      3532.80,      3550.50,-0.5
L,CHOLAMANDALAM IN & FIN CO,      1614.20,      1621.40,-0.44
L,VEDANTA LIMITED,       482.20,       484.20,-0.41
L,SWIGGY LIMITED,       435.55,       436.90,-0.31
L,HINDUSTAN AERONAUTICS LTD,      4832.90,      4846.30,-0.28
L,HYUNDAI MOTOR INDIA LTD,      2405.20,      2408.80,-0.15
L,SHREE CEMENT LIMITED,     29445.00,     29485.00,-0.14
L,ZYDUS LIFESCIENCES LTD,       993.45,       994.45,-0.1
L,BAJAJ HOUSING FINANCE LTD,       110.00,       110.09,-0.08
L,BRITANNIA INDUSTRIES LTD,      5871.50,      5876.00,-0.08
L,UNITED SPIRITS LIMITED,      1337.00,      1337.60,-0.04
 , , , , 
 ,OTHER SECURITIES, , , 
 , , , , 
G,UTSSAV CZ GOLD JEWELS LTD,       195.65,       163.80,19.44
G,CENTURY EXTRUSIONS LTD,        33.95,        29.01,17.03
G,SAR TELEVENTURE LIMITED,       202.50,       174.40,16.11
G,VARDHMAN POLYTEX LTD.,         8.91,         7.92,12.5
G,JINDAL PHOTO LIMITED,      1555.50,      1386.70,12.17
G,PAVNA INDUSTRIES LIMITED,        40.13,        36.08,11.23
G,GEECEE VENTURES LIMITED,       366.35,       330.00,11.02
G,ESPRIT STONES LIMITED,        79.40,        71.95,10.35
G,NAGREEKA CAP & INFR.LTD,        40.24,        36.50,10.25
G,TATA COMMUNICATIONS LTD,      1870.20,      1696.80,10.22
G,NIKITA PAPERS LIMITED,       149.45,       135.60,10.21
G,THE SOUTH INDIAN BANK LTD,        34.26,        31.11,10.13
G,DANGEE DUMS LIMITED,         4.62,         4.20,10
G,SHARP CHUCKS N MACHINES L,       104.50,        95.00,10
G,TARAPUR TRANSFORMERS LTD,        31.85,        28.96,9.98
G,CAMBRIDGE TECH ENTER LTD,        42.88,        38.99,9.98
G,SUBEX LTD,        13.14,        11.95,9.96
G,DSJ KEEP LEARNING LTD,         2.88,         2.62,9.92
G,VISHNU PRAKASH R PUNGLI L,        97.61,        88.81,9.91
G,K.P. ENERGY LIMITED,       424.55,       386.45,9.86
G,ORCHASP LIMITED,         3.40,         3.11,9.32
G,RELIANCE POWER LTD.,        48.58,        44.45,9.29
G,MAXVOLT ENERGY INDUS L,       300.55,       276.30,8.78
G,BANG OVERSEAS LTD.,        59.28,        54.54,8.69
G,HEC INFRA PROJECTS LTD,       143.33,       132.24,8.39
G,MIRZA INTERNATIONAL LIMIT,        39.80,        36.73,8.36
G,SEC RE NCD 9.71% SR VIII,       865.00,       799.00,8.26
G,REDINGTON LIMITED,       290.10,       268.60,8
G,SANDHAR TECHNOLOGIES LTD,       517.80,       479.75,7.93
G,GOKALDAS EXPORTS LTD.,       790.35,       734.40,7.62
 , , , , 
L,SEC RE NCD 9.85% SR.VIII,       560.66,       675.72,-17.03
L,SEC RE NCD 9.90% SR IV,       303.40,       359.88,-15.69
L,SEC RE NCD 10.25% SR XII,       855.75,       970.00,-11.78
L,SERVICE CARE LIMITED,        45.05,        49.70,-9.36
L,COOL CAPS INDUSTRIES LTD,         2.55,         2.80,-8.93
L,TAX FREE  7.32% SR. 102 A,       990.25,      1074.00,-7.8
L,ELECON ENG. CO. LTD,       556.85,       603.85,-7.78
L,BLUESTONE JEWEL LFSTL LTD,       702.05,       761.25,-7.78
L,SECMARK CONSULTANCY LTD,       106.11,       114.73,-7.51
L,CEDAAR TEXTILE LIMITED,        98.55,       106.55,-7.51
L,STALLION IND FLUOROCHEM L,       306.90,       331.70,-7.48
L,SHANKARA BLDG PRODUCT LTD,       134.88,       145.74,-7.45
L,GVPTECH RE.1 PPD UP,         4.60,         4.96,-7.26
L,VIVIANA POWER TECH LTD,      1591.10,      1713.90,-7.16
L,SHANTI OVERSEAS INDIA LTD,        10.97,        11.79,-6.96
L,NAGREEKA EXPORTS LTD.,        31.66,        33.89,-6.58
L,TCI FINANCE LTD,        12.08,        12.90,-6.36
L,BEW ENGINEERING LIMITED,       130.85,       139.55,-6.23
L,ASTRA MICROWAVE LTD,      1090.60,      1162.35,-6.17
L,2.50%GOLDBONDS2032SR-IV,     15317.11,     16317.14,-6.13
L,MIRAEAMC - MAHKTECH,        29.88,        31.78,-5.98
L,SHRI HARE-KRI SPO IRON L,        61.05,        64.85,-5.86
L,NEPTUNE PETROCHEMICALS L,       159.20,       169.00,-5.8
L,DEEM ROLL TECH LIMITED,        50.00,        53.00,-5.66
L,RAMA PHOSPHATES LIMITED,       160.79,       170.33,-5.6
L,ZOTA HEALTH CARE LIMITED,      1457.90,      1544.00,-5.58
L,ISHAN INTERNATIONAL LTD,          .85,          .90,-5.56
L,NDTV LTD,       105.03,       111.16,-5.51
L,JAY JALARAM TECHNO LTD,       160.00,       169.15,-5.41
L,ORIENT TECHNOLOGIES LTD,       451.10,       476.85,-5.4
