SECURITY,NEW,PREVIOUS,NEW_STATUS
PRAMARA PROMOTIONS LTD,298.9,297,H
DESTINY LOGISTICS & I LTD,134,131,H
GRAND CONTINENT HOTELS L,222.2,211.65,H
DRS CARGO MOVERS LIMITED,52.8,50.3,H
AARADHYA DISPOSAL INDUS L,178,174.9,H
PUNJAB NATIONAL BANK,117,115,H
FABTECH TECHNOLOGIES LTD,198.87,192.5,H
2.50%GOLDBONDS2027SR-VII,13738.07,13700,H
AUTHUM INVEST & INFRA LTD,3305,3298,H
LE MERITE EXPORTS LIMITED,479.8,458.75,H
DR AGARWALS HEALTH CARE L,543.2,515,H
BLACKBUCK LIMITED,694.4,688.8,H
GROWWAMC - GROWWSLVR,175.9,172.86,H
ASL INDUSTRIES LIMITED,68.95,67.6,H
GOI TBILL 91D-23/10/25,99.5,99.49,H
HP TELECOM INDIA LIMITED,280,196,H
PURPLE UNITED SALES LTD,501.9,501.8,H
EPACK PREFAB TECHN LTD,199.7,199,H
P S RAJ STEELS LIMITED,271,265,H
VIJAYPD CEUTICAL LIMITED,41.45,39.5,H
SEC RE NCD 9.90% SR IV,1000,986.78,H
2.50%GOLDBONDS2027SR-V,13700,13210,H
SUNDARAM FINANCE HOLD LTD,686.75,675,H
DOCMODE HEALTH TECH LTD,102.4,101.9,H
SP REFRACTORIES LIMITED,166.05,158.2,H
GOI TBILL 364D-21/05/26,96.51,96.37,H
SEC RE NCD SR III,1190,1183,H
GK ENERGY LIMITED,197.35,192.34,H
GOI TBILL 182D-01/01/26,98.31,98.2,H
SEC RE NCD 9.30% SR.IV,1088,1080.8,H
SUBA HOTELS LIMITED,187.3,178.4,H
SEC RE NCD SR IV,1200,1183,H
USHA MARTIN LTD.,488.35,485.9,H
2.50%GOLDBONDS2026SR-II,13625,13500,H
2.50%GOLDBONDS2028SR-II,13500,13430,H
MIRAEAMC - MAFANG,171.9,171.78,H
GLOBE INTL CARRIERS LTD,177,172,H
BGR ENERGY SYSTEMS LTD,335.58,319.6,H
GOI TBILL 364D-17/09/26,94.72,94.07,H
NIKITA PAPERS LIMITED,155,136.95,H
ANONDITA MEDICARE LIMITED,443.4,359.8,H
SEC RE NCD SR.VI,1261,1255,H
JINDAL PHOTO LIMITED,1584.8,1386.7,H
2.50% GOLDBONDS2025SR-III,12635,12600,H
V MARC INDIA LIMITED,549.9,523,H
MAXVOLT ENERGY INDUS L,319.95,298,H
TECHERA ENGINEER (IND) L,273.55,268.8,H
GOI TBILL 364D-06/11/25,99.55,98.81,H
DIVINE POWER ENERGY LTD,282.25,270.1,H
SHRINGAR HOU OF MANGALS L,213.35,211.5,H
PROZONE REALTY LIMITED,60.5,60,H
SDL RJ 6.97% 2031,96.75,95,H
IFB AGRO INDUSTRIES LTD,1049.8,1020,H
2.50% GOLDBONDS2025SR-IV,12999.98,12827.31,H
MIRAEAMC - BANKPSU,77.7,77,H
ONECLICK LOGISTICS IND L,291,284,H
AVANTEL LIMITED,215,214.57,H
POLYSIL IRRIGATION SYST L,285.95,282.8,H
CHANDAN HEALTHCARE LTD,288,274.3,H
STALLION IND FLUOROCHEM L,345.5,337.8,H
MUNISH FORGE LIMITED,121.5,115.75,H
GOI TBILL 182D-05/02/26,98,97.65,H
INDIAN BANK,779.7,773.6,H
POLYCAB INDIA LIMITED,7794.5,7714,H
PANACHE DIGILIFE LIMITED,452.1,345.55,H
APMD 9.30% 2029 STRPP C,103283.47,103259.36,H
OM FREIGHT FORWARDERS LTD,94.33,89.84,H
SAATVIK GREEN ENERGY LTD,567,551.7,H
AGS TRANSACT TECH LTD,4.99,4.79,H
GREENLEAF ENVIROTECH LTD,139.5,134.9,H
CENTURY EXTRUSIONS LTD,34.75,33.5,H
INDIAN METALS & FERRO,1265,1255,H
MIRAEAMC - MASPTOP50,69.51,69.24,H
COMMERCIAL SYN BAGS LTD,159.5,159,H
ETERNAL LIMITED,349.9,347.5,H
ISHAN DYES N CHEMICALS L,82.99,79.4,H
JYOTI GLOBAL PLAST LTD,77.75,72.1,H
DHARAN INFRA-EPC LIMITED,0.55,0.54,H
TECHD CYBERSECURITY LTD,643.25,596.5,H
CALSOFT RS.2.50 PPD UP,5.7,5.61,H
ATLANTA ELECTRICALS LTD,940,928,H
SDL KA 7.63% 2042,100,97.87,H
PACE DIGITEK LIMITED,231.95,231,H
VIPUL LIMITED,8.91,9.03,L
TAX FREE 7.29% SR. IB,1003,1008,L
SERVICE CARE LIMITED,44.5,45.1,L
WINNY IMMIGRA & EDU SER L,67.45,71,L
KAYTEX FABRICS LIMITED,85.4,88.2,L
SCL 9.90% 2027 SR IV,920.5,948.78,L
MANAS POLYMER N ENERGIE L,129.55,136.35,L
SOLEX ENERGY LIMITED,1548.15,1629.6,L
CAPITAL TRUST LIMITED,30.91,36.06,L
REMUS PHARMACEUTICALS L,636.1,663.1,L
TAX FREE  7.29% SR. 107A,1001.21,1005,L
ON DOOR CONCEPTS LIMITED,135,135.05,L
ARUNAYA ORGANICS LIMITED,20.45,21.3,L
SIDDHI COTSPIN LIMITED,51.85,54.55,L
DEEM ROLL TECH LIMITED,49.55,50,L
ACCURACY SHIPPING LIMITED,6.42,6.51,L
GALAXY MEDICARE LIMITED,19.4,20.4,L
GLOTTIS LIMITED,81,81.17,L
ATC ENERGIES SYSTEM LTD,45,45.5,L
CP CAPITAL LIMITED,117.61,122.1,L
PRIMO CHEMICALS LIMITED,22.79,23.1,L
BAFNA PHARMACEUTICALS LTD,159.22,162.47,L
DAVANGERE SUGAR COMPANY L,3.03,3.06,L
OLA ELECTRIC MOBILITY LTD,49.02,49.41,L
GRETEX CORPORATE SERVICES,229,230,L
ADVANCE AGROLIFE LIMITED,102,102.88,L
BAWEJA STUDIOS LIMITED,42.4,43,L
TIPS MUSIC LIMITED,537.6,542,L
CHEMBOND CHEMICAL LIMITED,155.21,157.51,L
ELLENBARRIE INDUS GASES L,430.35,432.95,L
INDIAN EMULSIFIERS LTD,109,124,L
TIGER LOGISTICS (INDIA) L,43.78,44.07,L
SHEKHAWATI INDUSTRIES LTD,19.9,20,L
GURUNANAK AGRICULTUR IN L,41.95,44.15,L
BMW VENTURES LIMITED,55.7,57.54,L
B.A.G.CONVERGENCE LIMITED,95.75,100.75,L
SHEEL BIOTECH LIMITED,86.3,90.8,L
SHANKARA BLDG PRODUCT LTD,133.57,137.45,L
MCON RASAYAN INDIA LTD,53.4,55.1,L
AGI INFRA LIMITED,255,657.05,L
PATTECH FITWELL TUB COM L,109,111.2,L
VALIANT ORGANICS LIMITED,310.55,315,L
URBAN COMPANY LIMITED,156.25,159.76,L
COOL CAPS INDUSTRIES LTD,2.55,2.8,L
GANGA BATH FITTINGS LTD,24.05,24.3,L
GREENLEAF ENVIROTECH LTD,127.25,128.15,L
INTEGRA ESSENTIA LIMITED,1.68,1.69,L
BEW ENGINEERING LIMITED,128.7,134.1,L
TAX FREE  7.32% SR. 102 A,990.25,1000,L
AXITA COTTON LIMITED,8.38,8.41,L
CLEAN SCIENCE & TECH LTD,1033,1035.7,L
TEAM INDIA GUARANTY LTD,245.5,245.9,L
SATTVA ENGINEERING CSTN L,81.1,82,L

