SERIES,SYMBOL,SECURITY,RECORD_DT,BC_STRT_DT,BC_END_DT,EX_DT,ND_STRT_DT,ND_END_DT,PURPOSE
N0,1075WCA28,WCAPL 10.75% 2028,2025-12-15,,,2025-12-15,,,INTEREST PAYMENT
TB,182D181225,GOI TBILL 182D-18/12/25,2025-12-16,,,,,,REDEMPTION
TB,182D251225,GOI TBILL 182D-25/12/25,2025-12-22,,,,,,REDEMPTION
N0,18MVL27,Magnum Ventures 18% 2027,2025-12-16,,,2025-12-16,,,INTEREST PAYMENT
TB,364D181225,GOI TBILL 364D-18/12/25,2025-12-16,,,,,,REDEMPTION
TB,364D261225,GOI TBILL 364D-26/12/25,2025-12-23,,,,,,REDEMPTION
SG,532RJ25,SDL RJ 5.32% 2025,2025-12-26,,,,,,REDEMPTION
SG,541GA25,SDL GA 5.41% 2025,2025-12-26,,,,,,REDEMPTION
N0,670RECL29,REC 6.70% 2029 Sr 249-B,2025-12-16,,,2025-12-16,,,INTEREST PAYMENT
N0,692OIT28,OIT 6.92% 2028 Tr A,2025-12-16,,,2025-12-16,,,INT PAYMENT/PART REDMPTN
N0,702OIT40,OIT 7.02% 2040 Tr B,2025-12-16,,,2025-12-16,,,INT PAYMENT/PART REDMPTN
N0,711SDIL30,SDIL 7.11% 2030,2025-12-17,,,2025-12-17,,,INTEREST PAYMENT
N0,712OIT40,OIT 7.12% 2040 Tr C,2025-12-16,,,2025-12-16,,,INT PAYMENT/PART REDEMPTN
N0,714SDIL32,SDIL 7.1450% 2032,2025-12-17,,,2025-12-17,,,INTEREST PAYMENT
N0,731SDIL40,SDIL 7.31% 2040,2025-12-17,,,2025-12-17,,,INTEREST PAYMENT
N0,758SDIL31,SDIL 7.58% 2031,2025-12-17,,,2025-12-17,,,INTEREST PAYMENT
N0,785IIFL27,IIFL Samasta 7.85% 2027,2025-12-16,,,2025-12-16,,,INTEREST PAYMENT
N0,787LDL29,LDL 7.87% 2029,2025-12-15,,,2025-12-15,,,INTEREST PAYMENT
N0,787SDIL30,SDIL 7.87% 2030,2025-12-17,,,2025-12-17,,,INTEREST PAYMENT
N1,789SDIL29,Summit Dig 7.89% 2029,2025-12-17,,,2025-12-17,,,INTEREST PAYMENT
U1,789SDIL29,Summit Dig 7.89% 2029,2025-12-17,,,2025-12-17,,,INTEREST PAYMENT
N0,806SDIL29,Summit Dig 8.06% 2029,2025-12-17,,,2025-12-17,,,INTEREST PAYMENT
N0,810NIT40,NIT 8.10% 2040 Sr 1,2025-12-15,,,2025-12-15,,,INTEREST PAYMENT
N0,818GFL26,GFL 8.18% 2026 Sr C3,2025-12-15,,,2025-12-15,,,INTEREST PAYMENT
N0,819CIFL26,CIFL 8.19% 2026 Sr 650,2025-12-15,,,2025-12-15,,,INTEREST PAYMENT
N9,820IIFL27,Sec Re NCD 8.20% Sr.III,2025-12-17,,,2025-12-17,,,INTEREST PAYMENT
U9,820IIFL27,Sec Re NCD 8.20% Sr.III,2025-12-17,,,2025-12-17,,,INTEREST PAYMENT
N0,825TCSL27,TCSL 8.25% 2027,2025-12-16,,,2025-12-16,,,INTEREST PAYMENT
N6,829PFL29,Poonawalla Fincorp Ltd,2025-12-22,,,2025-12-22,,,INTEREST PAYMENT
U6,829PFL29,Poonawalla Fincorp Ltd,2025-12-22,,,2025-12-22,,,INTEREST PAYMENT
NL,842IIFL26,Sec Re NCD 9% Sr.VI,2025-12-16,,,2025-12-16,,,INTEREST PAYMENT
UL,842IIFL26,Sec Re NCD 9% Sr.VI,2025-12-16,,,2025-12-16,,,INTEREST PAYMENT
MB,843SCFL27,SEC RE NCD 8.43% SR.VIII,2025-12-22,,,2025-12-22,,,INTEREST PAYMENT
YB,843SCFL27,SEC RE NCD 8.43% SR.VIII,2025-12-22,,,2025-12-22,,,INTEREST PAYMENT
MS,843SCL27,SEC RE NCD 8.43% SR.VIII,2025-12-15,,,2025-12-15,,,INTEREST PAYMENT
YS,843SCL27,SEC RE NCD 8.43% SR.VIII,2025-12-15,,,2025-12-15,,,INTEREST PAYMENT
NZ,865IFL28,Sec Re NCD 9% Sr.VI,2025-12-16,,,2025-12-16,,,INTEREST PAYMENT
UZ,865IFL28,Sec Re NCD 9% Sr.VI,2025-12-16,,,2025-12-16,,,INTEREST PAYMENT
N1,865IHFL27,IIFL Home Finance Limited,2025-12-17,,,2025-12-17,,,INTEREST PAYMENT
U1,865IHFL27,IIFL Home Finance Limited,2025-12-17,,,2025-12-17,,,INTEREST PAYMENT
NS,865IIFL28,Sec Re NCD 9% Sr.VI,2025-12-16,,,2025-12-16,,,INTEREST PAYMENT
US,865IIFL28,Sec Re NCD 9% Sr.VI,2025-12-16,,,2025-12-16,,,INTEREST PAYMENT
18,865SCL24B,SEC RE NCD 8.70% SR.VIII,2025-12-15,,,2025-12-15,,,INTEREST PAYMENT
Z8,865SCL24B,SEC RE NCD 8.70% SR.VIII,2025-12-15,,,2025-12-15,,,INTEREST PAYMENT
N8,865SCL26,SEC RED NCD 8.65% SR. V,2025-12-17,,,2025-12-17,,,INTEREST PAYMENT
U8,865SCL26,SEC RED NCD 8.65% SR. V,2025-12-17,,,2025-12-17,,,INTEREST PAYMENT
M9,875SCFL27,SEC RE NCD 8.75% SR.VII,2025-12-22,,,2025-12-22,,,INTEREST PAYMENT
Y9,875SCFL27,SEC RE NCD 8.75% SR.VII,2025-12-22,,,2025-12-22,,,INTEREST PAYMENT
ZF,875SFL27,Shriram Finance Limited,2025-12-16,,,2025-12-16,,,INTEREST PAYMENT
NC,879SCL26,UNS RED NCD 8.79% SR.VIII,2025-12-17,,,2025-12-17,,,INTEREST PAYMENT
UC,879SCL26,UNS RED NCD 8.79% SR.VIII,2025-12-17,,,2025-12-17,,,INTEREST PAYMENT
N0,87HFL26,HFL 8.7% 2026 Sr 70,2025-12-16,,,2025-12-16,,,INTEREST PAYMENT
N0,87HFL27,HFL 8.7% 27 Sr 70 Op II,2025-12-16,,,2025-12-16,,,INTEREST PAYMENT
ZV,87SCL25,SEC RE NCD 8.70% SR.V,2025-12-15,,,,,,INT PAYMENT/REDEMPTN
MC,889SCFL27,SEC RE NCD 8.89% SR.VIII,2025-12-22,,,2025-12-22,,,INTEREST PAYMENT
YC,889SCFL27,SEC RE NCD 8.89% SR.VIII,2025-12-22,,,2025-12-22,,,INTEREST PAYMENT
MT,889SCL27,SEC RE NCD 8.89% SR.VIII,2025-12-15,,,2025-12-15,,,INTEREST PAYMENT
YT,889SCL27,SEC RE NCD 8.89% SR.VIII,2025-12-15,,,2025-12-15,,,INTEREST PAYMENT
ZY,894SCL27,SEC RE NCD 9.80% SR.VII,2025-12-15,,,2025-12-15,,,INT PAYMENT/PART REDMPTN
N4,897MOFSL29,Sec Re NCD 8.97% Sr V,2025-12-16,,,2025-12-16,,,INTEREST PAYMENT
U4,897MOFSL29,Sec Re NCD 8.97% Sr V,2025-12-16,,,2025-12-16,,,INTEREST PAYMENT
N1,89IHFL29,IIFL Home Finance Limited,2025-12-17,,,2025-12-17,,,INTEREST PAYMENT
U1,89IHFL29,IIFL Home Finance Limited,2025-12-17,,,2025-12-17,,,INTEREST PAYMENT
ZM,89SCL24A,SEC RE NCD 8.70% SR.VIII,2025-12-19,,,2025-12-19,,,INTEREST PAYMENT
19,905SC24B,SEC RE NCD 9.15% SR.VIII,2025-12-15,,,2025-12-15,,,INTEREST PAYMENT
Z9,905SC24B,SEC RE NCD 9.15% SR.VIII,2025-12-15,,,2025-12-15,,,INTEREST PAYMENT
ZT,905SCL25,SEC RE NCD 9.05% SR.IV,2025-12-15,,,,,,INTEREST PAYMNT/REDEMPTI
ZW,916SCL25,SEC RE NCD 9.16% SR.V,2025-12-15,,,,,,INT PAYMNT/REDEMPTN
TB,91D181225,GOI TBILL 91D-18/12/25,2025-12-16,,,,,,REDEMPTION
TB,91D251225,GOI TBILL 91D-25/12/25,2025-12-22,,,,,,REDEMPTION
N9,925CAGL26,Sec Re NCD 9.25% Sr III,2025-12-23,,,2025-12-23,,,INTEREST PAYMENT
U9,925CAGL26,Sec Re NCD 9.25% Sr III,2025-12-23,,,2025-12-23,,,INTEREST PAYMENT
N0,925IIFL32,IIFL 9.25% Sr D33 OP B,2025-12-16,,,2025-12-16,,,INTEREST PAYMENT
MA,925SCFL27,SEC RE NCD 9.25% SR.VII,2025-12-22,,,2025-12-22,,,INTEREST PAYMENT
YA,925SCFL27,SEC RE NCD 9.25% SR.VII,2025-12-22,,,2025-12-22,,,INTEREST PAYMENT
MP,930SFL28,Shriram Finance Limited,2025-12-17,,,2025-12-17,,,INTEREST PAYMENT
YP,930SFL28,Shriram Finance Limited,2025-12-17,,,2025-12-17,,,INTEREST PAYMENT
Z5,931SFL26,Shriram Finance Limited,2025-12-16,,,2025-12-16,,,INTEREST PAYMENT
NZ,935IIFL28,IIFL 9.35% Tr I Sr V,2025-12-16,,,2025-12-16,,,INTEREST PAYMENT
UZ,935IIFL28,IIFL 9.35% Tr I Sr V,2025-12-16,,,2025-12-16,,,INTEREST PAYMENT
N0,935TSI27,TSI 9.35% 27 Sr I-A,2025-12-15,,,2025-12-15,,,INTEREST PAYMENT
N0,935TSI29,TSI 9.35% 29 Sr I-C,2025-12-15,,,2025-12-15,,,INTEREST PAYMENT
N0,935TSI30,TSI 9.35% 30 Sr I-D,2025-12-15,,,2025-12-15,,,INTEREST PAYMENT
N0,935TSI31,TSI 9.35% 31 Sr I-E,2025-12-15,,,2025-12-15,,,INTEREST PAYMENT
N0,935TSI32,TSI 9.35% 32 Sr I-F,2025-12-15,,,2025-12-15,,,INTEREST PAYMENT
N0,935TSI34,TSI 9.35% 34 Sr I-H,2025-12-15,,,2025-12-15,,,INTEREST PAYMENT
N0,935TSIIC28,TSIIC 9.35% 2028 Sr I- B,2025-12-15,,,2025-12-15,,,INTEREST PAYMENT
N0,935TSIIC33,TSIIC 9.35% 2033 Sr 1- G,2025-12-15,,,2025-12-15,,,INTEREST PAYMENT
ZZ,939SCL27,SEC RE NCD 8.94% SR.VIII,2025-12-15,,,2025-12-15,,,INT PAYMENT/PART REDMPTN
N0,93HFL34,HFL 9.3% 34 Sr 70 Op III,2025-12-16,,,2025-12-16,,,INTEREST PAYMENT
N6,93MOFSL34,Sec Re NCD 9.30% Sr VII,2025-12-16,,,2025-12-16,,,INTEREST PAYMENT
U6,93MOFSL34,Sec Re NCD 9.30% Sr VII,2025-12-16,,,2025-12-16,,,INTEREST PAYMENT
ZN,93SCL24A,SEC RE NCD 9.15% SR.VIII,2025-12-19,,,2025-12-19,,,INTEREST PAYMENT
NB,940CAGL27,Sec Re NCD 9.40% Sr V,2025-12-23,,,2025-12-23,,,INTEREST PAYMENT
UB,940CAGL27,Sec Re NCD 9.40% Sr V,2025-12-23,,,2025-12-23,,,INTEREST PAYMENT
N0,950ISF26,IIFL Samasta 9.50% 2026,2025-12-15,,,2025-12-15,,,INTEREST/PART REDEMPTION
N0,950ISF26A,ISF 9.50% 2026,2025-12-16,,,2025-12-16,,,INT PAYMENT/PART REDEMPTN
ZU,955SCL25,SEC RE NCD 9.55% SR.IV,2025-12-15,,,,,,INT PAYMNT/REDEMPTN
MW,957ICCL25,Shriram Finance Limited,2025-12-16,,,2025-12-16,,,INTEREST PAYMENT
YW,957ICCL25,Shriram Finance Limited,2025-12-16,,,2025-12-16,,,INTEREST PAYMENT
M2,960IIFL30,IIFL 9.60% Tr I Sr VIII,2025-12-16,,,2025-12-16,,,INTEREST PAYMENT
Y2,960IIFL30,IIFL 9.60% Tr I Sr VIII,2025-12-16,,,2025-12-16,,,INTEREST PAYMENT
N0,965SCL25C,SEC RE NCD 9.39% SR.VIII,2025-12-15,,,2025-12-15,,,INT PAYMENT/PART REDMPTN
N5,96IIFL28,Unsec Re NCD 9.60% Sr.II,2025-12-17,,,2025-12-17,,,INTEREST PAYMENT
U5,96IIFL28,Unsec Re NCD 9.60% Sr.II,2025-12-17,,,2025-12-17,,,INTEREST PAYMENT
NF,96IIFL28A,Sec Re NCD 9% Sr.VI,2025-12-16,,,2025-12-16,,,INTEREST PAYMENT
UF,96IIFL28A,Sec Re NCD 9% Sr.VI,2025-12-16,,,2025-12-16,,,INTEREST PAYMENT
ND,970CAGL28,Sec Re NCD 9.70% Sr VII,2025-12-23,,,2025-12-23,,,INTEREST PAYMENT
UD,970CAGL28,Sec Re NCD 9.70% Sr VII,2025-12-23,,,2025-12-23,,,INTEREST PAYMENT
N0,975PCPL28,PCPL 9.75% 2028,2025-12-16,,,2025-12-16,,,INTEREST PAYMENT
N0,975SIPL27,Shrem Infra 9.75% 2027,2025-12-16,,,2025-12-16,,,INT PYMNT/PART REDEMPTN
N0,975SIPL29,SIIPL 9.75% 2029 Sr IV,2025-12-16,,,2025-12-16,,,INTRST PAYMNT/PRT RDMPTN
ZX,98SCL27,SEC RE NCD SR.VI,2025-12-15,,,,,,INT PAYMENT/REDEMPTION
BE,ECLERX,eClerx Services Limited,2025-12-17,,,2025-12-17,,,BUY BACK
BL,ECLERX,eClerx Services Limited,2025-12-17,,,2025-12-17,,,BUY BACK
EQ,ECLERX,eClerx Services Limited,2025-12-17,,,2025-12-17,,,BUY BACK
IQ,ECLERX,eClerx Services Limited,2025-12-17,,,2025-12-17,,,BUY BACK
T0,ECLERX,eClerx Services Limited,2025-12-17,,,2025-12-17,,,BUY BACK
TL,ECLERX,eClerx Services Limited,2025-12-17,,,2025-12-17,,,BUY BACK
SL,GML,Galaxy Medicare Limited,2025-12-17,,,2025-12-17,,,INTDIV - RS 0.35 PER SH
SM,GML,Galaxy Medicare Limited,2025-12-17,,,2025-12-17,,,INTDIV - RS 0.35 PER SH
SQ,GML,Galaxy Medicare Limited,2025-12-17,,,2025-12-17,,,INTDIV - RS 0.35 PER SH
ST,GML,Galaxy Medicare Limited,2025-12-17,,,2025-12-17,,,INTDIV - RS 0.35 PER SH
GS,GS171225C,GOI STRIPS C 171225,2025-12-15,,,,,,REDEMPTION
GS,GS231225C,GOI STRIPS C 231225,2025-12-20,,,,,,REDEMPTION
GS,GS311225C,GOI STRIPS C 311225,2025-12-29,,,,,,REDEMPTION
BE,IOC,INDIAN OIL CORP LTD,2025-12-18,,,2025-12-18,,,INTDIV - RS 5 PER SH
BL,IOC,Indian Oil Corp. Ltd.,2025-12-18,,,2025-12-18,,,INTDIV - RS 5 PER SH
EQ,IOC,Indian Oil Corp. Ltd.,2025-12-18,,,2025-12-18,,,INTDIV - RS 5 PER SH
IQ,IOC,Indian Oil Corp. Ltd.,2025-12-18,,,2025-12-18,,,INTDIV - RS 5 PER SH
T0,IOC,Indian Oil Corp. Ltd.,2025-12-18,,,2025-12-18,,,INTDIV - RS 5 PER SH
TL,IOC,Indian Oil Corp. Ltd.,2025-12-18,,,2025-12-18,,,INTDIV - RS 5 PER SH
BE,KMEW,Knowledge Marine & En W L,2025-12-22,,,2025-12-22,,,FVSPLT FRM RS 10 TO RS 5
BL,KMEW,Knowledge Marine & En W L,2025-12-22,,,2025-12-22,,,FVSPLT FRM RS 10 TO RS 5
EQ,KMEW,Knowledge Marine & En W L,2025-12-22,,,2025-12-22,,,FVSPLT FRM RS 10 TO RS 5
IQ,KMEW,Knowledge Marine & En W L,2025-12-22,,,2025-12-22,,,FVSPLT FRM RS 10 TO RS 5
BE,LALPATHLAB,Dr. Lal Path Labs Ltd.,2025-12-19,,,2025-12-19,,,BONUS 1:1
BL,LALPATHLAB,Dr. Lal Path Labs Ltd.,2025-12-19,,,2025-12-19,,,BONUS 1:1
EQ,LALPATHLAB,Dr. Lal Path Labs Ltd.,2025-12-19,,,2025-12-19,,,BONUS 1:1
IQ,LALPATHLAB,Dr. Lal Path Labs Ltd.,2025-12-19,,,2025-12-19,,,BONUS 1:1
T0,LALPATHLAB,Dr. Lal Path Labs Ltd.,2025-12-19,,,2025-12-19,,,BONUS 1:1
TL,LALPATHLAB,Dr. Lal Path Labs Ltd.,2025-12-19,,,2025-12-19,,,BONUS 1:1
BE,MONEYBOXX,Moneyboxx Finance Limited,2025-12-15,,,2025-12-15,,,BONUS 1:1
BL,MONEYBOXX,Moneyboxx Finance Limited,2025-12-15,,,2025-12-15,,,BONUS 1:1
EQ,MONEYBOXX,Moneyboxx Finance Limited,2025-12-15,,,2025-12-15,,,BONUS 1:1
IQ,MONEYBOXX,Moneyboxx Finance Limited,2025-12-15,,,2025-12-15,,,BONUS 1:1
BE,NECLIFE,Nectar Lifesciences Ltd.,2025-12-24,,,2025-12-24,,,BUY BACK
BL,NECLIFE,Nectar Lifesciences Limit,2025-12-24,,,2025-12-24,,,BUY BACK
EQ,NECLIFE,Nectar Lifesciences Limit,2025-12-24,,,2025-12-24,,,BUY BACK
IQ,NECLIFE,Nectar Lifesciences Limit,2025-12-24,,,2025-12-24,,,BUY BACK
BE,NUVAMA,Nuvama Wealth Manage Ltd,2025-12-26,,,2025-12-26,,,FV SPLT FRM RS 10 TO RS 2
BL,NUVAMA,Nuvama Wealth Manage Ltd,2025-12-26,,,2025-12-26,,,FV SPLT FRM RS 10 TO RS 2
EQ,NUVAMA,Nuvama Wealth Manage Ltd,2025-12-26,,,2025-12-26,,,FV SPLT FRM RS 10 TO RS 2
IQ,NUVAMA,Nuvama Wealth Manage Ltd,2025-12-26,,,2025-12-26,,,FV SPLT FRM RS 10 TO RS 2
T0,NUVAMA,Nuvama Wealth Manage Ltd,2025-12-26,,,2025-12-26,,,FV SPLT FRM RS 10 TO RS 2
TL,NUVAMA,Nuvama Wealth Manage Ltd,2025-12-26,,,2025-12-26,,,FV SPLT FRM RS 10 TO RS 2
GB,SGBDEC2512,2.50%GOLDBONDS2025 SR-XII,2025-12-16,,,,,,REDEMPTION
GB,SGBDEC2513,2.50%GOLDBONDS2025SR-XIII,2025-12-23,,,,,,REDEMPTION
