SYMBOL,SERIES,SECURITY,HIGH/LOW
21STCENMGM,EQ,21ST CENTURY MGMT SERVICE,H
ALPSINDUS,EQ,ALPS INDUSTRIES LTD,H
AMEYA,SM,AMEYA PRECISION ENG LTD,H
AMJUMBO,SM,A AND M JUMBO BAGS LTD,H
ANIKINDS,EQ,ANIK INDUSTRIES LTD,H
ANKITMETAL,BZ,ANKIT MET & POW LTD,H
ANSALAPI,BZ,ANSAL PROP & INFRA LTD,H
ARTNIRMAN,EQ,ART NIRMAN LIMITED,H
AURIGROW,EQ,AURI GROW INDIA LIMITED,H
BCONCEPTS,BE,BRAND CONCEPTS LIMITED,H
BGLOBAL,BZ,BHARATIYA GLOBAL INFO LTD,H
BHAGYANGR,BE,BHAGYANAGAR INDIA LIMITED,H
CCCL,BE,CONS. CONST. CONSORT LTD,H
CMICABLES,BZ,CMI LIMITED,H
CPS,SM,C P S SHAPERS LIMITED,H
DHARAN,BZ,DHARAN INFRA-EPC LIMITED,H
DIGJAMLMTD,EQ,DIGJAM LTD,H
EXCEL,EQ,EXCEL REALTY N INFRA LTD,H
FEL,BZ,FUTURE ENTERPRISES LTD,H
FELDVR,BZ,FUTURE ENTERPRISES LTD,H
FLFL,BZ,FUT LIFESTYLE FASH LTD,H
FWSTC,ST,FLYWINGS SIMULAT T C LTD,H
GFSTEELS,BE,GRAND FOUNDRY LTD,H
GIRIRAJ,SM,GIRIRAJ CIVIL DEVP LTD,H
GKENERGY,EQ,GK ENERGY LIMITED,H
HGM,EQ,HANDSON GBL MNGMNT LTD,H
IDFNIFTYET,EQ,BANDHANAMC - IDFNIFTYET,H
IL&FSTRANS,BZ,IL&FS TRANS NET LTD,H
INDOTHAI,BE,INDO THAI SEC LTD,H
INVICTA,ST,INVICTA DIAGNOSTIC LTD,H
JALAN,SM,JALAN TRANSOLU. INDIA LTD,H
KESORAMIND,BE,KESORAM INDUSTRIES LTD,H
KRIDHANINF,EQ,KRIDHAN INFRA LIMITED,H
KTL,SZ,KALAHRIDHAAN TRENDZ LTD,H
LCCINFOTEC,BE,LCC INFOTECH LTD,H
MAFANG,EQ,MIRAEAMC - MAFANG,H
MAHKTECH,EQ,MIRAEAMC - MAHKTECH,H
MARSHALL,BZ,MARSHALL MACHINES LTD,H
MASPTOP50,EQ,MIRAEAMC - MASPTOP50,H
MEP,BZ,MEP INFRA. DEVELOPERS LTD,H
MORARJEE,BZ,MORARJEE TEXTILES LIMITED,H
MTEDUCARE,BE,MT EDUCARE LTD,H
NAGREEKCAP,BE,NAGREEKA CAP & INFR.LTD,H
NARMADA,BE,NARMADA AGROBASE LIMITED,H
NAVKARURB,EQ,NAVKAR URBANSTRUCTURE LTD,H
OMKARCHEM,BZ,OMKAR SPL CHEM LTD,H
ORTEL,BZ,ORTEL COMMUNICATIONS LTD,H
OSIAHYPER,EQ,OSIA HYPER RETAIL LIMITED,H
PALREDTEC,EQ,PALRED TECHNOLOGIES LTD,H
PANACHE,BE,PANACHE DIGILIFE LIMITED,H
PROZONER,BE,PROZONE REALTY LIMITED,H
RAJRILTD,BE,RAJ RAYON INDUSTRIES LTD,H
RELINFRA,BE,RELIANCE INFRASTRUCTU LTD,H
S&SPOWER,EQ,S&S POWER SWITCHGEARS LTD,H
SACHEEROME,ST,SACHEEROME LIMITED,H
SAIFL,SM,SAMEERA AGRO AND INFRA L,H
SALSTEEL,BE,S.A.L. STEEL LTD.,H
SANCO,BZ,SANCO INDUSTRIES LIMITED,H
SANWARIA,BZ,SANWARIA CONSUMER LIMITED,H
SATECH,SM,S A TECH SOFTWARE INDIA L,H
SETUINFRA,BZ,SETUBANDHAN INFRA LTD,H
SHREERAMA,EQ,SHREE RAMA MULTI TECH LTD,H
SITINET,BZ,SITI NETWORKS LIMITED,H
SKIL,BZ,SKIL INFRASTRUCTURE LTD.,H
SMVD,SM,SMVD POLY PACK LIMITED,H
SPECTSTM,SM,SPECTRUM TALENT MGMT LTD,H
SUPREMEENG,BZ,SUPREME ENGINEERING LTD,H
SUPREMEINF,BZ,SUPREME INFRA. LTD,H
SUULD,BZ,SUUMAYA INDUSTRIES LTD,H
SVPGLOB,BE,SVP GLOBAL TEXTILES LTD,H
SWANDEF,BE,SWAN DEFENCE N HEVY IND L,H
TAINWALCHM,EQ,TAINWALA CHEMICAL AND PLA,H
TECHERA,ST,TECHERA ENGINEER (IND) L,H
TGL,ST,TEERTH GOPICON LIMITED,H
TNTELE,EQ,TAMILNADU TELECOMMUNICATI,H
TRANSWIND,SM,TRANSWIND INFRA LIMITED,H
TRU,EQ,TRUCAP FINANCE LIMITED,H
TVSELECT,BE,TVS ELECTRONICS LTD,H
TVVISION,EQ,TV VISION LIMITED,H
UNIHEALTH,ST,UNIHEALTH HOSPITALS LTD,H
UNITEDPOLY,BE,UNITED POLYFAB GUJ. LTD.,H
UNIVAFOODS,BE,UNIVA FOODS LIMITED,H
VIPULLTD,EQ,VIPUL LIMITED,H
WINSOME,BZ,WINSOME YARNS LIMITED,H
ZODIAC,EQ,ZODIAC ENERGY LIMITED,H
71MH33,SG,SDL MH 7.1% 2033,L
744KL50,SG,SDL KL 7.44% 2050,L
AARADHYA,ST,AARADHYA DISPOSAL INDUS L,L
AAREYDRUGS,EQ,AAREY DRUGS & PHARM LTD,L
ABAN,BE,ABAN OFFSHORE LTD.,L
ACCPL,ST,ACCRETION PHARMA LIMITED,L
AGUL,SM,A G UNIVERSAL LIMITED,L
ARVINDPORT,SM,ARVIND PORT AND INFRA LTD,L
BEACON,ST,BEACON TRUSTEESHIP LTD,L
BLUECHIP,BE,BLUE CHIP INDIA LIMITED,L
COMPINFO,BZ,COMPUAGE INFOCOM LTD,L
CONTI,SM,CONTINENTAL SEED CHEM LTD,L
CSSL,ST,CLEAR SECURED SERVICES L,L
CYBERPP,X1,CYBERMEDIA RS.5 PPD UP,L
DHARAN,BZ,DHARAN INFRA-EPC LIMITED,L
DHTL,ST,DOCMODE HEALTH TECH LTD,L
EASTSILK,BE,EASTERN SILK INDUSTRIES L,L
EDUCOMP,BZ,EDUCOMP SOLUTIONS LTD,L
ENCOMPAS,ST,ENCOMPASS DESIGN INDIA L,L
EUROTEXIND,BE,EUROTEX IND & EXPORTS LTD,L
FCONSUMER,BE,FUTURE CONSUMER LIMITED,L
FEL,BZ,FUTURE ENTERPRISES LTD,L
FELDVR,BZ,FUTURE ENTERPRISES LTD,L
FONEBOX,ST,FONEBOX RETAIL LIMITED,L
HITECHGEAR,BE,THE HI-TECH GEARS LIMITED,L
HPTL,ST,HP TELECOM INDIA LIMITED,L
HRHNEXT,SM,HRH NEXT SERVICES LIMITED,L
ISHAN,SM,ISHAN INTERNATIONAL LTD,L
ITTL,ST,INNOVATIVE TYRE & TUBE LT,L
JPASSOCIAT,BE,JAIPRAKASH ASSOCIATES LTD,L
LCCINFOTEC,BE,LCC INFOTECH LTD,L
MAKS,SM,MAKS ENERGY SOL INDIA LTD,L
MANOMAY,BE,MANOMAY TEX INDIA LTD,L
MARSHALL,BZ,MARSHALL MACHINES LTD,L
MCLOUD,EQ,MAGELLANIC CLOUD LIMITED,L
MHHL,SM,MOHINI HEALTH&HYGIENE LTD,L
MONOPHARMA,SM,MONO PHARMACARE LIMITED,L
NEOCHEM,ST,NEOCHEM BIO SOLUTIONS LTD,L
NIRMAN,SM,NIRMAN AGRI GENTICS LTD,L
NURECA,EQ,NURECA LIMITED,L
OSELDEVICE,ST,OSEL DEVICES LIMITED,L
PATELEG-RE,BE,PATEL ENGINEERING LTD,L
PERFECT,SZ,PERFECT INFRAENGINEER LTD,L
PRAXIS,EQ,PRAXIS HOME RETAIL LTD,L
PRECISION,SM,PRECISION METALIKS LTD,L
PROFX,SM,PRO FX TECH LIMITED,L
PURPLEUTED,ST,PURPLE UNITED SALES LTD,L
QUADPRO,SM,QUADPRO ITES LIMITED,L
QVCEL,SM,QVC EXPORTS LIMITED,L
RELIABLE,BE,RELIABLE DATA SERVICE LTD,L
REXPIPES,SM,REX PIPES AND CABLES LTD,L
SAHAJ,SZ,SAHAJ FASHIONS LIMITED,L
SANGANI,SM,SANGANI HOSPITALS LIMITED,L
SANWARIA,BZ,SANWARIA CONSUMER LIMITED,L
SECL,ST,SALASAR EXTERIOR CONT LTD,L
SETUINFRA,BZ,SETUBANDHAN INFRA LTD,L
SEYAIND,BE,SEYA INDUSTRIES LIMITED,L
SHRIKANHA,ST,SHRI KANHA STAINLESS LTD,L
SKIL,BZ,SKIL INFRASTRUCTURE LTD.,L
SPCENET,BE,SPACENET ENTERS IND LTD,L
SRPL,BZ,SHREE RAM PROTEINS LTD.,L
STALLION,BE,STALLION IND FLUOROCHEM L,L
SUMEETINDS,BE,SUMEET IND LIMITED,L
SUNLITE,ST,SUNLITE RECYCLING IND LTD,L
SUPREMEENG,BZ,SUPREME ENGINEERING LTD,L
SUULD,BZ,SUUMAYA INDUSTRIES LTD,L
SVPGLOB,BE,SVP GLOBAL TEXTILES LTD,L
TECHLABS,SM,TRIDENT TECHLABS LIMITED,L
TGL,ST,TEERTH GOPICON LIMITED,L
TIMESCAN,SM,TIMESCAN LOGISTICS IND L,L
TUNWAL,SM,TUNWAL E-MOTORS LIMITED,L
UEL,BE,UJAAS ENERGY LIMITED,L
UNITEDPOLY,BE,UNITED POLYFAB GUJ. LTD.,L
VCL,BE,VAXTEX COTFAB LIMITED,L
VELS,SM,VELS FILM INTERNATIONAL L,L
VENUSREM,BE,VENUS REMEDIES LIMITED,L
VIAZ,SM,VIAZ TYRES LIMITED,L
VISAMAN,ST,VISAMAN GLOBAL SALES LTD,L
VSCL,SM,VADIVARHE SPCLTY CHEM LTD,L
