SYMBOL,SERIES,SECURITY,HIGH/LOW
A2ZINFRA,EQ,A2Z INFRA ENGINEERING LTD,H
AAREYDRUGS,EQ,AAREY DRUGS & PHARM LTD,H
ADANIGREEN,EQ,ADANI GREEN ENERGY LTD,H
ANSALAPI,BZ,ANSAL PROP & INFRA LTD,H
ARSHIYA,BZ,ARSHIYA LIMITED,H
AURIGROW,BE,AURI GROW INDIA LIMITED,H
AUSL,SM,ADITYA ULTRA STEEL LTD,H
AXISCADES,EQ,AXISCADES TECH LTD,H
BAFNAPH,BE,BAFNA PHARMACEUTICALS LTD,H
BAIDFIN,EQ,BAID FINSERV LIMITED,H
BESTAGRO,BE,BEST AGROLIFE LIMITED,H
CADSYS,SM,CADSYS (INDIA) LIMITED,H
CAPTRUST,EQ,CAPITAL TRUST LIMITED,H
CEDAAR,SM,CEDAAR TEXTILE LIMITED,H
COMPINFO,BZ,COMPUAGE INFOCOM LTD,H
DBOL,EQ,DHAMPUR BIO ORGANICS LTD,H
DENEERS,SM,DE NEERS TOOLS LIMITED,H
DHARAN,BZ,DHARAN INFRA-EPC LIMITED,H
DRSDILIP,SM,DRS DILIP ROADLINES LTD.,H
EXCELLENT,SM,EXCELLENT WIRES N PACK L,H
EXIMROUTES,ST,EXIM ROUTES LIMITED,H
FALCONTECH,SM,FALCON TECHNOPROJ IND LTD,H
FEL,BZ,FUTURE ENTERPRISES LTD,H
FMNL,EQ,FUTURE MKT NETWORKS LTD,H
GENSOL,BZ,GENSOL ENGINEERING LTD,H
GOLDENTOBC,BZ,GOLDEN TOBACCO LIMITED,H
GOYALALUM,BE,GOYAL ALUMINIUMS LIMITED,H
GVKPIL,BE,GVK POW. & INFRA LTD.,H
HDIL,BZ,HOUSING DEV & INFRA LTD,H
HNGSNGBEES,EQ,NIP IND ETF HANGSENG BEES,H
HYBRIDFIN,BE,HYBRID FINANCIAL SERVICE,H
IBULLSLTD,EQ,INDIABULLS LIMITED,H
INTENTECH,EQ,INTENSE TECHNOLOGIES LTD,H
ISHAN,SM,ISHAN INTERNATIONAL LTD,H
JETFREIGHT,BE,JET FREIGHT LOGISTICS LTD,H
KAVDEFENCE,EQ,KAVVERI DFS & WIR TEC LTD,H
KKVAPOW,SM,KKV AGRO POWERS LTD.,H
KSR,BE,KSR FOOTWEAR LIMITED,H
LANCORHOL,BE,LANCOR HOLDINGS LIMITED,H
LATTEYS,BE,LATTEYS INDUSTRIES LTD,H
LCCINFOTEC,BE,LCC INFOTECH LTD,H
LOTUSDEV,EQ,SRI LOTUS DEVLPRS N RTY L,H
LOTUSEYE,EQ,LOTUS EYE HOSP & INST L,H
MAFANG,EQ,MIRAEAMC - MAFANG,H
MAHKTECH,EQ,MIRAEAMC - MAHKTECH,H
MASPTOP50,EQ,MIRAEAMC - MASPTOP50,H
MCLOUD,EQ,MAGELLANIC CLOUD LIMITED,H
MEDICO,EQ,MEDICO REMEDIES LIMITED,H
MEDIORG,SM,MEDICAMEN ORGANICS LTD,H
NEELAM,SM,NEELAM LINENS & GAR (I) L,H
NEWJAISA,SM,NEWJAISA TECHNOLOGIES LTD,H
NIRMAN,SM,NIRMAN AGRI GENTICS LTD,H
NOIDATOLL,EQ,NOIDA TOLL BRIDGE CO LTD,H
OSIAHYPER,EQ,OSIA HYPER RETAIL LIMITED,H
PALREDTEC,EQ,PALRED TECHNOLOGIES LTD,H
PHARMABEES,EQ,NIPPONAMC - NETFPHARMA,H
PHOGLOBAL,SM,PHOENIX OVERSEAS LIMITED,H
POLYSIL,ST,POLYSIL IRRIGATION SYST L,H
PURPLEUTED,SM,PURPLE UNITED SALES LTD,H
RCOM,BE,RELIANCE COMMUNICATIONS L,H
REXPRO,SM,REXPRO ENTERPRISES LTD,H
SABAR,ST,SABAR FLEX INDIA LIMITED,H
SADBHAV,BE,SADBHAV ENGINEERING LTD,H
SAMBHAAV,BE,SAMBHAAV MEDIA LTD,H
SANWARIA,BZ,SANWARIA CONSUMER LIMITED,H
SETCO,EQ,SETCO AUTOMOTIVE LTD,H
SETUINFRA,BZ,SETUBANDHAN INFRA LTD,H
SHEKHAWATI,EQ,SHEKHAWATI INDUSTRIES LTD,H
SHRENIK,BZ,SHRENIK LIMITED,H
SHRIKANHA,SM,SHRI KANHA STAINLESS LTD,H
SILGO-RE1,BE,SILGO RETAIL LTD,H
SILVERTUC,EQ,SILVER TOUCH TECHNO LTD,H
SITINET,BZ,SITI NETWORKS LIMITED,H
SOTAC,SM,SOTAC PHARMACEUTICALS LTD,H
TECHERA,SM,TECHERA ENGINEER (IND) L,H
TEJASCARGO,SM,TEJAS CARGO INDIA LIMITED,H
TPHQ,EQ,TEAMO PRODUCTIONS HQ LTD,H
VELS,SM,VELS FILM INTERNATIONAL L,H
VHLTD,BE,VICEROY HOTELS LIMITED,H
VIAZ,SM,VIAZ TYRES LIMITED,H
VILINBIO,ST,VILIN BIO MED LIMITED,H
VOLERCAR,ST,VOLER CAR LIMITED,H
WAAREEINDO,BE,INDOSOLAR LIMITED,H
WINSOME,BZ,WINSOME YARNS LIMITED,H
1035UCL26,NA,SEC RE NCD 10.35% SR III,L
21STCENMGM,EQ,21ST CENTURY MGMT SERVICE,L
ABAN,BE,ABAN OFFSHORE LTD.,L
AGARWALFT,SM,AGARWAL FLOAT GLASS I LTD,L
AGRITECH,BE,AGRI-TECH (INDIA) LIMITED,L
AILIMITED,SM,ABHISHEK INTEGRATIONS LTD,L
AIMTRON,ST,AIMTRON ELECTRONICS LTD,L
ANSALAPI,BZ,ANSAL PROP & INFRA LTD,L
ARISTO,SM,ARISTO BIO T AND LIFESC L,L
ARMOUR,ST,ARMOUR SECURITY (INDIA) L,L
ATLANTAA,EQ,ATLANTAA LIMITED,L
AURIGROW,BE,AURI GROW INDIA LIMITED,L
AUSOMENT,BE,AUSOM ENTERPRISE LIMITED,L
AVANA,ST,AVANA ELECTROSYSTEMS LTD,L
AVROIND,BE,AVRO INDIA LIMITED,L
BALCO,SM,SOLVE PLASTIC PRODUCTS L,L
BEACON,ST,BEACON TRUSTEESHIP LTD,L
BESTAGRO,BE,BEST AGROLIFE LIMITED,L
BLUECHIP,BE,BLUE CHIP INDIA LIMITED,L
BOSS,SM,BOSS PACKAGING SOLU LTD,L
CBAZAAR,ST,NET AVENUE TECHNOLOGIES L,L
COASTCORP,BE,COASTAL CORPORATION LTD,L
CURAA,BE,CURA TECHNOLOGIES LIMITED,L
DHARAN,BZ,DHARAN INFRA-EPC LIMITED,L
DRONE,SM,DRONE DESTINATION LIMITED,L
DRSCARGO,SM,DRS CARGO MOVERS LIMITED,L
EMBDL,BE,EMBASSY DEVELOPMENTS LTD,L
EPACKPEB,EQ,EPACK PREFAB TECHN LTD,L
EXIMROUTES,ST,EXIM ROUTES LIMITED,L
FLFL,BZ,FUT LIFESTYLE FASH LTD,L
GAYAHWS,BE,GAYATRI HIGHWAYS LIMITED,L
GENSOL,BZ,GENSOL ENGINEERING LTD,L
GKENERGY,EQ,GK ENERGY LIMITED,L
GOLDSTAR,SM,GOLDSTAR POWER LIMITED,L
GSLSU,BE,GLOBAL SURFACES LIMITED,L
HARDWYN,BE,HARDWYN INDIA LIMITED,L
HOACFOODS,ST,HOAC FOODS INDIA LIMITED,L
HPTL,SM,HP TELECOM INDIA LIMITED,L
HRHNEXT,SM,HRH NEXT SERVICES LIMITED,L
IFBAGRO,EQ,IFB AGRO INDUSTRIES LTD,L
IL&FSENGG,BZ,IL&FS ENG AND CONS CO LTD,L
ITTL,ST,INNOVATIVE TYRE & TUBE LT,L
JALAN,ST,JALAN TRANSOLU. INDIA LTD,L
KCK,ST,KCK INDUSTRIES LTD,L
LAKPRE,BZ,LAKSHMI PRE SCRE LTD,L
LASA,EQ,LASA SUPERGENERICS LTD,L
MAL,SM,MANGALAM ALLOYS LIMITED,L
MANAKALUCO,BE,MANAK ALUMINIUM CO. LTD.,L
MANAV,SM,MANAV INFRA PROJECTS LTD,L
MANDEEP,SM,MANDEEP AUTO INDUSTRIES L,L
MANGALAM,BE,MANGALAM DRUG & CHEM LTD,L
MAXVOLT,ST,MAXVOLT ENERGY INDUS L,L
MAYASHEEL,ST,MAYASHEEL VENTURES LTD,L
MCON,ST,MCON RASAYAN INDIA LTD,L
MEP,BZ,MEP INFRA. DEVELOPERS LTD,L
MHHL,SM,MOHINI HEALTH&HYGIENE LTD,L
MONOPHARMA,SM,MONO PHARMACARE LIMITED,L
MTEDUCARE,BE,MT EDUCARE LTD,L
NACLIND,BE,NACL INDUSTRIES LIMITED,L
NAVKARURB,BE,NAVKAR URBANSTRUCTURE LTD,L
OMKARCHEM,BZ,OMKAR SPL CHEM LTD,L
OSELDEVICE,ST,OSEL DEVICES LIMITED,L
OWAIS,SM,OWAIS METAL & MINERAL,L
PANACHE,EQ,PANACHE DIGILIFE LIMITED,L
PANSARI,BE,PANSARI DEVELOPERS LTD,L
PATTECH,SM,PATTECH FITWELL TUB COM L,L
PLADAINFO,SM,PLADA INFOTECH SERVICES L,L
POLYSIL,ST,POLYSIL IRRIGATION SYST L,L
PRAENG,BE,PRAJAY ENG. SYN. LTD.,L
PRAXIS,EQ,PRAXIS HOME RETAIL LTD,L
PRECISION,SM,PRECISION METALIKS LTD,L
PRUDMOULI,EQ,PRUDENTIAL SUGAR CORPORAT,L
PSRAJ,ST,P S RAJ STEELS LIMITED,L
QUICKTOUCH,SM,QUICKTOUCH TECHNOLOGIES L,L
QVCEL,SM,QVC EXPORTS LIMITED,L
REXPIPES,SM,REX PIPES AND CABLES LTD,L
ROCKINGDCE,ST,ROCKINGDEALS CIRCU ECO L,L
ROCKPP,X1,ROCKINGDCE RS.5 PPD UP,L
ROLLT,BE,ROLLATAINERS LIMITED,L
SABTNL,BE,SRI ADHIKARI BRO TELE N L,L
SADHNANIQ,EQ,SADHANA NITROCHEM LIMITED,L
SAMAY,ST,SAMAY PROJECT SERVICES L,L
SATECH,ST,S A TECH SOFTWARE INDIA L,L
SETUINFRA,BZ,SETUBANDHAN INFRA LTD,L
SHEETAL,ST,SHEETAL UNIVERSAL LIMITED,L
SHRENIK,BZ,SHRENIK LIMITED,L
SITINET,BZ,SITI NETWORKS LIMITED,L
SPCENET,EQ,SPACENET ENTERS IND LTD,L
STALLION,EQ,STALLION IND FLUOROCHEM L,L
TAKE,BE,TAKE SOLUTIONS LTD,L
TANKUP,ST,TANKUP ENGINEERS LIMITED,L
TCIFINANCE,BE,TCIFINANCELTD-ROLL SETT,L
TECHLABS,SM,TRIDENT TECHLABS LIMITED,L
TERASOFT,BE,TERA SOFTWARE LIMITED,L
TIMESCAN,SM,TIMESCAN LOGISTICS IND L,L
UNIHEALTH,ST,UNIHEALTH HOSPITALS LTD,L
UNITEDPOLY,BE,UNITED POLYFAB GUJ. LTD.,L
VEEKAYEM,SM,VEEKAYEM FASH & APP LTD,L
VENUSREM,BE,VENUS REMEDIES LIMITED,L
VICTORYEV,ST,VICTORY ELEC VEHICL INT L,L
VIESL,ST,VISION INFRA EQUIP SOL L,L
VIJIFIN,EQ,VIJI FINANCE LIMITED,L
VINEET-RE,BE,VINEET LABORATORIES LTD,L
VIRINCHI,EQ,VIRINCHI LIMITED,L
VISAMAN,ST,VISAMAN GLOBAL SALES LTD,L
VITAL,SM,VITAL CHEMTECH LIMITED,L
VSCL,ST,VADIVARHE SPCLTY CHEM LTD,L
WINSOME,BZ,WINSOME YARNS LIMITED,L
ZENITHSTL,EQ,ZENITH STEEL PIP IND LTD,L
