SERIES,SYMBOL,SECURITY,RECORD_DT,BC_STRT_DT,BC_END_DT,EX_DT,ND_STRT_DT,ND_END_DT,PURPOSE
Z4,1003SCFL31,SEC RE NCD 10.03% SR X,2026-02-11,,,2026-02-11,,,INTEREST PAYMENT
N1,1003SCL31P,Sammaan Capital Limited,2026-02-12,,,2026-02-12,,,INTEREST PAYMENT
U1,1003SCL31P,Sammaan Capital Limited,2026-02-12,,,2026-02-12,,,INTEREST PAYMENT
18,1025SCL34,SEC RE NCD 10.25% SR XII,2026-02-11,,,2026-02-11,,,INTEREST PAYMENT
Z8,1025SCL34,SEC RE NCD 10.25% SR XII,2026-02-11,,,2026-02-11,,,INTEREST PAYMENT
N1,1025SCL34Z,Sammaan Capital Limited,2026-02-12,,,2026-02-12,,,INTEREST PAYMENT
U1,1025SCL34Z,Sammaan Capital Limited,2026-02-12,,,2026-02-12,,,INTEREST PAYMENT
NA,1035UCL26,Sec Re NCD 10.35% Sr III,2026-02-12,,,,,,INT PAYMENT/REDEMPTN
UA,1035UCL26,Sec Re NCD 10.35% Sr III,2026-02-12,,,,,,INT PAYMENT/REDEMPTN
NB,105UCL2026,Sec Re NCD 10.5% Sr IV,2026-02-12,,,2026-02-12,,,INTEREST PAYMENT
UB,105UCL2026,Sec Re NCD 10.5% Sr IV,2026-02-12,,,2026-02-12,,,INTEREST PAYMENT
BV,10SCL30A,SEC RE NCD 9.71% SR VIII,2026-02-11,,,2026-02-11,,,INTEREST PAYMENT
N0,1125VCCL27,VCCL 11.25% 2027 Sr B,2026-02-12,,,2026-02-12,,,INTEREST PAYMENT
N0,115VCCL28,VCCL 11.5% 2028 Sr C,2026-02-12,,,2026-02-12,,,INTEREST PAYMENT
NC,11UCL26,Sec Re NCD 11% Sr V,2026-02-12,,,2026-02-12,,,INTEREST PAYMENT
UC,11UCL26,Sec Re NCD 11% Sr V,2026-02-12,,,2026-02-12,,,INTEREST PAYMENT
N0,11VCCL27,VCCL 11% 2027 Sr A,2026-02-12,,,2026-02-12,,,INTEREST PAYMENT
TB,182D190226,GOI TBILL 182D-19/02/26,2026-02-16,,,,,,REDEMPTION
TB,182D270226,GOI TBILL 182D-27/02/26,2026-02-25,,,,,,REDEMPTION
TB,364D200226,GOI TBILL 364D-20/02/26,2026-02-17,,,,,,REDEMPTION
TB,364D270226,GOI TBILL 364D-27/02/26,2026-02-25,,,,,,REDEMPTION
SG,621AS26,SDL AS 6.21% 2026,2026-02-13,,,,,,REDEMPTION
SG,63PY26,SDL PY 6.3% 2026,2026-02-21,,,,,,REDEMPTION
N0,740IREDA36,IREDA 7.40% 2036 XVI H,2026-02-12,,,2026-02-12,,,INTEREST PAYMENT
N0,799NIIF37,NIIF 7.99% 2037 Sr PP 5,2026-02-12,,,2026-02-12,,,INTEREST PAYMENT
GS,824GS2027,GOI LOAN 8.24%2027,2026-02-13,,,2026-02-13,,,INTEREST PAYMENT
N2,830TFSIL27,TFSIL 8.30% 2027 Sr S45,2026-02-11,,,2026-02-11,,,INTEREST PAYMENT
U2,830TFSIL27,TFSIL 8.30% 2027 Sr S45,2026-02-11,,,2026-02-11,,,INTEREST PAYMENT
N4,832TPL26,TPL 8.32% 2026 Sr 13A,2026-02-12,,,,,,INT PAYMENT/REDEMPTION
U4,832TPL26,TPL 8.32% 2026 Sr 13A,2026-02-12,,,,,,INT PAYMENT/REDEMPTION
N5,832TPL27,TPL 8.32% 2027 Sr 13B,2026-02-12,,,2026-02-12,,,INTEREST PAYMENT
U5,832TPL27,TPL 8.32% 2027 Sr 13B,2026-02-12,,,2026-02-12,,,INTEREST PAYMENT
N6,832TPL28,TPL 8.32% 2028 Sr 13C,2026-02-12,,,2026-02-12,,,INTEREST PAYMENT
U6,832TPL28,TPL 8.32% 2028 Sr 13C,2026-02-12,,,2026-02-12,,,INTEREST PAYMENT
N7,832TPL29,TPL 8.32% 2029 Sr 13D,2026-02-12,,,2026-02-12,,,INTEREST PAYMENT
U7,832TPL29,TPL 8.32% 2029 Sr 13D,2026-02-12,,,2026-02-12,,,INTEREST PAYMENT
MM,835SCL23B,SEC RE NCD 10.25% SR XII,2026-02-12,,,2026-02-12,,,INTEREST PAYMENT
YM,835SCL23B,SEC RE NCD 10.25% SR XII,2026-02-12,,,2026-02-12,,,INTEREST PAYMENT
MI,875SCL23A,SEC RE NCD 10.03% SR X,2026-02-12,,,2026-02-12,,,INTEREST PAYMENT
YI,875SCL23A,SEC RE NCD 10.03% SR X,2026-02-12,,,2026-02-12,,,INTEREST PAYMENT
NC,888SCL25D,SEC RE NCD 9.57% SR X,2026-02-11,,,2026-02-11,,,INTEREST PAYMENT
UC,888SCL25D,SEC RE NCD 9.57% SR X,2026-02-11,,,2026-02-11,,,INTEREST PAYMENT
N4,888SCL25E,SEC RE NCD 10.25% SR XII,2026-02-11,,,2026-02-11,,,INTEREST PAYMENT
U4,888SCL25E,SEC RE NCD 10.25% SR XII,2026-02-11,,,2026-02-11,,,INTEREST PAYMENT
MP,888SCL26,SEC RE NCD 8.88% SR II,2026-02-11,,,2026-02-11,,,INTEREST PAYMENT
YP,888SCL26,SEC RE NCD 8.88% SR II,2026-02-11,,,2026-02-11,,,INTEREST PAYMENT
N1,888SCL26X,Sammaan Capital Limited,2026-02-12,,,2026-02-12,,,INTEREST PAYMENT
U1,888SCL26X,Sammaan Capital Limited,2026-02-12,,,2026-02-12,,,INTEREST PAYMENT
N8,902SCL26,SEC RE NCD 9.02% SR V,2026-02-11,,,2026-02-11,,,INTEREST PAYMENT
U8,902SCL26,SEC RE NCD 9.02% SR V,2026-02-11,,,2026-02-11,,,INTEREST PAYMENT
AW,902SCL26I,SEC RE NCD 9.02% SR V,2026-02-12,,,2026-02-12,,,INTEREST PAYMENT
MU,902SCL27,SEC RE NCD 9.02% SR V,2026-02-11,,,2026-02-11,,,INTEREST PAYMENT
YU,902SCL27,SEC RE NCD 9.02% SR V,2026-02-11,,,2026-02-11,,,INTEREST PAYMENT
N1,902SCL27Q,Sammaan Capital Limited,2026-02-12,,,2026-02-12,,,INTEREST PAYMENT
U1,902SCL27Q,Sammaan Capital Limited,2026-02-12,,,2026-02-12,,,INTEREST PAYMENT
N0,915APSBC26,APSBC 9.15% 2026 STRPP A,2026-02-12,,,2026-02-12,,,INT PAYMENT/PART REDEMPTN
N0,915APSBC27,APSBC 9.15% 2027 STRPP B,2026-02-12,,,2026-02-12,,,INTEREST PAYMENT
N0,915APSBC28,APSBC 9.15% 2028 STRPP C,2026-02-12,,,2026-02-12,,,INTEREST PAYMENT
N0,915APSBC29,APSBC 9.15% 2029 STRPP D,2026-02-12,,,2026-02-12,,,INTEREST PAYMENT
N0,915APSBC30,APSBC 9.15% 2030 STRPP E,2026-02-12,,,2026-02-12,,,INTEREST PAYMENT
N0,915APSBC31,APSBC 9.15% 2031 STRPP F,2026-02-12,,,2026-02-12,,,INTEREST PAYMENT
N0,915APSBC32,APSBC 9.15% 2032 STRPP G,2026-02-12,,,2026-02-12,,,INTEREST PAYMENT
N0,915APSBC33,APSBC 9.15% 2033 STRPP H,2026-02-12,,,2026-02-12,,,INTEREST PAYMENT
N0,915APSBC34,APSBC 9.15% 2034 STRPP I,2026-02-12,,,2026-02-12,,,INTEREST PAYMENT
N0,915APSBC35,APSBC 9.15% 2035 STRPP J,2026-02-12,,,2026-02-12,,,INTEREST PAYMENT
TB,91D180226,GOI TBILL 91D-19/02/26,2026-02-16,,,,,,REDEMPTION
TB,91D260226,GOI TBILL 91D-26/02/26,2026-02-24,,,,,,REDEMPTION
N0,925IIFL32A,IIFL 9.25% 2032 Sr 35,2026-02-12,,,2026-02-12,,,INTEREST PAYMENT
MQ,925SCL26B,SEC RE NCD 9.25% SR II,2026-02-11,,,2026-02-11,,,INTEREST PAYMENT
YQ,925SCL26B,SEC RE NCD 9.25% SR II,2026-02-11,,,2026-02-11,,,INTEREST PAYMENT
N1,925SCL26W,Sammaan Capital Limited,2026-02-12,,,2026-02-12,,,INTEREST PAYMENT
U1,925SCL26W,Sammaan Capital Limited,2026-02-12,,,2026-02-12,,,INTEREST PAYMENT
BA,925SCL28I,SEC RE NCD 9.25% SR VIII,2026-02-12,,,2026-02-12,,,INTEREST PAYMENT
MZ,925SCL29,SEC RE NCD 9.25% SR VIII,2026-02-11,,,2026-02-11,,,INTEREST PAYMENT
YZ,925SCL29,SEC RE NCD 9.25% SR VIII,2026-02-11,,,2026-02-11,,,INTEREST PAYMENT
N1,925SCL29S,Sammaan Capital Limited,2026-02-12,,,2026-02-12,,,INTEREST PAYMENT
U1,925SCL29S,Sammaan Capital Limited,2026-02-12,,,2026-02-12,,,INTEREST PAYMENT
N0,935PFL26,PFL 9.35% 2026,2026-02-12,,,,,,INT PAYMENT/REDEMPTN
N9,948SCL26,SEC RE NCD 9.48% SR V,2026-02-11,,,2026-02-11,,,INTEREST PAYMENT
U9,948SCL26,SEC RE NCD 9.48% SR V,2026-02-11,,,2026-02-11,,,INTEREST PAYMENT
M8,948SCL26B,SEC RE NCD 9.48% SR V,2026-02-12,,,2026-02-12,,,INTEREST PAYMENT
Y8,948SCL26B,SEC RE NCD 9.48% SR V,2026-02-12,,,2026-02-12,,,INTEREST PAYMENT
AX,948SCL26I,SEC RE NCD 9.48% SR V,2026-02-12,,,2026-02-12,,,INTEREST PAYMENT
MV,948SCL27,SEC RE NCD 9.48% SR V,2026-02-11,,,2026-02-11,,,INTEREST PAYMENT
YV,948SCL27,SEC RE NCD 9.48% SR V,2026-02-11,,,2026-02-11,,,INTEREST PAYMENT
N1,948SCL27R,Sammaan Capital Limited,2026-02-12,,,2026-02-12,,,INTEREST PAYMENT
U1,948SCL27R,Sammaan Capital Limited,2026-02-12,,,2026-02-12,,,INTEREST PAYMENT
N0,950ISF26A,ISF 9.50% 2026,2026-02-13,,,2026-02-13,,,INTEREST/PART REDEMPTION
Z3,957SCL31,SEC RE NCD 9.57% SR X,2026-02-11,,,2026-02-11,,,INTEREST PAYMENT
MD,971SCL28B,SEC RE NCD 9.25% SR VIII,2026-02-12,,,2026-02-12,,,INTEREST PAYMENT
YD,971SCL28B,SEC RE NCD 9.25% SR VIII,2026-02-12,,,2026-02-12,,,INTEREST PAYMENT
BU,971SCL28C,SEC RE NCD 9.25% SR VIII,2026-02-11,,,2026-02-11,,,INTEREST PAYMENT
BC,971SCL28I,SEC RE NCD 9.71% SR VIII,2026-02-12,,,2026-02-12,,,INTEREST PAYMENT
Z0,971SCL29,SEC RE NCD 9.71% SR VIII,2026-02-11,,,2026-02-11,,,INTEREST PAYMENT
N1,971SCL29T,Sammaan Capital Limited,2026-02-12,,,2026-02-12,,,INTEREST PAYMENT
U1,971SCL29T,Sammaan Capital Limited,2026-02-12,,,2026-02-12,,,INTEREST PAYMENT
N0,975BNAL28,BNAL 9.75% 2028 Sr Tr 1,2026-02-12,,,2026-02-12,,,INTEREST PAYMENT
N0,975SIPL27A,SIPL 9.75% 2027 Sr Tr II,2026-02-12,,,,,,INT PAYMENT/REDEMPTION
N3,980SCL33A,SEC RE NCD 9.80% SR XII,2026-02-11,,,2026-02-11,,,INTEREST PAYMENT
U3,980SCL33A,SEC RE NCD 9.80% SR XII,2026-02-11,,,2026-02-11,,,INTEREST PAYMENT
ML,980SCL33B,SEC RE NCD 9.8% SR XII,2026-02-12,,,2026-02-12,,,INTEREST PAYMENT
YL,980SCL33B,SEC RE NCD 9.8% SR XII,2026-02-12,,,2026-02-12,,,INTEREST PAYMENT
ND,980SCL33C,SEC RE NCD 10.03% SR X,2026-02-11,,,2026-02-11,,,INTEREST PAYMENT
UD,980SCL33C,SEC RE NCD 10.03% SR X,2026-02-11,,,2026-02-11,,,INTEREST PAYMENT
MG,980SCL33D,SEC RE NCD 9.71% SR VIII,2026-02-12,,,2026-02-12,,,INTEREST PAYMENT
YG,980SCL33D,SEC RE NCD 9.71% SR VIII,2026-02-12,,,2026-02-12,,,INTEREST PAYMENT
17,980SCL34,SEC RE NCD 9.80% SR XII,2026-02-11,,,2026-02-11,,,INTEREST PAYMENT
Z7,980SCL34,SEC RE NCD 9.80% SR XII,2026-02-11,,,2026-02-11,,,INTEREST PAYMENT
N1,98SCL34Z,Sammaan Capital Limited,2026-02-12,,,2026-02-12,,,INTEREST PAYMENT
U1,98SCL34Z,Sammaan Capital Limited,2026-02-12,,,2026-02-12,,,INTEREST PAYMENT
N0,98VFPL28,VFPL 9.80% 2028 Sr 17,2026-02-11,,,2026-02-11,,,INTEREST PAYMENT
N0,990CCSP27,CCSPL 9.90% 2027 Sr 02,2026-02-11,,,2026-02-11,,,INTEREST PAYMENT
BE,AARTIPHARM,Aarti Pharmalabs Limited,2026-02-16,,,2026-02-16,,,INTDIV - RS 1.50 PER SH
BL,AARTIPHARM,Aarti Pharmalabs Limited,2026-02-16,,,2026-02-16,,,INTDIV - RS 1.50 PER SH
EQ,AARTIPHARM,Aarti Pharmalabs Limited,2026-02-16,,,2026-02-16,,,INTDIV - RS 1.50 PER SH
IQ,AARTIPHARM,Aarti Pharmalabs Limited,2026-02-16,,,2026-02-16,,,INTDIV - RS 1.50 PER SH
NM,ABCRESET27,ABCL FBIL Link2027 Sr K3,2026-02-11,,,2026-02-11,,,INTEREST PAYMENT
UM,ABCRESET27,ABCL FBIL Link2027 Sr K3,2026-02-11,,,2026-02-11,,,INTEREST PAYMENT
E1,ADANIENPP1,Adani Enterprises Limited,2026-02-13,,,,,,SECNDFINCAL RS 450 PR SH
X1,ADANIENPP1,Adani Enterprises Limited,2026-02-13,,,,,,SECNDFINCAL RS 450 PR SH
BE,APOLLOHOSP,Apollo Hospitals Ltd-Depo,2026-02-16,,,2026-02-16,,,INTDIV - RS 10 PER SH
BL,APOLLOHOSP,Apollo Hospitals Ltd,2026-02-16,,,2026-02-16,,,INTDIV - RS 10 PER SH
EQ,APOLLOHOSP,Apollo Hospitals Ltd,2026-02-16,,,2026-02-16,,,INTDIV - RS 10 PER SH
IQ,APOLLOHOSP,Apollo Hospitals Ltd,2026-02-16,,,2026-02-16,,,INTDIV - RS 10 PER SH
T0,APOLLOHOSP,Apollo Hospitals Ltd,2026-02-16,,,2026-02-16,,,INTDIV - RS 10 PER SH
TL,APOLLOHOSP,Apollo Hospitals Ltd,2026-02-16,,,2026-02-16,,,INTDIV - RS 10 PER SH
BE,BEML,BEML Limited,2026-02-13,,,2026-02-13,,,INTDIV - RS 2.50 PER SH
BL,BEML,BEML Limited,2026-02-13,,,2026-02-13,,,INTDIV - RS 2.50 PER SH
EQ,BEML,BEML Limited,2026-02-13,,,2026-02-13,,,INTDIV - RS 2.50 PER SH
IQ,BEML,BEML Limited,2026-02-13,,,2026-02-13,,,INTDIV - RS 2.50 PER SH
T0,BEML,BEML Limited,2026-02-13,,,2026-02-13,,,INTDIV - RS 2.50 PER SH
TL,BEML,BEML Limited,2026-02-13,,,2026-02-13,,,INTDIV - RS 2.50 PER SH
BE,BLS,BLS Intl Servs Ltd,2026-02-13,,,2026-02-13,,,INTDIV - RS 2 PER SH
BL,BLS,BLS Intl Servs Ltd,2026-02-13,,,2026-02-13,,,INTDIV - RS 2 PER SH
EQ,BLS,BLS Intl Servs Ltd,2026-02-13,,,2026-02-13,,,INTDIV - RS 2 PER SH
IQ,BLS,BLS Intl Servs Ltd,2026-02-13,,,2026-02-13,,,INTDIV - RS 2 PER SH
T0,BLS,BLS Intl Servs Ltd,2026-02-13,,,2026-02-13,,,INTDIV - RS 2 PER SH
TL,BLS,BLS Intl Servs Ltd,2026-02-13,,,2026-02-13,,,INTDIV - RS 2 PER SH
BE,BLSE,BLS E-Services Limited,2026-02-13,,,2026-02-13,,,INTDIV - RE 0.50 PER SH
BL,BLSE,BLS E-Services Limited,2026-02-13,,,2026-02-13,,,INTDIV - RE 0.50 PER SH
EQ,BLSE,BLS E-Services Limited,2026-02-13,,,2026-02-13,,,INTDIV - RE 0.50 PER SH
IQ,BLSE,BLS E-Services Limited,2026-02-13,,,2026-02-13,,,INTDIV - RE 0.50 PER SH
BE,CANTABIL,Cantabil Retail Ltd,2026-02-20,,,2026-02-20,,,INTDIV - RE 0.75 PER SH
BL,CANTABIL,Cantabil Retail Ltd,2026-02-20,,,2026-02-20,,,INTDIV - RE 0.75 PER SH
EQ,CANTABIL,Cantabil Retail Ltd,2026-02-20,,,2026-02-20,,,INTDIV - RE 0.75 PER SH
IQ,CANTABIL,Cantabil Retail Ltd,2026-02-20,,,2026-02-20,,,INTDIV - RE 0.75 PER SH
BE,CUMMINSIND,Cummins India Limited,2026-02-11,,,2026-02-11,,,INTDIV - RS 20 PER SH
BL,CUMMINSIND,Cummins India Limited,2026-02-11,,,2026-02-11,,,INTDIV - RS 20 PER SH
EQ,CUMMINSIND,Cummins India Limited,2026-02-11,,,2026-02-11,,,INTDIV - RS 20 PER SH
IQ,CUMMINSIND,Cummins India Limited,2026-02-11,,,2026-02-11,,,INTDIV - RS 20 PER SH
T0,CUMMINSIND,Cummins India Limited,2026-02-11,,,2026-02-11,,,INTDIV - RS 20 PER SH
TL,CUMMINSIND,Cummins India Limited,2026-02-11,,,2026-02-11,,,INTDIV - RS 20 PER SH
BE,DALMIASUG,Dalmia Bharat Sug In Ltd,2026-02-11,,,2026-02-11,,,INTDIV - RS 4.50 PER SH
BL,DALMIASUG,Dalmia Bharat Sug In Ltd,2026-02-11,,,2026-02-11,,,INTDIV - RS 4.50 PER SH
EQ,DALMIASUG,Dalmia Bharat Sug In Ltd,2026-02-11,,,2026-02-11,,,INTDIV - RS 4.50 PER SH
IQ,DALMIASUG,Dalmia Bharat Sug In Ltd,2026-02-11,,,2026-02-11,,,INTDIV - RS 4.50 PER SH
BE,DELPHIFX,DELPHI WORLD MONEY LTD,2026-02-14,,,2026-02-13,,,FVSPLT FRM RS 10 TO RS 2
BL,DELPHIFX,DELPHI WORLD MONEY LTD,2026-02-14,,,2026-02-13,,,FVSPLT FRM RS 10 TO RS 2
BZ,DELPHIFX,DELPHI WORLD MONEY LTD,2026-02-14,,,2026-02-13,,,FVSPLT FRM RS 10 TO RS 2
EQ,DELPHIFX,DELPHI WORLD MONEY LTD,2026-02-14,,,2026-02-13,,,FVSPLT FRM RS 10 TO RS 2
IQ,DELPHIFX,DELPHI WORLD MONEY LTD,2026-02-14,,,2026-02-13,,,FVSPLT FRM RS 10 TO RS 2
SL,DURLAX,Durlax Top Surface Ltd,2026-02-12,,,2026-02-12,,,RIGHTS 37:50 @ PRM RS 30
SM,DURLAX,Durlax Top Surface Ltd,2026-02-12,,,2026-02-12,,,RIGHTS 37:50 @ PRM RS 30
SQ,DURLAX,Durlax Top Surface Ltd,2026-02-12,,,2026-02-12,,,RIGHTS 37:50 @ PRM RS 30
ST,DURLAX,Durlax Top Surface Ltd,2026-02-12,,,2026-02-12,,,RIGHTS 37:50 @ PRM RS 30
BE,DYNAMATECH,Dynamatic Tech. Ltd.,2026-02-13,,,2026-02-13,,,INTDIV - RS 5 PER SH
BL,DYNAMATECH,Dynamatic Technologies,2026-02-13,,,2026-02-13,,,INTDIV - RS 5 PER SH
EQ,DYNAMATECH,Dynamatic Tech. Ltd.,2026-02-13,,,2026-02-13,,,INTDIV - RS 5 PER SH
IQ,DYNAMATECH,Dynamatic Tech. Ltd.,2026-02-13,,,2026-02-13,,,INTDIV - RS 5 PER SH
RR,EMBASSY,Embassy Office Parks REIT,2026-02-11,,,2026-02-11,,,DISTRIBUTN- RS 6.47
RT,EMBASSY,Embassy Office Parks REIT,2026-02-11,,,2026-02-11,,,DISTRIBUTN- RS 6.47
BE,ESCORTS,Escorts Kubota Limited,2026-02-16,,,2026-02-16,,,SPLDIV - RS 18 PER SH
BL,ESCORTS,Escorts Kubota Limited,2026-02-16,,,2026-02-16,,,SPLDIV - RS 18 PER SH
EQ,ESCORTS,Escorts Kubota Limited,2026-02-16,,,2026-02-16,,,SPLDIV - RS 18 PER SH
IQ,ESCORTS,Escorts Kubota Limited,2026-02-16,,,2026-02-16,,,SPLDIV - RS 18 PER SH
T0,ESCORTS,Escorts Kubota Limited,2026-02-16,,,2026-02-16,,,SPLDIV - RS 18 PER SH
TL,ESCORTS,Escorts Kubota Limited,2026-02-16,,,2026-02-16,,,SPLDIV - RS 18 PER SH
BE,FDC,FDC Ltd.,2026-02-11,,,2026-02-11,,,INTDIV - RS 5 PER SH
BL,FDC,FDC Ltd.,2026-02-11,,,2026-02-11,,,INTDIV - RS 5 PER SH
EQ,FDC,FDC Ltd.,2026-02-11,,,2026-02-11,,,INTDIV - RS 5 PER SH
IQ,FDC,FDC Ltd.,2026-02-11,,,2026-02-11,,,INTDIV - RS 5 PER SH
BE,FSL,Firstsource Solutions Lim,2026-02-20,,,2026-02-20,,,INTDIV - RS 5.50 PER SH
BL,FSL,Firstsource Solutions Lim,2026-02-20,,,2026-02-20,,,INTDIV - RS 5.50 PER SH
EQ,FSL,Firstsource Solutions Lim,2026-02-20,,,2026-02-20,,,INTDIV - RS 5.50 PER SH
IQ,FSL,Firstsource Solutions Lim,2026-02-20,,,2026-02-20,,,INTDIV - RS 5.50 PER SH
T0,FSL,Firstsource Solutions Lim,2026-02-20,,,2026-02-20,,,INTDIV - RS 5.50 PER SH
TL,FSL,Firstsource Solutions Lim,2026-02-20,,,2026-02-20,,,INTDIV - RS 5.50 PER SH
BE,GATEWAY,Gateway Distriparks Ltd,2026-02-12,,,2026-02-12,,,INTDVSPDV RE 0.75 & 1.25
BL,GATEWAY,Gateway Distriparks Ltd,2026-02-12,,,2026-02-12,,,INTDVSPDV RE 0.75 & 1.25
EQ,GATEWAY,Gateway Distriparks Ltd,2026-02-12,,,2026-02-12,,,INTDVSPDV RE 0.75 & 1.25
IQ,GATEWAY,Gateway Distriparks Ltd,2026-02-12,,,2026-02-12,,,INTDVSPDV RE 0.75 & 1.25
BE,GOLDIAM,Goldiam International Ltd,2026-02-12,,,2026-02-12,,,INTDIV - RS 2.75 PER SH
BL,GOLDIAM,Goldiam International Lim,2026-02-12,,,2026-02-12,,,INTDIV - RS 2.75 PER SH
EQ,GOLDIAM,Goldiam International Lim,2026-02-12,,,2026-02-12,,,INTDIV - RS 2.75 PER SH
IQ,GOLDIAM,Goldiam International Lim,2026-02-12,,,2026-02-12,,,INTDIV - RS 2.75 PER SH
GS,GS220226C,GOI STRIPS C 220226,2026-02-18,,,,,,REDEMPTION
BE,GULFOILLUB,Gulf Oil Lub. Ind. Ltd.,2026-02-13,,,2026-02-13,,,INTDIV - RS 21 PER SH
BL,GULFOILLUB,Gulf Oil Lub. Ind. Ltd.,2026-02-13,,,2026-02-13,,,INTDIV - RS 21 PER SH
EQ,GULFOILLUB,Gulf Oil Lub. Ind. Ltd.,2026-02-13,,,2026-02-13,,,INTDIV - RS 21 PER SH
IQ,GULFOILLUB,Gulf Oil Lub. Ind. Ltd.,2026-02-13,,,2026-02-13,,,INTDIV - RS 21 PER SH
BE,HBLENGINE,HBL Engineering Ltd,2026-02-13,,,2026-02-13,,,INTDIV - RS 2 PER SH
BL,HBLENGINE,HBL Engineering Ltd,2026-02-13,,,2026-02-13,,,INTDIV - RS 2 PER SH
EQ,HBLENGINE,HBL Engineering Ltd,2026-02-13,,,2026-02-13,,,INTDIV - RS 2 PER SH
IQ,HBLENGINE,HBL Engineering Ltd,2026-02-13,,,2026-02-13,,,INTDIV - RS 2 PER SH
T0,HBLENGINE,HBL Engineering Ltd,2026-02-13,,,2026-02-13,,,INTDIV - RS 2 PER SH
TL,HBLENGINE,HBL Engineering Ltd,2026-02-13,,,2026-02-13,,,INTDIV - RS 2 PER SH
BE,HEROMOTOCO,Hero MotoCorp Limited,2026-02-11,,,2026-02-11,,,INTDIV - RS 110 PER SH
BL,HEROMOTOCO,Hero MotoCorp Limited,2026-02-11,,,2026-02-11,,,INTDIV - RS 110 PER SH
EQ,HEROMOTOCO,Hero MotoCorp Limited,2026-02-11,,,2026-02-11,,,INTDIV - RS 110 PER SH
IQ,HEROMOTOCO,Hero MotoCorp Limited,2026-02-11,,,2026-02-11,,,INTDIV - RS 110 PER SH
T0,HEROMOTOCO,Hero MotoCorp Limited,2026-02-11,,,2026-02-11,,,INTDIV - RS 110 PER SH
TL,HEROMOTOCO,Hero MotoCorp Limited,2026-02-11,,,2026-02-11,,,INTDIV - RS 110 PER SH
BE,HINDCOPPER,Hindustan Copper Ltd,2026-02-13,,,2026-02-13,,,INTDIV - RE 1 PER SH
BL,HINDCOPPER,Hindustan Copper Ltd,2026-02-13,,,2026-02-13,,,INTDIV - RE 1 PER SH
EQ,HINDCOPPER,Hindustan Copper Ltd,2026-02-13,,,2026-02-13,,,INTDIV - RE 1 PER SH
IQ,HINDCOPPER,Hindustan Copper Ltd,2026-02-13,,,2026-02-13,,,INTDIV - RE 1 PER SH
T0,HINDCOPPER,Hindustan Copper Ltd,2026-02-13,,,2026-02-13,,,INTDIV - RE 1 PER SH
TL,HINDCOPPER,Hindustan Copper Ltd,2026-02-13,,,2026-02-13,,,INTDIV - RE 1 PER SH
BE,IGIL,Internatio Gemm Ins (I) L,2026-02-17,,,2026-02-17,,,INTDIV - RS 2.50 PER SH
BL,IGIL,Internatio Gemm Ins (I) L,2026-02-17,,,2026-02-17,,,INTDIV - RS 2.50 PER SH
EQ,IGIL,Internatio Gemm Ins (I) L,2026-02-17,,,2026-02-17,,,INTDIV - RS 2.50 PER SH
IQ,IGIL,Internatio Gemm Ins (I) L,2026-02-17,,,2026-02-17,,,INTDIV - RS 2.50 PER SH
T0,IGIL,Internatio Gemm Ins (I) L,2026-02-17,,,2026-02-17,,,INTDIV - RS 2.50 PER SH
TL,IGIL,Internatio Gemm Ins (I) L,2026-02-17,,,2026-02-17,,,INTDIV - RS 2.50 PER SH
BE,IIFLCAPS,IIFL CAPITAL SERVICES LTD,2026-02-16,,,2026-02-16,,,INTDIV - RS 3 PER SH
BL,IIFLCAPS,IIFL CAPITAL SERVICES LTD,2026-02-16,,,2026-02-16,,,INTDIV - RS 3 PER SH
EQ,IIFLCAPS,IIFL CAPITAL SERVICES LTD,2026-02-16,,,2026-02-16,,,INTDIV - RS 3 PER SH
IQ,IIFLCAPS,IIFL CAPITAL SERVICES LTD,2026-02-16,,,2026-02-16,,,INTDIV - RS 3 PER SH
T0,IIFLCAPS,IIFL CAPITAL SERVICES LTD,2026-02-16,,,2026-02-16,,,INTDIV - RS 3 PER SH
TL,IIFLCAPS,IIFL CAPITAL SERVICES LTD,2026-02-16,,,2026-02-16,,,INTDIV - RS 3 PER SH
BE,JBCHEPHARM,JB Chem & Pharm Ltd.,2026-02-11,,,2026-02-11,,,INTDIV - RS 12.70 PER SH
BL,JBCHEPHARM,JB Chem & Pharm Ltd.,2026-02-11,,,2026-02-11,,,INTDIV - RS 12.70 PER SH
EQ,JBCHEPHARM,JB Chem & Pharm Ltd.,2026-02-11,,,2026-02-11,,,INTDIV - RS 12.70 PER SH
IQ,JBCHEPHARM,JB Chem & Pharm Ltd.,2026-02-11,,,2026-02-11,,,INTDIV - RS 12.70 PER SH
T0,JBCHEPHARM,JB Chem & Pharm Ltd.,2026-02-11,,,2026-02-11,,,INTDIV - RS 12.70 PER SH
TL,JBCHEPHARM,JB Chem & Pharm Ltd.,2026-02-11,,,2026-02-11,,,INTDIV - RS 12.70 PER SH
BE,KPRMILL,K.P.R. Mill Limited,2026-02-13,,,2026-02-13,,,INTDIV - RS 2.50 PER SH
BL,KPRMILL,K.P.R. Mill Limited,2026-02-13,,,2026-02-13,,,INTDIV - RS 2.50 PER SH
EQ,KPRMILL,K.P.R. Mill Limited,2026-02-13,,,2026-02-13,,,INTDIV - RS 2.50 PER SH
IQ,KPRMILL,K.P.R. Mill Limited,2026-02-13,,,2026-02-13,,,INTDIV - RS 2.50 PER SH
T0,KPRMILL,K.P.R. Mill Limited,2026-02-13,,,2026-02-13,,,INTDIV - RS 2.50 PER SH
TL,KPRMILL,K.P.R. Mill Limited,2026-02-13,,,2026-02-13,,,INTDIV - RS 2.50 PER SH
BE,MAZDOCK,Mazagon Dock Shipbuil Ltd,2026-02-13,,,2026-02-13,,,INTDIV - RS 7.50 PER SH
BL,MAZDOCK,Mazagon Dock Shipbuil Ltd,2026-02-13,,,2026-02-13,,,INTDIV - RS 7.50 PER SH
EQ,MAZDOCK,Mazagon Dock Shipbuil Ltd,2026-02-13,,,2026-02-13,,,INTDIV - RS 7.50 PER SH
IQ,MAZDOCK,Mazagon Dock Shipbuil Ltd,2026-02-13,,,2026-02-13,,,INTDIV - RS 7.50 PER SH
T0,MAZDOCK,Mazagon Dock Shipbuil Ltd,2026-02-13,,,2026-02-13,,,INTDIV - RS 7.50 PER SH
TL,MAZDOCK,Mazagon Dock Shipbuil Ltd,2026-02-13,,,2026-02-13,,,INTDIV - RS 7.50 PER SH
BE,MGL,Mahanagar Gas Ltd.,2026-02-13,,,2026-02-13,,,INTDIV - RS 12 PER SH
BL,MGL,Mahanagar Gas Ltd.,2026-02-13,,,2026-02-13,,,INTDIV - RS 12 PER SH
EQ,MGL,Mahanagar Gas Ltd.,2026-02-13,,,2026-02-13,,,INTDIV - RS 12 PER SH
IQ,MGL,Mahanagar Gas Ltd.,2026-02-13,,,2026-02-13,,,INTDIV - RS 12 PER SH
T0,MGL,Mahanagar Gas Ltd.,2026-02-13,,,2026-02-13,,,INTDIV - RS 12 PER SH
TL,MGL,Mahanagar Gas Ltd.,2026-02-13,,,2026-02-13,,,INTDIV - RS 12 PER SH
BE,MINDACORP,Minda Corporation Ltd,2026-02-13,,,2026-02-13,,,INTDIV - RE 0.60 PER SH
BL,MINDACORP,Minda Corporation Ltd,2026-02-13,,,2026-02-13,,,INTDIV - RE 0.60 PER SH
EQ,MINDACORP,Minda Corporation Ltd,2026-02-13,,,2026-02-13,,,INTDIV - RE 0.60 PER SH
T0,MINDACORP,Minda Corporation Ltd,2026-02-13,,,2026-02-13,,,INTDIV - RE 0.60 PER SH
TL,MINDACORP,Minda Corporation Ltd,2026-02-13,,,2026-02-13,,,INTDIV - RE 0.60 PER SH
BE,MRF,MRF Limited - Depo,2026-02-13,,,2026-02-13,,,INTDIV - RS 3 PER SH
BL,MRF,MRF Ltd.,2026-02-13,,,2026-02-13,,,INTDIV - RS 3 PER SH
EQ,MRF,MRF Ltd.,2026-02-13,,,2026-02-13,,,INTDIV - RS 3 PER SH
IQ,MRF,MRF Ltd.,2026-02-13,,,2026-02-13,,,INTDIV - RS 3 PER SH
T0,MRF,MRF Ltd.,2026-02-13,,,2026-02-13,,,INTDIV - RS 3 PER SH
TL,MRF,MRF Ltd.,2026-02-13,,,2026-02-13,,,INTDIV - RS 3 PER SH
BE,NMDC,NMDC Limited,2026-02-13,,,2026-02-13,,,INTDIV - RS 2.50 PER SH
BL,NMDC,NMDC Limited,2026-02-13,,,2026-02-13,,,INTDIV - RS 2.50 PER SH
EQ,NMDC,NMDC Limited,2026-02-13,,,2026-02-13,,,INTDIV - RS 2.50 PER SH
IQ,NMDC,NMDC Limited,2026-02-13,,,2026-02-13,,,INTDIV - RS 2.50 PER SH
T0,NMDC,NMDC Limited,2026-02-13,,,2026-02-13,,,INTDIV - RS 2.50 PER SH
TL,NMDC,NMDC Limited,2026-02-13,,,2026-02-13,,,INTDIV - RS 2.50 PER SH
BE,NRBBEARING,NRB Bearings Limited,2026-02-13,,,2026-02-13,,,INTDIV - RS 3.20 PER SH
BL,NRBBEARING,NRB Bearings Limited,2026-02-13,,,2026-02-13,,,INTDIV - RS 3.20 PER SH
EQ,NRBBEARING,NRB Bearings Limited,2026-02-13,,,2026-02-13,,,INTDIV - RS 3.20 PER SH
IQ,NRBBEARING,NRB Bearings Limited,2026-02-13,,,2026-02-13,,,INTDIV - RS 3.20 PER SH
BE,OIL,Oil India Ltd,2026-02-18,,,2026-02-18,,,INTDIV - RS 7 PER SH
BL,OIL,Oil India Ltd,2026-02-18,,,2026-02-18,,,INTDIV - RS 7 PER SH
EQ,OIL,Oil India Ltd,2026-02-18,,,2026-02-18,,,INTDIV - RS 7 PER SH
IQ,OIL,Oil India Ltd,2026-02-18,,,2026-02-18,,,INTDIV - RS 7 PER SH
T0,OIL,Oil India Ltd,2026-02-18,,,2026-02-18,,,INTDIV - RS 7 PER SH
TL,OIL,Oil India Ltd,2026-02-18,,,2026-02-18,,,INTDIV - RS 7 PER SH
BE,PAGEIND,Page Industries Limited,2026-02-11,,,2026-02-11,,,INTDIV - RS 125 PER SH
BL,PAGEIND,Page Industries Limited,2026-02-11,,,2026-02-11,,,INTDIV - RS 125 PER SH
EQ,PAGEIND,Page Industries Limited,2026-02-11,,,2026-02-11,,,INTDIV - RS 125 PER SH
IQ,PAGEIND,Page Industries Limited,2026-02-11,,,2026-02-11,,,INTDIV - RS 125 PER SH
T0,PAGEIND,Page Industries Limited,2026-02-11,,,2026-02-11,,,INTDIV - RS 125 PER SH
TL,PAGEIND,Page Industries Limited,2026-02-11,,,2026-02-11,,,INTDIV - RS 125 PER SH
BE,PFC,Power Finance Corporation,2026-02-20,,,2026-02-20,,,INTDIV - RS 4 PER SH
BL,PFC,Power Finance Corporation,2026-02-20,,,2026-02-20,,,INTDIV - RS 4 PER SH
EQ,PFC,Power Finance Corporation,2026-02-20,,,2026-02-20,,,INTDIV - RS 4 PER SH
IQ,PFC,Power Finance Corporation,2026-02-20,,,2026-02-20,,,INTDIV - RS 4 PER SH
T0,PFC,Power Finance Corporation,2026-02-20,,,2026-02-20,,,INTDIV - RS 4 PER SH
TL,PFC,Power Finance Corporation,2026-02-20,,,2026-02-20,,,INTDIV - RS 4 PER SH
BE,PGHL,PROCTER & GAMBLE HEALTH L,2026-02-12,,,2026-02-12,,,INTDV/SPDV - RS 110 & 50
BL,PGHL,PROCTER & GAMBLE HEALTH L,2026-02-12,,,2026-02-12,,,INTDV/SPDV - RS 110 & 50
EQ,PGHL,PROCTER & GAMBLE HEALTH L,2026-02-12,,,2026-02-12,,,INTDV/SPDV - RS 110 & 50
IQ,PGHL,PROCTER & GAMBLE HEALTH L,2026-02-12,,,2026-02-12,,,INTDV/SPDV - RS 110 & 50
IV,PGINVIT,POWERGRID Infra. INVITs,2026-02-12,,,2026-02-12,,,DISTRIBUTION - RS 3
BL,QNIFTY,Quantum Nifty 50 ETF,2026-02-13,,,2026-02-13,,,FV SPLT FRM RS 10 TO RE1
EQ,QNIFTY,Quantum Nifty 50 ETF,2026-02-13,,,2026-02-13,,,FV SPLT FRM RS 10 TO RE1
BE,REPCOHOME,Repco Home Finance Ltd,2026-02-12,,,2026-02-12,,,INTDIV - RS 2 PER SH
BL,REPCOHOME,Repco Home Finance Ltd,2026-02-12,,,2026-02-12,,,INTDIV - RS 2 PER SH
EQ,REPCOHOME,Repco Home Finance Ltd,2026-02-12,,,2026-02-12,,,INTDIV - RS 2 PER SH
IQ,REPCOHOME,Repco Home Finance Ltd,2026-02-12,,,2026-02-12,,,INTDIV - RS 2 PER SH
BE,ROUTE,ROUTE MOBILE LIMITED,2026-02-13,,,2026-02-13,,,INTDIV - RS 3 PER SH
BL,ROUTE,ROUTE MOBILE LIMITED,2026-02-13,,,2026-02-13,,,INTDIV - RS 3 PER SH
EQ,ROUTE,ROUTE MOBILE LIMITED,2026-02-13,,,2026-02-13,,,INTDIV - RS 3 PER SH
IQ,ROUTE,ROUTE MOBILE LIMITED,2026-02-13,,,2026-02-13,,,INTDIV - RS 3 PER SH
BE,RVNL,Rail Vikas Nigam Limited,2026-02-11,,,2026-02-11,,,INTDIV - RE 1 PER SH
BL,RVNL,Rail Vikas Nigam Limited,2026-02-11,,,2026-02-11,,,INTDIV - RE 1 PER SH
EQ,RVNL,Rail Vikas Nigam Limited,2026-02-11,,,2026-02-11,,,INTDIV - RE 1 PER SH
IQ,RVNL,Rail Vikas Nigam Limited,2026-02-11,,,2026-02-11,,,INTDIV - RE 1 PER SH
T0,RVNL,Rail Vikas Nigam Limited,2026-02-11,,,2026-02-11,,,INTDIV - RE 1 PER SH
TL,RVNL,Rail Vikas Nigam Limited,2026-02-11,,,2026-02-11,,,INTDIV - RE 1 PER SH
BE,SBCL,Shivalik Bimetal Con. Ltd,2026-02-13,,,2026-02-13,,,INTDIV - RS 2 PER SH
BL,SBCL,Shivalik Bimetal Con. Ltd,2026-02-13,,,2026-02-13,,,INTDIV - RS 2 PER SH
EQ,SBCL,Shivalik Bimetal Con. Ltd,2026-02-13,,,2026-02-13,,,INTDIV - RS 2 PER SH
IQ,SBCL,Shivalik Bimetal Con. Ltd,2026-02-13,,,2026-02-13,,,INTDIV - RS 2 PER SH
BE,SCI,SHIPPING CORP OF INDIA LT,2026-02-17,,,2026-02-17,,,INTDIV - RS 3.50 PER SH
BL,SCI,Shipping Corp of India ,2026-02-17,,,2026-02-17,,,INTDIV - RS 3.50 PER SH
EQ,SCI,Shipping Corp of India ,2026-02-17,,,2026-02-17,,,INTDIV - RS 3.50 PER SH
IQ,SCI,Shipping Corp of India ,2026-02-17,,,2026-02-17,,,INTDIV - RS 3.50 PER SH
BE,SHK,S H Kelkar and Co. Ltd.,2026-02-13,,,2026-02-13,,,INTDIV - RE 1 PER SH
BL,SHK,S H Kelkar and Co. Ltd.,2026-02-13,,,2026-02-13,,,INTDIV - RE 1 PER SH
EQ,SHK,S H Kelkar and Co. Ltd.,2026-02-13,,,2026-02-13,,,INTDIV - RE 1 PER SH
IQ,SHK,S H Kelkar and Co. Ltd.,2026-02-13,,,2026-02-13,,,INTDIV - RE 1 PER SH
BE,SNOWMAN,Snowman Logistics Ltd.,2026-02-12,,,2026-02-12,,,INTDIV - RE 0.50 PER SH
BL,SNOWMAN,Snowman Logistics Ltd.,2026-02-12,,,2026-02-12,,,INTDIV - RE 0.50 PER SH
EQ,SNOWMAN,Snowman Logistics Ltd.,2026-02-12,,,2026-02-12,,,INTDIV - RE 0.50 PER SH
IQ,SNOWMAN,Snowman Logistics Ltd.,2026-02-12,,,2026-02-12,,,INTDIV - RE 0.50 PER SH
BE,SONATSOFTW,SONATSOFTW - Depo,2026-02-13,,,2026-02-13,,,INTDIV - RS 1.25 PER SH
BL,SONATSOFTW,Sonata Software Ltd,2026-02-13,,,2026-02-13,,,INTDIV - RS 1.25 PER SH
EQ,SONATSOFTW,Sonata Software Ltd,2026-02-13,,,2026-02-13,,,INTDIV - RS 1.25 PER SH
IQ,SONATSOFTW,Sonata Software Ltd,2026-02-13,,,2026-02-13,,,INTDIV - RS 1.25 PER SH
T0,SONATSOFTW,Sonata Software Ltd,2026-02-13,,,2026-02-13,,,INTDIV - RS 1.25 PER SH
TL,SONATSOFTW,Sonata Software Ltd,2026-02-13,,,2026-02-13,,,INTDIV - RS 1.25 PER SH
BE,SREEL,Sreeleathers Limited,2026-02-13,,,2026-02-13,,,INTDIV - RE 1 PER SH
BL,SREEL,Sreeleathers Limited,2026-02-13,,,2026-02-13,,,INTDIV - RE 1 PER SH
EQ,SREEL,Sreeleathers Limited,2026-02-13,,,2026-02-13,,,INTDIV - RE 1 PER SH
IQ,SREEL,Sreeleathers Limited,2026-02-13,,,2026-02-13,,,INTDIV - RE 1 PER SH
BE,STALLION,Stallion Ind Fluorochem L,2026-02-11,,,2026-02-11,,,RIGHTS 19:41@PRM RS 89/-
BL,STALLION,Stallion Ind Fluorochem L,2026-02-11,,,2026-02-11,,,RIGHTS 19:41@PRM RS 89/-
EQ,STALLION,Stallion Ind Fluorochem L,2026-02-11,,,2026-02-11,,,RIGHTS 19:41@PRM RS 89/-
IQ,STALLION,Stallion Ind Fluorochem L,2026-02-11,,,2026-02-11,,,RIGHTS 19:41@PRM RS 89/-
BE,STARCEMENT,Star Cement Limited,2026-02-12,,,2026-02-12,,,INTDIV - RE 1 PER SH
BL,STARCEMENT,Star Cement Limited,2026-02-12,,,2026-02-12,,,INTDIV - RE 1 PER SH
EQ,STARCEMENT,Star Cement Limited,2026-02-12,,,2026-02-12,,,INTDIV - RE 1 PER SH
IQ,STARCEMENT,Star Cement Limited,2026-02-12,,,2026-02-12,,,INTDIV - RE 1 PER SH
BE,SUNTV,Sun TV Network Limited,2026-02-12,,,2026-02-12,,,INTDIV - RS 2.50 PER SH
BL,SUNTV,Sun TV Network Limited,2026-02-12,,,2026-02-12,,,INTDIV - RS 2.50 PER SH
EQ,SUNTV,Sun TV Network Limited,2026-02-12,,,2026-02-12,,,INTDIV - RS 2.50 PER SH
IQ,SUNTV,Sun TV Network Limited,2026-02-12,,,2026-02-12,,,INTDIV - RS 2.50 PER SH
T0,SUNTV,Sun TV Network Limited,2026-02-12,,,2026-02-12,,,INTDIV - RS 2.50 PER SH
TL,SUNTV,Sun TV Network Limited,2026-02-12,,,2026-02-12,,,INTDIV - RS 2.50 PER SH
BE,SUPRAJIT,Suprajit Engineering Ltd.,2026-02-13,,,2026-02-13,,,INTDIV - RS 1.50 PER SH
BL,SUPRAJIT,Suprajit Engineering Limi,2026-02-13,,,2026-02-13,,,INTDIV - RS 1.50 PER SH
EQ,SUPRAJIT,Suprajit Engineering Limi,2026-02-13,,,2026-02-13,,,INTDIV - RS 1.50 PER SH
IQ,SUPRAJIT,Suprajit Engineering Limi,2026-02-13,,,2026-02-13,,,INTDIV - RS 1.50 PER SH
BE,TORNTPOWER,Torrent Power Limited,2026-02-16,,,2026-02-16,,,INTDIV - RS 15 PER SH
BL,TORNTPOWER,Torrent Power Limited,2026-02-16,,,2026-02-16,,,INTDIV - RS 15 PER SH
EQ,TORNTPOWER,Torrent Power Limited,2026-02-16,,,2026-02-16,,,INTDIV - RS 15 PER SH
IQ,TORNTPOWER,Torrent Power Limited,2026-02-16,,,2026-02-16,,,INTDIV - RS 15 PER SH
T0,TORNTPOWER,Torrent Power Limited,2026-02-16,,,2026-02-16,,,INTDIV - RS 15 PER SH
TL,TORNTPOWER,Torrent Power Limited,2026-02-16,,,2026-02-16,,,INTDIV - RS 15 PER SH
IV,TVSINVIT,TVS Infrastructure Trust,2026-02-11,,,2026-02-11,,,DISTRIBUTION - RS 1.51
BE,UNITEDTEA,United Nilgiri Tea Ltd,2026-02-18,,,2026-02-18,,,INTDIV - RE 1 PER SH
BL,UNITEDTEA,United Nilgiri Tea Ltd,2026-02-18,,,2026-02-18,,,INTDIV - RE 1 PER SH
EQ,UNITEDTEA,United Nilgiri Tea Ltd,2026-02-18,,,2026-02-18,,,INTDIV - RE 1 PER SH
BE,UNOMINDA,UNO Minda Limited,2026-02-11,,,2026-02-11,,,INTDIV - RE 0.90 PER SH
BL,UNOMINDA,UNO Minda Limited,2026-02-11,,,2026-02-11,,,INTDIV - RE 0.90 PER SH
EQ,UNOMINDA,UNO Minda Limited,2026-02-11,,,2026-02-11,,,INTDIV - RE 0.90 PER SH
IQ,UNOMINDA,UNO Minda Limited,2026-02-11,,,2026-02-11,,,INTDIV - RE 0.90 PER SH
T0,UNOMINDA,UNO Minda Limited,2026-02-11,,,2026-02-11,,,INTDIV - RE 0.90 PER SH
TL,UNOMINDA,UNO Minda Limited,2026-02-11,,,2026-02-11,,,INTDIV - RE 0.90 PER SH
BE,VRLLOG,VRL Logistics Limited,2026-02-13,,,2026-02-13,,,INTDIV - RS 5 PER SH
BL,VRLLOG,VRL Logistics Limited,2026-02-13,,,2026-02-13,,,INTDIV - RS 5 PER SH
EQ,VRLLOG,VRL Logistics Limited,2026-02-13,,,2026-02-13,,,INTDIV - RS 5 PER SH
IQ,VRLLOG,VRL Logistics Limited,2026-02-13,,,2026-02-13,,,INTDIV - RS 5 PER SH
