SECURITY,NEW,PREVIOUS,NEW_STATUS
ADVAIT ENRGY TRANSITION L     ,1830.50,1773.10,H
AMAGI MEDIA LABS LIMITED      ,428.00,421.00,H
ANUPAM RASAYAN INDIA LTD      ,1379.90,1374.80,H
AXISAMC - AXISVALUE           ,34.23,34.00,H
BELRISE INDUSTRIES LTD        ,193.74,190.10,H
BRANDMAN RETAIL LIMITED       ,192.15,176.00,H
BROOKFIELD INDIA RET          ,371.85,366.98,H
C K K RETAIL MART LIMITED     ,198.05,188.65,H
COMMERCIAL SYN BAGS LTD       ,180.50,178.50,H
CORONA REMEDIES LIMITED       ,1660.80,1651.00,H
EDELAMC - EBANKNIFTY          ,62.37,62.10,H
FORCE MOTORS LIMITED          ,25050.00,23695.00,H
GROVER JEWELLS LIMITED        ,100.80,88.00,H
GROWWAMC - GROWWCHEM          ,29.28,29.26,H
GROWWAMC - GROWWPSE           ,105.62,103.54,H
HITACHI ENERGY INDIA LTD      ,22888.00,22840.00,H
ICICIPRAMC - VAL30IETF        ,17.60,17.52,H
IWARE SUPPLYCHAIN SER LTD     ,267.80,259.95,H
KRM AYURVEDA LIMITED          ,231.50,194.75,H
LG BALAKRISHNAN & BROS        ,2026.00,1975.00,H
LUMAX AUTO TECH LTD           ,1755.00,1703.10,H
LUMAX INDUSTRIES LTD          ,6934.50,6136.30,H
MANAV INFRA PROJECTS LTD      ,34.50,33.00,H
MAX FINANCIAL SERV LTD        ,1768.00,1759.50,H
MIRAEAMC - MAFSETF            ,29.82,29.52,H
NARMADA AGROBASE LIMITED      ,35.99,34.95,H
NEPHROCARE HEALTH SERV L      ,603.80,544.15,H
PARIN ENTERPRISES LIMITED     ,699.00,698.00,H
PARK MEDI WORLD LIMITED       ,174.50,169.34,H
PASHUPATI COTSPIN LIMITED     ,900.00,860.00,H
SANSERA ENGINEERING LTD       ,2203.00,2142.90,H
SBI-ETF NIFTY BANK            ,636.47,625.74,H
SG MART LIMITED               ,447.70,420.25,H
SHANKARA BUILDPRO LIMITED     ,901.00,898.05,H
SHREEJI SHIPPING GLOBAL L     ,400.50,398.00,H
SILKFLEX POLYMERS INDIA L     ,126.00,122.90,H
TATA MOTORS LIMITED           ,497.80,485.40,H
TVS INFRASTRUCTURE TRUST      ,113.00,112.50,H
WAKEFIT INNOVATIONS LTD       ,218.66,204.00,H
ARC INSULATION & INSU LTD     ,46.60,48.00,L
ARMOUR SECURITY (INDIA) L     ,27.30,28.05,L
AURI GROW INDIA LIMITED       ,0.36,0.37,L
AUTHUM INVEST & INFRA LTD     ,472.00,487.25,L
BRANDMAN RETAIL LIMITED       ,183.00,176.00,L
COOL CAPS INDUSTRIES LTD      ,25.90,27.15,L
DAR CREDIT & CAPITAL LTD      ,40.00,40.10,L
DEV INFO TECHNOLOGY LTD       ,29.15,30.00,L
DHARIWALCORP LIMITED          ,74.95,76.45,L
GEEKAY WIRES LIMITED          ,26.60,27.27,L
GO FASHION INDIA LTD          ,359.25,363.25,L
GROVER JEWELLS LIMITED        ,91.40,88.00,L
GROWWAMC - GROWWPSE           ,102.65,103.54,L
HALDER VENTURE LIMITED        ,260.05,261.50,L
HEXAWARE TECHNOLOGIES LTD     ,560.30,572.50,L
KAMDHENU VENTURES LIMITED     ,5.18,5.30,L
OSWAL PUMPS LIMITED           ,354.00,360.50,L
PHYSICSWALLAH LIMITED         ,106.10,106.90,L
PLADA INFOTECH SERVICES L     ,12.80,13.35,L
VISHWARAJ SUGAR IND LTD       ,5.86,5.91,L
