SERIES,SYMBOL,SECURITY,RECORD_DT,BC_STRT_DT,BC_END_DT,EX_DT,ND_STRT_DT,ND_END_DT,PURPOSE
BE,AUSOMENT,Ausom Enterprise Limited,19/09/2025, , ,19/09/2025, , ,DIV - RE 1 PER SH        
BE,TIMETECHNO,Time Technoplast Limited,23/09/2025, , ,23/09/2025, , ,BONUS 1:1                
BE,JAMNAAUTO,Jamna Auto Ind Ltd,18/09/2025, , ,18/09/2025, , ,DIV - RS 1.10 PER SH     
BE,SUMEETINDS,Sumeet Ind Limited,03/10/2025, , ,03/10/2025, , ,FVSPLT FRM RS 10 TO RS 2 
BE,COMPUSOFT,Compucom Software Ltd,20/09/2025, , ,19/09/2025, , ,DIV - RS 0.20 PER SH     
BE,MOIL,MOIL Limited,19/09/2025, , ,19/09/2025, , ,DIV - RS 1.61 PER SH     
BE,MAITHANALL,Maithan Alloys Ltd,19/09/2025, , ,19/09/2025, , ,DIV - RS 6 PER SH        
BE,ASHIANA,Ashiana Housing Ltd,18/09/2025, , ,18/09/2025, , ,DIV - RS 1.50 PER SH     
BE,POLYMED,Poly Medicure Limited,18/09/2025, , ,18/09/2025, , ,DIV - RS 3.50 PER SH     
BE,FILATEX,Filatex India Ltd,19/09/2025, , ,19/09/2025, , ,DIV - RS 0.25 PER SH     
BE,SHREEPUSHK,Shre Push Chem & Fert Ltd,19/09/2025, , ,19/09/2025, , ,DIV - RS 2 PER SH        
BE,GANECOS,Ganesha Ecosphere Limited,20/09/2025, , ,19/09/2025, , ,DIV - RS 3 PER SH        
BE,LFIC,Lakshmi Fin Ind Corp Ltd,19/09/2025, , ,19/09/2025, , ,DIV - RS 3 PER SH        
BE,GOODLUCK,Goodluck India Limited,18/09/2025, , ,18/09/2025, , ,DIV - RS 4 PER SH        
BE,APOLSINHOT,Apollo Sindoori Hotels Li,18/09/2025, , ,18/09/2025, , ,DIV - RS 2 PER SH        
BE,MARATHON,Marathon Nxtgen Realt Ltd,19/09/2025, , ,19/09/2025, , ,DIV - RE 1 PER SH        
BE,HITECH,Hi-Tech Pipes Limited,20/09/2025, , ,19/09/2025, , ,DIV - RE 0.025 PER SH    
BE,NLCINDIA,NLC India Limited,19/09/2025, , ,19/09/2025, , ,DIV - RS 1.50 PER SH     
BE,PARAGMILK,Parag Milk Foods Ltd.,22/09/2025, , ,22/09/2025, , ,DIV - RE 1 PER SH        
BE,SHANKARA,Shankara Bldg Product Ltd,24/09/2025, , ,24/09/2025, , ,DEMERGER                 
BE,BDL,Bharat Dynamics Limited,19/09/2025, , ,19/09/2025, , ,DIV - RE 0.65 PER SH     
BE,HPL,HPL Electric & Power Ltd,22/09/2025, , ,22/09/2025, , ,DIV - RE 1 PER SH        
BE,GTPL,GTPL Hathway Limited,19/09/2025, , ,19/09/2025, , ,DIV - RS 2 PER SH        
BE,KAMDHENU,Kamdhenu Ispat Limited,18/09/2025, , ,18/09/2025, , ,DIV - RE 0.25 PER SH     
BE,APEX,Apex Frozen Foods Limited,19/09/2025, , ,19/09/2025, , ,DIV - RS 2 PER SH        
BE,ARIHANTSUP,Arihant Superstruct Ltd,19/09/2025, , ,19/09/2025, , ,DIV - RS 1.50 PER SH     
BE,TERASOFT,Tera Software Limited,19/09/2025, , ,19/09/2025, , ,DIV - RE 1 PER SH        
BE,WIPL,The Western India Ply Ltd,18/09/2025, , ,18/09/2025, , ,DIV - RS 1.20 PER SH     
BE,PODDARMENT,Poddar Pigments Limited,19/09/2025, , ,19/09/2025, , ,DIV - RS 4 PER SH        
BE,GUJALKALI,Gujarat Alkalies & Chem ,19/09/2025, , ,19/09/2025, , ,DIV - RS 15.80 PER SH    
BE,FACT,Fert & Chem Travancore ,19/09/2025, , ,19/09/2025, , ,DIV - RE 0.20 PER SH     
BE,HIMATSEIDE,HIMATSINGKA SEIDE (I) LTD,19/09/2025, , ,19/09/2025, , ,DIV - RS 0.25 PER SH     
BE,WEIZMANIND,Weizmann Ltd,18/09/2025, , ,18/09/2025, , ,DIV - RE 0.50 PER SH     
BE,HINDCOMPOS,Hindustan Composites Ltd,18/09/2025, , ,18/09/2025, , ,DIV - RS 2 PER SH        
BE,JAICORPLTD,Jai Corp Limited,19/09/2025, , ,19/09/2025, , ,DIV - RS 0.50 PER SH     
BE,GMDCLTD,Gujarat Min. Dev. Corpn ,18/09/2025, , ,18/09/2025, , ,DIV - RS 10.10 PER SH    
BE,HITECHGEAR,HitechGearsLtd-Roll Sett,19/09/2025, , ,19/09/2025, , ,DIV - RS 5 PER SH        
BE,STARPAPER,Star Paper Mills Ltd,18/09/2025, , ,18/09/2025, , ,DIV - RS 3.50 PER SH     
BE,TFCILTD,Tourism Finance Corp ,19/09/2025, , ,19/09/2025, , ,FVSPLT FRM RS 10 TO RS 2 
BE,INDRAMEDCO,IndraprasthaMed-Roll Sett,18/09/2025, , ,18/09/2025, , ,DIV - RS 4.50 PER SH     
BE,KCPSUGIND,KCP Sug & Ind Corp Ltd.,18/09/2025, , ,18/09/2025, , ,DIV - RE 0.10 PER SH     
BE,ANDHRSUGAR,The Andhra Sugars Ltd,19/09/2025, , ,19/09/2025, , ,DIV - RS 0.80 PER SH     
BE,MAHSCOOTER,Maharashtra Scooters Ltd,22/09/2025, , ,22/09/2025, , ,INTDIV - RS 160 PER SH   
BE,PIDILITIND,PIDILITIND-Depo,23/09/2025, , ,23/09/2025, , ,BONUS 1:1                
BE,DCW,DCW Ltd,22/09/2025, , ,22/09/2025, , ,DIV - RS 0.10 PER SH     
BE,STERTOOLS,Sterling Tools Ltd.,18/09/2025, , ,18/09/2025, , ,DIV - RS 2.50 PER SH     
BE,HINDCOPPER,Hindustan Copper Ltd,18/09/2025, , ,18/09/2025, , ,DIV - RS 1.46 PER SH     
BE,BAJAJHLDNG,Bajaj Holdings & Invs Ltd,22/09/2025, , ,22/09/2025, , ,INT DIV - RS 65 PER SH   
BE,PPAP,PPAP Automotive Limited,18/09/2025, , ,18/09/2025, , ,DIV - RS 1.50 PER SH     
BE,LTFOODS,LT Foods Limited,19/09/2025, , ,19/09/2025, , ,DIV - RE 1 PER SH        
BE,AURIONPRO,Aurionpro Soln. Ltd.,22/09/2025, , ,22/09/2025, , ,DIV - RS 3 PER SH        
BE,DONEAR,Donear Industries Limited,20/09/2025, , ,19/09/2025, , ,DIV - RS 0.20 PER SH     
BE,GENUSPOWER,GENUS POWER INFRASTRU LTD,19/09/2025, , ,19/09/2025, , ,DIV - RS 2.45 PER SH     
BE,AMBIKCO,Ambika Cotton Mills Limit,20/09/2025, , ,19/09/2025, , ,DIV - RS 37 PER SH       
BE,NCLIND,NCL Industries Limited,18/09/2025, , ,18/09/2025, , ,DIV - RS 2 PER SH        
BE,GUFICBIO,Gufic Biosciences Ltd.,22/09/2025, , ,22/09/2025, , ,DIV - RE 0.10 PER SH     
BE,SUDARSCHEM,Sudarshan Chemical Ind,22/09/2025, , ,22/09/2025, , ,DIV - RS 4.50 PER SH     
BE,HONDAPOWER,Honda I Power Product Ltd,18/09/2025, , ,18/09/2025, , ,DIV - RS 21.50 PER SH    
BE,GOLDIAM,Goldiam International Ltd,19/09/2025, , ,19/09/2025, , ,DIV - RE 1 PER SH        
BE,VINATIORGA,Vinati Organics Limited,19/09/2025, , ,19/09/2025, , ,DIV - RS 7.50 PER SH     
BE,BALPHARMA,Bal Pharma Limited,18/09/2025, , ,18/09/2025, , ,DIV - RS 1.20 PER SH     
BE,PITTIENG,Pitti Engineering Limited,19/09/2025, , ,19/09/2025, , ,DIV - RS 1.50 PER SH     
BE,NEOGEN,Neogen Chemicals Limited,19/09/2025, , ,19/09/2025, , ,DIV - RE 1 PER SH        
BE,NATIONALUM,NATIONALUM - Depo,19/09/2025, , ,19/09/2025, , ,DIV - RS 2.50 PER SH     
BE,NIPPOBATRY,Indo-National Limited,19/09/2025, , ,19/09/2025, , ,DIV - RS 5 PER SH        
BE,MONTECARLO,Monte Carlo Fashions Ltd.,22/09/2025, , ,22/09/2025, , ,DIV - RS 20 PER SH       
BE,ARIES,Aries Agro Limited,19/09/2025, , ,19/09/2025, , ,DIV - RS 1.20 PER SH     
BE,ADANIPOWER,Adani Power Limited,22/09/2025, , ,22/09/2025, , ,FVSPLT FRM RS 10 TO RS 2 
BE,ALPHAGEO,Alphageo (India) Limited,19/09/2025, , ,19/09/2025, , ,DIV - RS 8 PER SH        
BE,SWANCORP,SWAN CORP LIMITED,22/09/2025, , ,22/09/2025, , ,DIV - RE 1 PER SH        
BE,PGEL,PG Electroplast Ltd,19/09/2025, , ,19/09/2025, , ,DIV - RS 0.25 PER SH     
BE,SRHHYPOLTD,Sree Rayalaseema Hi-Stren,19/09/2025, , ,19/09/2025, , ,DIV - RS 3 PER SH        
BE,OLECTRA,Olectra Greentech Limited,20/09/2025, , ,19/09/2025, , ,DIV - RE 0.40 PER SH     
BE,PEL,Piramal Enterprises Ltd.,23/09/2025, , ,23/09/2025, , ,MERGER                   
BE,ZYDUSWELL,Zydus Wellness Limited,18/09/2025, , ,18/09/2025, , ,FVSPLT FRM RS 10 TO RS 2 
BE,AHLUCONT,Ahluwalia Cont Ind Ltd,22/09/2025, , ,22/09/2025, , ,DIV - RE 0.60 PER SH     
BE,GULFOILLUB,Gulf Oil Lub. Ind. Ltd.,19/09/2025, , ,19/09/2025, , ,DIV - RS 28 PER SH       
BE,SJVN,SJVN Ltd,18/09/2025, , ,18/09/2025, , ,DIV - RE 0.31 PER SH     
BE,ARROWGREEN,Arrow Greentech Limited,18/09/2025, , ,18/09/2025, , ,DIV - RS 4 PER SH        
BE,KEYFINSERV,Keynote Fin Serv Ltd.,19/09/2025, , ,19/09/2025, , ,DIV - RE 1 PER SH        
BE,ESTER,Ester Industries Ltd,19/09/2025, , ,19/09/2025, , ,DIV - RS 0.60 PER SH     
BE,SHAKTIPUMP,Shakti Pumps (I) Ltd,18/09/2025, , ,18/09/2025, , ,DIV - RE 1 PER SH        
BE,STOVEKRAFT,Stove Kraft Limited,19/09/2025, , ,19/09/2025, , ,DIV - RS 3 PER SH        
BE,NAZARA,Nazara Technologies Ltd,26/09/2025, , ,26/09/2025, , ,BONUS 1:1                
BE,NAZARA,Nazara Technologies Ltd,26/09/2025, , ,26/09/2025, , ,FV SPLT FRM RS 4 TO RS 2 
BE,HLEGLAS,HLE Glascoat Limited,19/09/2025, , ,19/09/2025, , ,DIV - RS 1.10 PER SH     
BE,BCLIND,BCL Industries Limited,19/09/2025, , ,19/09/2025, , ,DIV - RE 0.26 PER SH     
BE,MAZDOCK,Mazagon Dock Shipbuil Ltd,19/09/2025, , ,19/09/2025, , ,DIV - RS 2.71 PER SH     
BE,GEEKAYWIRE,Geekay Wires Limited,19/09/2025, , ,19/09/2025, , ,DIV - RS 0.65 PER SH     
BE,ICEMAKE,Ice Make Refrigerat Ltd,20/09/2025, , ,19/09/2025, , ,DIV - RS 2.25 PER SH     
BE,ARIHANTCAP,Arihant Capital Mkts Ltd,20/09/2025, , ,19/09/2025, , ,DIV - RS 0.50 PER SH     
BE,EMSLIMITED,EMS Limited,19/09/2025, , ,19/09/2025, , ,DIV - RS 1.50 PER SH     
BE,ASIANENE,Asian Energy Services Ltd,19/09/2025, , ,19/09/2025, , ,DIV - RE 1 PER SH        
BE,MEDICAMEQ,Medicamen Biotech Limited,19/09/2025, , ,19/09/2025, , ,DIV - RE 1 PER SH        
BE,MONARCH,Monarch Networth Cap Ltd,19/09/2025, , ,19/09/2025, , ,DIV - RE 1 PER SH        
BE,ACUTAAS,Acutaas Chemicals Limited,18/09/2025, , ,18/09/2025, , ,DIV - RS 1.50 PER SH     
BE,SANDUMA,Sandur Mang & Iron Ores L,22/09/2025, , ,22/09/2025, , ,BONUS 2:1                
BE,SANSERA,Sansera Engineering Ltd,19/09/2025, , ,19/09/2025, , ,DIV - RS 3.25 PER SH     
BE,WEL,Wonder Electricals Ltd,18/09/2025, , ,18/09/2025, , ,DIV - RE 0.10 PER SH     
BE,BAJAJHCARE,Bajaj Healthcare Limited,19/09/2025, , ,19/09/2025, , ,DIV - RE 1 PER SH        
BE,COASTCORP,Coastal Corporation Ltd,19/09/2025, , ,19/09/2025, , ,DIV - RS 0.22 PER SH     
BE,SHIVALIK,Shivalik Rasayan Limited,20/09/2025, , ,19/09/2025, , ,DIV - RE 0.50 PER SH     
BE,RELCHEMQ,Reliance Chemotex Ind Ltd,19/09/2025, , ,19/09/2025, , ,DIV - RE 0.50 PER SH     
BE,ELDEHSG,ELDECO HSG & IND LTD,18/09/2025, , ,18/09/2025, , ,DIV - RS 9 PER SH        
BE,SADHNANIQ,Sadhana Nitrochem Limited,22/09/2025, , ,22/09/2025, , ,DIV - RE 0.10 PER SH     
BE,PIGL,Power Instrument (G) Ltd,19/09/2025, , ,19/09/2025, , ,DIV - RE 0.20 PER SH     
BE,ATAM,Atam Valves Limited,18/09/2025, , ,18/09/2025, , ,DIV - RE 0.85 PER SH     
BE,INDOBORAX,Indo Borax & Chemical Ltd,18/09/2025, , ,18/09/2025, , ,DIV - RE 1 PER SH        
BE,SHAILY,Shaily Eng Plastics Ltd,19/09/2025, , ,19/09/2025, , ,DIV - RS 2 PER SH        
BE,SYRMA,Syrma SGS Technology Ltd,19/09/2025, , ,19/09/2025, , ,DIV - RS 1.50 PER SH     
BE,VENUSPIPES,Venus Pipes & Tubes Ltd,18/09/2025, , ,18/09/2025, , ,DIV - RE 0.50 PER SH     
BE,BLUEJET,Blue Jet Healthcare Ltd,19/09/2025, , ,19/09/2025, , ,DIV - RS 1.20 PER SH     
BE,SIGNPOST,Signpost India Limited,19/09/2025, , ,19/09/2025, , ,DIV - RE 0.50 PER SH     
BE,JNKINDIA,JNK India Limited,18/09/2025, , ,18/09/2025, , ,DIV - RE 0.30 PER SH     
BE,PARKHOTELS,ParkHotels,19/09/2025, , ,19/09/2025, , ,DIV - RE 0.50 PER SH     
BE,RUBFILA,Rubfila International Ltd,18/09/2025, , ,18/09/2025, , ,DIV - RS 2 PER SH        
BE,IRMENERGY,IRM Energy Limited,18/09/2025, , ,18/09/2025, , ,DIV - RS 1.50 PER SH     
BE,BALUFORGE,Balu Forge Industries Ltd,19/09/2025, , ,19/09/2025, , ,DIV - RE 0.15 PER SH     
BE,VINCOFE,Vintage Coffee N Bvrgs L,22/09/2025, , ,22/09/2025, , ,DIV - RE 0.10 PER SH     
BE,DBEIL,Deepak Builders & Eng I L,20/09/2025, , ,19/09/2025, , ,DIV - RE 1 PER SH        
BE,QPOWER,Quality Power Elec Equp L,18/09/2025, , ,18/09/2025, , ,DIV - RE 1 PER SH        
BE,CIFL,Capital India Finance Ltd,19/09/2025, , ,19/09/2025, , ,DIV - RE 0.02 PER SH     
BE,SRD,Shankar Lal Rampal Ltd,20/09/2025, , ,19/09/2025, , ,DIV - RS 0.05 PER SH     
BE,KRISHIVAL,Krishival Foods Limited,18/09/2025, , ,18/09/2025, , ,DIV - RE 0.24 PER SH     
BE,RAJOOENG,Rajoo Engineers Limited,19/09/2025, , ,19/09/2025, , ,DIV - RE 0.15 PER SH     
BE,FISCHER,Fischer Medical Venture L,22/09/2025, , ,22/09/2025, , ,DIV - RS 0.005 PER SH    
BE,RMDRIP,R M Drip & Sprink Sys Ltd,26/09/2025, , ,26/09/2025, , ,FVSPLT FRM RS 10 TO RE 1 
EQ,TIMETECHNO,Time Technoplast Limited,23/09/2025, , ,23/09/2025, , ,BONUS 1:1                
EQ,ADANIPOWER,Adani Power Limited,22/09/2025, , ,22/09/2025, , ,FVSPLT FRM RS 10 TO RS 2 
EQ,ALPHAGEO,Alphageo (India) Limited,19/09/2025, , ,19/09/2025, , ,DIV - RS 8 PER SH        
EQ,SWANCORP,SWAN CORP LIMITED,22/09/2025, , ,22/09/2025, , ,DIV - RE 1 PER SH        
EQ,PGEL,PG Electroplast Ltd,19/09/2025, , ,19/09/2025, , ,DIV - RS 0.25 PER SH     
EQ,SRHHYPOLTD,Sree Rayalaseema Hi-Stren,19/09/2025, , ,19/09/2025, , ,DIV - RS 3 PER SH        
EQ,TERASOFT,Tera Software Limited,19/09/2025, , ,19/09/2025, , ,DIV - RE 1 PER SH        
EQ,ZYDUSWELL,Zydus Wellness Limited,18/09/2025, , ,18/09/2025, , ,FVSPLT FRM RS 10 TO RS 2 
EQ,AHLUCONT,Ahluwalia Cont Ind Ltd,22/09/2025, , ,22/09/2025, , ,DIV - RE 0.60 PER SH     
EQ,VINATIORGA,Vinati Organics Limited,19/09/2025, , ,19/09/2025, , ,DIV - RS 7.50 PER SH     
EQ,HINDCOPPER,Hindustan Copper Ltd,18/09/2025, , ,18/09/2025, , ,DIV - RS 1.46 PER SH     
EQ,MARATHON,Marathon Nxtgen Realt Ltd,19/09/2025, , ,19/09/2025, , ,DIV - RE 1 PER SH        
EQ,GULFOILLUB,Gulf Oil Lub. Ind. Ltd.,19/09/2025, , ,19/09/2025, , ,DIV - RS 28 PER SH       
EQ,JAMNAAUTO,Jamna Auto Ind Ltd,18/09/2025, , ,18/09/2025, , ,DIV - RS 1.10 PER SH     
EQ,MOIL,MOIL Limited,19/09/2025, , ,19/09/2025, , ,DIV - RS 1.61 PER SH     
EQ,KEYFINSERV,Keynote Fin Serv Ltd.,19/09/2025, , ,19/09/2025, , ,DIV - RE 1 PER SH        
EQ,ESTER,Ester Industries Ltd,19/09/2025, , ,19/09/2025, , ,DIV - RS 0.60 PER SH     
EQ,SHAKTIPUMP,Shakti Pumps (I) Ltd,18/09/2025, , ,18/09/2025, , ,DIV - RE 1 PER SH        
EQ,STOVEKRAFT,Stove Kraft Limited,19/09/2025, , ,19/09/2025, , ,DIV - RS 3 PER SH        
EQ,NAZARA,Nazara Technologies Ltd,26/09/2025, , ,26/09/2025, , ,BONUS 1:1                
EQ,NAZARA,Nazara Technologies Ltd,26/09/2025, , ,26/09/2025, , ,FV SPLT FRM RS 4 TO RS 2 
EQ,HLEGLAS,HLE Glascoat Limited,19/09/2025, , ,19/09/2025, , ,DIV - RS 1.10 PER SH     
EQ,BCLIND,BCL Industries Limited,19/09/2025, , ,19/09/2025, , ,DIV - RE 0.26 PER SH     
EQ,MAZDOCK,Mazagon Dock Shipbuil Ltd,19/09/2025, , ,19/09/2025, , ,DIV - RS 2.71 PER SH     
EQ,GEEKAYWIRE,Geekay Wires Limited,19/09/2025, , ,19/09/2025, , ,DIV - RS 0.65 PER SH     
EQ,ICEMAKE,Ice Make Refrigerat Ltd,20/09/2025, , ,19/09/2025, , ,DIV - RS 2.25 PER SH     
EQ,ARIHANTCAP,Arihant Capital Mkts Ltd,20/09/2025, , ,19/09/2025, , ,DIV - RS 0.50 PER SH     
EQ,EMSLIMITED,EMS Limited,19/09/2025, , ,19/09/2025, , ,DIV - RS 1.50 PER SH     
EQ,ASIANENE,Asian Energy Services Ltd,19/09/2025, , ,19/09/2025, , ,DIV - RE 1 PER SH        
EQ,MEDICAMEQ,Medicamen Biotech Limited,19/09/2025, , ,19/09/2025, , ,DIV - RE 1 PER SH        
EQ,MONARCH,Monarch Networth Cap Ltd,19/09/2025, , ,19/09/2025, , ,DIV - RE 1 PER SH        
EQ,ACUTAAS,Acutaas Chemicals Limited,18/09/2025, , ,18/09/2025, , ,DIV - RS 1.50 PER SH     
EQ,SANDUMA,Sandur Mang & Iron Ores L,22/09/2025, , ,22/09/2025, , ,BONUS 2:1                
EQ,SANSERA,Sansera Engineering Ltd,19/09/2025, , ,19/09/2025, , ,DIV - RS 3.25 PER SH     
EQ,WEL,Wonder Electricals Ltd,18/09/2025, , ,18/09/2025, , ,DIV - RE 0.10 PER SH     
EQ,BAJAJHCARE,Bajaj Healthcare Limited,19/09/2025, , ,19/09/2025, , ,DIV - RE 1 PER SH        
EQ,COASTCORP,Coastal Corporation Ltd,19/09/2025, , ,19/09/2025, , ,DIV - RS 0.22 PER SH     
EQ,SHIVALIK,Shivalik Rasayan Limited,20/09/2025, , ,19/09/2025, , ,DIV - RE 0.50 PER SH     
EQ,RELCHEMQ,Reliance Chemotex Ind Ltd,19/09/2025, , ,19/09/2025, , ,DIV - RE 0.50 PER SH     
EQ,ELDEHSG,ELDECO HSG & IND LTD,18/09/2025, , ,18/09/2025, , ,DIV - RS 9 PER SH        
EQ,SADHNANIQ,Sadhana Nitrochem Limited,22/09/2025, , ,22/09/2025, , ,DIV - RE 0.10 PER SH     
EQ,PIGL,Power Instrument (G) Ltd,19/09/2025, , ,19/09/2025, , ,DIV - RE 0.20 PER SH     
EQ,ATAM,Atam Valves Limited,18/09/2025, , ,18/09/2025, , ,DIV - RE 0.85 PER SH     
EQ,INDOBORAX,Indo Borax & Chemical Ltd,18/09/2025, , ,18/09/2025, , ,DIV - RE 1 PER SH        
EQ,SHAILY,Shaily Eng Plastics Ltd,19/09/2025, , ,19/09/2025, , ,DIV - RS 2 PER SH        
EQ,SYRMA,Syrma SGS Technology Ltd,19/09/2025, , ,19/09/2025, , ,DIV - RS 1.50 PER SH     
EQ,VENUSPIPES,Venus Pipes & Tubes Ltd,18/09/2025, , ,18/09/2025, , ,DIV - RE 0.50 PER SH     
EQ,BLUEJET,Blue Jet Healthcare Ltd,19/09/2025, , ,19/09/2025, , ,DIV - RS 1.20 PER SH     
EQ,SIGNPOST,Signpost India Limited,19/09/2025, , ,19/09/2025, , ,DIV - RE 0.50 PER SH     
EQ,JNKINDIA,JNK India Limited,18/09/2025, , ,18/09/2025, , ,DIV - RE 0.30 PER SH     
EQ,RUBFILA,Rubfila International Ltd,18/09/2025, , ,18/09/2025, , ,DIV - RS 2 PER SH        
EQ,PARKHOTELS,ParkHotels,19/09/2025, , ,19/09/2025, , ,DIV - RE 0.50 PER SH     
EQ,IRMENERGY,IRM Energy Limited,18/09/2025, , ,18/09/2025, , ,DIV - RS 1.50 PER SH     
EQ,BALUFORGE,Balu Forge Industries Ltd,19/09/2025, , ,19/09/2025, , ,DIV - RE 0.15 PER SH     
EQ,VINCOFE,Vintage Coffee N Bvrgs L,22/09/2025, , ,22/09/2025, , ,DIV - RE 0.10 PER SH     
EQ,DBEIL,Deepak Builders & Eng I L,20/09/2025, , ,19/09/2025, , ,DIV - RE 1 PER SH        
EQ,QPOWER,Quality Power Elec Equp L,18/09/2025, , ,18/09/2025, , ,DIV - RE 1 PER SH        
EQ,CIFL,Capital India Finance Ltd,19/09/2025, , ,19/09/2025, , ,DIV - RE 0.02 PER SH     
EQ,SRD,Shankar Lal Rampal Ltd,20/09/2025, , ,19/09/2025, , ,DIV - RS 0.05 PER SH     
EQ,KRISHIVAL,Krishival Foods Limited,18/09/2025, , ,18/09/2025, , ,DIV - RE 0.24 PER SH     
EQ,RAJOOENG,Rajoo Engineers Limited,19/09/2025, , ,19/09/2025, , ,DIV - RE 0.15 PER SH     
EQ,FISCHER,Fischer Medical Venture L,22/09/2025, , ,22/09/2025, , ,DIV - RS 0.005 PER SH    
EQ,RMDRIP,R M Drip & Sprink Sys Ltd,26/09/2025, , ,26/09/2025, , ,FVSPLT FRM RS 10 TO RE 1 
EQ,HINDCOMPOS,Hindustan Composites Ltd,18/09/2025, , ,18/09/2025, , ,DIV - RS 2 PER SH        
EQ,ANDHRSUGAR,The Andhra Sugars Ltd,19/09/2025, , ,19/09/2025, , ,DIV - RS 0.80 PER SH     
EQ,NIPPOBATRY,Indo-National Limited,19/09/2025, , ,19/09/2025, , ,DIV - RS 5 PER SH        
EQ,AUSOMENT,Ausom Enterprise Limited,19/09/2025, , ,19/09/2025, , ,DIV - RE 1 PER SH        
EQ,SUMEETINDS,Sumeet Ind Limited,03/10/2025, , ,03/10/2025, , ,FVSPLT FRM RS 10 TO RS 2 
EQ,COMPUSOFT,Compucom Software Ltd,20/09/2025, , ,19/09/2025, , ,DIV - RS 0.20 PER SH     
EQ,MAITHANALL,Maithan Alloys Ltd,19/09/2025, , ,19/09/2025, , ,DIV - RS 6 PER SH        
EQ,ASHIANA,Ashiana Housing Ltd,18/09/2025, , ,18/09/2025, , ,DIV - RS 1.50 PER SH     
EQ,POLYMED,Poly Medicure Limited,18/09/2025, , ,18/09/2025, , ,DIV - RS 3.50 PER SH     
EQ,FILATEX,Filatex India Ltd,19/09/2025, , ,19/09/2025, , ,DIV - RS 0.25 PER SH     
EQ,SHREEPUSHK,Shre Push Chem & Fert Ltd,19/09/2025, , ,19/09/2025, , ,DIV - RS 2 PER SH        
EQ,GANECOS,Ganesha Ecosphere Limited,20/09/2025, , ,19/09/2025, , ,DIV - RS 3 PER SH        
EQ,LFIC,Lakshmi Fin Ind Corp Ltd,19/09/2025, , ,19/09/2025, , ,DIV - RS 3 PER SH        
EQ,GOODLUCK,Goodluck India Limited,18/09/2025, , ,18/09/2025, , ,DIV - RS 4 PER SH        
EQ,APOLSINHOT,Apollo Sindoori Hotels Li,18/09/2025, , ,18/09/2025, , ,DIV - RS 2 PER SH        
EQ,HITECH,Hi-Tech Pipes Limited,20/09/2025, , ,19/09/2025, , ,DIV - RE 0.025 PER SH    
EQ,ARROWGREEN,Arrow Greentech Limited,18/09/2025, , ,18/09/2025, , ,DIV - RS 4 PER SH        
EQ,NLCINDIA,NLC India Limited,19/09/2025, , ,19/09/2025, , ,DIV - RS 1.50 PER SH     
EQ,PARAGMILK,Parag Milk Foods Ltd.,22/09/2025, , ,22/09/2025, , ,DIV - RE 1 PER SH        
EQ,SHANKARA,Shankara Bldg Product Ltd,24/09/2025, , ,24/09/2025, , ,DEMERGER                 
EQ,BDL,Bharat Dynamics Limited,19/09/2025, , ,19/09/2025, , ,DIV - RE 0.65 PER SH     
EQ,HPL,HPL Electric & Power Ltd,22/09/2025, , ,22/09/2025, , ,DIV - RE 1 PER SH        
EQ,GTPL,GTPL Hathway Limited,19/09/2025, , ,19/09/2025, , ,DIV - RS 2 PER SH        
EQ,KAMDHENU,Kamdhenu Ispat Limited,18/09/2025, , ,18/09/2025, , ,DIV - RE 0.25 PER SH     
EQ,APEX,Apex Frozen Foods Limited,19/09/2025, , ,19/09/2025, , ,DIV - RS 2 PER SH        
EQ,ARIHANTSUP,Arihant Superstruct Ltd,19/09/2025, , ,19/09/2025, , ,DIV - RS 1.50 PER SH     
EQ,WIPL,The Western India Ply Ltd,18/09/2025, , ,18/09/2025, , ,DIV - RS 1.20 PER SH     
EQ,PODDARMENT,Poddar Pigments Limited,19/09/2025, , ,19/09/2025, , ,DIV - RS 4 PER SH        
EQ,OLECTRA,Olectra Greentech Limited,20/09/2025, , ,19/09/2025, , ,DIV - RE 0.40 PER SH     
EQ,JAICORPLTD,Jai Corp Limited,19/09/2025, , ,19/09/2025, , ,DIV - RS 0.50 PER SH     
EQ,TFCILTD,Tourism Finance Corp ,19/09/2025, , ,19/09/2025, , ,FVSPLT FRM RS 10 TO RS 2 
EQ,INDRAMEDCO,Indraprastha Med Corp,18/09/2025, , ,18/09/2025, , ,DIV - RS 4.50 PER SH     
EQ,PIDILITIND,Pidilite Industries Ltd,23/09/2025, , ,23/09/2025, , ,BONUS 1:1                
EQ,KCPSUGIND,KCP Sug & Ind Corp Ltd.,18/09/2025, , ,18/09/2025, , ,DIV - RE 0.10 PER SH     
EQ,DCW,DCW Ltd,22/09/2025, , ,22/09/2025, , ,DIV - RS 0.10 PER SH     
EQ,WEIZMANIND,Weizmann Ltd,18/09/2025, , ,18/09/2025, , ,DIV - RE 0.50 PER SH     
EQ,HITECHGEAR,Hi-Tech Gears Ltd,19/09/2025, , ,19/09/2025, , ,DIV - RS 5 PER SH        
EQ,GUJALKALI,Gujarat Alkalies & Chem ,19/09/2025, , ,19/09/2025, , ,DIV - RS 15.80 PER SH    
EQ,FACT,Fert & Chem Travancore ,19/09/2025, , ,19/09/2025, , ,DIV - RE 0.20 PER SH     
EQ,HIMATSEIDE,Himatsingka Seide Ltd,19/09/2025, , ,19/09/2025, , ,DIV - RS 0.25 PER SH     
EQ,STERTOOLS,Sterling Tools Ltd.,18/09/2025, , ,18/09/2025, , ,DIV - RS 2.50 PER SH     
EQ,MAHSCOOTER,Maharashtra Scooters Ltd,22/09/2025, , ,22/09/2025, , ,INTDIV - RS 160 PER SH   
EQ,NATIONALUM,National Alum Co Ltd,19/09/2025, , ,19/09/2025, , ,DIV - RS 2.50 PER SH     
EQ,GMDCLTD,Gujarat Min. Dev. Corpn ,18/09/2025, , ,18/09/2025, , ,DIV - RS 10.10 PER SH    
EQ,STARPAPER,Star Paper Mills Ltd,18/09/2025, , ,18/09/2025, , ,DIV - RS 3.50 PER SH     
EQ,BALPHARMA,Bal Pharma Limited,18/09/2025, , ,18/09/2025, , ,DIV - RS 1.20 PER SH     
EQ,BAJAJHLDNG,Bajaj Holdings & Invs Ltd,22/09/2025, , ,22/09/2025, , ,INT DIV - RS 65 PER SH   
EQ,AURIONPRO,Aurionpro Solutions Limit,22/09/2025, , ,22/09/2025, , ,DIV - RS 3 PER SH        
EQ,PPAP,PPAP Automotive Limited,18/09/2025, , ,18/09/2025, , ,DIV - RS 1.50 PER SH     
EQ,LTFOODS,LT Foods Limited,19/09/2025, , ,19/09/2025, , ,DIV - RE 1 PER SH        
EQ,DONEAR,Donear Industries Limited,20/09/2025, , ,19/09/2025, , ,DIV - RS 0.20 PER SH     
EQ,GENUSPOWER,Genus Power Infrastru Ltd,19/09/2025, , ,19/09/2025, , ,DIV - RS 2.45 PER SH     
EQ,AMBIKCO,Ambika Cotton Mills Limit,20/09/2025, , ,19/09/2025, , ,DIV - RS 37 PER SH       
EQ,NCLIND,NCL Industries Limited,18/09/2025, , ,18/09/2025, , ,DIV - RS 2 PER SH        
EQ,HONDAPOWER,Honda I Power Product Ltd,18/09/2025, , ,18/09/2025, , ,DIV - RS 21.50 PER SH    
EQ,GOLDIAM,Goldiam International Lim,19/09/2025, , ,19/09/2025, , ,DIV - RE 1 PER SH        
EQ,GUFICBIO,Gufic Biosciences Limited,22/09/2025, , ,22/09/2025, , ,DIV - RE 0.10 PER SH     
EQ,PITTIENG,Pitti Engineering Limited,19/09/2025, , ,19/09/2025, , ,DIV - RS 1.50 PER SH     
EQ,NEOGEN,Neogen Chemicals Limited,19/09/2025, , ,19/09/2025, , ,DIV - RE 1 PER SH        
EQ,PEL,Piramal Enterprises Ltd.,23/09/2025, , ,23/09/2025, , ,MERGER                   
EQ,SUDARSCHEM,Sudarshan Chemical Inds L,22/09/2025, , ,22/09/2025, , ,DIV - RS 4.50 PER SH     
EQ,MONTECARLO,Monte Carlo Fashions Ltd.,22/09/2025, , ,22/09/2025, , ,DIV - RS 20 PER SH       
EQ,SJVN,SJVN Ltd,18/09/2025, , ,18/09/2025, , ,DIV - RE 0.31 PER SH     
EQ,ARIES,Aries Agro Limited,19/09/2025, , ,19/09/2025, , ,DIV - RS 1.20 PER SH     
GS,828GS2027,GOI LOAN 8.28% 2027,20/09/2025, , ,19/09/2025, , ,INTEREST PAYMENT         
GS,82GS2025,GOI LOAN 8.20% 2025,22/09/2025, , , , , ,REDEMPTION               
GS,833GS2032,GOI LOAN 8.33% 2032,20/09/2025, , ,19/09/2025, , ,INTEREST PAYMENT         
GS,GS200925C,GOI STRIPS C 200925,18/09/2025, , , , , ,REDEMPTION               
GS,759GS2029,GOI LOAN 7.59% 2029,19/09/2025, , ,19/09/2025, , ,INTEREST PAYMENT         
GS,788GS2030,GOI LOAN 7.88% 2030,18/09/2025, , ,18/09/2025, , ,INTEREST PAYMENT         
GS,597GS2025,GOI LOAN 5.97% 2025,23/09/2025, , , , , ,REDEMPTION               
MF,H1158D46DG,HDFCAMC - H1158D46DG,25/09/2025, , , , , ,REDEMPTION               
MF,H1158D46DD,HDFCAMC - H1158D46DD,25/09/2025, , , , , ,REDEMPTION               
MF,H1158D46RQ,HDFCAMC - H1158D46RQ,25/09/2025, , , , , ,REDEMPTION               
MF,H1158D46RG,HDFCAMC - H1158D46RG,25/09/2025, , , , , ,REDEMPTION               
MF,H1158D46RD,HDFCAMC - H1158D46RD,25/09/2025, , , , , ,REDEMPTION               
MF,H1158D46DQ,HDFCAMC - H1158D46DQ,25/09/2025, , , , , ,REDEMPTION               
N0,878MUTF29,MUTF 8.78% 2029,19/09/2025, , ,19/09/2025, , ,INTEREST PAYMENT         
N0,950ISF27,ISF 9.50% 2027,20/09/2025, , ,19/09/2025, , ,INTEREST PAYMENT         
N0,12VCCL29B,VCCL 12% 2029,19/09/2025, , ,19/09/2025, , ,INTEREST PAYMENT         
N2,1035CCSP26,CCSPL 10.35% 2026,19/09/2025, , ,19/09/2025, , ,INT PAYMENT/PART RDMPTN  
N6,829PFL29,Poonawalla Fincorp Ltd,19/09/2025, , ,19/09/2025, , ,INTEREST PAYMENT         
N7,1077IIFL30,IIFL Samasta 10.77% 2030,18/09/2025, , ,18/09/2025, , ,INTEREST PAYMENT         
N8,711NTPC25A,TFB 7.11% 2025 Sr. 1A,19/09/2025, , , , , ,INT PAYMENT/REDEMPTN     
N8,865SCL26,SEC RED NCD 8.65% SR. V,18/09/2025, , ,18/09/2025, , ,INTEREST PAYMENT         
N9,728NTPC30B,TFB 7.28% 2030 Sr. 2A,22/09/2025, , ,22/09/2025, , ,INTEREST PAYMENT         
NA,737NTPC35C,TFB 7.37% 2035 Sr. 3A,22/09/2025, , ,22/09/2025, , ,INTEREST PAYMENT         
NB,736NTPC25D,TFB 7.36% 2025 Sr. 1B,19/09/2025, , , , , ,INT PAYMENT/REDEMPTN     
NC,753NTPC30E,TFB 7.53% 2030 Sr. 2B,22/09/2025, , ,22/09/2025, , ,INTEREST PAYMENT         
NC,879SCL26,UNS RED NCD 8.79% SR.VIII,18/09/2025, , ,18/09/2025, , ,INTEREST PAYMENT         
ND,762NTPC35F,TFB 7.62% 2035 Sr. 3B,22/09/2025, , ,22/09/2025, , ,INTEREST PAYMENT         
SM,QMSMEDI,QMS Medical Allied S Ltd,22/09/2025, , ,22/09/2025, , ,DIV - RS 0.50 PER SH     
SM,BMETRICS,Bombay Metrics S C Ltd,18/09/2025, , ,18/09/2025, , ,DIV - RE 0.20 PER SH     
SM,KOTYARK,Kotyark Industries Ltd,22/09/2025, , ,22/09/2025, , ,DIV - RE 1 PER SH        
SM,REMUS,Remus Pharmaceuticals L,18/09/2025, , ,18/09/2025, , ,DIV - RE 0.50 PER SH     
SM,SOLEX,Solex Energy Limited,22/09/2025, , ,22/09/2025, , ,DIV - RE 0.55 PER SH     
SM,ALLETEC,All E Technologies Ltd,19/09/2025, , ,19/09/2025, , ,DIV - RS 1.50 PER SH     
SM,VISHNUINFR,Vishnusurya Proj N Infr L,19/09/2025, , ,19/09/2025, , ,DIV - RE 1 PER SH        
SM,RCDL,Rajgor Castor Derivati L,22/09/2025, , ,22/09/2025, , ,DIV - RE 0.10 PER SH     
SM,SOTAC,Sotac Pharmaceuticals Ltd,19/09/2025, , ,19/09/2025, , ,DIV - RE 0.10 PER SH     
SM,EFACTOR,E Factor Experiences Ltd,19/09/2025, , ,19/09/2025, , ,DIV - RS 1.20 PER SH     
SM,ESFL,Essen Speciality Films L,19/09/2025, , ,19/09/2025, , ,DIV - RE 1 PER SH        
SQ,KOTYARK,Kotyark Industries Ltd,22/09/2025, , ,22/09/2025, , ,DIV - RE 1 PER SH        
SQ,EFACTOR,E Factor Experiences Ltd,19/09/2025, , ,19/09/2025, , ,DIV - RS 1.20 PER SH     
SQ,VISHNUINFR,Vishnusurya Proj N Infr L,19/09/2025, , ,19/09/2025, , ,DIV - RE 1 PER SH        
SQ,BMETRICS,Bombay Metrics S C Ltd,18/09/2025, , ,18/09/2025, , ,DIV - RE 0.20 PER SH     
SQ,SOLEX,Solex Energy Limited,22/09/2025, , ,22/09/2025, , ,DIV - RE 0.55 PER SH     
SQ,RCDL,Rajgor Castor Derivati L,22/09/2025, , ,22/09/2025, , ,DIV - RE 0.10 PER SH     
SQ,ALLETEC,All E Technologies Ltd,19/09/2025, , ,19/09/2025, , ,DIV - RS 1.50 PER SH     
SQ,ESFL,Essen Speciality Films L,19/09/2025, , ,19/09/2025, , ,DIV - RE 1 PER SH        
SQ,SOTAC,Sotac Pharmaceuticals Ltd,19/09/2025, , ,19/09/2025, , ,DIV - RE 0.10 PER SH     
SQ,REMUS,Remus Pharmaceuticals L,18/09/2025, , ,18/09/2025, , ,DIV - RE 0.50 PER SH     
SQ,QMSMEDI,QMS Medical Allied S Ltd,22/09/2025, , ,22/09/2025, , ,DIV - RS 0.50 PER SH     
ST,RCDL,Rajgor Castor Derivati L,22/09/2025, , ,22/09/2025, , ,DIV - RE 0.10 PER SH     
ST,SOTAC,Sotac Pharmaceuticals Ltd,19/09/2025, , ,19/09/2025, , ,DIV - RE 0.10 PER SH     
ST,BMETRICS,Bombay Metrics S C Ltd,18/09/2025, , ,18/09/2025, , ,DIV - RE 0.20 PER SH     
ST,ALLETEC,All E Technologies Ltd,19/09/2025, , ,19/09/2025, , ,DIV - RS 1.50 PER SH     
ST,VISHNUINFR,Vishnusurya Proj N Infr L,19/09/2025, , ,19/09/2025, , ,DIV - RE 1 PER SH        
ST,KOTYARK,Kotyark Industries Ltd,22/09/2025, , ,22/09/2025, , ,DIV - RE 1 PER SH        
ST,SOLEX,Solex Energy Limited,22/09/2025, , ,22/09/2025, , ,DIV - RE 0.55 PER SH     
ST,EFACTOR,E Factor Experiences Ltd,19/09/2025, , ,19/09/2025, , ,DIV - RS 1.20 PER SH     
ST,QMSMEDI,QMS Medical Allied S Ltd,22/09/2025, , ,22/09/2025, , ,DIV - RS 0.50 PER SH     
ST,ESFL,Essen Speciality Films L,19/09/2025, , ,19/09/2025, , ,DIV - RE 1 PER SH        
ST,REMUS,Remus Pharmaceuticals L,18/09/2025, , ,18/09/2025, , ,DIV - RE 0.50 PER SH     
U2,1035CCSP26,CCSPL 10.35% 2026,19/09/2025, , ,19/09/2025, , ,INT PAYMENT/PART RDMPTN  
U6,829PFL29,Poonawalla Fincorp Ltd,19/09/2025, , ,19/09/2025, , ,INTEREST PAYMENT         
U7,1077IIFL30,IIFL Samasta 10.77% 2030,18/09/2025, , ,18/09/2025, , ,INTEREST PAYMENT         
U8,865SCL26,SEC RED NCD 8.65% SR. V,18/09/2025, , ,18/09/2025, , ,INTEREST PAYMENT         
U8,711NTPC25A,TFB 7.11% 2025 Sr. 1A,19/09/2025, , , , , ,INT PAYMENT/REDEMPTN     
U9,728NTPC30B,TFB 7.28% 2030 Sr. 2A,22/09/2025, , ,22/09/2025, , ,INTEREST PAYMENT         
UA,737NTPC35C,TFB 7.37% 2035 Sr. 3A,22/09/2025, , ,22/09/2025, , ,INTEREST PAYMENT         
UB,736NTPC25D,TFB 7.36% 2025 Sr. 1B,19/09/2025, , , , , ,INT PAYMENT/REDEMPTN     
UC,879SCL26,UNS RED NCD 8.79% SR.VIII,18/09/2025, , ,18/09/2025, , ,INTEREST PAYMENT         
UC,753NTPC30E,TFB 7.53% 2030 Sr. 2B,22/09/2025, , ,22/09/2025, , ,INTEREST PAYMENT         
UD,762NTPC35F,TFB 7.62% 2035 Sr. 3B,22/09/2025, , ,22/09/2025, , ,INTEREST PAYMENT         
ZK,87SCL27A,SEC RE NCD 8.94% SR.VI,18/09/2025, , ,18/09/2025, , ,INTEREST PAYMENT         
ZM,89SCL24A,SEC RE NCD 8.70% SR.VIII,18/09/2025, , ,18/09/2025, , ,INTEREST PAYMENT         
ZN,93SCL24A,SEC RE NCD 9.15% SR.VIII,18/09/2025, , ,18/09/2025, , ,INTEREST PAYMENT         

