SYMBOL,SERIES,SECURITY,HIGH/LOW,INDEX FLAG
772JK43,SG,SDL JK 7.72% 2043,H
AAREYDRUGS,BE,AAREY DRUGS & PHARM LTD,H
AESTHETIK,SM,AESTHETIK ENGINEERS LTD,H
ANIKINDS,EQ,ANIK INDUSTRIES LTD,H
ANLON,ST,ANLON TECHNOLOGY SOL LTD,H
ARVINDPORT,SM,ARVIND PORT AND INFRA LTD,H
ASLIND,ST,ASL INDUSTRIES LIMITED,H
BAFNAPH,BE,BAFNA PHARMACEUTICALS LTD,H
BAJAJINDEF,EQ,INDEF MANUFACTURING LTD,H
BALCO,SM,SOLVE PLASTIC PRODUCTS L,H
BILVYAPAR,EQ,BIL VYAPAR LIMITED,H
BLSE,EQ,BLS E-SERVICES LIMITED,H
BLUECOAST,BE,BLUE COAST HOTELS LIMITED,H
CPS,SM,C P S SHAPERS LIMITED,H
DBEIL,EQ,DEEPAK BUILDERS & ENG I L,H
DHTL,SM,DOCMODE HEALTH TECH LTD,H
FEL,BZ,FUTURE ENTERPRISES LTD,H
FELDVR,BZ,FUTURE ENTERPRISES LTD,H
FLFL,BZ,FUT LIFESTYLE FASH LTD,H
FMNL,EQ,FUTURE MKT NETWORKS LTD,H
FSC,BZ,FUTURE SUPP CHAIN SOL LTD,H
GATECHDVR,BE,GACM TECHNOLOGIES LIMITED,H
GAYAHWS,BE,GAYATRI HIGHWAYS LIMITED,H
GOENKA,BZ,GOENKA DIAMOND&JEWELS LTD,H
GSTL,SM,GLOBESECURE TECHNO LTD,H
GTECJAINX,EQ,G-TEC JAINX EDUCATION LTD,H
GTL,EQ,GTL LTD,H
GVKPIL,BE,GVK POW. & INFRA LTD.,H
HAVISHA,BE,SRI HAVISHA HOSP & INFR L,H
HDIL,BZ,HOUSING DEV & INFRA LTD,H
HNGSNGBEES,EQ,NIP IND ETF HANGSENG BEES,H
ICDSLTD,EQ,ICDS LTD,H
INFOMEDIA,BE,INFOMEDIA PRESS LIMITED,H
INOXGREEN,EQ,INOX GREEN ENERGY SER LTD,H
INTENTECH,EQ,INTENSE TECHNOLOGIES LTD,H
IZMO,BE,IZMO LIMITED,H
JAKHARIA,ST,JAKHARIA FABRIC LIMITED,H
JALAN,SM,JALAN TRANSOLU. INDIA LTD,H
KAVDEFENCE,EQ,KAVVERI DFS & WIR TEC LTD,H
KCEIL,SM,KAY CEE ENERGY & INFRA L,H
KERNEX,EQ,KERNEX MICROSYS(I) LTD,H
KESORAMIND,EQ,KESORAM INDUSTRIES LTD,H
KITEX,EQ,KITEX GARMENTS LTD,H
KRITI,BE,KRITI INDUSTRIES IND LTD,H
LYPSAGEMS,EQ,LYPSA GEMS & JEWEL LTD,H
MADHUCON,EQ,MADHUCON PROJECTS LTD.,H
MAFANG,EQ,MIRAEAMC - MAFANG,H
MAHKTECH,EQ,MIRAEAMC - MAHKTECH,H
MANAV,ST,MANAV INFRA PROJECTS LTD,H
MARINE,EQ,MARINE ELECTRICAL (I) LTD,H
MASKINVEST,EQ,MASK INVESTMENTS LIMITED,H
MASPTOP50,EQ,MIRAEAMC - MASPTOP50,H
MCON,SM,MCON RASAYAN INDIA LTD,H
MEP,BZ,MEP INFRA. DEVELOPERS LTD,H
MIEL,ST,MANGLAM INFRA & ENG LTD,H
MPTODAY,ST,M P TODAY MEDIA LIMITED,H
MTEDUCARE,BE,MT EDUCARE LTD,H
NIRMAN,SM,NIRMAN AGRI GENTICS LTD,H
NOIDATOLL,BE,NOIDA TOLL BRIDGE CO LTD,H
ODIGMA,EQ,ODIGMA CONSULTANCY SOL L,H
ONELIFECAP,EQ,ONELIFE CAP ADVISORS LTD,H
ONEPOINT,EQ,ONE POINT ONE SOL LTD,H
ORIANA,SM,ORIANA POWER LIMITED,H
PAR,BE,PAR DRUGS AND CHEM LTD,H
PARIN,SM,PARIN ENTERPRISES LIMITED,H
PARSVNATH,BE,PARSVNATH DEVELOPER LTD,H
PERFECT,SZ,PERFECT INFRAENGINEER LTD,H
PFOCUS,EQ,PRIME FOCUS LIMITED,H
PKTEA,BE,THE P K TEA PROD CO LTD,H
PPSL,ST,PICTUREPOST STUDIOS LTD,H
RAJRILTD,BE,RAJ RAYON INDUSTRIES LTD,H
RAMCOSYS,EQ,RAMCO SYSTEMS LTD.,H
RICHA,SM,RICHA INFO SYSTEMS LTD,H
ROLLT,EQ,ROLLATAINERS LIMITED,H
RUCHINFRA,EQ,RUCHI INFRASTRUCTURE LTD,H
RVTH,EQ,REVATHI EQUIPMENT INDIA L,H
SABEVENTS,BE,SAB EVENTS & GOVERNANCE,H
SAHAJ,SZ,SAHAJ FASHIONS LIMITED,H
SANCO,BZ,SANCO INDUSTRIES LIMITED,H
SCML,SM,SHARP CHUCKS N MACHINES L,H
SEJALLTD,EQ,SEJAL GLASS LIMITED,H
SHALPAINTS,EQ,SHALIM PAINTS LTD,H
SHEMAROO,EQ,SHEMAROO ENTER. LTD.,H
SHRENIK,EQ,SHRENIK LIMITED,H
SICALLOG,BE,SICAL LOGISTICS LIMITED,H
SITINET,BZ,SITI NETWORKS LIMITED,H
SNEHAA,ST,SNEHAA ORGANICS LIMITED,H
SOLEX,SM,SOLEX ENERGY LIMITED,H
SPCENET,EQ,SPACENET ENTERS IND LTD,H
STLNETWORK,EQ,STL NETWORKS LIMITED,H
STUDIOLSD,SM,STUDIO LSD LIMITED,H
SUPREMEPWR,SM,SUPREME POWER EQUIPMENT L,H
SYNOPTICS,SM,SYNOPTICS TECHNOLOGIES L,H
TAPIFRUIT,ST,TAPI FRUIT PROCESSING LTD,H
TARAPUR,EQ,TARAPUR TRANSFORMERS LTD,H
TAURIAN,ST,TAURIAN MPS LIMITED,H
TECHERA,SM,TECHERA ENGINEER (IND) L,H
TECILCHEM,BE,TECIL CHEMICALS,H
THOMASCOTT,EQ,THOMAS SCOTT (INDIA) LTD,H
TVSELECT,EQ,TVS ELECTRONICS LTD,H
UNITECH,BZ,UNITECH LIMITED,H
VASA,SM,VASA RETAIL & OVERSEA LTD,H
VCL,BE,VAXTEX COTFAB LIMITED,H
VIPCLOTHNG,EQ,VIP CLOTHING LIMITED,H
WALPAR,SM,WALPAR NUTRITIONS LIMITED,H
ZENTEC,EQ,ZEN TECHNOLOGIES LIMITED,H
747AP32,SG,SDL AP 7.47% 2032,L
758GA37A,SG,SDL GA 7.58% 2037,L
984SFIL26A,NK,SEC RE NCD 9.61% SR.VI,L
AGUL,SM,A G UNIVERSAL LIMITED,L
AKIKO,ST,AKIKO GLOBAL SERVICES L,L
ANSALAPI,BZ,ANSAL PROP & INFRA LTD,L
ASMS,BE,BARTRONICS INDIA LIMITED,L
BBOX,EQ,BLACK BOX LIMITED,L
BGRENERGY,BE,BGR ENERGY SYSTEMS LTD,L
CURAA,BE,CURA TECHNOLOGIES LIMITED,L
DEVX,BE,DEV ACCELERATOR LIMITED,L
DHRUV,EQ,DHRUV CONSULTANCY SER LTD,L
DIVYADHAN,SM,DIVYADHAN RECYCLING IND L,L
DREAMFOLKS,BE,DREAMFOLKS SERVICES LTD,L
FEL,BZ,FUTURE ENTERPRISES LTD,L
GML,ST,GALAXY MEDICARE LIMITED,L
GODAVARIB,EQ,GODAVARI BIOREFINERIES L,L
HRHNEXT,SM,HRH NEXT SERVICES LIMITED,L
INFOMEDIA,BE,INFOMEDIA PRESS LIMITED,L
INNOMET,SM,INNOMET ADVANCED MATERI L,L
JAINAM,SM,JAINAM FER ALLOYS (I) LTD,L
K2INFRA,SM,K2 INFRAGEN LIMITED,L
KCEIL,SM,KAY CEE ENERGY & INFRA L,L
MADHAVBAUG,ST,VAIDYA SANE AYUR LAB LTD,L
MOHITIND,BE,MOHIT INDUSTRIES LTD,L
MPTODAY,ST,M P TODAY MEDIA LIMITED,L
MYMUDRA,ST,MY MUDRA FINCORP LIMITED,L
NEWJAISA,ST,NEWJAISA TECHNOLOGIES LTD,L
NIRAJISPAT,BE,NIRAJ ISPAT IND LTD,L
NOIDATOLL,BE,NOIDA TOLL BRIDGE CO LTD,L
ORTEL,BZ,ORTEL COMMUNICATIONS LTD,L
OSIAHYPER,BE,OSIA HYPER RETAIL LIMITED,L
PREMIER,BE,PREMIER LIMITED,L
PURPLEUTED,ST,PURPLE UNITED SALES LTD,L
RAJRILTD,BE,RAJ RAYON INDUSTRIES LTD,L
RELTD,EQ,RAVINDRA ENERGY LIMITED,L
SAIFL,ST,SAMEERA AGRO AND INFRA L,L
SALSTEEL,BE,S.A.L. STEEL LTD.,L
SANCO,BZ,SANCO INDUSTRIES LIMITED,L
SANWARIA,BZ,SANWARIA CONSUMER LIMITED,L
SATIPOLY,SM,SATI POLY PLAST LIMITED,L
SEJALLTD,EQ,SEJAL GLASS LIMITED,L
SITINET,BZ,SITI NETWORKS LIMITED,L
SOMATEX,BE,SOMA TEXTILEI NDUSTRIES L,L
TAKE,EQ,TAKE SOLUTIONS LTD,L
TERASOFT,BE,TERA SOFTWARE LIMITED,L
TGL,SM,TEERTH GOPICON LIMITED,L
TVVISION,EQ,TV VISION LIMITED,L
URAVIDEF,EQ,URAVI DEFENCE &TECH LTD,L
VASA,SM,VASA RETAIL & OVERSEA LTD,L
VCL,BE,VAXTEX COTFAB LIMITED,L
VELS,SM,VELS FILM INTERNATIONAL L,L
VERTEXPLUS,ST,VERTEXPLUS TECHNOLOGIES L,L
VILAS,SM,VILAS TRANSCORE LIMITED,L
