SYMBOL,SERIES,SECURITY,HIGH/LOW
AESTHETIK,SM,AESTHETIK ENGINEERS LTD,H
AURIGROW,BE,AURI GROW INDIA LIMITED,H
AXITA,BE,AXITA COTTON LIMITED,H
BHAGYANGR,BE,BHAGYANAGAR INDIA LIMITED,H
CENTEXT,BE,CENTURY EXTRUSIONS LTD,H
CEREBRAINT,BZ,CEREBRA INT TECH LTD,H
COMPINFO,BZ,COMPUAGE INFOCOM LTD,H
CPS,ST,C P S SHAPERS LIMITED,H
DENEERS,SM,DE NEERS TOOLS LIMITED,H
DHARAN,BZ,DHARAN INFRA-EPC LIMITED,H
DPEL,ST,DIVINE POWER ENERGY LTD,H
EMBDL,BE,EMBASSY DEVELOPMENTS LTD,H
EMMVEE,EQ,EMMVEE PHOTOVOLTAIC PWR L,H
EUROTEXIND,BE,EUROTEX IND & EXPORTS LTD,H
EXIMROUTES,SM,EXIM ROUTES LIMITED,H
FEL,BZ,FUTURE ENTERPRISES LTD,H
FELDVR,BZ,FUTURE ENTERPRISES LTD,H
FLFL,BZ,FUT LIFESTYLE FASH LTD,H
GOYALALUM,EQ,GOYAL ALUMINIUMS LIMITED,H
HRHNEXT,SM,HRH NEXT SERVICES LIMITED,H
INDBANK,EQ,INDBANK MERCH BANK,H
ITTL,ST,INNOVATIVE TYRE & TUBE LT,H
JALAN,ST,JALAN TRANSOLU. INDIA LTD,H
KANDARP,SM,KANDARP DG SMART BPO LTD,H
KAVDEFENCE,EQ,KAVVERI DFS & WIR TEC LTD,H
KEEPLEARN,EQ,DSJ KEEP LEARNING LTD,H
KSR,EQ,KSR FOOTWEAR LIMITED,H
LCCINFOTEC,BE,LCC INFOTECH LTD,H
MAFANG,EQ,MIRAEAMC - MAFANG,H
MAHKTECH,EQ,MIRAEAMC - MAHKTECH,H
MANAKALUCO,EQ,MANAK ALUMINIUM CO. LTD.,H
MANGALAM,EQ,MANGALAM DRUG & CHEM LTD,H
MASPTOP50,EQ,MIRAEAMC - MASPTOP50,H
MEP,BZ,MEP INFRA. DEVELOPERS LTD,H
MIRCELECTR,EQ,MIRC ELECTRONICS LTD,H
NACLIND,EQ,NACL INDUSTRIES LIMITED,H
NARMADA,BE,NARMADA AGROBASE LIMITED,H
NAVKARURB,EQ,NAVKAR URBANSTRUCTURE LTD,H
NOIDATOLL,EQ,NOIDA TOLL BRIDGE CO LTD,H
PRECISION,SM,PRECISION METALIKS LTD,H
PREMIER,BE,PREMIER LIMITED,H
PROLIFE,SM,PROLIFE INDUSTRIES LTD,H
ROLLT,EQ,ROLLATAINERS LIMITED,H
SACHEEROME,ST,SACHEEROME LIMITED,H
SANCO,BZ,SANCO INDUSTRIES LIMITED,H
SANWARIA,BZ,SANWARIA CONSUMER LIMITED,H
SHANKARA,EQ,SHANKARA BLDG PRODUCT LTD,H
SHANTHALA,ST,SHANTHALA FMCG PRODUCTS L,H
SHIGAN,SM,SHIGAN QUANTUM TECH LTD,H
SHIVAUM,EQ,SHIV AUM STEELS LIMITED,H
SHRENIK,BZ,SHRENIK LIMITED,H
SICALLOG,BE,SICAL LOGISTICS LIMITED,H
SITINET,BZ,SITI NETWORKS LIMITED,H
SPECTSTM,SM,SPECTRUM TALENT MGMT LTD,H
SUNLITE,ST,SUNLITE RECYCLING IND LTD,H
SUPREMEENG,BZ,SUPREME ENGINEERING LTD,H
SWANDEF,BE,SWAN DEFENCE N HEVY IND L,H
TARAPUR,BE,TARAPUR TRANSFORMERS LTD,H
TCIFINANCE,BE,TCIFINANCELTD-ROLL SETT,H
TECHD,ST,TECHD CYBERSECURITY LTD,H
TPHQ,EQ,TEAMO PRODUCTIONS HQ LTD,H
TVVISION,BE,TV VISION LIMITED,H
VCL,BE,VAXTEX COTFAB LIMITED,H
VIJIFIN,EQ,VIJI FINANCE LIMITED,H
VILINBIO,SM,VILIN BIO MED LIMITED,H
VISAMAN,ST,VISAMAN GLOBAL SALES LTD,H
WINSOME,BZ,WINSOME YARNS LIMITED,H
YUDIZ,SM,YUDIZ SOLUTIONS LIMITED,H
21STCENMGM,EQ,21ST CENTURY MGMT SERVICE,L
668GS2040,GS,GOI LOAN  6.68% 2040,L
894SCL27,ZY,SEC RE NCD 9.80% SR.VII,L
AILIMITED,SM,ABHISHEK INTEGRATIONS LTD,L
ASPIRE,SM,ASPIRE & INNOVATIVE ADV L,L
BALAJIPHOS,SM,BALAJI PHOSPHATES LIMITED,L
CBAZAAR,ST,NET AVENUE TECHNOLOGIES L,L
COMMITTED,SM,COMMITTED CARGO CARE LTD,L
DHARARAIL,ST,DHARA RAIL PROJECTS LTD,L
DHARIWAL,ST,DHARIWALCORP LIMITED,L
E2ERAIL,ST,E TO E TRANS INFRA LTD,L
EFACTOR,ST,E FACTOR EXPERIENCES LTD,L
EPWINDIA,ST,EPW INDIA LIMITED,L
ESFL,SM,ESSEN SPECIALITY FILMS L,L
ESPRIT,SM,ESPRIT STONES LIMITED,L
EXCEL,EQ,EXCEL REALTY N INFRA LTD,L
FALCONTECH,SM,FALCON TECHNOPROJ IND LTD,L
FELDVR,BZ,FUTURE ENTERPRISES LTD,L
GANESHIN,SM,GANESH INFRAWORLD LIMITED,L
GIRIRAJ,SM,GIRIRAJ CIVIL DEVP LTD,L
GRAPHISAD,SM,GRAPHISADS LIMITED,L
HDIL,BZ,HOUSING DEV & INFRA LTD,L
HILTON-RE1,BE,HILTON METAL FORGING LTD,L
HYBRIDFIN,BE,HYBRID FINANCIAL SERVICE,L
IBLFL,SM,IBL FINANCE LIMITED,L
IBULLSLTD,EQ,INDIABULLS LIMITED,L
INDOTHAI,EQ,INDO THAI SEC LTD,L
INNOMET,SM,INNOMET ADVANCED MATERI L,L
ISHAN,SM,ISHAN INTERNATIONAL LTD,L
JFLLIFE,SM,JFL LIFE SCIENCES LIMITED,L
KESORAMIND,BE,KESORAM INDUSTRIES LTD,L
LRRPL,SM,LEAD REC AND RUB PROD LTD,L
MANOMAY,BE,MANOMAY TEX INDIA LTD,L
MARC,ST,MARC TECHNOCRATS LIMITED,L
MASKINVEST,BE,MASK INVESTMENTS LIMITED,L
MAXVOLT,ST,MAXVOLT ENERGY INDUS L,L
MAYASHEEL,ST,MAYASHEEL VENTURES LTD,L
MCL,BE,MADHAV COPPER LIMITED,L
MEP,BZ,MEP INFRA. DEVELOPERS LTD,L
MTEDUCARE,BE,MT EDUCARE LTD,L
ORTINGLOBE,BE,ORTIN GLOBAL LIMITED,L
PIGL,EQ,POWER INSTRUMENT (G) LTD,L
POLYSIL,ST,POLYSIL IRRIGATION SYST L,L
PRECISION,SM,PRECISION METALIKS LTD,L
PRUDMOULI,EQ,PRUDENTIAL SUGAR CORPORAT,L
QVCEL,SM,QVC EXPORTS LIMITED,L
RAJRILTD,BE,RAJ RAYON INDUSTRIES LTD,L
REXPRO,SM,REXPRO ENTERPRISES LTD,L
RICHA,ST,RICHA INFO SYSTEMS LTD,L
SADBHAV,BE,SADBHAV ENGINEERING LTD,L
SAIFL,SM,SAMEERA AGRO AND INFRA L,L
SANWARIA,BZ,SANWARIA CONSUMER LIMITED,L
SATECH,ST,S A TECH SOFTWARE INDIA L,L
SCML,ST,SHARP CHUCKS N MACHINES L,L
SETUINFRA,BZ,SETUBANDHAN INFRA LTD,L
SEYAIND,BE,SEYA INDUSTRIES LIMITED,L
SHANTHALA,ST,SHANTHALA FMCG PRODUCTS L,L
SHRIKANHA,SM,SHRI KANHA STAINLESS LTD,L
SHYAMDHANI,ST,SHYAM DHANI INDUSTRIES L,L
SIMBHALS,BZ,SIMBHAOLI SUGARS LTD.,L
SOCL,ST,SUNDREX OIL COMPANY LTD,L
SPCENET,BE,SPACENET ENTERS IND LTD,L
STALLION,BE,STALLION IND FLUOROCHEM L,L
SVPGLOB,BE,SVP GLOBAL TEXTILES LTD,L
SYSTMTXC,EQ,SYSTEMATIX CORP SERVICE L,L
TEMBO,EQ,TEMBO GLOBAL IND LTD,L
TRU,EQ,TRUCAP FINANCE LIMITED,L
TVVISION,BE,TV VISION LIMITED,L
UNITEDPOLY,BE,UNITED POLYFAB GUJ. LTD.,L
VERITAAS,SM,VERITAAS ADVERTISING LTD,L
VINEET-RE,BE,VINEET LABORATORIES LTD,L
VISASTEEL,BE,VISA STEEL LIMITED,L
VIVIMEDLAB,EQ,VIVIMED LABS LIMITED,L
WAAREEINDO,BE,INDOSOLAR LIMITED,L
