SECURITY,NEW,PREVIOUS,NEW_STATUS
ACCRETION PHARMA LIMITED      ,102.50,102.00,H
AONEAMC - AONETMMQ50          ,10.25,10.10,H
ARFIN INDIA LIMITED           ,60.40,59.28,H
AXISAMC - AXISBNKETF          ,617.30,615.66,H
CHOICEAMC - CHOICEGOLD        ,127.95,126.95,H
CONNPLEX CINEMAS LIMITED      ,266.90,261.85,H
CUMMINS INDIA LTD             ,4553.20,4518.60,H
DSPAMC - DSPBANKETF           ,61.25,61.09,H
DSPAMC - MSCIADD              ,33.82,30.75,H
EDELAMC - EBANKNIFTY          ,62.10,60.95,H
GROWWAMC - GROWWNXT50         ,72.25,71.46,H
HDFCAMC HDFCPSUBK             ,88.56,87.49,H
HERO MOTOCORP LIMITED         ,6333.50,6246.25,H
ICICIPRAMC-ICICIFIN           ,33.14,33.11,H
INDOWIND ENERGY LTD           ,2.30,2.58,H
KOTAKMAMC - QUALITY30         ,22.09,21.97,H
LENSKART SOLUTIONS LTD        ,448.80,438.85,H
LUMAX AUTO TECH LTD           ,1584.00,1542.00,H
LUMAX INDUSTRIES LTD          ,5789.50,5788.00,H
M.V.K. AGRO FOOD PROD LTD     ,767.30,752.30,H
MAHINDRA & MAHINDRA LTD       ,3795.00,3781.00,H
MANGALAM WORLDWIDE LTD        ,269.50,266.80,H
MEGA FLEX PLASTICS LTD        ,104.00,101.50,H
MIRAEAMC - BANKETF            ,610.16,607.46,H
MIRAEAMC - MAN50ETF           ,285.23,284.37,H
MOTILALAMC - MOSERVICE        ,35.37,34.50,H
MOTILALAMC - MOVALUE          ,117.23,117.00,H
MUTHOOT FINANCE LIMITED       ,3833.00,3773.90,H
PAUSHAK LIMITED               ,625.00,619.25,H
POLYSIL IRRIGATION SYST L     ,349.85,343.00,H
RENOL POLYCHEM LIMITED        ,152.25,147.00,H
SBIAMC - SBIETFPB             ,299.88,295.26,H
SHREEJI SHIPPING GLOBAL L     ,335.75,333.90,H
SUNLITE RECYCLING IND LTD     ,303.90,289.45,H
SWAN DEFENCE N HEVY IND L     ,1142.20,1087.85,H
TANKUP ENGINEERS LIMITED      ,740.60,726.10,H
TATA MOTORS LIMITED           ,365.00,359.90,H
TATAAML - NETF                ,292.00,285.70,H
TATAAML - NPBET               ,302.90,299.68,H
UTIAMC - UTISENSETF           ,952.48,949.98,H
ADVENT HOTELS INTERNATI L     ,217.96,221.00,L
AERON COMPOSITE LIMITED       ,95.40,99.00,L
ARISINFRA SOLUTIONS LTD       ,131.69,136.00,L
BRIGADE HOTEL VENTURE LTD     ,77.00,77.39,L
CAPITAL TRUST LIMITED         ,12.81,13.02,L
CLASSIC ELECTRODE (IND) L     ,78.60,80.10,L
CURIS LIFESCIENCES LTD        ,125.00,126.20,L
DJ MEDIAPRINT & LOG LTD       ,60.27,66.98,L
DSPAMC - MSCIADD              ,30.66,30.75,L
EDELAMC - ENIFTY              ,26.07,26.10,L
EDELAMC - ESENSEX             ,85.10,85.47,L
ELLENBARRIE INDUS GASES L     ,382.95,388.00,L
EXCELSOFT TECHNOLOGIES L      ,107.06,117.60,L
EXICOM TELE SYSTEMS LTD       ,108.20,108.46,L
FILATEX FASHIONS LIMITED      ,0.37,0.38,L
FUJIYAMA POWER SYSTEMS L      ,203.63,204.70,L
GALAXY MEDICARE LIMITED       ,18.10,18.75,L
GEM AROMATICS LIMITED         ,164.00,167.50,L
GLOBALE TESSILE LIMITED       ,11.20,11.51,L
GLOTTIS LIMITED               ,63.65,65.65,L
GO FASHION INDIA LTD          ,505.00,510.60,L
HRH NEXT SERVICES LIMITED     ,26.60,26.80,L
IDENTICAL BRAINS STUDIO L     ,25.00,26.00,L
INDOGULF CROPSCIENCES LTD     ,86.10,87.90,L
INDOWIND ENERGY LTD           ,1.54,2.58,L
INSPIRE FILMS LIMITED         ,11.55,11.60,L
JNK INDIA LIMITED             ,243.00,245.65,L
JSW CEMENT LIMITED            ,113.40,114.51,L
KALPATARU LIMITED             ,336.85,344.95,L
KSHITIJ POLYLINE LIMITED      ,2.10,2.32,L
KSR FOOTWEAR LIMITED          ,29.12,30.66,L
LAXMI DENTAL LIMITED          ,269.40,275.10,L
LOYAL TEXTILE MILLS LTD       ,210.00,210.41,L
MAGELLANIC CLOUD LIMITED      ,26.93,29.93,L
MANGAL ELECTRICAL IND L       ,379.70,396.55,L
MODIS NAVNIRMAN LTD           ,355.00,360.00,L
MOVING MEDIA ENTER LTD        ,44.50,45.50,L
MUSIC BROADCAST LIMITED       ,6.02,6.51,L
NAZARA TECHNOLOGIES LTD       ,241.55,251.10,L
NEELAM LINENS & GAR (I) L     ,13.05,13.70,L
OPTIVALUE TEK CONSULT LTD     ,82.80,83.00,L
ORKLA INDIA LIMITED           ,625.80,642.00,L
OSWAL PUMPS LIMITED           ,531.70,547.15,L
PAUSHAK LIMITED               ,580.00,619.25,L
PICTUREPOST STUDIOS LTD       ,9.35,10.00,L
QUICKTOUCH TECHNOLOGIES L     ,27.15,28.00,L
R K SWAMY LIMITED             ,117.93,119.01,L
REVATHI EQUIPMENT INDIA L     ,762.00,768.35,L
SAATVIK GREEN ENERGY LTD      ,399.10,400.95,L
SAHAJ FASHIONS LIMITED        ,6.45,6.75,L
SALASAR EXTERIOR CONT LTD     ,4.65,4.90,L
SARASWATI SAREE DEPOT LTD     ,79.52,80.01,L
SHANTI GOLD INTERNATION L     ,195.00,195.42,L
SHEETAL COOL PRODUCTS LTD     ,200.70,202.81,L
SHILCHAR TECHNOLOGIES LTD     ,4045.00,4055.00,L
SHIVALIK RASAYAN LIMITED      ,395.50,395.80,L
SIKKO INDUSTRIES LIMITED      ,10.40,10.72,L
SITI NETWORKS LIMITED         ,0.34,0.35,L
SPECTRUM TALENT MGMT LTD      ,70.25,73.55,L
SRI LOTUS DEVLPRS N RTY L     ,165.00,166.00,L
STUDIO LSD LIMITED            ,13.00,13.55,L
SUDEEP PHARMA LIMITED         ,715.75,725.00,L
SULA VINEYARDS LIMITED        ,232.00,232.05,L
SUUMAYA INDUSTRIES LTD        ,1.61,1.63,L
TRACXN TECHNOLOGIES LTD       ,44.56,45.06,L
TROM INDUSTRIES LIMITED       ,80.00,81.75,L
TRUALT BIOENERGY LIMITED      ,398.55,401.85,L
UDAYSHIVAKUMAR INFRA LTD      ,23.50,23.51,L
UNILEX COLOURS AND CHEM L     ,34.00,35.00,L
UPDATER SERVICES LIMITED      ,180.00,183.95,L
USHA FINANCIAL SERVICES L     ,37.55,38.00,L
VIKRAM SOLAR LIMITED          ,257.00,261.00,L
VMS TMT LIMITED               ,59.85,60.60,L
WEWORK INDIA MANAGEMENT L     ,580.65,590.50,L
ZEAL GLOBAL SERVICES LTD      ,98.30,99.15,L
