SYMBOL,SERIES,SECURITY,HIGH/LOW
105UCL2026,NB,SEC RE NCD 10.5% SR IV,H
21STCENMGM,EQ,21ST CENTURY MGMT SERVICE,H
A2ZINFRA,BE,A2Z INFRA ENGINEERING LTD,H
ACCENTMIC,ST,ACCENT MICROCELL LIMITED,H
AGUL,SM,A G UNIVERSAL LIMITED,H
AILIMITED,SM,ABHISHEK INTEGRATIONS LTD,H
ALPSINDUS,BE,ALPS INDUSTRIES LTD.,H
ANIKINDS,EQ,ANIK INDUSTRIES LTD,H
ANONDITA,ST,ANONDITA MEDICARE LIMITED,H
ANSALAPI,BZ,ANSAL PROP & INFRA LTD,H
BCONCEPTS,BE,BRAND CONCEPTS LIMITED,H
BGRENERGY,BE,BGR ENERGY SYSTEMS LTD,H
BHARATGEAR,BE,BHARAT GEARS LTD,H
BHARATSE,EQ,BHARAT SEATS LIMITED,H
BLUECOAST,BE,BLUE COAST HOTELS LIMITED,H
C2C,ST,C2C ADVANCED SYSTEMS LTD,H
CCCL,EQ,CONS. CONST. CONSORT LTD,H
CEREBRAINT,BZ,CEREBRA INT TECH LTD,H
COMMITTED,ST,COMMITTED CARGO CARE LTD,H
COMPINFO,BZ,COMPUAGE INFOCOM LTD,H
CTE,EQ,CAMBRIDGE TECH ENTER LTD,H
EFORCE,SM,ELECTRO FORCE (INDIA) LTD,H
EMKAY,BE,EMKAY GLOBAL FIN SERV LTD,H
EQUIPPP,BE,EQUIPPP SOC IMP TECH LTD,H
EXCEL,BE,EXCEL REALTY N INFRA LTD,H
FALCONTECH,ST,FALCON TECHNOPROJ IND LTD,H
FEL,BZ,FUTURE ENTERPRISES LTD,H
FELDVR,BZ,FUTURE ENTERPRISES LTD,H
GATECHDVR,BE,GACM TECHNOLOGIES LIMITED,H
GAYAHWS,BE,GAYATRI HIGHWAYS LIMITED,H
GLOBALVECT,EQ,GLOBAL VEC HELICORP LTD,H
GODAVARIB,EQ,GODAVARI BIOREFINERIES L,H
GODHA,EQ,GODHA CABCON INSULAT LTD,H
GOENKA,BZ,GOENKA DIAMOND&JEWELS LTD,H
GSTL,SM,GLOBESECURE TECHNO LTD,H
GTECJAINX,EQ,G-TEC JAINX EDUCATION LTD,H
GUJAPOLLO,BE,GUJ. APOLLO IND. LTD.,H
GUJRAFFIA,EQ,GUJARAT RAFFIA INDUST LTD,H
HNGSNGBEES,EQ,NIP IND ETF HANGSENG BEES,H
HPTL,ST,HP TELECOM INDIA LIMITED,H
HRHNEXT,SM,HRH NEXT SERVICES LIMITED,H
HYBRIDFIN,EQ,HYBRID FINANCIAL SERVICE,H
ICDSLTD,BE,ICDSLTD,H
IDEALTECHO,ST,IDEAL TECHNOPLAST IND LTD,H
IEL,BE,INDIABULLS ENT LTD,H
INDOTHAI,BE,INDO THAI SEC LTD,H
KONSTELEC,SM,KONSTELEC ENGINEERS LTD,H
MAFANG,EQ,MIRAEAMC - MAFANG,H
MAHKTECH,EQ,MIRAEAMC - MAHKTECH,H
MASKINVEST,EQ,MASK INVESTMENTS LIMITED,H
MASPTOP50,EQ,MIRAEAMC - MASPTOP50,H
MCLEODRUSS,BE,MCLEOD RUSSEL INDIA LTD.,H
MCON,SM,MCON RASAYAN INDIA LTD,H
MEGAFLEX,SM,MEGA FLEX PLASTICS LTD,H
MEP,BZ,MEP INFRA. DEVELOPERS LTD,H
MIRCELECTR,BE,MIRCELECTR-DEPO,H
MONQ50,EQ,MOTILALAMC - MONQ50,H
MORARJEE,BZ,MORARJEE TEXTILES LIMITED,H
MOXSH,SM,MOXSH OVERSEAS EDUCON LTD,H
NELCAST,EQ,NELCAST LIMITED,H
NILASPACES,BE,NILA SPACES LIMITED,H
NOIDATOLL,EQ,NOIDA TOLL BRIDGE CO LTD,H
OLAELEC,BE,OLA ELECTRIC MOBILITY LTD,H
ORTEL,BZ,ORTEL COMMUNICATIONS LTD,H
OSIAHYPER,BE,OSIA HYPER RETAIL LIMITED,H
PRAXIS,BE,PRAXIS HOME RETAIL LTD,H
PREMIER,BE,PREMIER LIMITED,H
QUADPRO,SM,QUADPRO ITES LIMITED,H
RCOM,BE,RELIANCE COMMUNICATIONS L,H
READYMIX,ST,READYMIX CONSTRU MACHI L,H
RELIABLE,BE,RELIABLE DATA SERVICE LTD,H
RICHA,SM,RICHA INFO SYSTEMS LTD,H
RISHABH,BE,RISHABH INSTRUMENTS LTD,H
SALSTEEL,BE,S.A.L. STEEL LTD.,H
SAMBHAAV,EQ,SAMBHAAV MEDIA LTD,H
SANWARIA,BZ,SANWARIA CONSUMER LIMITED,H
SATIPOLY,SM,SATI POLY PLAST LIMITED,H
SELMC,EQ,SEL MANUFACTURING CO LTD,H
SETUINFRA,BZ,SETUBANDHAN INFRA LTD,H
SHAREINDIA,EQ,SHARE IND. SECURITIES LTD,H
SITINET,BZ,SITI NETWORKS LIMITED,H
SOMATEX,BE,SOMA TEXTILEI NDUSTRIES L,H
SPCENET,BE,SPACENET ENTERS IND LTD,H
SRPL,BZ,SHREE RAM PROTEINS LTD.,H
STALLION,EQ,STALLION IND FLUOROCHEM L,H
SUBAHOTELS,ST,SUBA HOTELS LIMITED,H
SUMEETINDS,BE,SUMEET IND LIMITED,H
SUNDARAM,EQ,SUNDARAM MULTI PAP LTD,H
TAC,ST,TAC INFOSEC LIMITED,H
TAKE,BE,TAKE SOLUTIONS LTD,H
TARAPUR,EQ,TARAPUR TRANSFORMERS LTD,H
TNTELE,EQ,TAMILNADU TELECOMMUNICATI,H
VEEKAYEM,SM,VEEKAYEM FASH & APP LTD,H
VELS,SM,VELS FILM INTERNATIONAL L,H
VIJAYPD,ST,VIJAYPD CEUTICAL LIMITED,H
VILINBIO,SM,VILIN BIO MED LIMITED,H
VISASTEEL,BE,VISA STEEL LIMITED,H
ZENITHSTL,BE,ZENITH STEEL PIP IND LTD,H
1035UCL26,NA,SEC RE NCD 10.35% SR III,L
A2ZINFRA,BE,A2Z INFRA ENGINEERING LTD,L
ABHAPOWER,ST,ABHA POWER N STEEL LTD,L
ACCORD,SM,ACCORD SYNERGY LIMITED,L
ANSALAPI,BZ,ANSAL PROP & INFRA LTD,L
ATLANTAA,BE,ATLANTAA LIMITED,L
AXISCADES,BE,AXISCADES TECH LTD,L
BOSS,SM,BOSS PACKAGING SOLU LTD,L
CBAZAAR,SM,NET AVENUE TECHNOLOGIES L,L
CENTEXT,BE,CENTURY EXTRUSIONS LTD,L
CHANDAN,ST,CHANDAN HEALTHCARE LTD,L
COOLCAP-RE,ST,COOL CAPS INDUSTRIES LTD,L
DESTINY,SM,DESTINY LOGISTICS & I LTD,L
DHARAN,BZ,DHARAN INFRA-EPC LIMITED,L
EXCEL,BE,EXCEL REALTY N INFRA LTD,L
FEL,BZ,FUTURE ENTERPRISES LTD,L
FLFL,BZ,FUT LIFESTYLE FASH LTD,L
FSC,BZ,FUTURE SUPP CHAIN SOL LTD,L
GATECH,EQ,GACM TECHNOLOGIES LIMITED,L
GIRIRAJ,SM,GIRIRAJ CIVIL DEVP LTD,L
GMBREW,EQ,G M BREWERIES LTD,L
GURUNANAK,SM,GURUNANAK AGRICULTUR IN L,L
INDOTHAI,BE,INDO THAI SEC LTD,L
ISHAN,SM,ISHAN INTERNATIONAL LTD,L
ISHANCH,BE,ISHAN DYES N CHEMICALS L,L
IZMO,BE,IZMO LIMITED,L
JAINIK,ST,JAINIK POWER CABLES LTD,L
KAVDEFENCE,BE,KAVVERI DFS & WIR TEC LTD,L
KCK,ST,KCK INDUSTRIES LTD,L
LCCINFOTEC,EQ,LCC INFOTECH LTD,L
LGHL,EQ,LAXMI GOLDORNA HOUSE LTD,L
MADHUCON,EQ,MADHUCON PROJECTS LTD.,L
MPEL,ST,MANAS POLYMER N ENERGIE L,L
MUNISH,ST,MUNISH FORGE LIMITED,L
MYMUDRA,ST,MY MUDRA FINCORP LIMITED,L
NAGREEKCAP,BE,NAGREEKA CAP & INFR.LTD,L
NIRMAN,SM,NIRMAN AGRI GENTICS LTD,L
NOIDATOLL,EQ,NOIDA TOLL BRIDGE CO LTD,L
OMKARCHEM,BZ,OMKAR SPL CHEM LTD,L
ORCHASP,BE,ORCHASP LIMITED,L
PALREDTEC,BE,PALRED TECHNOLOGIES LTD,L
PRECISION,SM,PRECISION METALIKS LTD,L
PSRAJ,ST,P S RAJ STEELS LIMITED,L
RAJRILTD,BE,RAJ RAYON INDUSTRIES LTD,L
SADHNANIQ,BE,SADHANA NITROCHEM LIMITED,L
SAIFL,SM,SAMEERA AGRO AND INFRA L,L
SANGANI,SM,SANGANI HOSPITALS LIMITED,L
SAROJA,ST,SAROJA PHARMA INDUS IND L,L
SETUINFRA,BZ,SETUBANDHAN INFRA LTD,L
SPCENET,BE,SPACENET ENTERS IND LTD,L
TAURIAN,ST,TAURIAN MPS LIMITED,L
TECHD,ST,TECHD CYBERSECURITY LTD,L
TGL,SM,TEERTH GOPICON LIMITED,L
THESL,SM,THINKING HATS ENTER SOL L,L
TIMESCAN,SM,TIMESCAN LOGISTICS IND L,L
URAVIDEF,EQ,URAVI DEFENCE &TECH LTD,L
USASEEDS,ST,UPSURGE SEEDS OF AGRI LTD,L
V2RETAIL,EQ,V2 RETAIL LIMITED,L
VIAZ,ST,VIAZ TYRES LIMITED,L
VLEGOV,EQ,VL E GOV AND IT SOL LTD,L
VSCL,SM,VADIVARHE SPCLTY CHEM LTD,L
WEWIN,BE,WE WIN LIMITED,L
