SECURITY,NEW,PREVIOUS,NEW_STATUS
AAREY DRUGS & PHARM LTD       ,88.58,86.85,H
ANAND RATHI SH N STK BR L     ,497.90,478.10,H
ANANTAM HIGHWAYS TRUST        ,113.00,100.00,H
ANB METAL CAST LIMITED        ,304.40,298.75,H
ASAHI INDIA GLASS LIMITED     ,951.00,933.00,H
ATHER ENERGY LIMITED          ,694.90,679.00,H
ATLANTA ELECTRICALS LTD       ,1057.00,1040.00,H
AVI ANSH TEXTILE LIMITED      ,118.00,115.00,H
AXISAMC - AXISBNKETF          ,590.41,589.90,H
B.A.G.CONVERGENCE LIMITED     ,106.90,106.05,H
BARODABNP - BBNPPGOLD         ,126.60,125.85,H
BHARAT SEATS LIMITED          ,234.77,225.79,H
CANARA ROBECO AMC LIMITED     ,318.00,266.00,H
DR AGARWALS HEALTH CARE L     ,568.00,543.20,H
DSPAMC - DSPGOLDETF           ,124.68,124.55,H
DSPAMC - DSPN50ETF            ,300.00,278.30,H
DSPAMC - FLEXIADD             ,11.90,10.46,H
ETERNAL LIMITED               ,368.45,355.90,H
GK ENERGY LIMITED             ,222.00,203.52,H
GUJARAT THEMIS BIOSYN LTD     ,438.00,435.00,H
HDFC AMC LIMITED              ,5934.50,5927.50,H
HEALTHCARE GLOB. ENT. LTD     ,718.00,708.00,H
IFB AGRO INDUSTRIES LTD       ,1060.00,1049.80,H
INDIAN BANK                   ,805.95,787.85,H
INOX GREEN ENERGY SER LTD     ,264.00,261.72,H
INTERIORS & MORE LIMITED      ,680.00,651.25,H
KOTAKMAMC - NIFTY100EW        ,34.71,34.58,H
L&T FINANCE LIMITED           ,273.57,272.19,H
LE TRAVENUES TECHNOLOGY L     ,339.15,331.30,H
LIC MF - LIC GOLD ETF         ,11750.00,11699.95,H
M.V.K. AGRO FOOD PROD LTD     ,569.85,558.70,H
MACOBS TECHNOLOGIES LTD       ,215.00,214.50,H
MINDSPACE BUSINESS P REIT     ,471.00,469.99,H
MIRAEAMC - BANKETF            ,583.59,582.81,H
MIRAEAMC - BANKPSU            ,78.01,77.92,H
MONEYBOXX FINANCE LIMITED     ,175.00,170.12,H
MOTILALAMC - MOENERGY         ,35.55,35.33,H
MOTILALAMC - MONIFTY100       ,26.27,25.91,H
ONECLICK LOGISTICS IND L      ,295.00,294.90,H
ORCHASP LIMITED               ,4.16,4.08,H
PASHUPATI COTSPIN LIMITED     ,753.05,738.00,H
POLYSIL IRRIGATION SYST L     ,289.05,285.95,H
PRIME CABLE INDUSTRIES L      ,94.95,91.00,H
PRIVI SPECIALITY CHE LTD      ,2744.00,2660.00,H
RHETAN TMT LIMITED            ,22.74,22.55,H
RUBICON RESEARCH LIMITED      ,639.00,485.00,H
SENORES PHARMACEUTICALS L     ,755.50,751.20,H
STALLION IND FLUOROCHEM L     ,414.60,394.90,H
SYSTEMATIX CORP SERVICE L     ,162.49,154.19,H
TATA CAPITAL LIMITED          ,336.00,333.00,H
TATAAML-TATSILV               ,18.33,17.71,H
TECHERA ENGINEER (IND) L      ,304.00,301.55,H
TVS MOTOR COMPANY  LTD        ,3629.70,3602.70,H
UNIONAMC - UNIONGOLD          ,132.00,126.70,H
VIJAYPD CEUTICAL LIMITED      ,46.20,44.95,H
VISA STEEL LIMITED            ,70.18,66.84,H
WAAREE RENEWABLE TECH LTD     ,1338.00,1326.60,H
WEWORK INDIA MANAGEMENT L     ,655.00,650.15,H
ZERODHAAMC - LTGILTCASE       ,30.55,30.45,H
ACCURACY SHIPPING LIMITED     ,6.39,6.42,L
ANANTAM HIGHWAYS TRUST        ,103.00,100.00,L
CANARA ROBECO AMC LIMITED     ,280.25,266.00,L
CAPITAL TRUST LIMITED         ,28.90,29.35,L
CHEMBOND CHEMICAL LIMITED     ,150.70,151.10,L
COOL CAPS INDUSTRIES LTD      ,2.15,2.25,L
DCG CABLES & WIRES LTD        ,55.00,57.15,L
DEV ACCELERATOR LIMITED       ,42.91,44.30,L
DEV INFO TECHNOLOGY LTD       ,38.10,38.45,L
DSPAMC - FLEXIADD             ,10.50,10.46,L
EPPELTONE ENGINEERS LTD       ,166.00,180.00,L
GOYAL ALUMINIUMS LIMITED      ,6.96,6.98,L
GURUNANAK AGRICULTUR IN L     ,32.35,35.95,L
INDO US BIOTECH LTD           ,123.26,128.00,L
KALANA ISPAT LIMITED          ,29.50,29.80,L
KAYTEX FABRICS LIMITED        ,77.00,77.35,L
MANAS POLYMER N ENERGIE L     ,105.55,111.10,L
MARKOLINES PAVEMENT TEC L     ,165.96,175.10,L
MEDISTEP HEALTHCARE LTD       ,28.00,28.25,L
MOS UTILITY LIMITED           ,23.25,26.65,L
MOTILALAMC - MOENERGY         ,35.23,35.33,L
MOTILALAMC - MONIFTY100       ,26.16,25.91,L
NET AVENUE TECHNOLOGIES L     ,3.45,3.55,L
PACE DIGITEK LIMITED          ,202.20,205.02,L
PATIL AUTOMATION LIMITED      ,153.90,155.00,L
PRESSTONIC ENGINEERING L      ,65.20,67.00,L
RUBICON RESEARCH LIMITED      ,587.35,485.00,L
SIDDHI COTSPIN LIMITED        ,39.50,41.10,L
SUNTECH INFRA SOLUTIONS L     ,46.55,48.05,L
TEERTH GOPICON LIMITED        ,45.00,46.20,L
TROM INDUSTRIES LIMITED       ,90.50,90.55,L
UNILEX COLOURS AND CHEM L     ,39.05,40.00,L
UNITED FOODBRANDS LIMITED     ,212.82,217.35,L
UPDATER SERVICES LIMITED      ,225.50,235.00,L
V.L.INFRAPROJECTS LIMITED     ,31.00,32.00,L
VAISHALI PHARMA LIMITED       ,10.20,10.30,L
VISHWAS AGRI SEEDS LTD        ,54.00,55.00,L
VL E GOV AND IT SOL LTD       ,25.36,26.00,L
