SYMBOL,SERIES,SECURITY,HIGH/LOW
667GS2035,GS,GOI LOAN  6.67% 2035,H
971SCL28I,BC,SEC RE NCD 9.71% SR VIII,H
AAATECH,EQ,AAA TECHNOLOGIES LIMITED,H
AAREYDRUGS,EQ,AAREY DRUGS & PHARM LTD,H
ACCORD,SM,ACCORD SYNERGY LIMITED,H
ANSALAPI,BZ,ANSAL PROP & INFRA LTD,H
ARVINDPORT,SM,ARVIND PORT AND INFRA LTD,H
ASCOM,ST,ASCOM LEASIN & INVEST LTD,H
AVROIND,EQ,AVRO INDIA LIMITED,H
BALCO,SM,SOLVE PLASTIC PRODUCTS L,H
BALUFORGE,EQ,BALU FORGE INDUSTRIES LTD,H
BCG,BE,BRIGHTCOM GROUP LIMITED,H
CAPTRUST,EQ,CAPITAL TRUST LIMITED,H
CKKRETAIL,ST,C K K RETAIL MART LIMITED,H
CMRSL,SM,CYBER MEDIA RES & SER LTD,H
DCMSIL,BE,DCM SHRIRAM INTERNATNL L,H
DHARAN,BZ,DHARAN INFRA-EPC LIMITED,H
DIVYADHAN,SM,DIVYADHAN RECYCLING IND L,H
EASTSILK,BE,EASTERN SILK INDUSTRIES L,H
ESFL,SM,ESSEN SPECIALITY FILMS L,H
EXXARO,EQ,EXXARO TILES LIMITED,H
FEL,BZ,FUTURE ENTERPRISES LTD,H
FELDVR,BZ,FUTURE ENTERPRISES LTD,H
FLFL,BZ,FUT LIFESTYLE FASH LTD,H
GJL,SM,GROVER JEWELLS LIMITED,H
GOLDSTAR,SM,GOLDSTAR POWER LIMITED,H
HMT,BZ,HMT LTD -,H
IL&FSENGG,BZ,IL&FS ENG AND CONS CO LTD,H
INDOTHAI,EQ,INDO THAI SEC LTD,H
INFOMEDIA,EQ,INFOMEDIA PRESS LIMITED,H
JFLLIFE,SM,JFL LIFE SCIENCES LIMITED,H
KSR,BE,KSR FOOTWEAR LIMITED,H
LAKPRE,BZ,LAKSHMI PRE SCRE LTD,H
LANCORHOL,BE,LANCOR HOLDINGS LIMITED,H
MAFANG,EQ,MIRAEAMC - MAFANG,H
MAHKTECH,EQ,MIRAEAMC - MAHKTECH,H
MANGALAM,EQ,MANGALAM DRUG & CHEM LTD,H
MASPTOP50,EQ,MIRAEAMC - MASPTOP50,H
MEGAFLEX,ST,MEGA FLEX PLASTICS LTD,H
MEGASTAR,EQ,MEGASTAR FOODS LIMITED,H
NEPHROCARE,SM,NEPHRO CARE INDIA LIMITED,H
ORTEL,BZ,ORTEL COMMUNICATIONS LTD,H
PARAMPARA,SM,PARAMPARA DAIRY DLGHT LTD,H
PLADAINFO,SM,PLADA INFOTECH SERVICES L,H
POLYSIL,ST,POLYSIL IRRIGATION SYST L,H
PREMIER,BE,PREMIER LIMITED,H
PRIZOR,SM,PRIZOR VIZTECH LIMITED,H
RAJRILTD,BE,RAJ RAYON INDUSTRIES LTD,H
ROLLT,BE,ROLLATAINERS LIMITED,H
RUDRA,EQ,RUDRA GLOBAL INFRA PROD L,H
SADBHAV,EQ,SADBHAV ENGINEERING LTD,H
SAMBHAAV,EQ,SAMBHAAV MEDIA LTD,H
SANOFICONR,EQ,SANOFI CONS HEALTHC IND L,H
SETCO,EQ,SETCO AUTOMOTIVE LTD,H
SHIGAN,ST,SHIGAN QUANTUM TECH LTD,H
SHRENIK,BZ,SHRENIK LIMITED,H
SHRIKANHA,SM,SHRI KANHA STAINLESS LTD,H
SICAL-RE,BE,SICAL LOGISTICS LTD,H
SIKKO,EQ,SIKKO INDUSTRIES LIMITED,H
SILKFLEX,SM,SILKFLEX POLYMERS INDIA L,H
SITINET,BZ,SITI NETWORKS LIMITED,H
SMVD,ST,SMVD POLY PACK LIMITED,H
SUMEETINDS,EQ,SUMEET IND LIMITED,H
SUPREMEENG,BZ,SUPREME ENGINEERING LTD,H
SYNOPTICS,SM,SYNOPTICS TECHNOLOGIES L,H
TARMAT,EQ,TARMAT LIMITED,H
TCIFINANCE,BE,TCIFINANCELTD-ROLL SETT,H
TECHLABS,SM,TRIDENT TECHLABS LIMITED,H
TEJASNET,EQ,TEJAS NETWORKS LIMITED,H
TPHQ,EQ,TEAMO PRODUCTIONS HQ LTD,H
TRU,EQ,TRUCAP FINANCE LIMITED,H
UNITEDPOLY,EQ,UNITED POLYFAB GUJ. LTD.,H
UNIVPHOTO,BE,UNIVERSUS IMAGINGS LTD,H
VIPULLTD,BE,VIPUL LIMITED,H
VITAL,SM,VITAL CHEMTECH LIMITED,H
VSCL,SM,VADIVARHE SPCLTY CHEM LTD,H
WANBURY,BE,WANBURY LIMITED,H
WINSOME,BZ,WINSOME YARNS LIMITED,H
XTGLOBAL,EQ,XTGLOBAL INFOTECH LIMITED,H
ZENITHSTL,EQ,ZENITH STEEL PIP IND LTD,H
AQYLON,EQ,AQYLON NEXUS LIMITED,L
ASPIRE,SM,ASPIRE & INNOVATIVE ADV L,L
AURIGROW,BE,AURI GROW INDIA LIMITED,L
AXITA,BE,AXITA COTTON LIMITED,L
BALCO,SM,SOLVE PLASTIC PRODUCTS L,L
BLUECOAST,EQ,BLUE COAST HOTELS LIMITED,L
BLUEPEBBLE,ST,BLUE PEBBLE LIMITED,L
BOHRAIND,BE,BOHRA INDUSTRIES LIMITED,L
BOSS,SM,BOSS PACKAGING SOLU LTD,L
COOLCAPS,SM,COOL CAPS INDUSTRIES LTD,L
CPS,ST,C P S SHAPERS LIMITED,L
DENEERS,ST,DE NEERS TOOLS LIMITED,L
DIRL,SM,DHANUKA INFRA REALTY LTD,L
DSFCL,BE,DCM SHRIRAM FINE CHEM LTD,L
DURLAX-RE,ST,DURLAX TOP SURFACE L,L
ESCONET,SM,ESCONET TECHNOLOGIES LTD,L
FELDVR,BZ,FUTURE ENTERPRISES LTD,L
GJL,SM,GROVER JEWELLS LIMITED,L
GLFL,BE,GUJARAT LEASE FINANCING L,L
GML,ST,GALAXY MEDICARE LIMITED,L
GRAPHISAD,ST,GRAPHISADS LIMITED,L
GSLSU,EQ,GLOBAL SURFACES LIMITED,L
GVKPIL,BE,GVK POW. & INFRA LTD.,L
HALDER,EQ,HALDER VENTURE LIMITED,L
IFBAGRO,EQ,IFB AGRO INDUSTRIES LTD,L
JALAN,SM,JALAN TRANSOLU. INDIA LTD,L
KORE,SM,JAY JALARAM TECHNO LTD,L
KSHITIJPOL,BE,KSHITIJ POLYLINE LIMITED,L
KSR,BE,KSR FOOTWEAR LIMITED,L
LANCORHOL,BE,LANCOR HOLDINGS LIMITED,L
LAXMICOT,BE,LAXMI COTSPIN LIMITED,L
LRRPL,SM,LEAD REC AND RUB PROD LTD,L
MADHUCON,EQ,MADHUCON PROJECTS LTD.,L
MANOMAY,BE,MANOMAY TEX INDIA LTD,L
MARINETRAN,ST,MARINETRANS INDIA LIMITED,L
MAXVOLT,SM,MAXVOLT ENERGY INDUS L,L
MEDIORG,SM,MEDICAMEN ORGANICS LTD,L
MEP,BZ,MEP INFRA. DEVELOPERS LTD,L
MICEL,EQ,MIC ELECTRONICS LTD,L
MIEL,SM,MANGLAM INFRA & ENG LTD,L
MORARJEE,BZ,MORARJEE TEXTILES LIMITED,L
NAVKARURB,EQ,NAVKAR URBANSTRUCTURE LTD,L
NEWJAISA,SM,NEWJAISA TECHNOLOGIES LTD,L
ONECAP-RE,BE,ONELIFE ADVISORS LTD,L
ORTEL,BZ,ORTEL COMMUNICATIONS LTD,L
ORTINGLOBE,BE,ORTIN GLOBAL LIMITED,L
OSIAHYPER,EQ,OSIA HYPER RETAIL LIMITED,L
OWAIS,SM,OWAIS METAL & MINERAL,L
PARAMPARA,SM,PARAMPARA DAIRY DLGHT LTD,L
PERFECT,SZ,PERFECT INFRAENGINEER LTD,L
PRESS-RE,ST,PRESSTONIC ENGINEERING L,L
PRESSTONIC,ST,PRESSTONIC ENGINEERING L,L
PROLIFE,SM,PROLIFE INDUSTRIES LTD,L
PULZ,SM,PULZ ELECTRONICS LIMITED,L
QUESTLAB,ST,QUEST LABORATORIES LTD,L
RAJRILTD,BE,RAJ RAYON INDUSTRIES LTD,L
RCOM,BE,RELIANCE COMMUNICATIONS L,L
RELINFRA,BE,RELIANCE INFRASTRUCTU LTD,L
RMDRIP,EQ,R M DRIP & SPRINK SYS LTD,L
RNBDENIMS,BE,R&B DENIMS LIMITED,L
ROCKINGDCE,ST,ROCKINGDEALS CIRCU ECO L,L
SADHNANIQ,EQ,SADHANA NITROCHEM LIMITED,L
SANCO,BZ,SANCO INDUSTRIES LIMITED,L
SANGANI,SM,SANGANI HOSPITALS LIMITED,L
SANWARIA,BZ,SANWARIA CONSUMER LIMITED,L
SATECH,ST,S A TECH SOFTWARE INDIA L,L
SEJALLTD,EQ,SEJAL GLASS LIMITED,L
SELMC,EQ,SEL MANUFACTURING CO LTD,L
SETUINFRA,BZ,SETUBANDHAN INFRA LTD,L
SEYAIND,BE,SEYA INDUSTRIES LIMITED,L
SICAL-RE,BE,SICAL LOGISTICS LTD,L
SIGMAADV,EQ,SIGMA ADVANCED SYSTEM LTD,L
SIGNORIA,SM,SIGNORIA CREATION LIMITED,L
SILLYMONKS,EQ,SILLY MONKS ENTERTAIN LTD,L
SITINET,BZ,SITI NETWORKS LIMITED,L
SONUINFRA,SM,SONU INFRATECH LIMITED,L
STALLION,EQ,STALLION IND FLUOROCHEM L,L
TAC,SM,TAC INFOSEC LIMITED,L
TERASOFT,EQ,TERA SOFTWARE LIMITED,L
UEL,EQ,UJAAS ENERGY LIMITED,L
VEEKAYEM,SM,VEEKAYEM FASH & APP LTD,L
WINSOME,BZ,WINSOME YARNS LIMITED,L
YUDIZ,ST,YUDIZ SOLUTIONS LIMITED,L
