Datetime,Close,Predicted_Price,Target,Prediction,Was_Correct,Pct_Change,SMA_5,SMA_20,RSI,ATR
2025-07-29 05:15:00+00:00,24621.400390625,24637.44921875,1,1,Success,0.06518243426604953,24634.769921875,24673.92001953125,34.0312431957301,22.692801339285715
2025-07-29 05:20:00+00:00,24637.44921875,24645.25,1,1,Success,0.03166229255609514,24635.6796875,24672.09501953125,36.12760916496737,22.389090401785715
2025-07-29 05:25:00+00:00,24645.25,24647.150390624996,1,1,Success,0.007710981325001775,24636.88984375,24670.07255859375,39.6021699550412,22.403459821428573
2025-07-29 05:30:00+00:00,24647.150390625,24643.55078125,1,0,Fail,0.014604566117993009,24638.769921875,24669.24755859375,28.18417199121646,20.982142857142858
2025-07-29 05:35:00+00:00,24650.75,24658.599609375,1,1,Success,0.031843288236666226,24640.4,24666.2650390625,34.653069611892676,20.092912946428573
2025-07-29 05:40:00+00:00,24658.599609375,24629.599609375,1,0,Fail,0.11760602978027362,24647.83984375,24664.375,32.81239641107629,19.746512276785715
2025-07-29 05:45:00+00:00,24687.599609375,24677.69921875,1,0,Fail,0.04010268629454106,24657.869921875,24664.5224609375,45.823449738094894,21.014369419642858
2025-07-29 05:50:00+00:00,24697.5,24683.650390625,0,0,Success,-0.05607696882275534,24668.319921875,24664.6875,61.63897775115518,19.975027901785715
2025-07-29 05:55:00+00:00,24683.650390625,24665.55078125,1,0,Fail,0.07332630744873271,24675.619921875,24664.4625,58.59644514723954,19.857003348214285
2025-07-29 06:00:00+00:00,24701.75,24692.19921875,0,0,Success,-0.03866439118685923,24685.819921875,24663.40751953125,64.731296298395,20.610630580357142
2025-07-29 06:05:00+00:00,24692.19921875,24675.30078125,0,0,Success,-0.06843634036116227,24692.53984375,24663.15498046875,69.5839514289134,19.389229910714285
2025-07-29 06:10:00+00:00,24675.30078125,24675.001953125,1,0,Fail,0.0012110414687510932,24690.080078125,24661.45751953125,61.14272618959381,19.757114955357142
2025-07-29 06:15:00+00:00,24675.599609375,24676.849609375,0,1,Fail,-0.005065733030961839,24685.7,24660.1525390625,61.765812970658345,19.864118303571427
2025-07-29 06:20:00+00:00,24674.349609375,24675.44921875,0,1,Fail,-0.004456487779447707,24683.83984375,24660.64248046875,60.09564023962668,20.607003348214285
2025-07-29 06:25:00+00:00,24673.25,24664.900390625,0,0,Success,-0.0338407359184542,24678.13984375,24661.40244140625,68.90300339026521,19.253627232142858
2025-07-29 06:30:00+00:00,24664.900390625,24642.30078125,1,0,Fail,0.09162659900134847,24672.680078125,24661.957421875,60.603225789579504,18.810965401785715
2025-07-29 06:35:00+00:00,24687.5,24679.94921875,1,0,Fail,0.030585443037974686,24675.119921875,24664.68740234375,64.64511056092071,18.593052455357142
2025-07-29 06:40:00+00:00,24695.05078125,24688.201171875,1,0,Fail,0.027736769750644305,24679.01015625,24667.47998046875,65.97782317576855,18.589425223214285
2025-07-29 06:45:00+00:00,24701.900390625,24692.05078125,0,0,Success,-0.03987389317923967,24684.5203125,24670.6875,66.69982521864225,18.4501953125
2025-07-29 06:50:00+00:00,24692.05078125,24687.451171875,1,0,Fail,0.01862789533258505,24688.28046875,24673.16005859375,60.78051231375657,18.557338169642858
2025-07-29 06:55:00+00:00,24696.650390625,24696.1015625,1,0,Fail,0.00222227758145023,24694.63046875,24676.92255859375,53.4612051651863,17.064453125
2025-07-29 07:00:00+00:00,24697.19921875,24689.998046875,1,0,Fail,0.029157848269421995,24696.5703125,24679.91005859375,49.87611411051389,15.9609375
2025-07-29 07:05:00+00:00,24704.400390625,24697.94921875,0,0,Success,-0.02611345255498748,24698.440234375,24682.867578125,59.04170205562368,15.871791294642858
2025-07-29 07:10:00+00:00,24697.94921875,24694.048828125,1,0,Fail,0.015792366363920333,24697.65,24685.40751953125,48.156708152694414,16.693359375
2025-07-29 07:15:00+00:00,24701.849609375,24693.099609375,1,0,Fail,0.03542244867639039,24699.609765625,24687.9625,54.9515963373834,16.475446428571427
2025-07-29 07:20:00+00:00,24710.599609375,24708.55078125,0,0,Success,-0.008291292633071887,24702.399609375,24690.5625,69.76444073837591,15.8896484375
2025-07-29 07:25:00+00:00,24708.55078125,24708.25,0,0,Success,-0.001217316436981188,24704.669921875,24691.61005859375,68.09532992511159,15.343191964285714
2025-07-29 07:30:00+00:00,24708.25,24688.5,1,0,Fail,0.0799328159622798,24705.43984375,24692.14755859375,68.8127288605819,14.603934151785714
2025-07-29 07:35:00+00:00,24728.0,24721.30078125,1,0,Fail,0.027091631955677774,24711.45,24694.3650390625,75.17241369632977,15.525251116071429
2025-07-29 07:40:00+00:00,24734.69921875,24733.650390625,0,0,Success,-0.004240310810834287,24718.019921875,24696.0125,82.58593952913722,15.821568080357142
2025-07-29 07:45:00+00:00,24733.650390625,24728.80078125,0,0,Success,-0.01960733372716462,24722.630078125,24698.08505859375,76.97312834142065,14.825055803571429
2025-07-29 07:50:00+00:00,24728.80078125,24722.65234375,1,0,Fail,0.024863468125239215,24726.680078125,24700.76005859375,70.36871127719296,14.79296875
2025-07-29 07:55:00+00:00,24734.94921875,24709.84765625,1,0,Fail,0.10148216710698597,24732.019921875,24703.7275390625,70.11578960446278,14.475027901785714
2025-07-29 08:00:00+00:00,24760.05078125,24758.400390625,0,0,Success,-0.006665538126641439,24738.430078125,24708.01259765625,84.90815741384823,15.542829241071429
2025-07-29 08:05:00+00:00,24758.400390625,24757.951171875,1,0,Fail,0.0018144094243265445,24743.1703125,24712.2701171875,82.68952384451,16.446428571428573
2025-07-29 08:10:00+00:00,24758.849609375,24743.0,1,0,Fail,0.06401593622103713,24748.21015625,24716.967578125,82.671248350635,16.539202008928573
2025-07-29 08:15:00+00:00,24774.69921875,24754.44921875,1,0,Fail,0.08173661290981238,24757.38984375,24721.3275390625,84.12629172219262,17.021344866071427
2025-07-29 08:20:00+00:00,24794.94921875,24785.0,0,0,Success,-0.04012598962080704,24769.38984375,24726.3224609375,91.52508350233248,16.6748046875
2025-07-29 08:25:00+00:00,24785.0,24767.25,1,0,Fail,0.07161589671172079,24774.3796875,24730.47744140625,83.84342645897425,16.999860491071427
2025-07-29 08:30:00+00:00,24802.75,24796.849609375,0,0,Success,-0.023789259759502475,24783.249609375,24736.01240234375,84.94630018385378,17.878487723214285
2025-07-29 08:35:00+00:00,24796.849609375,24795.349609375,1,0,Fail,0.006049155532374128,24790.849609375,24741.02236328125,82.53522740020259,18.017857142857142
2025-07-29 08:40:00+00:00,24798.349609375,24793.798828125,1,0,Fail,0.01835114562736699,24795.5796875,24746.0798828125,82.90793388676377,18.296456473214285
2025-07-29 08:45:00+00:00,24802.900390625,24791.0,1,0,Fail,0.04797983476762302,24797.169921875,24751.0048828125,80.77324293778065,17.871512276785715
2025-07-29 08:50:00+00:00,24814.80078125,24810.501953125,1,0,Fail,0.017323645524682928,24803.130078125,24756.8474609375,81.56128784943802,18.371512276785715
2025-07-29 08:55:00+00:00,24819.099609375,24808.44921875,0,0,Success,-0.04291207494480175,24806.4,24762.7099609375,82.82760060722309,18.328683035714285
2025-07-29 09:00:00+00:00,24808.44921875,24785.80078125,0,0,Success,-0.0912932416705939,24808.719921875,24767.60244140625,79.2934516322766,18.653599330357142
2025-07-29 09:05:00+00:00,24785.80078125,24791.80078125,1,1,Success,0.024207408317987004,24806.21015625,24771.46494140625,66.67819708433274,20.539341517857142
2025-07-29 09:10:00+00:00,24791.80078125,24773.80078125,0,0,Success,-0.0726046492500592,24803.990234375,24775.64248046875,61.904971080684476,19.482282366071427
2025-07-29 09:15:00+00:00,24773.80078125,24755.6015625,1,0,Fail,0.07346155283437186,24795.790234375,24777.93251953125,55.143844948102156,19.171595982142858
2025-07-29 09:20:00+00:00,24792.0,24790.94921875,1,0,Fail,0.004238388391416586,24790.3703125,24780.79755859375,59.89875538831556,19.885881696428573
2025-07-29 09:25:00+00:00,24793.05078125,24768.30078125,1,0,Fail,0.09982635948423678,24787.290625,24783.767578125,56.011054762080036,19.921595982142858
2025-07-29 09:30:00+00:00,24817.80078125,24823.15234375,0,1,Fail,-0.02156340341019716,24793.690625,24788.217578125,57.27069346128308,21.3251953125
2025-07-29 09:35:00+00:00,24812.44921875,24813.44921875,1,1,Success,0.004030234948528704,24797.8203125,24792.092578125,58.9967479549729,21.214564732142858
2025-07-29 09:40:00+00:00,24813.44921875,24827.55078125,1,1,Success,0.05683031962095908,24805.75,24794.7625,53.93930671844715,20.025251116071427
2025-07-29 09:45:00+00:00,24827.55078125,24840.25,1,1,Success,0.05114970406017886,24812.86015625,24798.22001953125,60.65998447899595,20.446707589285715
2025-07-29 09:50:00+00:00,24840.25,24830.400390625,0,0,Success,-0.039651812582401545,24822.3,24802.2900390625,63.49873520315632,20.875139508928573
2025-07-29 09:55:00+00:00,24830.400390625,24798.3515625,1,0,Fail,0.12907092765648837,24824.819921875,24805.07509765625,58.56697814205996,21.278599330357142
2025-07-30 03:45:00+00:00,24862.44921875,24840.900390625,0,0,Success,-0.08667218557353136,24834.819921875,24808.45009765625,63.18816757633819,24.350027901785715
2025-07-30 03:50:00+00:00,24840.900390625,24848.6015625,0,1,Fail,-0.031001983639475626,24840.31015625,24811.2451171875,55.508073072728884,25.578683035714285
2025-07-30 03:55:00+00:00,24833.19921875,24867.44921875,1,1,Success,0.1379202079373646,24841.43984375,24812.767578125,56.34780688040745,25.392996651785715
2025-07-30 04:00:00+00:00,24867.44921875,24868.400390625004,1,1,Success,0.00382496759773342,24846.8796875,24816.29755859375,69.7647369839369,25.446568080357142
2025-07-30 04:05:00+00:00,24868.400390625,24877.199218749996,1,1,Success,0.035381560481537934,24854.4796875,24819.80009765625,69.0071629564459,25.907087053571427
2025-07-30 04:10:00+00:00,24877.19921875,24921.94921875,0,1,Fail,-0.17988359383427627,24857.4296875,24823.5150390625,76.88455985789793,25.546316964285715
2025-07-30 04:15:00+00:00,24832.44921875,24848.498046875,0,1,Fail,-0.06462845442116988,24855.739453125,24824.3974609375,59.24124509828997,27.307059151785715
2025-07-30 04:20:00+00:00,24816.400390625,24839.349609375004,1,1,Success,0.09247601742704645,24852.3796875,24824.2625,54.99244135652538,27.124860491071427
2025-07-30 04:25:00+00:00,24839.349609375,24839.75,1,1,Success,0.001611920727782995,24846.759765625,24825.80751953125,54.6431667304933,26.624860491071427
2025-07-30 04:30:00+00:00,24839.75,24840.400390625,0,1,Fail,-0.0026183460984913294,24841.0296875,24828.50498046875,56.01080203644104,26.599748883928573
2025-07-30 04:35:00+00:00,24839.099609375,24843.050781249996,1,1,Success,0.015907065622896864,24833.409765625,24830.869921875,55.6561436410747,26.910435267857142
2025-07-30 04:40:00+00:00,24843.05078125,24854.699218749996,1,1,Success,0.04688811210252616,24835.530078125,24834.332421875,53.57806268967452,26.696149553571427
2025-07-30 04:45:00+00:00,24854.69921875,24836.599609375,0,0,Success,-0.07282167937621202,24843.18984375,24837.4673828125,53.35175784863851,26.9033203125
2025-07-30 04:50:00+00:00,24836.599609375,24862.25,0,1,Fail,-0.10327657983952772,24842.63984375,24839.64482421875,51.38501009143268,27.089146205357142
2025-07-30 04:55:00+00:00,24810.94921875,24817.349609375004,1,1,Success,0.0257966374787593,24836.8796875,24839.30224609375,38.155388626738606,24.278459821428573
2025-07-30 05:00:00+00:00,24817.349609375,24804.099609375,0,0,Success,-0.053390068675966434,24832.5296875,24839.547265625,44.177804357553065,23.589146205357142
2025-07-30 05:05:00+00:00,24804.099609375,24809.1484375,0,1,Fail,-0.0203548131337601,24824.739453125,24839.07978515625,42.99812954722485,23.578404017857142
2025-07-30 05:10:00+00:00,24799.05078125,24804.349609375004,1,1,Success,0.021367060262670715,24813.609765625,24837.65478515625,30.851249948476436,22.4140625
2025-07-30 05:15:00+00:00,24804.349609375,24818.849609375,1,1,Success,0.05845748922406581,24807.159765625,24835.859765625,32.49455521278121,23.439174107142858
2025-07-30 05:20:00+00:00,24818.849609375,24820.5,0,1,Fail,-0.0066497466682605075,24808.73984375,24835.2822265625,34.534668200943756,23.2392578125
2025-07-30 05:25:00+00:00,24817.19921875,24816.30078125,0,0,Success,-0.00362022117032936,24808.709765625,24833.0197265625,44.761137906488486,20.6572265625
2025-07-30 05:30:00+00:00,24816.30078125,24813.701171875,1,0,Fail,0.010475410488915976,24811.15,24831.78974609375,49.961805137856864,20.839285714285715
2025-07-30 05:35:00+00:00,24818.900390625,24791.30078125,1,0,Fail,0.11120399752047587,24815.119921875,24831.0748046875,40.708859809065544,18.8427734375
2025-07-30 05:40:00+00:00,24846.5,24814.44921875,1,0,Fail,0.12899515525325497,24823.55,24830.02734375,52.45908632758976,19.974888392857142
2025-07-30 05:45:00+00:00,24878.55078125,24879.150390625,1,1,Success,0.002410145913530873,24835.490234375,24830.53486328125,61.69641094163783,21.353515625
2025-07-30 05:50:00+00:00,24879.150390625,24898.69921875,1,1,Success,0.07857514351601982,24847.88046875,24830.632421875,60.91975748405751,21.357142857142858
2025-07-30 05:55:00+00:00,24898.69921875,24912.998046875,0,1,Fail,-0.05742801260168743,24864.36015625,24833.944921875,62.70242225072725,21.789341517857142
2025-07-30 06:00:00+00:00,24884.400390625,24901.900390625,0,1,Fail,-0.0703251825452583,24877.46015625,24837.344921875,64.10930468586008,21.057059151785715
2025-07-30 06:05:00+00:00,24866.900390625,24869.650390625,1,1,Success,0.01105887728989645,24881.540234375,24838.7224609375,67.3498309673603,20.771344866071427
2025-07-30 06:10:00+00:00,24869.650390625,24878.451171875,0,1,Fail,-0.03538763557897698,24879.76015625,24840.21748046875,66.59354544946677,21.9677734375
2025-07-30 06:15:00+00:00,24860.849609375,24874.300781250004,1,1,Success,0.054105841458964375,24876.1,24841.30498046875,68.52824888519187,21.567801339285715
2025-07-30 06:20:00+00:00,24874.30078125,24876.30078125,1,1,Success,0.008040427015771958,24871.2203125,24842.86748046875,73.29045355869209,21.196428571428573
2025-07-30 06:25:00+00:00,24876.30078125,24869.25,0,0,Success,-0.028343367094654126,24869.600390625,24843.94755859375,72.73366815332005,19.371372767857142
2025-07-30 06:30:00+00:00,24869.25,24861.75,0,0,Success,-0.03015772490123345,24870.0703125,24845.580078125,66.71113465034058,19.2392578125
2025-07-30 06:35:00+00:00,24861.75,24851.849609375,0,0,Success,-0.03982177692640301,24868.490234375,24848.1201171875,64.2199889705839,19.453404017857142
2025-07-30 06:40:00+00:00,24851.849609375,24833.298828125,1,0,Fail,0.07464547525268295,24866.690234375,24849.8451171875,60.73007670577468,19.078543526785715
2025-07-30 06:45:00+00:00,24870.400390625,24871.400390625,1,1,Success,0.004020843992431075,24865.91015625,24853.16015625,64.17939336846226,20.003627232142858
2025-07-30 06:50:00+00:00,24871.400390625,24875.550781250004,0,1,Fail,-0.016687402236363193,24864.930078125,24856.77763671875,58.03228280692338,18.418108258928573
2025-07-30 06:55:00+00:00,24867.25,24864.19921875,0,0,Success,-0.012268269511103963,24864.530078125,24859.92265625,45.55442861784158,17.110909598214285
2025-07-30 07:00:00+00:00,24864.19921875,24865.19921875,0,1,Fail,-0.00402184679748666,24865.019921875,24862.19013671875,44.22969647419179,17.321568080357142
2025-07-30 07:05:00+00:00,24863.19921875,24869.1484375,0,1,Fail,-0.023927808717043687,24867.28984375,24864.49013671875,34.009571692335456,15.835797991071429
2025-07-30 07:10:00+00:00,24857.25,24856.150390625,1,0,Fail,0.004423696808778123,24864.659765625,24866.53759765625,36.775813797140536,15.953683035714286
2025-07-30 07:15:00+00:00,24858.349609375,24844.8984375,1,0,Fail,0.05411128287425432,24862.049609375,24868.51005859375,45.04324977970427,15.289481026785714
2025-07-30 07:20:00+00:00,24871.80078125,24865.55078125,0,0,Success,-0.025128860008848498,24862.959765625,24869.77509765625,51.108962275870944,13.903738839285714
2025-07-30 07:25:00+00:00,24865.55078125,24862.251953125,1,0,Fail,0.013266660183885809,24863.230078125,24869.12509765625,52.48991406305002,13.968052455357142
2025-07-30 07:30:00+00:00,24868.849609375,24873.94921875,0,1,Fail,-0.02050601236125358,24864.36015625,24868.61005859375,46.76495807886241,13.386021205357142
2025-07-30 07:35:00+00:00,24863.75,24849.55078125,0,0,Success,-0.0571081142225127,24865.66015625,24866.86259765625,42.81593768292089,13.346819196428571
2025-07-30 07:40:00+00:00,24849.55078125,24849.749999999996,1,1,Success,0.0008016996031586965,24863.900390625,24865.1201171875,39.577132877875144,14.825334821428571
2025-07-30 07:45:00+00:00,24849.75,24863.599609375004,0,1,Fail,-0.055733395205183146,24859.490234375,24864.26259765625,43.11920433878098,14.678989955357142
2025-07-30 07:50:00+00:00,24835.900390625,24835.951171875,0,1,Fail,-0.00020446711897414757,24853.56015625,24862.57509765625,41.25096419480438,14.875418526785714
2025-07-30 07:55:00+00:00,24835.849609375,24816.94921875,1,0,Fail,0.07610124446020766,24846.96015625,24861.32509765625,26.22056130015352,13.9931640625
2025-07-30 08:00:00+00:00,24854.75,24859.650390625004,1,1,Success,0.019716113117210995,24845.16015625,24860.34755859375,40.8058496813062,15.400251116071429
2025-07-30 08:05:00+00:00,24859.650390625,24856.5,1,0,Fail,0.012672706878404317,24847.180078125,24859.5150390625,45.83805747597236,15.2109375
2025-07-30 08:10:00+00:00,24862.80078125,24867.90234375,0,1,Fail,-0.020518856845151916,24849.790234375,24859.192578125,49.23497727307541,14.611049107142858
2025-07-30 08:15:00+00:00,24857.69921875,24861.150390625,1,1,Success,0.013883714034148436,24854.15,24858.9900390625,47.120418779090485,14.964704241071429
2025-07-30 08:20:00+00:00,24861.150390625,24866.699218750004,1,1,Success,0.022319273395701077,24859.21015625,24859.455078125,52.09694009000339,14.696847098214286
2025-07-30 08:25:00+00:00,24866.69921875,24869.5,1,1,Success,0.011263180631099417,24861.6,24859.27001953125,54.28399631443879,14.721819196428571
2025-07-30 08:30:00+00:00,24869.5,24876.900390625,0,1,Fail,-0.02975689348398641,24863.569921875,24859.175,48.67467702873406,14.403878348214286
2025-07-30 08:35:00+00:00,24862.099609375,24864.25,0,1,Fail,-0.008649272019605017,24863.4296875,24858.91748046875,48.03801817762508,15.614536830357142
2025-07-30 08:40:00+00:00,24859.94921875,24856.25,0,0,Success,-0.014880234538894215,24863.8796875,24858.70498046875,44.87320830689846,15.721540178571429
2025-07-30 08:45:00+00:00,24856.25,24853.55078125,1,0,Fail,0.010859316067387478,24862.899609375,24858.35751953125,45.60901973038342,15.682338169642858
2025-07-30 08:50:00+00:00,24858.94921875,24877.000000000004,1,1,Success,0.072612808736039,24861.349609375,24858.44248046875,56.35868692743299,13.871651785714286
2025-07-30 08:55:00+00:00,24877.0,24866.55078125,1,0,Fail,0.04200353237930619,24862.849609375,24859.375,64.84950392421106,14.653738839285714
2025-07-30 09:00:00+00:00,24887.44921875,24893.3984375,0,1,Fail,-0.023904493778004004,24867.91953125,24860.157421875,79.17191666832366,14.935825892857142
2025-07-30 09:05:00+00:00,24881.5,24890.650390625,0,1,Fail,-0.03677588017201535,24872.2296875,24860.9548828125,74.21721190045196,15.171595982142858
2025-07-30 09:10:00+00:00,24872.349609375,24878.849609375,0,1,Fail,-0.026133437741442774,24875.449609375,24861.1298828125,60.413729242333154,14.164481026785714
2025-07-30 09:15:00+00:00,24865.849609375,24867.749999999996,1,1,Success,0.007642572664332003,24876.8296875,24861.23486328125,53.599945471326464,14.378766741071429
2025-07-30 09:20:00+00:00,24867.75,24882.0,0,1,Fail,-0.05730313357662033,24874.9796875,24862.14482421875,52.916398034411024,14.328543526785714
2025-07-30 09:25:00+00:00,24853.5,24861.099609375,1,1,Success,0.03057762236707104,24868.18984375,24862.33232421875,47.766372934177745,14.617745535714286
2025-07-30 09:30:00+00:00,24861.099609375,24868.099609375,0,1,Fail,-0.028156437607290443,24864.109765625,24863.59228515625,49.97413031158669,14.728515625
2025-07-30 09:35:00+00:00,24854.099609375,24858.150390625,1,1,Success,0.016298241793768462,24860.459765625,24864.50478515625,43.67487002391186,14.45703125
2025-07-30 09:40:00+00:00,24858.150390625,24861.749999999996,0,1,Fail,-0.014480600199271287,24858.919921875,24864.6748046875,44.3730027465739,14.317940848214286
2025-07-30 09:45:00+00:00,24854.55078125,24863.05078125,0,1,Fail,-0.03419896853019088,24856.280078125,24864.41982421875,46.110809166913754,12.871512276785714
2025-07-30 09:50:00+00:00,24846.05078125,24844.55078125,0,0,Success,-0.006037176745738484,24854.790234375,24863.58232421875,43.27918392326688,12.935825892857142
2025-07-30 09:55:00+00:00,24844.55078125,24680.30078125,0,0,Success,-0.6611107660837976,24851.48046875,24862.92490234375,44.21970889779464,13.142857142857142
2025-07-31 03:45:00+00:00,24680.30078125,24718.650390625,1,1,Success,0.15538550244952762,24816.720703125,24853.882421875,16.004103226486862,27.203543526785715
2025-07-31 03:50:00+00:00,24718.650390625,24727.900390625,0,1,Fail,-0.03742113688985314,24788.820703125,24846.47998046875,22.027863445746604,29.928571428571427
2025-07-31 03:55:00+00:00,24709.400390625,24711.55078125,1,1,Success,0.008702722814010008,24759.790625,24838.475,18.41421413153948,30.6357421875
2025-07-31 04:00:00+00:00,24711.55078125,24735.15234375,0,1,Fail,-0.09550822086774009,24732.890625,24830.94755859375,19.439176174868294,31.246512276785715
2025-07-31 04:05:00+00:00,24687.94921875,24707.94921875,1,1,Success,0.08101118413193431,24701.5703125,24822.34755859375,18.478776174541053,32.225027901785715
2025-07-31 04:10:00+00:00,24707.94921875,24722.548828125004,0,1,Fail,-0.059088713699965295,24707.1,24814.93251953125,24.199447245315923,33.078543526785715
2025-07-31 04:15:00+00:00,24693.349609375,24702.150390625,1,1,Success,0.03564028934599752,24702.03984375,24806.6525390625,22.63888462311779,34.007114955357146
2025-07-31 04:20:00+00:00,24702.150390625,24710.201171875004,0,1,Fail,-0.032591418652585996,24700.58984375,24797.91005859375,25.842192213409177,34.203543526785715
2025-07-31 04:25:00+00:00,24694.099609375,24661.900390625,0,0,Success,-0.13039235792899984,24697.099609375,24788.242578125,23.38247745133701,34.56068638392857
2025-07-31 04:30:00+00:00,24661.900390625,24678.150390625,1,1,Success,0.06589111034678127,24691.88984375,24777.26259765625,21.64386402821937,36.728515625
2025-07-31 04:35:00+00:00,24678.150390625,24682.701171875004,0,1,Fail,-0.018440528070243056,24685.930078125,24767.55263671875,24.366391481350092,37.971261160714285
2025-07-31 04:40:00+00:00,24673.599609375,24675.300781250004,1,1,Success,0.0068947048745721775,24681.980078125,24757.94013671875,24.300558655753008,38.642578125
2025-07-31 04:45:00+00:00,24675.30078125,24686.250000000004,1,1,Success,0.04437319263933744,24676.61015625,24748.31767578125,25.271822131518434,39.003208705357146
2025-07-31 04:50:00+00:00,24686.25,24694.099609375004,0,1,Fail,-0.03179749607575067,24675.040234375,24739.95517578125,27.68545437434203,39.535435267857146
2025-07-31 04:55:00+00:00,24678.400390625,24685.650390624996,0,1,Fail,-0.029377917066108462,24678.340234375,24730.82021484375,49.520835965866056,26.392578125
2025-07-31 05:00:00+00:00,24671.150390625,24680.75,1,1,Success,0.038910262484751566,24676.940234375,24721.67275390625,35.79571999619384,23.396065848214285
2025-07-31 05:05:00+00:00,24680.75,24693.099609375,1,1,Success,0.050037415293295376,24678.3703125,24712.802734375,41.45033626340634,22.428152901785715
2025-07-31 05:10:00+00:00,24693.099609375,24667.048828125,1,0,Fail,0.10549822283189407,24681.930078125,24704.73017578125,44.80985393519355,21.831752232142858
2025-07-31 05:15:00+00:00,24719.150390625,24712.951171875,1,0,Fail,0.025078607686901407,24688.51015625,24698.38515625,58.65731653854139,22.081612723214285
2025-07-31 05:20:00+00:00,24725.349609375,24713.400390625,0,0,Success,-0.04832780502108358,24697.9,24692.42509765625,55.22847043958383,21.4423828125
2025-07-31 05:25:00+00:00,24713.400390625,24667.951171875,1,0,Fail,0.18390516089093553,24706.35,24694.080078125,56.122375906215986,22.3388671875
2025-07-31 05:30:00+00:00,24758.849609375,24758.80078125,0,0,Success,-0.00019721483740307185,24721.969921875,24696.0900390625,64.14662191924262,24.685407366071427
2025-07-31 05:35:00+00:00,24758.80078125,24747.150390625,0,0,Success,-0.04705555300490529,24735.11015625,24698.56005859375,66.81454104998359,24.688895089285715
2025-07-31 05:40:00+00:00,24747.150390625,24757.150390625,1,1,Success,0.04040869288848835,24740.71015625,24700.3400390625,74.80394602139037,23.089006696428573
2025-07-31 05:45:00+00:00,24757.150390625,24787.69921875,1,1,Success,0.12339395949449894,24747.0703125,24703.80009765625,73.8529945357278,22.238978794642858
2025-07-31 05:50:00+00:00,24787.69921875,24793.449218750004,0,1,Fail,-0.02319698956025158,24761.930078125,24707.78759765625,79.77613988482467,23.1748046875
2025-07-31 05:55:00+00:00,24781.94921875,24756.498046875,1,0,Fail,0.10270044398179813,24766.55,24712.217578125,77.25566531359004,23.885602678571427
2025-07-31 06:00:00+00:00,24807.400390625,24799.05078125,0,0,Success,-0.033657736173579124,24776.269921875,24717.480078125,78.82522416794282,24.749720982142858
2025-07-31 06:05:00+00:00,24799.05078125,24813.900390625,1,1,Success,0.05987974905163489,24786.65,24722.72763671875,78.638121059269,25.067522321428573
2025-07-31 06:10:00+00:00,24813.900390625,24809.5,0,0,Success,-0.017733570924877744,24798.0,24730.32763671875,82.70390716178146,25.646205357142858
2025-07-31 06:15:00+00:00,24809.5,24804.349609375,0,0,Success,-0.020759751808782926,24802.36015625,24736.8951171875,80.21635491611745,26.374860491071427
2025-07-31 06:20:00+00:00,24804.349609375,24810.048828125004,0,1,Fail,-0.022976690942325434,24806.840234375,24743.4326171875,77.02241109056524,26.482003348214285
2025-07-31 06:25:00+00:00,24798.650390625,24819.451171875,0,1,Fail,-0.08387868259904832,24805.090234375,24749.60009765625,71.4290226259815,25.274972098214285
2025-07-31 06:30:00+00:00,24777.849609375,24760.55078125,0,0,Success,-0.0698156958643206,24800.85,24754.180078125,63.11859439214894,26.103515625
2025-07-31 06:35:00+00:00,24760.55078125,24701.751953125,1,0,Fail,0.23746979073472624,24790.180078125,24758.28759765625,61.47505913730017,25.285714285714285
2025-07-31 06:40:00+00:00,24819.349609375,24798.44921875,1,0,Fail,0.08421006575089827,24792.15,24765.69755859375,63.82560875727505,25.871372767857142
2025-07-31 06:45:00+00:00,24840.25,24833.94921875,1,0,Fail,0.025365208683487482,24799.330078125,24773.67255859375,66.99347999346298,26.175083705357142
2025-07-31 06:50:00+00:00,24846.55078125,24826.44921875,0,0,Success,-0.08090282903641209,24808.91015625,24781.3451171875,71.21231062508234,25.882114955357142
2025-07-31 06:55:00+00:00,24826.44921875,24795.8984375,1,0,Fail,0.12305739326962126,24818.630078125,24786.71005859375,64.17731529971925,26.414341517857142
2025-07-31 07:00:00+00:00,24857.0,24867.44921875,1,1,Success,0.042037328519129426,24837.919921875,24793.292578125,64.17760157431033,26.600167410714285
2025-07-31 07:05:00+00:00,24867.44921875,24856.349609375,0,0,Success,-0.04463509416410478,24847.53984375,24800.99501953125,67.16167473095382,26.017996651785715
2025-07-31 07:10:00+00:00,24856.349609375,24843.8984375,1,0,Fail,0.050092519902052816,24850.759765625,24805.87001953125,60.42581865405916,25.464564732142858
2025-07-31 07:15:00+00:00,24868.80078125,24876.150390625,1,1,Success,0.029553533520366965,24855.209765625,24811.37001953125,64.60111859622373,25.410993303571427
2025-07-31 07:20:00+00:00,24876.150390625,24897.150390625,1,1,Success,0.08441820647584687,24865.15,24817.82001953125,63.45355076699126,24.5859375
2025-07-31 07:25:00+00:00,24897.150390625,24904.150390625,0,1,Fail,-0.028115667416443946,24873.180078125,24824.82001953125,67.67492965907367,24.939453125
2025-07-31 07:30:00+00:00,24890.150390625,24893.800781250004,1,1,Success,0.014666004695475595,24877.7203125,24829.942578125,67.17384161742153,24.832310267857142
2025-07-31 07:35:00+00:00,24893.80078125,24900.150390625,1,1,Success,0.025506789544899558,24885.210546875,24835.53515625,69.20275284030262,25.068080357142858
2025-07-31 07:40:00+00:00,24900.150390625,24910.5,1,1,Success,0.041564445244863524,24891.48046875,24840.17265625,76.21096688603765,25.500279017857142
2025-07-31 07:45:00+00:00,24910.5,24924.0,0,1,Fail,-0.05419401457216836,24898.350390625,24845.7451171875,83.12308005765486,25.143136160714285
2025-07-31 07:50:00+00:00,24897.0,24926.949218750004,1,1,Success,0.12029248001767283,24898.3203125,24849.90009765625,71.44413634320634,22.075334821428573
2025-07-31 07:55:00+00:00,24926.94921875,24933.0,1,1,Success,0.02427405454594746,24905.680078125,24855.77255859375,72.80339451343292,23.0966796875
2025-07-31 08:00:00+00:00,24933.0,24944.900390624996,1,1,Success,0.04772947749969919,24913.519921875,24862.205078125,72.76758152734476,23.514508928571427
2025-07-31 08:05:00+00:00,24944.900390625,24968.150390625,0,1,Fail,-0.093205423296611,24922.469921875,24869.517578125,82.60416100294536,23.671595982142858
2025-07-31 08:10:00+00:00,24921.650390625,24919.69921875,0,0,Success,-0.007829224166205259,24924.7,24876.7076171875,68.54044602246094,23.514369419642858
2025-07-31 08:15:00+00:00,24919.69921875,24932.048828125,0,1,Fail,-0.04955761811807081,24929.23984375,24884.6650390625,65.75203725195362,23.603794642857142
2025-07-31 08:20:00+00:00,24907.349609375,24907.699218750004,1,1,Success,0.0014036394095837833,24925.319921875,24889.0650390625,65.2601804119191,22.982282366071427
2025-07-31 08:25:00+00:00,24907.69921875,24918.400390624996,1,1,Success,0.04296330938083747,24920.259765625,24892.4375,62.547883008021266,22.896623883928573
2025-07-31 08:30:00+00:00,24918.400390625,24941.150390624996,1,1,Success,0.09129799522989922,24914.959765625,24896.02998046875,63.340569286345506,23.532366071428573
2025-07-31 08:35:00+00:00,24941.150390625,24957.6015625,0,1,Fail,-0.06595995620628528,24918.859765625,24901.7650390625,63.74127745365522,23.732282366071427
2025-07-31 08:40:00+00:00,24924.69921875,24942.34765625,0,1,Fail,-0.07080702296589274,24919.859765625,24905.15,60.18822494483082,24.725027901785715
2025-07-31 08:45:00+00:00,24907.05078125,24910.800781249996,0,1,Fail,-0.01505597765441983,24919.8,24907.130078125,53.60935534015707,25.003487723214285
2025-07-31 08:50:00+00:00,24903.30078125,24939.451171875004,0,1,Fail,-0.14516304863577792,24918.9203125,24909.47763671875,50.87050844985377,23.617885044642858
2025-07-31 08:55:00+00:00,24867.150390625,24872.400390625,1,1,Success,0.021112189846968825,24908.6703125,24909.3951171875,39.51651753939235,25.235770089285715
2025-07-31 09:00:00+00:00,24872.400390625,24886.94921875,1,1,Success,0.058493864269263694,24894.9203125,24909.2076171875,43.80368577981711,26.853515625
2025-07-31 09:05:00+00:00,24886.94921875,24894.8984375,0,1,Fail,-0.03194131462289079,24887.3703125,24908.69755859375,39.07710028159485,26.267857142857142
2025-07-31 09:10:00+00:00,24879.0,24899.69921875,0,1,Fail,-0.08319956087463323,24881.76015625,24908.1400390625,35.405405378612116,27.725027901785715
2025-07-31 09:15:00+00:00,24858.30078125,24836.75,0,0,Success,-0.08669450675508449,24872.76015625,24906.3650390625,27.657344399269547,28.146344866071427
2025-07-31 09:20:00+00:00,24836.75,24822.05078125,1,0,Fail,0.05918334222472747,24866.680078125,24903.19501953125,27.901987677291288,27.664202008928573
2025-07-31 09:25:00+00:00,24851.44921875,24912.248046875,0,1,Fail,-0.24464902464975086,24862.48984375,24900.24248046875,33.34127874764113,28.349888392857142
2025-07-31 09:30:00+00:00,24790.650390625,24760.55078125,0,0,Success,-0.12141516620468606,24843.230078125,24894.925,26.96394422049245,31.8642578125
2025-07-31 09:35:00+00:00,24760.55078125,24762.44921875,1,1,Success,0.007667186068565152,24819.540234375,24886.605078125,24.00634831823919,32.57142857142857
2025-07-31 09:40:00+00:00,24762.44921875,24770.69921875,0,1,Fail,-0.03331657513810525,24800.369921875,24878.0775390625,21.56709135517417,33.02134486607143
2025-07-31 09:45:00+00:00,24754.19921875,24755.300781250004,1,1,Success,0.004450002564274528,24783.859765625,24868.54248046875,14.012437111306866,31.5322265625
2025-07-31 09:50:00+00:00,24755.30078125,24765.599609375,1,1,Success,0.04160251663272244,24764.630078125,24860.225,15.343243018462374,30.075055803571427
2025-07-31 09:55:00+00:00,24765.599609375,24805.199218749996,0,1,Fail,-0.15989764027360595,24759.619921875,24852.52001953125,20.163635902301877,29.992885044642858
2025-08-01 03:45:00+00:00,24726.0,24739.30078125,0,1,Fail,-0.05379269291434118,24752.709765625,24843.4525390625,17.51477933857616,33.503487723214285
2025-08-01 03:50:00+00:00,24712.69921875,24738.498046875,0,1,Fail,-0.10439502337092313,24742.759765625,24833.7025390625,19.115315206094337,32.110630580357146
2025-08-01 03:55:00+00:00,24686.900390625,24713.949218750004,1,1,Success,0.10956753459122781,24729.3,24822.1275390625,15.7235246482918,31.753627232142858
2025-08-01 04:00:00+00:00,24713.94921875,24730.09765625,0,1,Fail,-0.06534138820576879,24721.0296875,24810.76748046875,19.44475106666161,34.41420200892857
2025-08-01 04:05:00+00:00,24697.80078125,24708.999999999996,1,1,Success,0.045345003991214425,24707.469921875,24799.42255859375,18.897426604480515,33.52134486607143
2025-08-01 04:10:00+00:00,24709.0,24706.44921875,1,0,Fail,0.010323288073171719,24704.069921875,24789.52001953125,23.508781645953576,33.41796875
2025-08-01 04:15:00+00:00,24711.55078125,24697.25,0,0,Success,-0.05787083690777829,24703.840234375,24779.93251953125,26.179115556473278,33.646484375
2025-08-01 04:20:00+00:00,24697.25,24697.599609374996,0,1,Fail,-0.0014155801759305187,24705.91015625,24771.4375,20.616914523113294,33.65708705357143
2025-08-01 04:25:00+00:00,24696.900390625,24666.80078125,1,0,Fail,0.12187606095875043,24702.500390625,24762.6625,26.788270320706957,30.33203125
2025-08-01 04:30:00+00:00,24727.0,24726.94921875,1,0,Fail,0.00020536761434868765,24708.340234375,24754.6650390625,41.69310221876512,31.139090401785715
2025-08-01 04:35:00+00:00,24727.05078125,24708.451171875,1,0,Fail,0.07521968365553602,24711.950390625,24747.067578125,41.15470958565184,30.285574776785715
2025-08-01 04:40:00+00:00,24745.650390625,24739.951171875,1,0,Fail,0.023031194007974726,24718.7703125,24741.43505859375,47.96889063064706,30.999720982142858
2025-08-01 04:45:00+00:00,24751.349609375,24746.599609375,1,0,Fail,0.019190872719929808,24729.590234375,24737.1650390625,49.08131473694496,31.521344866071427
2025-08-01 04:50:00+00:00,24756.099609375,24747.75,1,0,Fail,0.0337274833545994,24741.430078125,24732.39755859375,47.732654589496036,32.235770089285715
2025-08-01 04:55:00+00:00,24764.44921875,24750.798828125,1,0,Fail,0.055120913469235686,24748.919921875,24731.0875,60.78543090928207,28.582310267857142
2025-08-01 05:00:00+00:00,24778.099609375,24771.30078125,0,0,Success,-0.02743886025233189,24759.1296875,24731.96494140625,68.30962035742792,28.989397321428573
2025-08-01 05:05:00+00:00,24771.30078125,24769.44921875,0,0,Success,-0.007474627660253888,24764.259765625,24732.40751953125,76.44193695642849,27.585658482142858
2025-08-01 05:10:00+00:00,24769.44921875,24757.650390625,0,0,Success,-0.04763460027229234,24767.8796875,24733.17001953125,70.64756139824425,24.314313616071427
2025-08-01 05:15:00+00:00,24757.650390625,24739.849609375,0,0,Success,-0.07190012367547058,24768.18984375,24733.2875,73.0104377076911,23.514229910714285
2025-08-01 05:20:00+00:00,24739.849609375,24736.298828125,1,0,Fail,0.01435247710097015,24763.269921875,24732.0,61.28778668772802,23.064034598214285
2025-08-01 05:25:00+00:00,24743.400390625,24719.55078125,1,0,Fail,0.0963877599621932,24756.330078125,24732.87001953125,61.569022455364625,21.732003348214285
2025-08-01 05:30:00+00:00,24767.25,24813.150390625,0,1,Fail,-0.18532695646468622,24755.519921875,24735.59755859375,73.77730003863337,21.685546875
2025-08-01 05:35:00+00:00,24721.349609375,24710.25,0,0,Success,-0.04489888113062699,24745.9,24737.32001953125,56.3422097515543,23.899832589285715
2025-08-01 05:40:00+00:00,24710.25,24689.25,0,0,Success,-0.08498497587033721,24736.419921875,24737.13505859375,45.179856078704,22.046316964285715
2025-08-01 05:45:00+00:00,24689.25,24701.099609375,1,1,Success,0.047995015543202,24726.3,24736.70751953125,40.29251847914283,24.278459821428573
2025-08-01 05:50:00+00:00,24701.099609375,24692.69921875,0,0,Success,-0.03400816464790796,24717.83984375,24736.3125,38.14818660776824,23.835658482142858
2025-08-01 05:55:00+00:00,24692.69921875,24682.150390625,0,0,Success,-0.04272043340239579,24702.9296875,24735.369921875,34.61833974489625,23.903459821428573
2025-08-01 06:00:00+00:00,24682.150390625,24694.8515625,0,1,Fail,-0.051458935603213386,24695.08984375,24734.61494140625,31.178540869789046,23.0390625
2025-08-01 06:05:00+00:00,24669.44921875,24646.849609375,0,0,Success,-0.09160970386733717,24686.9296875,24733.2423828125,26.344713530897877,23.339006696428573
2025-08-01 06:10:00+00:00,24646.849609375,24666.949218749996,1,1,Success,0.08155042000724769,24678.449609375,24729.23486328125,18.712753265221508,23.596121651785715
2025-08-01 06:15:00+00:00,24666.94921875,24665.55078125,0,0,Success,-0.005669276275709891,24671.61953125,24726.22978515625,26.6081154278623,24.114118303571427
2025-08-01 06:20:00+00:00,24665.55078125,24659.400390625,0,0,Success,-0.024935144078255655,24666.18984375,24722.2248046875,26.662279530480376,23.70703125
2025-08-01 06:25:00+00:00,24659.400390625,24650.69921875,0,0,Success,-0.035285415448739005,24661.63984375,24717.62734375,27.356452205108923,23.439313616071427
2025-08-01 06:30:00+00:00,24650.69921875,24630.798828125,1,0,Fail,0.08072951784614375,24657.88984375,24712.35732421875,28.554111558586726,22.853655133928573
2025-08-01 06:35:00+00:00,24670.599609375,24687.1484375,0,1,Fail,-0.0670791484075293,24662.63984375,24707.66484375,33.764265158809806,23.689313616071427
2025-08-01 06:40:00+00:00,24654.05078125,24654.501953124996,0,1,Fail,-0.0018300111369249192,24660.06015625,24701.46240234375,23.90501745386385,22.942940848214285
2025-08-01 06:45:00+00:00,24653.599609375,24674.349609374996,1,1,Success,0.08416620829726389,24657.669921875,24695.57734375,30.241963020120934,20.332310267857142
2025-08-01 06:50:00+00:00,24674.349609375,24683.949218750004,0,1,Fail,-0.03890521747066693,24660.659765625,24690.82236328125,40.088219720311855,20.589425223214285
2025-08-01 06:55:00+00:00,24664.75,24660.400390625,0,0,Success,-0.017634921801356188,24663.469921875,24686.17734375,42.781345636045316,18.253766741071427
2025-08-01 07:00:00+00:00,24660.400390625,24646.25,0,0,Success,-0.057381025453177435,24661.430078125,24682.2048828125,37.45394115689258,19.718052455357142
2025-08-01 07:05:00+00:00,24646.25,24657.05078125,0,1,Fail,-0.04382322361414008,24659.869921875,24677.34736328125,36.17164783587878,19.892996651785715
2025-08-01 07:10:00+00:00,24635.44921875,24642.0,1,1,Success,0.026590873954976276,24656.23984375,24670.75732421875,36.117465337627,21.275111607142858
2025-08-01 07:15:00+00:00,24642.0,24649.900390625,1,1,Success,0.0320606713132051,24649.769921875,24666.78984375,41.53067370161602,21.146484375
2025-08-01 07:20:00+00:00,24649.900390625,24644.80078125,0,0,Success,-0.020688154086576,24646.8,24663.77236328125,51.03520487171672,20.085797991071427
2025-08-01 07:25:00+00:00,24644.80078125,24639.400390625,0,0,Success,-0.021912900302722953,24643.680078125,24661.54990234375,41.63272529685034,19.371372767857142
2025-08-01 07:30:00+00:00,24639.400390625,24626.1015625,1,0,Fail,0.05397383018322169,24642.31015625,24658.46494140625,40.41081169844231,19.214146205357142
2025-08-01 07:35:00+00:00,24652.69921875,24649.998046875,1,0,Fail,0.010956901112660237,24645.76015625,24656.46494140625,47.66512864022653,20.2783203125
2025-08-01 07:40:00+00:00,24655.400390625,24659.451171875004,0,1,Fail,-0.016429590214808575,24648.440234375,24655.12744140625,51.709492710237974,20.464146205357142
2025-08-01 07:45:00+00:00,24651.349609375,24661.599609374996,1,1,Success,0.04157987356644314,24648.730078125,24654.2224609375,42.08810963913439,19.760463169642858
2025-08-01 07:50:00+00:00,24661.599609375,24639.44921875,1,0,Fail,0.08981733129987085,24652.08984375,24654.9599609375,53.27204070675167,19.706891741071427
2025-08-01 07:55:00+00:00,24683.75,24696.0,0,1,Fail,-0.04962779156327543,24660.959765625,24655.8,60.999558159746215,20.696149553571427
2025-08-01 08:00:00+00:00,24671.5,24706.749999999996,0,1,Fail,-0.14287740915631397,24664.719921875,24656.0974609375,48.89165737090272,20.631975446428573
2025-08-01 08:05:00+00:00,24636.25,24668.599609375,1,1,Success,0.13130898320564208,24660.88984375,24654.93994140625,40.75894210505622,23.7890625
2025-08-01 08:10:00+00:00,24668.599609375,24665.5,0,0,Success,-0.012564999327412292,24664.33984375,24655.8349609375,52.250021398837134,23.467633928571427
2025-08-01 08:15:00+00:00,24665.5,24658.650390625,0,0,Success,-0.027770000101356145,24665.119921875,24655.57998046875,55.62364482497886,22.710518973214285
2025-08-01 08:20:00+00:00,24658.650390625,24673.451171875,0,1,Fail,-0.060022673648137397,24660.1,24655.8099609375,56.93810080856328,20.764090401785715
2025-08-01 08:25:00+00:00,24643.849609375,24643.099609375,1,0,Fail,0.0030433556927513686,24654.569921875,24655.3224609375,50.52710084913022,21.721261160714285
2025-08-01 08:30:00+00:00,24644.599609375,24644.44921875,1,0,Fail,0.0006102376479380506,24656.23984375,24653.8349609375,48.42520594788072,21.735491071428573
2025-08-01 08:35:00+00:00,24644.75,24637.75,1,0,Fail,0.02840361537447124,24651.469921875,24652.8349609375,49.98445641131946,21.742745535714285
2025-08-01 08:40:00+00:00,24651.75,24642.150390625,0,0,Success,-0.03894088401431947,24648.719921875,24652.40244140625,53.743413606626866,22.464146205357142
2025-08-01 08:45:00+00:00,24642.150390625,24631.05078125,0,0,Success,-0.045043184945510274,24645.419921875,24652.1974609375,46.7290851207042,21.8427734375
2025-08-01 08:50:00+00:00,24631.05078125,24633.65234375,0,1,Fail,-0.010562125518333139,24642.86015625,24651.9775390625,42.82359168016031,21.760602678571427
2025-08-01 08:55:00+00:00,24628.44921875,24642.69921875,1,1,Success,0.057859915877899716,24639.630078125,24651.3,43.19255909734155,22.089285714285715
2025-08-01 09:00:00+00:00,24642.69921875,24628.69921875,0,0,Success,-0.05681195828315658,24639.219921875,24650.93994140625,44.512119010620424,22.932198660714285
2025-08-01 09:05:00+00:00,24628.69921875,24637.798828125,0,1,Fail,-0.03694717814439995,24634.609765625,24650.13486328125,33.22142054930933,24.3427734375
2025-08-01 09:10:00+00:00,24619.599609375,24638.900390625004,1,1,Success,0.07839599975724372,24630.099609375,24649.14482421875,33.871887905852844,24.003348214285715
2025-08-01 09:15:00+00:00,24638.900390625,24625.099609375,0,0,Success,-0.056012163819011744,24631.66953125,24648.4548828125,50.914235617469075,21.560546875
2025-08-01 09:20:00+00:00,24625.099609375,24636.3984375,0,1,Fail,-0.045883380389244936,24630.999609375,24646.93984375,32.793040539716856,20.185546875
2025-08-01 09:25:00+00:00,24613.80078125,24631.751953125,0,1,Fail,-0.07293132838173706,24625.219921875,24645.06240234375,30.79546110906874,20.578404017857142
2025-08-01 09:30:00+00:00,24595.849609375,24553.849609375,0,0,Success,-0.17076051718901064,24618.65,24641.77490234375,28.449061634862872,21.610630580357142
2025-08-01 09:35:00+00:00,24553.849609375,24545.650390625,0,0,Success,-0.03339280349289679,24605.5,24635.2798828125,23.973747806085925,22.853515625
2025-08-01 09:40:00+00:00,24545.650390625,24551.900390625,1,1,Success,0.02546275979872643,24586.85,24628.98740234375,22.567684626189603,23.621512276785715
2025-08-01 09:45:00+00:00,24551.900390625,24543.30078125,1,0,Fail,0.0350262474113153,24572.21015625,24624.769921875,25.100824384324525,24.125
2025-08-01 09:50:00+00:00,24560.5,24548.849609375,1,0,Fail,0.0474354782068769,24561.55,24619.36494140625,25.737936459100396,23.392996651785715
2025-08-01 09:55:00+00:00,24572.150390625,24639.75,1,1,Success,0.275106607685387,24556.81015625,24614.6974609375,31.58878886425549,24.064313616071427
2025-08-04 03:45:00+00:00,24639.75,24633.25,1,0,Fail,0.026380137785488894,24573.990234375,24613.75244140625,51.76382065808308,28.350027901785715
2025-08-04 03:50:00+00:00,24646.25,24632.0,1,0,Fail,0.057818126489831104,24594.11015625,24613.8724609375,53.553050119770745,29.235770089285715
2025-08-04 03:55:00+00:00,24660.5,24656.55078125,0,0,Success,-0.016014349871251596,24615.830078125,24614.66748046875,53.553050119770745,29.024972098214285
2025-08-04 04:00:00+00:00,24656.55078125,24649.650390625,0,0,Success,-0.02798603375719276,24635.040234375,24615.25751953125,55.79156848347705,27.700055803571427
2025-08-04 04:05:00+00:00,24649.650390625,24598.0,0,0,Success,-0.2095380251098579,24650.540234375,24615.1525390625,56.30656476229625,27.742885044642858
2025-08-04 04:10:00+00:00,24598.0,24591.599609375,1,0,Fail,0.026019963513293765,24642.190234375,24612.94501953125,42.44263677277539,29.796456473214285
2025-08-04 04:15:00+00:00,24604.400390625,24601.80078125,1,0,Fail,0.010565627829689065,24633.8203125,24611.6125,46.067765896628494,32.23939732142857
2025-08-04 04:20:00+00:00,24607.0,24605.900390625,1,0,Fail,0.004468685231844597,24623.1203125,24610.5400390625,48.66389363727723,34.664341517857146
2025-08-04 04:25:00+00:00,24608.099609375,24589.298828125,1,0,Fail,0.0764007848978205,24613.430078125,24608.81005859375,52.57733650211427,33.964425223214285
2025-08-04 04:30:00+00:00,24626.900390625,24625.44921875,0,0,Success,-0.0058926290031709955,24608.880078125,24608.7201171875,67.03218633486159,32.775111607142854
2025-08-04 04:35:00+00:00,24625.44921875,24626.59765625,0,1,Fail,-0.004663620508191872,24614.369921875,24609.01259765625,69.21000907477715,32.34291294642857
2025-08-04 04:40:00+00:00,24624.30078125,24632.75,1,1,Success,0.034312522516105705,24618.35,24608.2826171875,67.8678504510246,31.967912946428573
2025-08-04 04:45:00+00:00,24632.75,24646.150390624996,1,1,Success,0.05440070891394586,24623.5,24608.66513671875,67.84398088966121,32.617885044642854
2025-08-04 04:50:00+00:00,24646.150390625,24673.800781250004,0,1,Fail,-0.11218949079981985,24631.11015625,24610.2826171875,68.11955997242649,32.3359375
2025-08-04 04:55:00+00:00,24618.5,24600.55078125,1,0,Fail,0.07290947356662673,24629.430078125,24611.41513671875,43.5312023982078,29.543108258928573
2025-08-04 05:00:00+00:00,24636.44921875,24622.19921875,1,0,Fail,0.05784112748339882,24631.630078125,24615.5451171875,47.210920614241324,29.064592633928573
2025-08-04 05:05:00+00:00,24650.69921875,24641.650390625,0,0,Success,-0.036708200626281676,24636.909765625,24620.79755859375,47.210920614241324,28.614676339285715
2025-08-04 05:10:00+00:00,24641.650390625,24612.75,0,0,Success,-0.11728269075676544,24638.68984375,24625.28505859375,45.87929000757675,27.6396484375
2025-08-04 05:15:00+00:00,24612.75,24625.849609375,1,1,Success,0.05322285959512854,24632.009765625,24627.89755859375,40.90221795641201,28.504045758928573
2025-08-04 05:20:00+00:00,24625.849609375,24625.25,0,0,Success,-0.0024348779210108156,24633.4796875,24630.58251953125,58.47791183552295,26.611049107142858
2025-08-04 05:25:00+00:00,24625.25,24589.099609375,1,0,Fail,0.14680212637435153,24631.23984375,24629.85751953125,56.579352800547206,24.050223214285715
2025-08-04 05:30:00+00:00,24661.400390625,24648.44921875,0,0,Success,-0.052515962880694204,24633.380078125,24630.6150390625,64.16691245842463,23.464564732142858
2025-08-04 05:35:00+00:00,24648.44921875,24632.548828125,1,0,Fail,0.06450868565355675,24634.73984375,24630.0125,59.89690618760566,24.421595982142858
2025-08-04 05:40:00+00:00,24664.349609375,24660.75,1,0,Fail,0.014594381899418814,24645.059765625,24630.40244140625,59.31808016394923,23.585797991071427
2025-08-04 05:45:00+00:00,24667.94921875,24659.6484375,1,0,Fail,0.033650066231248006,24653.4796875,24631.3173828125,60.462946893485814,23.246512276785715
2025-08-04 05:50:00+00:00,24676.25,24686.05078125,0,1,Fail,-0.03971746618712324,24663.6796875,24635.2298828125,62.35415423909831,23.267996651785715
2025-08-04 05:55:00+00:00,24666.44921875,24661.548828125,1,0,Fail,0.01986662361307767,24664.689453125,24638.33232421875,57.96289455275263,22.753766741071427
2025-08-04 06:00:00+00:00,24671.349609375,24689.75,0,1,Fail,-0.07458201888561433,24669.26953125,24641.5498046875,56.20360037669083,22.250139508928573
2025-08-04 06:05:00+00:00,24652.94921875,24636.548828125,1,0,Fail,0.06652506553871676,24666.989453125,24643.79228515625,58.88546322269667,22.492885044642858
2025-08-04 06:10:00+00:00,24669.349609375,24666.099609375,1,0,Fail,0.013174242740331162,24667.26953125,24645.91474609375,58.55432206098809,22.249860491071427
2025-08-04 06:15:00+00:00,24672.599609375,24675.750000000004,1,1,Success,0.012768782677456195,24666.539453125,24648.272265625,56.03972977671445,21.342633928571427
2025-08-04 06:20:00+00:00,24675.75,24679.449218750004,1,1,Success,0.014991312320800787,24668.399609375,24650.8447265625,59.72028901666073,20.853376116071427
2025-08-04 06:25:00+00:00,24679.44921875,24688.19921875,0,1,Fail,-0.03545459998901541,24670.01953125,24653.1796875,72.20300627827537,19.774832589285715
2025-08-04 06:30:00+00:00,24670.69921875,24668.94921875,0,0,Success,-0.007093434946788947,24673.56953125,24654.40712890625,65.37488109208897,19.560546875
2025-08-04 06:35:00+00:00,24668.94921875,24661.09765625,1,0,Fail,0.03182771357781346,24673.489453125,24656.92958984375,64.86328482117557,19.357003348214285
2025-08-04 06:40:00+00:00,24676.80078125,24675.451171875,1,0,Fail,0.0054691424020631724,24674.3296875,24658.94716796875,56.48682883246991,17.346261160714285
2025-08-04 06:45:00+00:00,24678.150390625,24670.0,0,0,Success,-0.03302674834211343,24674.809765625,24660.3197265625,63.865638080531596,16.178431919642858
2025-08-04 06:50:00+00:00,24670.0,24645.400390625,1,0,Fail,0.0997146711593028,24672.919921875,24661.73720703125,52.84357852940244,15.874860491071429
2025-08-04 06:55:00+00:00,24694.599609375,24694.099609375,0,0,Success,-0.0020247341844335113,24677.7,24665.8296875,61.071712494480444,16.746233258928573
2025-08-04 07:00:00+00:00,24694.099609375,24670.8984375,1,0,Fail,0.09395431395357205,24682.730078125,24669.2421875,57.92944272385544,16.2890625
2025-08-04 07:05:00+00:00,24717.30078125,24692.400390625,0,0,Success,-0.10074073558990262,24690.830078125,24673.8447265625,70.18670132379694,17.1318359375
2025-08-04 07:10:00+00:00,24692.400390625,24690.75,1,0,Fail,0.006683799869155719,24693.680078125,24675.3947265625,57.21148693794937,18.113978794642858
2025-08-04 07:15:00+00:00,24694.05078125,24692.19921875,0,0,Success,-0.007498010417172531,24698.490234375,24677.6748046875,65.90579264838362,16.224748883928573
2025-08-04 07:20:00+00:00,24692.19921875,24678.69921875,1,0,Fail,0.05467313737590771,24698.01015625,24679.06728515625,59.96456732537928,15.796177455357142
2025-08-04 07:25:00+00:00,24705.69921875,24695.19921875,1,0,Fail,0.042500315036747435,24700.330078125,24680.95478515625,63.24998820137669,16.581891741071427
2025-08-04 07:30:00+00:00,24716.19921875,24709.150390625,0,0,Success,-0.028519061780553523,24700.109765625,24682.95224609375,65.29225854800855,17.260463169642858
2025-08-04 07:35:00+00:00,24709.150390625,24698.75,0,0,Success,-0.04209125146183114,24703.459765625,24685.0873046875,60.95147554524764,17.456891741071427
2025-08-04 07:40:00+00:00,24698.75,24693.599609375,0,0,Success,-0.020852839212510754,24704.399609375,24686.45732421875,60.21857295277817,17.078404017857142
2025-08-04 07:45:00+00:00,24693.599609375,24688.25,0,0,Success,-0.021663951224709276,24704.6796875,24688.48984375,58.76275770031085,17.096261160714285
2025-08-04 07:50:00+00:00,24688.25,24668.80078125,0,0,Success,-0.07877925227588023,24701.18984375,24689.43486328125,54.14369321852264,17.249860491071427
2025-08-04 07:55:00+00:00,24668.80078125,24650.451171875,1,0,Fail,0.07438387272131597,24691.71015625,24689.244921875,47.00816235585123,19.724888392857142
2025-08-04 08:00:00+00:00,24687.150390625,24689.349609375,1,1,Success,0.008908354002797983,24687.31015625,24689.81494140625,55.151778229430086,20.439174107142858
2025-08-04 08:05:00+00:00,24689.349609375,24677.0,1,0,Fail,0.05001998663549495,24685.430078125,24690.3099609375,48.17772590702363,19.378487723214285
2025-08-04 08:10:00+00:00,24701.69921875,24683.8984375,1,0,Fail,0.07206298276228783,24687.05,24691.8599609375,52.437328475480044,19.999860491071427
2025-08-04 08:15:00+00:00,24719.5,24719.19921875,0,0,Success,-0.0012167772406399804,24693.3,24694.3875,50.73063741128046,20.524972098214285
2025-08-04 08:20:00+00:00,24719.19921875,24718.650390625,0,0,Success,-0.002220250422124124,24703.3796875,24696.507421875,60.64286926440978,19.0712890625
2025-08-04 08:25:00+00:00,24718.650390625,24699.0,0,0,Success,-0.07949621162348236,24709.6796875,24698.532421875,59.85570520853159,18.646344866071427
2025-08-04 08:30:00+00:00,24699.0,24675.599609375,1,0,Fail,0.09474225930199603,24711.609765625,24699.982421875,52.38460479722053,20.850027901785715
2025-08-04 08:35:00+00:00,24722.400390625,24719.44921875,0,0,Success,-0.01193723840877165,24715.75,24701.3724609375,55.47586413790506,21.3857421875
2025-08-04 08:40:00+00:00,24719.44921875,24718.8984375,1,0,Fail,0.0022281291347795314,24715.73984375,24702.63994140625,51.12108222620586,20.792829241071427
2025-08-04 08:45:00+00:00,24720.0,24717.44921875,0,0,Success,-0.010318694377022652,24715.9,24702.77490234375,53.91820779741198,20.2392578125
2025-08-04 08:50:00+00:00,24717.44921875,24713.09765625,1,0,Fail,0.017605224800862625,24715.659765625,24704.02734375,57.158880120578615,19.607142857142858
2025-08-04 08:55:00+00:00,24721.80078125,24713.55078125,1,0,Fail,0.03337135540003675,24720.219921875,24705.41484375,60.86308845509764,19.521344866071427
2025-08-04 09:00:00+00:00,24730.05078125,24718.900390625,0,0,Success,-0.04508842591400613,24721.75,24707.307421875,65.74973500657981,19.660574776785715
2025-08-04 09:05:00+00:00,24718.900390625,24699.30078125,0,0,Success,-0.0792899727142937,24721.640234375,24707.96748046875,70.13580335933221,18.014090401785715
2025-08-04 09:10:00+00:00,24699.30078125,24682.451171875,1,0,Fail,0.0682189731775365,24717.500390625,24707.12255859375,54.83484877701777,18.1533203125
2025-08-04 09:15:00+00:00,24716.150390625,24704.900390625,1,0,Fail,0.045516797001960305,24717.240625,24707.47255859375,59.55092148409419,19.431919642857142
2025-08-04 09:20:00+00:00,24727.400390625,24725.75,0,0,Success,-0.006674339392448707,24718.360546875,24708.905078125,59.23140594270331,19.228376116071427
2025-08-04 09:25:00+00:00,24725.75,24719.400390625,0,0,Success,-0.02568014873158549,24717.500390625,24710.51259765625,52.5395212404604,17.62109375
2025-08-04 09:30:00+00:00,24719.400390625,24713.55078125,1,0,Fail,0.023664042341490225,24717.600390625,24712.0701171875,50.07791102117087,18.671177455357142
2025-08-04 09:35:00+00:00,24725.25,24719.25,0,0,Success,-0.0242666909333576,24722.790234375,24714.892578125,52.45513327385041,18.731863839285715
2025-08-04 09:40:00+00:00,24719.25,24715.349609375,1,0,Fail,0.0157787579517987,24723.41015625,24716.49755859375,58.3848218518904,16.531808035714285
2025-08-04 09:45:00+00:00,24723.150390625,24716.05078125,1,0,Fail,0.028716442940427876,24722.56015625,24718.18759765625,50.370356012296064,15.196010044642858
2025-08-04 09:50:00+00:00,24730.25,24726.900390625,0,0,Success,-0.013544583556575448,24723.46015625,24719.61513671875,55.12359626521774,15.396065848214286
2025-08-04 09:55:00+00:00,24726.900390625,24689.900390625,0,0,Success,-0.1496346060989846,24724.96015625,24719.98515625,53.188685647528565,15.692522321428571
2025-08-05 03:45:00+00:00,24689.900390625,24699.5,0,1,Fail,-0.03888071325976296,24717.890234375,24718.52021484375,40.343935226092896,18.406808035714285
2025-08-05 03:50:00+00:00,24680.30078125,24673.400390625,0,0,Success,-0.027959102630719684,24710.100390625,24716.602734375,35.97010191513475,19.474748883928573
2025-08-05 03:55:00+00:00,24673.400390625,24675.25,1,1,Success,0.007496369960027012,24700.150390625,24715.32275390625,30.67183769543324,19.724748883928573
2025-08-05 04:00:00+00:00,24675.25,24717.599609375,0,1,Fail,-0.1716278837093849,24689.150390625,24712.965234375,34.09799202453155,19.874860491071427
2025-08-05 04:05:00+00:00,24632.900390625,24631.400390625,0,0,Success,-0.006089416902651394,24670.350390625,24708.63779296875,29.249624603613157,21.125
2025-08-05 04:10:00+00:00,24631.400390625,24648.5,0,1,Fail,-0.06942199429922917,24658.650390625,24704.2078125,20.70483389840504,20.317801339285715
2025-08-05 04:15:00+00:00,24614.30078125,24614.55078125,1,1,Success,0.0010156697207114576,24645.450390625,24699.050390625,12.424891299842756,20.939313616071427
2025-08-05 04:20:00+00:00,24614.55078125,24624.001953125,0,1,Fail,-0.038396686411191296,24633.68046875,24693.687890625,12.70926667045245,21.164341517857142
2025-08-05 04:25:00+00:00,24605.099609375,24613.849609375004,1,1,Success,0.03556173370119618,24619.650390625,24687.44033203125,12.45027332478972,21.035714285714285
2025-08-05 04:30:00+00:00,24613.849609375,24632.75,1,1,Success,0.07678762536113473,24615.840234375,24682.18779296875,14.087468977726132,22.071428571428573
2025-08-05 04:35:00+00:00,24632.75,24618.69921875,0,0,Success,-0.05704105814413738,24616.11015625,24678.86025390625,24.255952360739087,22.985770089285715
2025-08-05 04:40:00+00:00,24618.69921875,24635.69921875,1,1,Success,0.06905320158854097,24616.98984375,24673.9876953125,20.684551527932754,24.389508928571427
2025-08-05 04:45:00+00:00,24635.69921875,24629.59765625,1,0,Fail,0.024767157797397358,24621.21953125,24669.40263671875,24.86030616541008,25.507393973214285
2025-08-05 04:50:00+00:00,24641.80078125,24625.19921875,0,0,Success,-0.06737154742616118,24628.559765625,24665.20517578125,27.699583359925626,25.760881696428573
2025-08-05 04:55:00+00:00,24625.19921875,24637.248046874996,0,1,Fail,-0.04892885542962771,24630.8296875,24660.4951171875,31.01539305393672,24.014369419642858
2025-08-05 05:00:00+00:00,24613.150390625,24630.099609375,1,1,Success,0.06886245149851217,24626.909765625,24654.89013671875,30.575925670990358,23.735770089285715
2025-08-05 05:05:00+00:00,24630.099609375,24644.19921875,0,1,Fail,-0.05724544195360558,24629.18984375,24650.4326171875,38.16286864643963,23.9501953125
2025-08-05 05:10:00+00:00,24616.0,24620.250000000004,0,1,Fail,-0.017265193370165743,24625.25,24645.07509765625,34.81955200768763,24.785853794642858
2025-08-05 05:15:00+00:00,24611.75,24626.900390625,1,1,Success,0.0615575512712424,24619.23984375,24639.15009765625,43.26646847942022,22.521484375
2025-08-05 05:20:00+00:00,24626.900390625,24619.94921875,0,0,Success,-0.028225930850990007,24619.580078125,24634.15009765625,48.68192215687048,22.525111607142858
2025-08-05 05:25:00+00:00,24619.94921875,24615.498046875,1,0,Fail,0.01807953312759105,24620.93984375,24630.6525390625,51.75903844447853,21.696568080357142
2025-08-05 05:30:00+00:00,24624.400390625,24606.94921875,0,0,Success,-0.0708694286892931,24619.8,24627.85751953125,52.989152939384006,21.500139508928573
2025-08-05 05:35:00+00:00,24606.94921875,24580.298828125,1,0,Fail,0.10830432650583494,24617.98984375,24624.5349609375,50.53532460206925,21.125139508928573
2025-08-05 05:40:00+00:00,24633.599609375,24625.25,1,0,Fail,0.03389520617125856,24622.359765625,24622.45244140625,55.17947873345287,21.614397321428573
2025-08-05 05:45:00+00:00,24641.94921875,24639.09765625,1,0,Fail,0.011571984321070887,24625.36953125,24622.9048828125,52.55384210893075,20.996512276785715
2025-08-05 05:50:00+00:00,24644.80078125,24638.05078125,0,0,Success,-0.027389144103511946,24630.33984375,24623.57490234375,57.72664195030243,20.067940848214285
2025-08-05 05:55:00+00:00,24638.05078125,24620.55078125,0,0,Success,-0.07102834617630473,24633.069921875,24624.76240234375,50.741087211479204,18.7822265625
2025-08-05 06:00:00+00:00,24620.55078125,24610.15234375,1,0,Fail,0.04223478829693372,24635.790234375,24625.06240234375,43.75200988725888,19.000139508928573
2025-08-05 06:05:00+00:00,24630.94921875,24628.248046875,1,0,Fail,0.010966576444174416,24635.26015625,24626.3548828125,51.754636869906875,18.368024553571427
2025-08-05 06:10:00+00:00,24633.650390625,24632.150390625,0,0,Success,-0.006089231503305191,24633.600390625,24627.344921875,56.63413642379169,17.660853794642858
2025-08-05 06:15:00+00:00,24632.150390625,24628.150390625,0,0,Success,-0.016238939502100477,24631.0703125,24627.31494140625,50.73740092650069,16.692940848214285
2025-08-05 06:20:00+00:00,24628.150390625,24625.150390625,0,0,Success,-0.012181182721468137,24629.090234375,24627.7875,54.711094223071704,14.860770089285714
2025-08-05 06:25:00+00:00,24625.150390625,24624.55078125,0,0,Success,-0.0024349470581437596,24630.01015625,24627.26005859375,55.246616135809774,14.989397321428571
2025-08-05 06:30:00+00:00,24624.55078125,24619.6015625,1,0,Fail,0.02009871690235466,24628.73046875,24626.39755859375,48.96176743748029,14.257254464285714
2025-08-05 06:35:00+00:00,24629.5,24600.30078125,1,0,Fail,0.11855384295255689,24627.900390625,24626.61259765625,54.296257179898866,14.29296875
2025-08-05 06:40:00+00:00,24658.69921875,24656.69921875,1,0,Fail,0.008110727910899852,24633.21015625,24628.8900390625,62.619105725865715,16.389369419642858
2025-08-05 06:45:00+00:00,24660.69921875,24660.3984375,1,0,Fail,0.00121967851491944,24639.719921875,24630.42001953125,72.3123073587912,15.796595982142858
2025-08-05 06:50:00+00:00,24661.0,24655.849609375,0,0,Success,-0.020884759843477554,24646.88984375,24632.67001953125,64.55924770901001,14.375279017857142
2025-08-05 06:55:00+00:00,24655.849609375,24640.69921875,0,0,Success,-0.0614474490436513,24653.149609375,24634.875,57.645946495948486,14.214564732142858
2025-08-05 07:00:00+00:00,24640.69921875,24635.09765625,1,0,Fail,0.022732968940011117,24655.389453125,24635.56494140625,48.012793757493526,15.914620535714286
2025-08-05 07:05:00+00:00,24646.30078125,24643.001953125,1,0,Fail,0.013384678513335467,24652.909765625,24636.88251953125,54.042105189019374,16.089564732142858
2025-08-05 07:10:00+00:00,24649.599609375,24640.349609375,0,0,Success,-0.03752596450484308,24650.68984375,24638.14248046875,66.53327097603092,15.2109375
2025-08-05 07:15:00+00:00,24640.349609375,24632.69921875,0,0,Success,-0.031048222717137215,24646.559765625,24639.8125,55.42114383607966,14.968052455357142
2025-08-05 07:20:00+00:00,24632.69921875,24626.8984375,1,0,Fail,0.023549109248995913,24641.9296875,24639.76748046875,49.48108676511872,14.932477678571429
2025-08-05 07:25:00+00:00,24638.5,24626.44921875,0,0,Success,-0.048910368934797166,24641.48984375,24639.59501953125,53.30877106639583,14.932477678571429
2025-08-05 07:30:00+00:00,24626.44921875,24624.05078125,0,0,Success,-0.009739274544597708,24637.51953125,24638.67744140625,49.18214419941452,15.621791294642858
2025-08-05 07:35:00+00:00,24624.05078125,24621.501953125,1,0,Fail,0.010350970064360032,24632.409765625,24637.97744140625,49.46827593838639,15.189592633928571
2025-08-05 07:40:00+00:00,24626.599609375,24622.69921875,0,0,Success,-0.015838120921554986,24629.659765625,24638.2798828125,50.97239467447114,15.807477678571429
2025-08-05 07:45:00+00:00,24622.69921875,24603.599609375,0,0,Success,-0.07756911297708495,24627.659765625,24637.8673828125,46.739822415821315,15.811104910714286
2025-08-05 07:50:00+00:00,24603.599609375,24602.548828125,1,0,Fail,0.004270843562255047,24620.6796875,24636.36484375,20.754286631260655,15.175362723214286
2025-08-05 07:55:00+00:00,24604.650390625,24597.6015625,1,0,Fail,0.028648357172698473,24616.319921875,24634.98984375,19.947638466230046,15.103794642857142
2025-08-05 08:00:00+00:00,24611.69921875,24611.25,0,0,Success,-0.0018252244430883113,24613.849609375,24634.16728515625,25.34960933951055,15.864397321428571
2025-08-05 08:05:00+00:00,24611.25,24609.75,0,0,Success,-0.0060947737315252175,24610.7796875,24633.472265625,26.600127028329936,15.592912946428571
2025-08-05 08:10:00+00:00,24609.75,24619.25,1,1,Success,0.03860258637328701,24608.18984375,24632.7322265625,31.047268150763855,13.803571428571429
2025-08-05 08:15:00+00:00,24619.25,24624.099609375,1,1,Success,0.01969844481452522,24611.319921875,24632.2197265625,34.18949766094285,13.917829241071429
2025-08-05 08:20:00+00:00,24624.099609375,24624.548828124996,0,1,Fail,-0.0018243052827359883,24615.209765625,24630.48974609375,35.36125930540666,14.232142857142858
2025-08-05 08:25:00+00:00,24623.650390625,24631.550781249996,0,1,Fail,-0.03208456301023478,24617.6,24628.6373046875,39.33596081571539,14.0107421875
2025-08-05 08:30:00+00:00,24615.75,24629.900390624996,0,1,Fail,-0.05748510861948143,24618.5,24626.3748046875,39.2107618159283,14.4892578125
2025-08-05 08:35:00+00:00,24601.599609375,24591.548828125,1,0,Fail,0.040854177816022665,24616.869921875,24623.6623046875,28.767615875973505,15.539202008928571
2025-08-05 08:40:00+00:00,24611.650390625,24618.250000000004,1,1,Success,0.026814980995804753,24615.35,24622.20986328125,41.28419253780452,15.246372767857142
2025-08-05 08:45:00+00:00,24618.25,24605.80078125,0,0,Success,-0.05056906461669696,24614.180078125,24620.80732421875,46.74470596364022,15.982142857142858
2025-08-05 08:50:00+00:00,24605.80078125,24621.25,1,1,Success,0.06278689682707884,24610.61015625,24618.6173828125,39.495334053484605,15.896344866071429
2025-08-05 08:55:00+00:00,24621.25,24614.349609375,0,0,Success,-0.02802615880590953,24611.71015625,24617.66240234375,49.34452290570644,16.364118303571427
2025-08-05 09:00:00+00:00,24614.349609375,24600.75,1,0,Fail,0.05525073622022596,24614.26015625,24616.744921875,55.46530555714038,16.742745535714285
2025-08-05 09:05:00+00:00,24627.94921875,24623.44921875,0,0,Success,-0.018271923334055012,24617.519921875,24616.2173828125,60.504764008929676,17.339285714285715
2025-08-05 09:10:00+00:00,24623.44921875,24608.25,0,0,Success,-0.061726603023699304,24618.559765625,24616.0673828125,55.42235995290271,16.760602678571427
2025-08-05 09:15:00+00:00,24608.25,24605.75,0,0,Success,-0.010159194579053772,24619.049609375,24615.27734375,48.7814552169477,18.682059151785715
2025-08-05 09:20:00+00:00,24605.75,24600.400390625,1,0,Fail,0.02174129776576613,24615.949609375,24614.23486328125,48.38836596259753,18.589146205357142
2025-08-05 09:25:00+00:00,24611.099609375,24594.8984375,1,0,Fail,0.06582872009842484,24615.299609375,24613.6548828125,46.602510814640745,18.907087053571427
2025-08-05 09:30:00+00:00,24627.30078125,24596.40234375,1,0,Fail,0.1254641658639445,24615.169921875,24614.83994140625,51.21904048090174,20.139229910714285
2025-08-05 09:35:00+00:00,24658.19921875,24649.748046875,1,0,Fail,0.03427327275616202,24622.119921875,24617.5173828125,60.67982848095719,21.8857421875
2025-08-05 09:40:00+00:00,24666.650390625,24662.25,0,0,Success,-0.017839433223865882,24633.8,24620.26494140625,65.68107146217048,22.100027901785715
2025-08-05 09:45:00+00:00,24662.25,24655.69921875,0,0,Success,-0.026561977313505458,24645.1,24622.81494140625,69.87900896218005,21.946568080357142
2025-08-05 09:50:00+00:00,24655.69921875,24648.849609375,0,0,Success,-0.02778103883499299,24654.019921875,24625.11240234375,64.77664349923094,21.79296875
2025-08-05 09:55:00+00:00,24648.849609375,24645.349609375,1,0,Fail,0.014199445635259189,24658.3296875,24626.5923828125,60.247772735592676,21.892996651785715
2025-08-06 03:45:00+00:00,24652.349609375,24642.1484375,1,0,Fail,0.04138012009662809,24657.159765625,24628.0048828125,66.58316975225537,22.885881696428573
2025-08-06 03:50:00+00:00,24662.55078125,24651.30078125,0,0,Success,-0.04561571955709037,24656.33984375,24629.94990234375,65.28508638351306,23.453822544642858
2025-08-06 03:55:00+00:00,24651.30078125,24644.349609375,0,0,Success,-0.028197992214216636,24654.15,24631.72744140625,63.24878493349105,21.986049107142858
2025-08-06 04:00:00+00:00,24644.349609375,24622.150390625,0,0,Success,-0.09007833074058955,24651.880078125,24633.86494140625,56.17471867009921,22.175223214285715
2025-08-06 04:05:00+00:00,24622.150390625,24621.05078125,0,0,Success,-0.004465935580584714,24646.540234375,24634.38994140625,49.56850119323267,23.068219866071427
2025-08-06 04:10:00+00:00,24621.05078125,24609.650390625,0,0,Success,-0.04630342842102374,24640.28046875,24634.52998046875,54.69228781006983,20.989536830357142
2025-08-06 04:15:00+00:00,24609.650390625,24592.3515625,1,0,Fail,0.0702928641830278,24629.700390625,24634.7224609375,51.342160041935536,21.746651785714285
2025-08-06 04:20:00+00:00,24626.94921875,24620.099609375,0,0,Success,-0.027813470983182008,24624.830078125,24635.007421875,55.03955878000775,23.121651785714285
2025-08-06 04:25:00+00:00,24620.099609375,24595.849609375,0,0,Success,-0.09849675827780131,24619.980078125,24635.294921875,47.56553313424236,22.164481026785715
2025-08-06 04:30:00+00:00,24595.849609375,24588.599609375,1,0,Fail,0.029476517848103026,24614.719921875,24633.68994140625,27.92964696281858,24.228655133928573
2025-08-06 04:35:00+00:00,24603.099609375,24600.798828125,1,0,Fail,0.009351591004912603,24611.1296875,24632.6724609375,27.311522021062544,24.360770089285715
2025-08-06 04:40:00+00:00,24605.400390625,24579.80078125,1,0,Fail,0.10404061290851341,24610.2796875,24632.52998046875,29.395024817614996,24.203543526785715
2025-08-06 04:45:00+00:00,24631.0,24633.19921875,1,1,Success,0.008928662051885836,24611.08984375,24633.79248046875,42.1340067299442,25.910714285714285
2025-08-06 04:50:00+00:00,24633.19921875,24602.5,0,0,Success,-0.12462538250668123,24613.709765625,24634.8974609375,44.86365904880803,25.928431919642858
2025-08-06 04:55:00+00:00,24602.5,24613.749999999996,0,1,Fail,-0.04572706025810385,24615.03984375,24633.657421875,36.118091107387826,26.003348214285715
2025-08-06 05:00:00+00:00,24591.25,24613.400390625,0,1,Fail,-0.09007427692776902,24612.669921875,24630.3099609375,30.259771135671272,25.589006696428573
2025-08-06 05:05:00+00:00,24569.099609375,24564.599609375,0,0,Success,-0.018315689510587128,24605.409765625,24625.432421875,28.53733411480661,27.731724330357142
2025-08-06 05:10:00+00:00,24564.599609375,24564.349609375,0,0,Success,-0.0010177247094415832,24592.1296875,24620.54990234375,28.90734769327962,27.285295758928573
2025-08-06 05:15:00+00:00,24564.349609375,24565.048828125,0,1,Fail,-0.0028464777660270014,24578.359765625,24615.982421875,32.70449070359939,26.638950892857142
2025-08-06 05:20:00+00:00,24563.650390625,24570.851562499996,0,1,Fail,-0.02931637505209083,24570.58984375,24611.7224609375,32.78304371053102,26.935546875
2025-08-06 05:25:00+00:00,24556.44921875,24561.0,1,1,Success,0.018531918883961714,24563.6296875,24606.92744140625,33.630211872611284,26.499860491071427
2025-08-06 05:30:00+00:00,24561.0,24550.0,0,0,Success,-0.04478645006310818,24562.009765625,24601.84990234375,27.980227436278923,24.703404017857142
2025-08-06 05:35:00+00:00,24550.0,24538.900390625,1,0,Fail,0.04521225814663951,24559.08984375,24596.78486328125,27.22565577431203,24.464146205357142
2025-08-06 05:40:00+00:00,24561.099609375,24570.94921875,0,1,Fail,-0.04010247721661612,24558.43984375,24592.62236328125,37.65541736929479,21.039202008928573
2025-08-06 05:45:00+00:00,24551.25,24555.500000000004,1,1,Success,0.017310727559696554,24555.959765625,24589.07734375,31.914980553339248,20.174944196428573
2025-08-06 05:50:00+00:00,24555.5,24541.599609375,1,0,Fail,0.056608053694691615,24555.769921875,24585.7998046875,32.82835747512351,19.489118303571427
2025-08-06 05:55:00+00:00,24569.400390625,24557.25,0,0,Success,-0.04945334616157849,24557.45,24583.7873046875,26.946186542527343,18.046177455357142
2025-08-06 06:00:00+00:00,24557.25,24553.099609375,1,0,Fail,0.016900877032240986,24558.9,24580.30234375,23.546218921769395,17.935546875
2025-08-06 06:05:00+00:00,24561.400390625,24566.400390625,1,1,Success,0.020357145441546088,24558.96015625,24577.3673828125,32.43635752733431,17.489118303571427
2025-08-06 06:10:00+00:00,24566.400390625,24580.199218750004,1,1,Success,0.05616951570269892,24561.990234375,24575.894921875,38.78141252482406,16.9033203125
2025-08-06 06:15:00+00:00,24580.19921875,24572.3984375,1,0,Fail,0.031736037534022474,24566.930078125,24574.74990234375,55.419710389813176,15.056919642857142
2025-08-06 06:20:00+00:00,24588.0,24580.349609375,0,0,Success,-0.03111432660240768,24570.65,24573.8798828125,61.06912536489154,14.881975446428571
2025-08-06 06:25:00+00:00,24580.349609375,24566.349609375,1,0,Fail,0.05695606540380683,24575.269921875,24571.34736328125,57.07328859413184,15.935407366071429
2025-08-06 06:30:00+00:00,24594.349609375,24593.19921875,0,0,Success,-0.00467745902319567,24581.859765625,24569.4048828125,62.14345306631165,16.685267857142858
2025-08-06 06:35:00+00:00,24593.19921875,24587.94921875,0,0,Success,-0.021347364990226114,24587.21953125,24568.93984375,65.26777012855577,16.4638671875
2025-08-06 06:40:00+00:00,24587.94921875,24568.6484375,1,0,Fail,0.07849691358269859,24588.76953125,24568.7748046875,61.131369124820154,16.256696428571427
2025-08-06 06:45:00+00:00,24607.25,24601.80078125,1,0,Fail,0.02214476932611324,24592.61953125,24570.68232421875,72.12961277450248,16.903180803571427
2025-08-06 06:50:00+00:00,24612.69921875,24608.8984375,1,0,Fail,0.015442358500462874,24599.089453125,24573.0873046875,70.85655632621777,17.870954241071427
2025-08-06 06:55:00+00:00,24616.5,24612.80078125,1,0,Fail,0.015027395243028051,24603.51953125,24575.69482421875,77.73000422371781,17.913783482142858
2025-08-06 07:00:00+00:00,24620.19921875,24597.69921875,0,0,Success,-0.09138837504964085,24608.91953125,24578.522265625,77.62525843011244,17.896065848214285
2025-08-06 07:05:00+00:00,24597.69921875,24595.298828125,1,0,Fail,0.009758598166653988,24610.86953125,24580.584765625,61.256389869468784,18.460379464285715
2025-08-06 07:10:00+00:00,24600.099609375,24596.25,1,0,Fail,0.015648755233222428,24609.439453125,24582.53974609375,68.47743687724724,17.738978794642858
2025-08-06 07:15:00+00:00,24603.94921875,24589.599609375,0,0,Success,-0.05832238250623828,24607.689453125,24585.23720703125,68.3954536182496,16.764090401785715
2025-08-06 07:20:00+00:00,24589.599609375,24571.19921875,1,0,Fail,0.07482997249774125,24602.309375,24586.66220703125,59.27968743360675,17.396205357142858
2025-08-06 07:25:00+00:00,24608.0,24603.400390625,1,0,Fail,0.01869152054210013,24599.86953125,24589.49970703125,60.72548067465184,17.2890625
2025-08-06 07:30:00+00:00,24612.599609375,24608.05078125,0,0,Success,-0.018481705294012666,24602.849609375,24592.3546875,59.73082800065662,17.292689732142858
2025-08-06 07:35:00+00:00,24608.05078125,24598.001953125,1,0,Fail,0.0408355306737934,24604.43984375,24594.28720703125,61.23334752032812,15.621233258928571
2025-08-06 07:40:00+00:00,24618.099609375,24616.900390625,0,0,Success,-0.004871288885123028,24607.269921875,24597.3296875,59.94992301415228,14.967633928571429
2025-08-06 07:45:00+00:00,24616.900390625,24609.849609375,0,0,Success,-0.028642035098314776,24612.730078125,24600.1046875,59.92540602484087,14.717633928571429
2025-08-06 07:50:00+00:00,24609.849609375,24599.44921875,1,0,Fail,0.04226108972660289,24613.1,24602.2771484375,59.03501838377468,14.871233258928571
2025-08-06 07:55:00+00:00,24620.25,24617.150390625,0,0,Success,-0.012589674658055867,24614.630078125,24604.2796875,55.78822867679664,14.339006696428571
2025-08-06 08:00:00+00:00,24617.150390625,24607.701171875,1,0,Fail,0.038384697660207516,24616.45,24605.73720703125,52.02423029987571,13.392717633928571
2025-08-06 08:05:00+00:00,24626.599609375,24615.94921875,0,0,Success,-0.04324750795455149,24618.15,24608.04970703125,54.36850546765,13.58203125
2025-08-06 08:10:00+00:00,24615.94921875,24606.0,0,0,Success,-0.04041777410891662,24617.959765625,24609.1296875,48.26596959932895,15.846261160714286
2025-08-06 08:15:00+00:00,24606.0,24599.650390625,0,0,Success,-0.025805126290335687,24617.18984375,24609.7697265625,53.773216309981464,15.046316964285714
2025-08-06 08:20:00+00:00,24599.650390625,24598.099609375,0,0,Success,-0.006304078413207886,24613.069921875,24610.35478515625,49.80287960970397,15.317801339285714
2025-08-06 08:25:00+00:00,24598.099609375,24589.05078125,0,0,Success,-0.03678669599968303,24609.259765625,24609.897265625,47.38029838538531,15.278459821428571
2025-08-06 08:30:00+00:00,24589.05078125,24582.65234375,1,0,Fail,0.026021490446792805,24601.75,24608.71484375,49.74196030109821,14.789202008928571
2025-08-06 08:35:00+00:00,24595.44921875,24583.80078125,0,0,Success,-0.04736013315471374,24597.65,24607.6623046875,43.34837688168244,14.471400669642858
2025-08-06 08:40:00+00:00,24583.80078125,24588.800781250004,1,1,Success,0.020338596315885728,24593.21015625,24605.8423828125,35.7983548905664,15.092912946428571
2025-08-06 08:45:00+00:00,24588.80078125,24591.650390625,1,1,Success,0.011589053896328885,24591.040234375,24605.3974609375,40.54924817991389,15.196568080357142
2025-08-06 08:50:00+00:00,24591.650390625,24608.951171875004,0,1,Fail,-0.07035225767765275,24589.750390625,24604.975,36.02707493948531,14.746651785714286
2025-08-06 08:55:00+00:00,24574.349609375,24580.849609375,0,1,Fail,-0.02645034396971499,24586.81015625,24603.49501953125,30.789037384801972,16.0859375
2025-08-06 09:00:00+00:00,24567.849609375,24575.349609375,0,1,Fail,-0.030527702339638335,24581.290234375,24602.40751953125,30.942928000390125,16.064453125
2025-08-06 09:05:00+00:00,24560.349609375,24560.298828125,1,0,Fail,0.00020676110400568622,24576.6,24600.025,22.086101727803197,17.050223214285715
2025-08-06 09:10:00+00:00,24560.400390625,24554.900390625,1,0,Fail,0.022393771732236972,24570.919921875,24597.4150390625,22.780754643966645,17.0537109375
2025-08-06 09:15:00+00:00,24565.900390625,24552.75,1,0,Fail,0.05353107525429249,24565.769921875,24595.30751953125,19.740224306453896,16.7822265625
2025-08-06 09:20:00+00:00,24579.05078125,24591.05078125,0,1,Fail,-0.048822064394586535,24566.71015625,24593.355078125,32.05274353439846,14.91796875
2025-08-06 09:25:00+00:00,24567.05078125,24568.449218750004,1,1,Success,0.005692329585883023,24566.550390625,24590.86259765625,31.42580376564581,15.350027901785714
2025-08-06 09:30:00+00:00,24568.44921875,24556.048828125,1,0,Fail,0.05047282599968233,24568.1703125,24588.792578125,34.38324823617042,15.807198660714286
2025-08-06 09:35:00+00:00,24580.849609375,24585.349609375004,0,1,Fail,-0.018306934347312898,24572.26015625,24586.82255859375,42.21191487027354,15.996512276785714
2025-08-06 09:40:00+00:00,24576.349609375,24573.94921875,0,0,Success,-0.009767075514275468,24574.35,24584.78251953125,44.02000987336813,15.503627232142858
2025-08-06 09:45:00+00:00,24573.94921875,24581.5,1,1,Success,0.030726771601850344,24573.3296875,24582.15,39.481328539731265,15.125
2025-08-06 09:50:00+00:00,24581.5,24569.599609375,0,0,Success,-0.04841197902894453,24576.21953125,24580.4275390625,48.8273472266476,14.532087053571429
2025-08-06 09:55:00+00:00,24569.599609375,24619.75,0,1,Fail,-0.2041156202067866,24576.449609375,24578.60751953125,40.85675484219765,15.20703125
2025-08-07 03:45:00+00:00,24519.44921875,24504.44921875,0,0,Success,-0.061175925552722096,24564.16953125,24574.5974609375,26.296823479591225,22.042689732142858
2025-08-07 03:50:00+00:00,24504.44921875,24483.048828125,1,0,Fail,0.08733267348292457,24549.789453125,24569.91494140625,26.700173149908622,22.742606026785715
2025-08-07 03:55:00+00:00,24525.849609375,24532.749999999996,0,1,Fail,-0.02813517466225646,24540.16953125,24566.7548828125,37.265190066668616,23.953404017857142
2025-08-07 04:00:00+00:00,24518.94921875,24520.498046874996,0,1,Fail,-0.006316861751218883,24527.659375,24562.9298828125,37.4011863262019,24.12109375
2025-08-07 04:05:00+00:00,24517.400390625,24530.25,0,1,Fail,-0.05241016245716431,24517.21953125,24559.60986328125,37.032630431682186,24.578264508928573
2025-08-07 04:10:00+00:00,24504.55078125,24506.851562500004,0,1,Fail,-0.009389199869603302,24514.23984375,24555.39736328125,32.28429943358782,25.553292410714285
2025-08-07 04:15:00+00:00,24502.25,24498.349609375,1,0,Fail,0.015918499831648114,24513.8,24550.92734375,26.33998409242038,25.785435267857142
2025-08-07 04:20:00+00:00,24506.150390625,24530.951171875,0,1,Fail,-0.1012022731219658,24509.86015625,24547.5173828125,30.252941670548438,25.149832589285715
2025-08-07 04:25:00+00:00,24481.349609375,24476.099609375,0,0,Success,-0.021444896150617208,24502.340234375,24543.1923828125,25.479198950586152,25.842633928571427
2025-08-07 04:30:00+00:00,24476.099609375,24480.798828124996,0,1,Fail,-0.019199214029183287,24494.080078125,24538.9798828125,19.2730772598142,25.917689732142858
2025-08-07 04:35:00+00:00,24471.400390625,24476.05078125,1,1,Success,0.01900336944665237,24487.45,24534.5298828125,19.250577959348533,26.4462890625
2025-08-07 04:40:00+00:00,24476.05078125,24483.05078125,1,1,Success,0.028599385017465253,24482.21015625,24530.03740234375,21.68967307282928,26.428431919642858
2025-08-07 04:45:00+00:00,24483.05078125,24486.851562500004,0,1,Fail,-0.015524132527269741,24477.590234375,24525.23740234375,21.439417960011127,26.614118303571427
2025-08-07 04:50:00+00:00,24479.25,24507.80078125,0,1,Fail,-0.1166325816763177,24477.1703125,24520.84736328125,22.496640764681743,26.131975446428573
2025-08-07 04:55:00+00:00,24450.69921875,24439.30078125,0,0,Success,-0.04661804309980271,24472.090234375,24514.95986328125,25.902954600937534,21.167689732142858
2025-08-07 05:00:00+00:00,24439.30078125,24436.099609375,0,0,Success,-0.013098459336676117,24465.6703125,24507.882421875,26.573868557675993,20.328404017857142
2025-08-07 05:05:00+00:00,24436.099609375,24435.75,0,0,Success,-0.0014307085852026525,24457.680078125,24500.869921875,12.867670810615522,19.142578125
2025-08-07 05:10:00+00:00,24435.75,24418.25,0,0,Success,-0.07161638173577647,24448.219921875,24493.9599609375,13.605139930706116,17.671316964285715
2025-08-07 05:15:00+00:00,24418.25,24419.800781249996,0,1,Fail,-0.0063509106917981435,24436.019921875,24485.7974609375,11.939000422021806,17.903459821428573
2025-08-07 05:20:00+00:00,24416.69921875,24407.34765625,1,0,Fail,0.03829986361472961,24429.219921875,24478.15244140625,13.073032954533787,16.735630580357142
2025-08-07 05:25:00+00:00,24426.05078125,24408.55078125,0,0,Success,-0.07164481952781906,24426.569921875,24473.48251953125,19.763152162063705,16.3427734375
2025-08-07 05:30:00+00:00,24408.55078125,24405.15234375,1,0,Fail,0.013923143288828885,24421.06015625,24468.68759765625,15.044000152799441,17.849888392857142
2025-08-07 05:35:00+00:00,24411.94921875,24411.599609375,0,0,Success,-0.0014321239646503802,24416.3,24462.992578125,20.643103794185336,17.546177455357142
2025-08-07 05:40:00+00:00,24411.599609375,24401.6484375,1,0,Fail,0.04076411228364717,24414.969921875,24457.62509765625,21.535942052341042,17.106863839285715
2025-08-07 05:45:00+00:00,24421.55078125,24416.251953125,1,0,Fail,0.02169734499034456,24415.940234375,24452.8326171875,28.9757656291375,17.396065848214285
2025-08-07 05:50:00+00:00,24426.849609375,24424.150390625,0,0,Success,-0.011050212340784392,24416.1,24448.94755859375,29.362127408945,17.710379464285715
2025-08-07 05:55:00+00:00,24424.150390625,24419.849609375,0,0,Success,-0.01760872407521212,24419.219921875,24445.042578125,24.368933659474664,17.417550223214285
2025-08-07 06:00:00+00:00,24419.849609375,24398.099609375,1,0,Fail,0.08906688758496685,24420.8,24440.7275390625,24.263349382428757,17.74609375
2025-08-07 06:05:00+00:00,24441.599609375,24423.69921875,0,0,Success,-0.07323739407847102,24426.8,24438.7400390625,45.81047779285839,16.9033203125
2025-08-07 06:10:00+00:00,24423.69921875,24422.19921875,0,0,Success,-0.006141575797201329,24427.2296875,24436.12001953125,43.22269729352129,17.031947544642858
2025-08-07 06:15:00+00:00,24422.19921875,24417.748046875,1,0,Fail,0.01822592566349487,24426.299609375,24433.6599609375,43.871101029181716,16.935546875
2025-08-07 06:20:00+00:00,24426.650390625,24426.44921875,0,0,Success,-0.0008235753645420422,24426.799609375,24431.18994140625,46.12789010644027,17.056919642857142
2025-08-07 06:25:00+00:00,24426.44921875,24418.59765625,1,0,Fail,0.03214369157664168,24428.11953125,24428.35986328125,54.0912988484862,15.931919642857142
2025-08-07 06:30:00+00:00,24434.30078125,24429.25,0,0,Success,-0.020670864680014854,24426.659765625,24426.11240234375,58.26334120344185,16.503348214285715
2025-08-07 06:35:00+00:00,24429.25,24416.19921875,1,0,Fail,0.05342276676525067,24427.769921875,24425.03994140625,51.56512758568666,16.763950892857142
2025-08-07 06:40:00+00:00,24442.30078125,24441.349609375,0,0,Success,-0.00389149893666989,24431.790234375,24425.18994140625,67.26273716640574,16.017438616071427
2025-08-07 06:45:00+00:00,24441.349609375,24435.349609375,0,0,Success,-0.02454856256259504,24434.730078125,24425.45244140625,65.42410384471177,15.3818359375
2025-08-07 06:50:00+00:00,24435.349609375,24433.8984375,1,0,Fail,0.0059388218224765464,24436.51015625,24425.432421875,61.76242978473339,15.703264508928571
2025-08-07 06:55:00+00:00,24436.80078125,24431.94921875,0,0,Success,-0.019853509235638295,24437.01015625,24426.3599609375,58.24707414391926,15.071149553571429
2025-08-07 07:00:00+00:00,24431.94921875,24418.6484375,1,0,Fail,0.05444011499415068,24437.55,24427.1224609375,52.77123259286671,15.189034598214286
2025-08-07 07:05:00+00:00,24445.25,24434.900390625,0,0,Success,-0.04233791585277303,24438.13984375,24428.082421875,60.281325459752836,15.656808035714286
2025-08-07 07:10:00+00:00,24434.900390625,24425.19921875,0,0,Success,-0.03970211345212634,24436.85,24429.39990234375,56.925620949771215,16.553292410714285
2025-08-07 07:15:00+00:00,24425.19921875,24431.849609375,1,1,Success,0.027227579867167794,24434.819921875,24430.06240234375,41.51218026937041,16.085379464285715
2025-08-07 07:20:00+00:00,24431.849609375,24428.19921875,1,0,Fail,0.0149411145016187,24433.8296875,24431.07490234375,54.77405322214383,14.842494419642858
2025-08-07 07:25:00+00:00,24435.5,24434.849609375,0,0,Success,-0.0026616628470872293,24434.53984375,24431.77236328125,57.59942855580219,15.010463169642858
2025-08-07 07:30:00+00:00,24434.849609375,24411.849609375,0,0,Success,-0.09412785577847597,24432.459765625,24432.17236328125,54.897340085509995,14.821149553571429
2025-08-07 07:35:00+00:00,24411.849609375,24403.150390625,0,0,Success,-0.035635229977245136,24427.849609375,24431.55732421875,43.146351693603314,16.139090401785715
2025-08-07 07:40:00+00:00,24403.150390625,24401.8515625,1,0,Fail,0.0053223788904688835,24423.43984375,24430.72236328125,35.49220436727343,16.092633928571427
2025-08-07 07:45:00+00:00,24404.44921875,24446.548828125,0,1,Fail,-0.17250792672122575,24417.959765625,24428.86484375,38.03114273034589,16.5498046875
2025-08-07 07:50:00+00:00,24362.349609375,24358.0,0,0,Success,-0.017853817241528316,24403.3296875,24425.79736328125,19.864838978431493,18.1962890625
2025-08-07 07:55:00+00:00,24358.0,24356.849609375,0,0,Success,-0.004722845163806552,24387.959765625,24422.58740234375,19.36863863408398,18.2177734375
2025-08-07 08:00:00+00:00,24356.849609375,24355.349609375,1,0,Fail,0.006158431915688501,24376.959765625,24419.09736328125,20.08455398595241,18.867745535714285
2025-08-07 08:05:00+00:00,24358.349609375,24331.298828125,1,0,Fail,0.11105342391337031,24367.999609375,24415.6923828125,20.114283992175828,19.200055803571427
2025-08-07 08:10:00+00:00,24385.400390625,24393.750000000004,0,1,Fail,-0.03424019799244313,24364.18984375,24413.24736328125,34.83269053805279,21.003627232142858
2025-08-07 08:15:00+00:00,24377.05078125,24370.65234375,1,0,Fail,0.02624779165214465,24367.130078125,24410.63740234375,27.037300058685375,21.610770089285715
2025-08-07 08:20:00+00:00,24383.44921875,24388.249999999996,1,1,Success,0.019688688039706748,24372.219921875,24407.69482421875,32.20284016392196,20.492885044642858
2025-08-07 08:25:00+00:00,24388.25,24404.900390625,1,1,Success,0.06827218281344499,24378.5,24405.03984375,36.770629333766166,20.435825892857142
2025-08-07 08:30:00+00:00,24404.900390625,24413.69921875,1,1,Success,0.03605353016880175,24387.81015625,24403.5173828125,40.99582350641372,20.939453125
2025-08-07 08:35:00+00:00,24413.69921875,24427.599609374996,1,1,Success,0.056936847220286635,24393.469921875,24402.3623046875,42.95826179621419,21.403599330357142
2025-08-07 08:40:00+00:00,24427.599609375,24387.8984375,1,0,Fail,0.162525882648589,24403.5796875,24402.14482421875,47.84286374442844,22.867885044642858
2025-08-07 08:45:00+00:00,24467.30078125,24453.94921875,0,0,Success,-0.054569004645709386,24420.35,24403.24736328125,65.00724165449441,23.978515625
2025-08-07 08:50:00+00:00,24453.94921875,24438.248046875,1,0,Fail,0.06420710100665937,24433.48984375,24404.1998046875,63.41043378522619,27.282087053571427
2025-08-07 08:55:00+00:00,24469.650390625,24460.80078125,1,0,Fail,0.03616565514311774,24446.43984375,24406.42236328125,65.99614742416549,27.91796875
2025-08-07 09:00:00+00:00,24478.5,24462.900390625,1,0,Fail,0.06372779939538778,24459.4,24408.7548828125,84.05116629038412,25.817940848214285
2025-08-07 09:05:00+00:00,24494.099609375,24473.1484375,1,0,Fail,0.08553558697450972,24472.7,24411.68486328125,87.43057264734674,27.489397321428573
2025-08-07 09:10:00+00:00,24515.05078125,24511.15234375,1,0,Fail,0.01590222078178058,24482.25,24415.694921875,89.23571747612971,28.968052455357142
2025-08-07 09:15:00+00:00,24518.94921875,24503.69921875,1,0,Fail,0.062196792627385936,24495.25,24421.04990234375,89.36227243529868,29.089425223214285
2025-08-07 09:20:00+00:00,24534.19921875,24531.298828125,1,0,Fail,0.011821827152945785,24508.159765625,24427.60234375,88.70913648054842,27.875139508928573
2025-08-07 09:25:00+00:00,24537.099609375,24506.0,1,0,Fail,0.12674525461484304,24519.8796875,24434.23486328125,92.85064364437774,27.685825892857142
2025-08-07 09:30:00+00:00,24568.19921875,24551.998046875,1,0,Fail,0.0659436686048832,24534.699609375,24444.52734375,93.68580500706238,28.9609375
2025-08-07 09:35:00+00:00,24584.400390625,24576.80078125,1,0,Fail,0.030912323482569174,24548.56953125,24455.84736328125,94.00881669101452,30.046595982142858
2025-08-07 09:40:00+00:00,24592.0,24579.30078125,1,0,Fail,0.05163963382400781,24563.1796875,24467.6048828125,93.75519556834139,30.485909598214285
2025-08-07 09:45:00+00:00,24604.69921875,24580.1484375,1,0,Fail,0.09978086312589869,24577.2796875,24479.92236328125,93.86707809940077,30.614536830357142
2025-08-07 09:50:00+00:00,24629.25,24626.650390625,0,0,Success,-0.01055496767055432,24595.709765625,24492.11484375,94.15311711086586,30.525251116071427
