SERIES,SYMBOL,SECURITY,RECORD_DT,BC_STRT_DT,BC_END_DT,EX_DT,ND_STRT_DT,ND_END_DT,PURPOSE
NC,1003IIFL29,Sec Re NCD 10.03% Sr V,2025-11-16,,,2025-11-14,,,INTEREST PAYMENT
UC,1003IIFL29,Sec Re NCD 10.03% Sr V,2025-11-16,,,2025-11-14,,,INTEREST PAYMENT
N4,1003ISFL28,Sec Re NCD 10.03% Sr 5,2025-11-16,,,2025-11-14,,,INTEREST PAYMENT
U4,1003ISFL28,Sec Re NCD 10.03% Sr 5,2025-11-16,,,2025-11-14,,,INTEREST PAYMENT
ZQ,1003SCL31,SEC RE NCD 10.03% SR X,2025-11-17,,,2025-11-17,,,INTEREST PAYMENT
UR,1015ECL29,ECL Finance Limited,2025-11-17,,,2025-11-17,,,INTEREST PAYMENT
ZT,1025SCL34A,SEC RE NCD 10.25% SR XII,2025-11-17,,,2025-11-17,,,INTEREST PAYMENT
N0,1075WCA28,WCAPL 10.75% 2028,2025-11-15,,,2025-11-14,,,INTEREST PAYMENT
TB,182D201125,GOI TBILL 182D-20/11/25,2025-11-18,,,,,,REDEMPTION
TB,182D271125,GOI TBILL 182D-27/11/25,2025-11-25,,,,,,REDEMPTION
N0,18MVL27,Magnum Ventures 18% 2027,2025-11-15,,,2025-11-14,,,INTEREST PAYMENT
TB,364D211125,GOI TBILL 364D-21/11/25,2025-11-19,,,,,,REDEMPTION
TB,364D271125,GOI TBILL 364D-27/11/25,2025-11-25,,,,,,REDEMPTION
SG,532AS25,SDL AS 5.32% 2025,2025-11-21,,,,,,REDEMPTION
SG,532CG25,SDL CG 5.32% 2025,2025-11-21,,,,,,REDEMPTION
SG,53BR25,SDL BR 5.3% 2025,2025-11-21,,,,,,REDEMPTION
GS,679GS2027,GOI LOAN 6.79% 2027,2025-11-14,,,2025-11-14,,,INTEREST PAYMENT
SG,687RJ25,SDL RJ 6.87% 2025,2025-11-25,,,,,,REDEMPTION
SG,689TN25,SDL TN 6.89% 2025,2025-11-18,,,,,,REDEMPTION
N4,704REC28,BOND 7.04% PA Tax Free S2,2025-11-17,,,2025-11-17,,,INTEREST PAYMENT
U4,704REC28,BOND 7.04% PA Tax Free S2,2025-11-17,,,2025-11-17,,,INTEREST PAYMENT
N2,738REC27TF,TAXFREE SEC NCD TR1 S2,2025-11-17,,,2025-11-17,,,INTEREST PAYMENT
U2,738REC27TF,TAXFREE SEC NCD TR1 S2,2025-11-17,,,2025-11-17,,,INTEREST PAYMENT
NH,743REC35,7.43% Tax Free TrI Sr3B,2025-11-17,,,2025-11-17,,,INTEREST PAYMENT
UH,743REC35,7.43% Tax Free TrI Sr3B,2025-11-17,,,2025-11-17,,,INTEREST PAYMENT
N0,793NIIF30,NIIF 7.93% 2030 Sr PP 04,2025-11-16,,,2025-11-14,,,INTEREST PAYMENT
N0,815PNB27,PNB 8.15% 2027 Sr LXVI,2025-11-14,,,2025-11-14,,,INTEREST PAYMENT
N9,820IIFL27,Sec Re NCD 8.20% Sr.III,2025-11-14,,,2025-11-14,,,INTEREST PAYMENT
U9,820IIFL27,Sec Re NCD 8.20% Sr.III,2025-11-14,,,2025-11-14,,,INTEREST PAYMENT
N7,837REC33,BOND 8.37% Tax Free S3A,2025-11-17,,,2025-11-17,,,INTEREST PAYMENT
U7,837REC33,BOND 8.37% Tax Free S3A,2025-11-17,,,2025-11-17,,,INTEREST PAYMENT
UL,842IIFL26,Sec Re NCD 9% Sr.VI,2025-11-17,,,2025-11-17,,,INTEREST PAYMENT
N3,842SCL27,SCL 8.42% 2027 Sr II,2025-11-17,,,2025-11-17,,,INTEREST PAYMENT
U3,842SCL27,SCL 8.42% 2027 Sr II,2025-11-17,,,2025-11-17,,,INTEREST PAYMENT
NC,843IHFL29,Sec Re NCD 8.43% Sr.VI,2025-11-14,,,2025-11-14,,,INTEREST PAYMENT
UC,843IHFL29,Sec Re NCD 8.43% Sr.VI,2025-11-14,,,2025-11-14,,,INTEREST PAYMENT
N6,846REC28,BOND 8.46% Tax Free S2A,2025-11-17,,,2025-11-17,,,INTEREST PAYMENT
U6,846REC28,BOND 8.46% Tax Free S2A,2025-11-17,,,2025-11-17,,,INTEREST PAYMENT
N0,85GHFL27,GHFL 8.5% 2027 Sr C1,2025-11-15,,,2025-11-14,,,INTEREST PAYMENT
ND,861REC34,BOND 8.61% PA TFTR II S3A,2025-11-17,,,2025-11-17,,,INTEREST PAYMENT
UD,861REC34,BOND 8.61% PA TFTR II S3A,2025-11-17,,,2025-11-17,,,INTEREST PAYMENT
,862REC33,BOND 8.62% Tax Free S3B,2025-11-17,,,2025-11-17,,,INTEREST PAYMENT
UA,862REC33,BOND 8.62% Tax Free S3B,2025-11-17,,,2025-11-17,,,INTEREST PAYMENT
NC,863REC29,BOND 8.63% PA TFTR II S2A,2025-11-17,,,2025-11-17,,,INTEREST PAYMENT
UC,863REC29,BOND 8.63% PA TFTR II S2A,2025-11-17,,,2025-11-17,,,INTEREST PAYMENT
UZ,865IFL28,Sec Re NCD 9% Sr.VI,2025-11-17,,,2025-11-17,,,INTEREST PAYMENT
N1,865IHFL27,IIFL Home Finance Limited,2025-11-14,,,2025-11-14,,,INTEREST PAYMENT
U1,865IHFL27,IIFL Home Finance Limited,2025-11-14,,,2025-11-14,,,INTEREST PAYMENT
US,865IIFL28,Sec Re NCD 9% Sr.VI,2025-11-17,,,2025-11-17,,,INTEREST PAYMENT
N8,865SCL26,SEC RED NCD 8.65% SR. V,2025-11-17,,,2025-11-17,,,INTEREST PAYMENT
U8,865SCL26,SEC RED NCD 8.65% SR. V,2025-11-17,,,2025-11-17,,,INTEREST PAYMENT
U4,865SCL27,SCL 8.65% 2027 Sr II,2025-11-17,,,2025-11-17,,,INTEREST PAYMENT
U9,865SCL28,SCL 8.65% 2028 Sr V,2025-11-17,,,2025-11-17,,,INTEREST PAYMENT
N9,871REC28,BOND 8.71% Tax Free S2B,2025-11-17,,,2025-11-17,,,INTEREST PAYMENT
U9,871REC28,BOND 8.71% Tax Free S2B,2025-11-17,,,2025-11-17,,,INTEREST PAYMENT
ZF,875SFL27,Shriram Finance Limited,2025-11-15,,,2025-11-14,,,INTEREST PAYMENT
NC,879SCL26,UNS RED NCD 8.79% SR.VIII,2025-11-17,,,2025-11-17,,,INTEREST PAYMENT
UC,879SCL26,UNS RED NCD 8.79% SR.VIII,2025-11-17,,,2025-11-17,,,INTEREST PAYMENT
NG,886REC34,BOND 8.86% PA TFTR II S3B,2025-11-17,,,2025-11-17,,,INTEREST PAYMENT
UG,886REC34,BOND 8.86% PA TFTR II S3B,2025-11-17,,,2025-11-17,,,INTEREST PAYMENT
NF,888REC29,BOND 8.88% PA TFTR II S2B,2025-11-17,,,2025-11-17,,,INTEREST PAYMENT
UF,888REC29,BOND 8.88% PA TFTR II S2B,2025-11-17,,,2025-11-17,,,INTEREST PAYMENT
1C,888SCL26A,SEC RE NCD 8.88% SR II,2025-11-17,,,2025-11-17,,,INTEREST PAYMENT
ZC,888SCL26A,SEC RE NCD 8.88% SR II,2025-11-17,,,2025-11-17,,,INTEREST PAYMENT
UA,888SCL28,SCL 8.88% 2028 Sr V,2025-11-17,,,2025-11-17,,,INTEREST PAYMENT
N4,897MOFSL29,Sec Re NCD 8.97% Sr V,2025-11-15,,,2025-11-14,,,INTEREST PAYMENT
U4,897MOFSL29,Sec Re NCD 8.97% Sr V,2025-11-15,,,2025-11-14,,,INTEREST PAYMENT
N1,89IHFL29,IIFL Home Finance Limited,2025-11-14,,,2025-11-14,,,INTEREST PAYMENT
U1,89IHFL29,IIFL Home Finance Limited,2025-11-14,,,2025-11-14,,,INTEREST PAYMENT
UG,902SCL2030,SCL 9.02% 2030 Sr IX,2025-11-17,,,2025-11-17,,,INTEREST PAYMENT
ZI,902SCL27A,SEC RE NCD 9.02% SR V,2025-11-17,,,2025-11-17,,,INTEREST PAYMENT
NE,902SCL30,SCL 9.02% 2030 Sr VIII,2025-11-17,,,2025-11-17,,,INTEREST PAYMENT
UE,902SCL30,SCL 9.02% 2030 Sr VIII,2025-11-17,,,2025-11-17,,,INTEREST PAYMENT
TB,91D201125,GOI TBILL 91D-20/11/25,2025-11-18,,,,,,REDEMPTION
TB,91D281125,GOI TBILL 91D-28/11/25,2025-11-26,,,,,,REDEMPTION
N8,920IIFLS26,Sec Re NCD 9.20% Sr I,2025-11-16,,,2025-11-14,,,INTEREST PAYMENT
U8,920IIFLS26,Sec Re NCD 9.20% Sr I,2025-11-16,,,2025-11-14,,,INTEREST PAYMENT
UK,920SCL32,SCL 9.20% 2032 Sr XI,2025-11-17,,,2025-11-17,,,INTEREST PAYMENT
N0,921ISFL25,Sec Re NCD 9.21% Sr 1,2025-11-16,,,2025-11-14,,,INTEREST PAYMENT
ZD,925SCL26D,SEC RE NCD 9.25% SR II,2025-11-17,,,2025-11-17,,,INTEREST PAYMENT
ZM,925SCL29A,SEC RE NCD 9.25% SR VIII,2025-11-17,,,2025-11-17,,,INTEREST PAYMENT
UF,925SCL30,SCL 9.25% 2030 Sr VIII,2025-11-17,,,2025-11-17,,,INTEREST PAYMENT
UH,925SCL30A,SCL 9.25% 2030 Sr IX,2025-11-17,,,2025-11-17,,,INTEREST PAYMENT
UN,930SCL35,SCL 9.30% 2035 Sr XIII,2025-11-17,,,2025-11-17,,,INTEREST PAYMENT
MP,930SFL28,Shriram Finance Limited,2025-11-16,,,2025-11-14,,,INTEREST PAYMENT
YP,930SFL28,Shriram Finance Limited,2025-11-16,,,2025-11-14,,,INTEREST PAYMENT
Z5,931SFL26,Shriram Finance Limited,2025-11-15,,,2025-11-14,,,INTEREST PAYMENT
UZ,935IIFL28,IIFL 9.35% Tr I Sr V,2025-11-17,,,2025-11-17,,,INTEREST PAYMENT
N6,93MOFSL34,Sec Re NCD 9.30% Sr VII,2025-11-15,,,2025-11-14,,,INTEREST PAYMENT
U6,93MOFSL34,Sec Re NCD 9.30% Sr VII,2025-11-15,,,2025-11-14,,,INTEREST PAYMENT
NN,940SFIL28,Sec Re NCD 9.40% Sr.VIII,2025-11-17,,,2025-11-17,,,INTEREST PAYMENT
UN,940SFIL28,Sec Re NCD 9.40% Sr.VIII,2025-11-17,,,2025-11-17,,,INTEREST PAYMENT
UJ,943ECL28,Sec Red NCD 9.43% Sr. VI,2025-11-17,,,2025-11-17,,,INTEREST PAYMENT
NL,945SCL32,SCL 9.45% 2032 Sr XI,2025-11-17,,,2025-11-17,,,INTEREST PAYMENT
UL,945SCL32,SCL 9.45% 2032 Sr XI,2025-11-17,,,2025-11-17,,,INTEREST PAYMENT
ZJ,948SCL27A,SEC RE NCD 9.48% SR V,2025-11-17,,,2025-11-17,,,INTEREST PAYMENT
N0,950ISF26,IIFL Samasta 9.50% 2026,2025-11-15,,,2025-11-14,,,INT PAYMENT/PART REDMPTN
N0,950ISF26A,ISF 9.50% 2026,2025-11-15,,,2025-11-14,,,INT PAYMNT/PART REDEMPTN
UO,955SCL35,SCL 9.55% 2035 Sr XIII,2025-11-17,,,2025-11-17,,,INTEREST PAYMENT
MW,957ICCL25,Shriram Finance Limited,2025-11-15,,,2025-11-14,,,INTEREST PAYMENT
YW,957ICCL25,Shriram Finance Limited,2025-11-15,,,2025-11-14,,,INTEREST PAYMENT
,957IIFLS27,Sec Re NCD 9.57% Sr III,2025-11-16,,,2025-11-14,,,INTEREST PAYMENT
UA,957IIFLS27,Sec Re NCD 9.57% Sr III,2025-11-16,,,2025-11-14,,,INTEREST PAYMENT
N2,957ISFL26,Sec Re NCD 9.57% Sr 3,2025-11-16,,,2025-11-14,,,INTEREST PAYMENT
U2,957ISFL26,Sec Re NCD 9.57% Sr 3,2025-11-16,,,2025-11-14,,,INTEREST PAYMENT
U5,957NIDO26,Sec Red NCD 9.57% Sr. V,2025-11-17,,,2025-11-17,,,INTEREST PAYMENT
N5,96IIFL28,Unsec Re NCD 9.60% Sr.II,2025-11-14,,,2025-11-14,,,INTEREST PAYMENT
U5,96IIFL28,Unsec Re NCD 9.60% Sr.II,2025-11-14,,,2025-11-14,,,INTEREST PAYMENT
UF,96IIFL28A,Sec Re NCD 9% Sr.VI,2025-11-17,,,2025-11-17,,,INTEREST PAYMENT
ZN,971SCL29A,SEC RE NCD 9.71% SR VIII,2025-11-17,,,2025-11-17,,,INTEREST PAYMENT
N0,975PCPL28,PCPL 9.75% 2028,2025-11-15,,,2025-11-14,,,INTEREST PAYMENT
NK,984SFIL26A,Sec Re NCD 9.61% Sr.VI,2025-11-17,,,2025-11-17,,,INTEREST PAYMENT
UK,984SFIL26A,Sec Re NCD 9.61% Sr.VI,2025-11-17,,,2025-11-17,,,INTEREST PAYMENT
NO,985SFIL28,Sec Re NCD 9.85% Sr.VIII,2025-11-17,,,2025-11-17,,,INTEREST PAYMENT
UO,985SFIL28,Sec Re NCD 9.85% Sr.VIII,2025-11-17,,,2025-11-17,,,INTEREST PAYMENT
ZS,98SCL34,SEC RE NCD 9.80% SR XII,2025-11-17,,,2025-11-17,,,INTEREST PAYMENT
N0,AAFS28,AAFS Market linked 2028,2025-11-14,,,2025-11-14,,,INT PAYMNT/PART REDEMPTN
BE,ADANIENT,Adani Enterprises Limited,2025-11-17,,,2025-11-17,,,RIGHTS 3:25@PRM RS 1799
BL,ADANIENT,Adani Enterprises Limited,2025-11-17,,,2025-11-17,,,RIGHTS 3:25@PRM RS 1799
EQ,ADANIENT,Adani Enterprises Limited,2025-11-17,,,2025-11-17,,,RIGHTS 3:25@PRM RS 1799
IQ,ADANIENT,Adani Enterprises Limited,2025-11-17,,,2025-11-17,,,RIGHTS 3:25@PRM RS 1799
T0,ADANIENT,Adani Enterprises Limited,2025-11-17,,,2025-11-17,,,RIGHTS 3:25@PRM RS 1799
TL,ADANIENT,Adani Enterprises Limited,2025-11-17,,,2025-11-17,,,RIGHTS 3:25@PRM RS 1799
IV,ANZEN,Anzen Ind Ene Yld Plu Tru,2025-11-14,,,2025-11-14,,,DISTRIBUTION - RS 2.75
BE,ARFIN,Arfin India Limited,2025-11-17,,,2025-11-17,,,INTDIV - RS 0.11 PER SH
BL,ARFIN,Arfin India Limited,2025-11-17,,,2025-11-17,,,INTDIV - RS 0.11 PER SH
EQ,ARFIN,Arfin India Limited,2025-11-17,,,2025-11-17,,,INTDIV - RS 0.11 PER SH
IQ,ARFIN,Arfin India Limited,2025-11-17,,,2025-11-17,,,INTDIV - RS 0.11 PER SH
BE,ATL,Allcargo Terminals Ltd,2025-11-14,,,2025-11-14,,,RIGHTS 3:19 @PRM RS 18/-
BL,ATL,Allcargo Terminals Ltd,2025-11-14,,,2025-11-14,,,RIGHTS 3:19 @PRM RS 18/-
EQ,ATL,Allcargo Terminals Ltd,2025-11-14,,,2025-11-14,,,RIGHTS 3:19 @PRM RS 18/-
IQ,ATL,Allcargo Terminals Ltd,2025-11-14,,,2025-11-14,,,RIGHTS 3:19 @PRM RS 18/-
BE,BAIDFIN,Baid Finserv Limited,2025-11-17,,,2025-11-17,,,RIGHTS 1:4 @PRM RS 8/-
BL,BAIDFIN,Baid Finserv Limited,2025-11-17,,,2025-11-17,,,RIGHTS 1:4 @PRM RS 8/-
EQ,BAIDFIN,Baid Finserv Limited,2025-11-17,,,2025-11-17,,,RIGHTS 1:4 @PRM RS 8/-
IQ,BAIDFIN,Baid Finserv Limited,2025-11-17,,,2025-11-17,,,RIGHTS 1:4 @PRM RS 8/-
BE,BALRAMCHIN,BALRAMPUR CHINI MILLS LTD,2025-11-17,,,2025-11-17,,,INTDIV - RS 3.50 PER SH
BL,BALRAMCHIN,Balrampur Chini Mills,2025-11-17,,,2025-11-17,,,INTDIV - RS 3.50 PER SH
EQ,BALRAMCHIN,Balrampur Chini Mills,2025-11-17,,,2025-11-17,,,INTDIV - RS 3.50 PER SH
IQ,BALRAMCHIN,Balrampur Chini Mills,2025-11-17,,,2025-11-17,,,INTDIV - RS 3.50 PER SH
T0,BALRAMCHIN,Balrampur Chini Mills,2025-11-17,,,2025-11-17,,,INTDIV - RS 3.50 PER SH
TL,BALRAMCHIN,Balrampur Chini Mills,2025-11-17,,,2025-11-17,,,INTDIV - RS 3.50 PER SH
BE,BAYERCROP,Bayer Cropscience Ltd,2025-11-14,,,2025-11-14,,,INTDIV - RS 90 PER SH
BL,BAYERCROP,Bayer Cropscience Ltd,2025-11-14,,,2025-11-14,,,INTDIV - RS 90 PER SH
EQ,BAYERCROP,Bayer Cropscience Ltd,2025-11-14,,,2025-11-14,,,INTDIV - RS 90 PER SH
BE,BSOFT,BIRLASOFT LIMITED,2025-11-14,,,2025-11-14,,,INTDIV - RS 2.50 PER SH
BL,BSOFT,BIRLASOFT LIMITED,2025-11-14,,,2025-11-14,,,INTDIV - RS 2.50 PER SH
EQ,BSOFT,BIRLASOFT LIMITED,2025-11-14,,,2025-11-14,,,INTDIV - RS 2.50 PER SH
IQ,BSOFT,BIRLASOFT LIMITED,2025-11-14,,,2025-11-14,,,INTDIV - RS 2.50 PER SH
T0,BSOFT,BIRLASOFT LIMITED,2025-11-14,,,2025-11-14,,,INTDIV - RS 2.50 PER SH
TL,BSOFT,BIRLASOFT LIMITED,2025-11-14,,,2025-11-14,,,INTDIV - RS 2.50 PER SH
BE,DLINKINDIA,D-Link India Ltd,2025-11-14,,,2025-11-14,,,INTDIV - RS 6 PER SH
BL,DLINKINDIA,D-Link India Ltd,2025-11-14,,,2025-11-14,,,INTDIV - RS 6 PER SH
EQ,DLINKINDIA,D-Link India Ltd,2025-11-14,,,2025-11-14,,,INTDIV - RS 6 PER SH
IQ,DLINKINDIA,D-Link India Ltd,2025-11-14,,,2025-11-14,,,INTDIV - RS 6 PER SH
BE,EMAMILTD,Emami Limited,2025-11-14,,,2025-11-14,,,INTDIV - RS 4 PER SH
BL,EMAMILTD,Emami Limited,2025-11-14,,,2025-11-14,,,INTDIV - RS 4 PER SH
EQ,EMAMILTD,Emami Limited,2025-11-14,,,2025-11-14,,,INTDIV - RS 4 PER SH
IQ,EMAMILTD,Emami Limited,2025-11-14,,,2025-11-14,,,INTDIV - RS 4 PER SH
T0,EMAMILTD,Emami Limited,2025-11-14,,,2025-11-14,,,INTDIV - RS 4 PER SH
TL,EMAMILTD,Emami Limited,2025-11-14,,,2025-11-14,,,INTDIV - RS 4 PER SH
BE,EPL,EPL Limited,2025-11-17,,,2025-11-17,,,INTDIV - RS 2.50 PER SH
BL,EPL,EPL Limited,2025-11-17,,,2025-11-17,,,INTDIV - RS 2.50 PER SH
EQ,EPL,EPL Limited,2025-11-17,,,2025-11-17,,,INTDIV - RS 2.50 PER SH
IQ,EPL,EPL Limited,2025-11-17,,,2025-11-17,,,INTDIV - RS 2.50 PER SH
BE,ESABINDIA,Esabindia-depo,2025-11-14,,,2025-11-14,,,INTDIV - RS 25 PER SH
BL,ESABINDIA,Esab India Ltd.,2025-11-14,,,2025-11-14,,,INTDIV - RS 25 PER SH
EQ,ESABINDIA,Esab India Ltd.,2025-11-14,,,2025-11-14,,,INTDIV - RS 25 PER SH
IQ,ESABINDIA,Esab India Ltd.,2025-11-14,,,2025-11-14,,,INTDIV - RS 25 PER SH
BE,GANESHCP,Ganesh Consumer Product L,2025-11-14,,,2025-11-14,,,INTDIV - RS 2.50 PER SH
BL,GANESHCP,Ganesh Consumer Product L,2025-11-14,,,2025-11-14,,,INTDIV - RS 2.50 PER SH
EQ,GANESHCP,Ganesh Consumer Product L,2025-11-14,,,2025-11-14,,,INTDIV - RS 2.50 PER SH
IQ,GANESHCP,Ganesh Consumer Product L,2025-11-14,,,2025-11-14,,,INTDIV - RS 2.50 PER SH
BE,GARFIBRES,Garware TFL,2025-11-14,,,2025-11-14,,,INTDIV - RS 8 PER SH
BL,GARFIBRES,Garware TFL,2025-11-14,,,2025-11-14,,,INTDIV - RS 8 PER SH
EQ,GARFIBRES,Garware TFL,2025-11-14,,,2025-11-14,,,INTDIV - RS 8 PER SH
IQ,GARFIBRES,Garware TFL,2025-11-14,,,2025-11-14,,,INTDIV - RS 8 PER SH
BE,GHCL,GHCL Limited,2025-11-14,,,2025-11-14,,,BUY BACK
BL,GHCL,GHCL Limited,2025-11-14,,,2025-11-14,,,BUY BACK
EQ,GHCL,GHCL Limited,2025-11-14,,,2025-11-14,,,BUY BACK
IQ,GHCL,GHCL Limited,2025-11-14,,,2025-11-14,,,BUY BACK
BE,GMMPFAUDLR,GMM Pfaudler Limited,2025-11-17,,,2025-11-17,,,INTDIV - RE 1 PER SH
BL,GMMPFAUDLR,GMM Pfaudler Limited,2025-11-17,,,2025-11-17,,,INTDIV - RE 1 PER SH
EQ,GMMPFAUDLR,GMM Pfaudler Limited,2025-11-17,,,2025-11-17,,,INTDIV - RE 1 PER SH
IQ,GMMPFAUDLR,GMM Pfaudler Limited,2025-11-17,,,2025-11-17,,,INTDIV - RE 1 PER SH
BE,GOPAL,Gopal Snacks Limited,2025-11-17,,,2025-11-17,,,INTDIV - RS 0.25 PER SH
BL,GOPAL,Gopal Snacks Limited,2025-11-17,,,2025-11-17,,,INTDIV - RS 0.25 PER SH
EQ,GOPAL,Gopal Snacks Limited,2025-11-17,,,2025-11-17,,,INTDIV - RS 0.25 PER SH
IQ,GOPAL,Gopal Snacks Limited,2025-11-17,,,2025-11-17,,,INTDIV - RS 0.25 PER SH
BE,GPTHEALTH,GPT Healthcare Limited,2025-11-14,,,2025-11-14,,,INTDIV - RE 1 PER SH
BL,GPTHEALTH,GPT Healthcare Limited,2025-11-14,,,2025-11-14,,,INTDIV - RE 1 PER SH
EQ,GPTHEALTH,GPT Healthcare Limited,2025-11-14,,,2025-11-14,,,INTDIV - RE 1 PER SH
IQ,GPTHEALTH,GPT Healthcare Limited,2025-11-14,,,2025-11-14,,,INTDIV - RE 1 PER SH
BE,HDFCAMC,HDFC AMC Limited,2025-11-26,,,2025-11-26,,,BONUS 1:1
BL,HDFCAMC,HDFC AMC Limited,2025-11-26,,,2025-11-26,,,BONUS 1:1
EQ,HDFCAMC,HDFC AMC Limited,2025-11-26,,,2025-11-26,,,BONUS 1:1
IQ,HDFCAMC,HDFC AMC Limited,2025-11-26,,,2025-11-26,,,BONUS 1:1
T0,HDFCAMC,HDFC AMC Limited,2025-11-26,,,2025-11-26,,,BONUS 1:1
TL,HDFCAMC,HDFC AMC Limited,2025-11-26,,,2025-11-26,,,BONUS 1:1
BE,HUDCO,Hsg & Urban Dev Corpn Ltd,2025-11-19,,,2025-11-19,,,INTDIV - RE 1 PER SH
BL,HUDCO,Hsg & Urban Dev Corpn Ltd,2025-11-19,,,2025-11-19,,,INTDIV - RE 1 PER SH
EQ,HUDCO,Hsg & Urban Dev Corpn Ltd,2025-11-19,,,2025-11-19,,,INTDIV - RE 1 PER SH
IQ,HUDCO,Hsg & Urban Dev Corpn Ltd,2025-11-19,,,2025-11-19,,,INTDIV - RE 1 PER SH
T0,HUDCO,Hsg & Urban Dev Corpn Ltd,2025-11-19,,,2025-11-19,,,INTDIV - RE 1 PER SH
TL,HUDCO,Hsg & Urban Dev Corpn Ltd,2025-11-19,,,2025-11-19,,,INTDIV - RE 1 PER SH
IV,INDIGRID,India Grid Trust,2025-11-14,,,2025-11-14,,,DISTRIBUTION - RS 4
BL,INFIBPP,INFIBEAM Re.0.5 ppd up,2025-11-14,,,2025-11-14,,,FSTFINCL RS 5 PR SH
E1,INFIBPP,INFIBEAM Re.0.5 ppd up,2025-11-14,,,2025-11-14,,,FSTFINCL RS 5 PR SH
BE,INFY,Infosys Limited,2025-11-14,,,2025-11-14,,,BUY BACK
BL,INFY,Infosys Limited,2025-11-14,,,2025-11-14,,,BUY BACK
EQ,INFY,Infosys Limited,2025-11-14,,,2025-11-14,,,BUY BACK
IQ,INFY,Infosys Limited,2025-11-14,,,2025-11-14,,,BUY BACK
T0,INFY,Infosys Limited,2025-11-14,,,2025-11-14,,,BUY BACK
TL,INFY,Infosys Limited,2025-11-14,,,2025-11-14,,,BUY BACK
IV,INTERISE,Interise Trust,2025-11-15,,,2025-11-14,,,DISTRIBUTION - RS 1.34
IV,IRBIT,IRB INFRASTRUCTURE TRUST,2025-11-14,,,2025-11-14,,,DISTRIBUTION - RE 0.44
BE,JMFINANCIL,JM Financial Limited,2025-11-14,,,2025-11-14,,,INTDIV - RS 1.50 PER SH
BL,JMFINANCIL,JM Financial Limited,2025-11-14,,,2025-11-14,,,INTDIV - RS 1.50 PER SH
EQ,JMFINANCIL,JM Financial Limited,2025-11-14,,,2025-11-14,,,INTDIV - RS 1.50 PER SH
IQ,JMFINANCIL,JM Financial Limited,2025-11-14,,,2025-11-14,,,INTDIV - RS 1.50 PER SH
T0,JMFINANCIL,JM Financial Limited,2025-11-14,,,2025-11-14,,,INTDIV - RS 1.50 PER SH
TL,JMFINANCIL,JM Financial Limited,2025-11-14,,,2025-11-14,,,INTDIV - RS 1.50 PER SH
BE,KDDL,KDDL Limited,2025-11-14,,,2025-11-14,,,INTDIV - RS 15 PER SH
BL,KDDL,KDDL Limited,2025-11-14,,,2025-11-14,,,INTDIV - RS 15 PER SH
EQ,KDDL,KDDL Limited,2025-11-14,,,2025-11-14,,,INTDIV - RS 15 PER SH
IQ,KDDL,KDDL Limited,2025-11-14,,,2025-11-14,,,INTDIV - RS 15 PER SH
BE,KPEL,K.P. Energy Limited,2025-11-14,,,2025-11-14,,,INTDIV - RE 0.25 PER SH
BL,KPEL,K.P. Energy Limited,2025-11-14,,,2025-11-14,,,INTDIV - RE 0.25 PER SH
EQ,KPEL,K.P. Energy Limited,2025-11-14,,,2025-11-14,,,INTDIV - RE 0.25 PER SH
IQ,KPEL,K.P. Energy Limited,2025-11-14,,,2025-11-14,,,INTDIV - RE 0.25 PER SH
BE,KPIGREEN,KPI Green Energy Limited,2025-11-14,,,2025-11-14,,,INTDIV - RS 0.25 PER SH
BL,KPIGREEN,KPI Green Energy Limited,2025-11-14,,,2025-11-14,,,INTDIV - RS 0.25 PER SH
EQ,KPIGREEN,KPI Green Energy Limited,2025-11-14,,,2025-11-14,,,INTDIV - RS 0.25 PER SH
IQ,KPIGREEN,KPI Green Energy Limited,2025-11-14,,,2025-11-14,,,INTDIV - RS 0.25 PER SH
T0,KPIGREEN,KPI Green Energy Limited,2025-11-14,,,2025-11-14,,,INTDIV - RS 0.25 PER SH
TL,KPIGREEN,KPI Green Energy Limited,2025-11-14,,,2025-11-14,,,INTDIV - RS 0.25 PER SH
BE,MOIL,MOIL Limited,2025-11-15,,,2025-11-14,,,INTDIV - RS 1.80 PER SH
BL,MOIL,MOIL Limited,2025-11-15,,,2025-11-14,,,INTDIV - RS 1.80 PER SH
EQ,MOIL,MOIL Limited,2025-11-15,,,2025-11-14,,,INTDIV - RS 1.80 PER SH
IQ,MOIL,MOIL Limited,2025-11-15,,,2025-11-14,,,INTDIV - RS 1.80 PER SH
BE,NATIONALUM,NATIONALUM - Depo,2025-11-14,,,2025-11-14,,,INTDIV - RS 4 PER SH
BL,NATIONALUM,National Alum Co Ltd,2025-11-14,,,2025-11-14,,,INTDIV - RS 4 PER SH
EQ,NATIONALUM,National Alum Co Ltd,2025-11-14,,,2025-11-14,,,INTDIV - RS 4 PER SH
IQ,NATIONALUM,National Alum Co Ltd,2025-11-14,,,2025-11-14,,,INTDIV - RS 4 PER SH
T0,NATIONALUM,National Alum Co Ltd,2025-11-14,,,2025-11-14,,,INTDIV - RS 4 PER SH
TL,NATIONALUM,National Alum Co Ltd,2025-11-14,,,2025-11-14,,,INTDIV - RS 4 PER SH
BE,NAVA,NAVA LIMITED,2025-11-14,,,2025-11-14,,,INTDIV - RS 3 PER SH
BL,NAVA,NAVA LIMITED,2025-11-14,,,2025-11-14,,,INTDIV - RS 3 PER SH
EQ,NAVA,NAVA LIMITED,2025-11-14,,,2025-11-14,,,INTDIV - RS 3 PER SH
IQ,NAVA,NAVA LIMITED,2025-11-14,,,2025-11-14,,,INTDIV - RS 3 PER SH
T0,NAVA,NAVA LIMITED,2025-11-14,,,2025-11-14,,,INTDIV - RS 3 PER SH
TL,NAVA,NAVA LIMITED,2025-11-14,,,2025-11-14,,,INTDIV - RS 3 PER SH
IV,NDRINVIT,NDR INVIT Trust,2025-11-14,,,2025-11-14,,,DISTRIBUTION - RS 1.825
BE,ONGC,OIL AND NATURAL GAS CORP.,2025-11-14,,,2025-11-14,,,INTDIV - RS 6 PER SH
BL,ONGC,Oil & Natural Gas Corp,2025-11-14,,,2025-11-14,,,INTDIV - RS 6 PER SH
EQ,ONGC,Oil & Natural Gas Corp,2025-11-14,,,2025-11-14,,,INTDIV - RS 6 PER SH
IQ,ONGC,Oil & Natural Gas Corp,2025-11-14,,,2025-11-14,,,INTDIV - RS 6 PER SH
T0,ONGC,Oil & Natural Gas Corp,2025-11-14,,,2025-11-14,,,INTDIV - RS 6 PER SH
TL,ONGC,Oil & Natural Gas Corp,2025-11-14,,,2025-11-14,,,INTDIV - RS 6 PER SH
BE,PETRONET,PETRONET LNG LIMITED,2025-11-14,,,2025-11-14,,,INTDIV - RS 7 PER SH
BL,PETRONET,Petronet LNG Limited,2025-11-14,,,2025-11-14,,,INTDIV - RS 7 PER SH
EQ,PETRONET,Petronet LNG Limited,2025-11-14,,,2025-11-14,,,INTDIV - RS 7 PER SH
IQ,PETRONET,Petronet LNG Limited,2025-11-14,,,2025-11-14,,,INTDIV - RS 7 PER SH
T0,PETRONET,Petronet LNG Limited,2025-11-14,,,2025-11-14,,,INTDIV - RS 7 PER SH
TL,PETRONET,Petronet LNG Limited,2025-11-14,,,2025-11-14,,,INTDIV - RS 7 PER SH
BE,PFC,Power Finance Corporation,2025-11-26,,,2025-11-26,,,INTDIV - RS 3.65 PER SH
BL,PFC,Power Finance Corporation,2025-11-26,,,2025-11-26,,,INTDIV - RS 3.65 PER SH
EQ,PFC,Power Finance Corporation,2025-11-26,,,2025-11-26,,,INTDIV - RS 3.65 PER SH
IQ,PFC,Power Finance Corporation,2025-11-26,,,2025-11-26,,,INTDIV - RS 3.65 PER SH
T0,PFC,Power Finance Corporation,2025-11-26,,,2025-11-26,,,INTDIV - RS 3.65 PER SH
TL,PFC,Power Finance Corporation,2025-11-26,,,2025-11-26,,,INTDIV - RS 3.65 PER SH
BE,PGIL,House of Pearl Fashions L,2025-11-17,,,2025-11-17,,,INTDIV - RS 6 PER SH
BL,PGIL,House of Pearl Fashions L,2025-11-17,,,2025-11-17,,,INTDIV - RS 6 PER SH
EQ,PGIL,House of Pearl Fashions L,2025-11-17,,,2025-11-17,,,INTDIV - RS 6 PER SH
IQ,PGIL,House of Pearl Fashions L,2025-11-17,,,2025-11-17,,,INTDIV - RS 6 PER SH
BE,PRICOLLTD,Pricol Limited,2025-11-14,,,2025-11-14,,,INTDIV - RS 2 PER SH
BL,PRICOLLTD,Pricol Limited,2025-11-14,,,2025-11-14,,,INTDIV - RS 2 PER SH
EQ,PRICOLLTD,Pricol Limited,2025-11-14,,,2025-11-14,,,INTDIV - RS 2 PER SH
IQ,PRICOLLTD,Pricol Limited,2025-11-14,,,2025-11-14,,,INTDIV - RS 2 PER SH
SL,REMUS,Remus Pharmaceuticals L,2025-11-14,,,2025-11-14,,,INTDIV - RE 0.50 PER SH
SM,REMUS,Remus Pharmaceuticals L,2025-11-14,,,2025-11-14,,,INTDIV - RE 0.50 PER SH
SQ,REMUS,Remus Pharmaceuticals L,2025-11-14,,,2025-11-14,,,INTDIV - RE 0.50 PER SH
ST,REMUS,Remus Pharmaceuticals L,2025-11-14,,,2025-11-14,,,INTDIV - RE 0.50 PER SH
BE,RITES,RITES Limited,2025-11-15,,,2025-11-14,,,INTDIV - RS 2 PER SH
BL,RITES,RITES Limited,2025-11-15,,,2025-11-14,,,INTDIV - RS 2 PER SH
EQ,RITES,RITES Limited,2025-11-15,,,2025-11-14,,,INTDIV - RS 2 PER SH
IQ,RITES,RITES Limited,2025-11-15,,,2025-11-14,,,INTDIV - RS 2 PER SH
T0,RITES,RITES Limited,2025-11-15,,,2025-11-14,,,INTDIV - RS 2 PER SH
TL,RITES,RITES Limited,2025-11-15,,,2025-11-14,,,INTDIV - RS 2 PER SH
SL,ROYALARC,Royal Arc Electrodes Ltd,2025-11-14,,,2025-11-14,,,INTDIV - RE 0.50 PER SH
SM,ROYALARC,Royal Arc Electrodes Ltd,2025-11-14,,,2025-11-14,,,INTDIV - RE 0.50 PER SH
SQ,ROYALARC,Royal Arc Electrodes Ltd,2025-11-14,,,2025-11-14,,,INTDIV - RE 0.50 PER SH
ST,ROYALARC,Royal Arc Electrodes Ltd,2025-11-14,,,2025-11-14,,,INTDIV - RE 0.50 PER SH
BE,SAFARI,Safari Ind (India) Ltd,2025-11-14,,,2025-11-14,,,INTDIV - RS 2 PER SH
BL,SAFARI,Safari Ind (India) Ltd,2025-11-14,,,2025-11-14,,,INTDIV - RS 2 PER SH
EQ,SAFARI,Safari Ind (India) Ltd,2025-11-14,,,2025-11-14,,,INTDIV - RS 2 PER SH
IQ,SAFARI,Safari Ind (India) Ltd,2025-11-14,,,2025-11-14,,,INTDIV - RS 2 PER SH
T0,SAFARI,Safari Ind (India) Ltd,2025-11-14,,,2025-11-14,,,INTDIV - RS 2 PER SH
TL,SAFARI,Safari Ind (India) Ltd,2025-11-14,,,2025-11-14,,,INTDIV - RS 2 PER SH
BE,SAKSOFT,Saksoft Limited,2025-11-14,,,2025-11-14,,,INTDIV - RE 0.45 PER SH
BL,SAKSOFT,Saksoft Limited,2025-11-14,,,2025-11-14,,,INTDIV - RE 0.45 PER SH
EQ,SAKSOFT,Saksoft Limited,2025-11-14,,,2025-11-14,,,INTDIV - RE 0.45 PER SH
IQ,SAKSOFT,Saksoft Limited,2025-11-14,,,2025-11-14,,,INTDIV - RE 0.45 PER SH
BE,SCI,SHIPPING CORP OF INDIA LT,2025-11-19,,,2025-11-19,,,INTDIV - RS 3 PER SH
BL,SCI,Shipping Corp of India ,2025-11-19,,,2025-11-19,,,INTDIV - RS 3 PER SH
EQ,SCI,Shipping Corp of India ,2025-11-19,,,2025-11-19,,,INTDIV - RS 3 PER SH
IQ,SCI,Shipping Corp of India ,2025-11-19,,,2025-11-19,,,INTDIV - RS 3 PER SH
GB,SGBNOV258,2.50%GOLDBONDS2025SR-VIII,2025-11-18,,,,,,REDEMPTION
GB,SGBNOV25IX,2.50%GOLDBONDS 2025SR-IX,2025-11-25,,,,,,REDEMPTION
BE,SMCGLOBAL,SMC Global Securities Ltd,2025-11-14,,,2025-11-14,,,BONUS 1:1
BL,SMCGLOBAL,SMC Global Securities Ltd,2025-11-14,,,2025-11-14,,,BONUS 1:1
EQ,SMCGLOBAL,SMC Global Securities Ltd,2025-11-14,,,2025-11-14,,,BONUS 1:1
IQ,SMCGLOBAL,SMC Global Securities Ltd,2025-11-14,,,2025-11-14,,,BONUS 1:1
BE,SURYAROSNI,Surya Roshni Ltd,2025-11-17,,,2025-11-17,,,INTDIV - RS 2.50 PER SH
BL,SURYAROSNI,Surya Roshni Ltd,2025-11-17,,,2025-11-17,,,INTDIV - RS 2.50 PER SH
EQ,SURYAROSNI,Surya Roshni Ltd,2025-11-17,,,2025-11-17,,,INTDIV - RS 2.50 PER SH
IQ,SURYAROSNI,Surya Roshni Ltd,2025-11-17,,,2025-11-17,,,INTDIV - RS 2.50 PER SH
IV,TVSINVIT,TVS Infrastructure Trust,2025-11-14,,,2025-11-14,,,DISTRIBUTION - RS 1.51
BE,VEEDOL,Veedol Corporation Ltd,2025-11-14,,,2025-11-14,,,INTDIV - RS 22 PER SH
BL,VEEDOL,Veedol Corporation Ltd,2025-11-14,,,2025-11-14,,,INTDIV - RS 22 PER SH
EQ,VEEDOL,Veedol Corporation Ltd,2025-11-14,,,2025-11-14,,,INTDIV - RS 22 PER SH
IQ,VEEDOL,Veedol Corporation Ltd,2025-11-14,,,2025-11-14,,,INTDIV - RS 22 PER SH
BE,VENUSPIPES,Venus Pipes & Tubes Ltd,2025-11-18,,,2025-11-18,,,INTDIV - RE 0.50 PER SH
BL,VENUSPIPES,Venus Pipes & Tubes Ltd,2025-11-18,,,2025-11-18,,,INTDIV - RE 0.50 PER SH
EQ,VENUSPIPES,Venus Pipes & Tubes Ltd,2025-11-18,,,2025-11-18,,,INTDIV - RE 0.50 PER SH
IQ,VENUSPIPES,Venus Pipes & Tubes Ltd,2025-11-18,,,2025-11-18,,,INTDIV - RE 0.50 PER SH
BE,VIDHIING,Vidhi Spl Food Ingred Ltd,2025-11-14,,,2025-11-14,,,INTDIV - RE 1.50 PER SH
BL,VIDHIING,Vidhi Spl Food Ingred Ltd,2025-11-14,,,2025-11-14,,,INTDIV - RE 1.50 PER SH
EQ,VIDHIING,Vidhi Spl Food Ingred Ltd,2025-11-14,,,2025-11-14,,,INTDIV - RE 1.50 PER SH
IQ,VIDHIING,Vidhi Spl Food Ingred Ltd,2025-11-14,,,2025-11-14,,,INTDIV - RE 1.50 PER SH
BE,WEBELSOLAR,Websol Energy System Ltd,2025-11-14,,,2025-11-14,,,FVSPLT FRM RS 10 TO RE 1
BL,WEBELSOLAR,Websol Energy System Ltd,2025-11-14,,,2025-11-14,,,FVSPLT FRM RS 10 TO RE 1
EQ,WEBELSOLAR,Websol Energy System Ltd,2025-11-14,,,2025-11-14,,,FVSPLT FRM RS 10 TO RE 1
IQ,WEBELSOLAR,Websol Energy System Ltd,2025-11-14,,,2025-11-14,,,FVSPLT FRM RS 10 TO RE 1
