SYMBOL,SERIES,SECURITY,HIGH/LOW
1035UCL26,NA,SEC RE NCD 10.35% SR III,H
AARVI,EQ,AARVI ENCON LIMITED,H
ABHAPOWER,ST,ABHA POWER N STEEL LTD,H
ACCORD,SM,ACCORD SYNERGY LIMITED,H
ADVENTHTL,BE,ADVENT HOTELS INTERNATI L,H
AGNI,ST,AGNI GREEN POWER LTD,H
AGSTRA,BZ,AGS TRANSACT TECH LTD,H
AKSHAR,BE,AKSHAR SPINTEX LIMITED,H
ALLCARGO,BE,ALLCARGO LOGISTICS LTD,H
AMJUMBO,SM,A AND M JUMBO BAGS LTD,H
ANONDITA,ST,ANONDITA MEDICARE LIMITED,H
ANSALAPI,BZ,ANSAL PROP & INFRA LTD,H
AXISCADES,BE,AXISCADES TECH LTD,H
BHAGYANGR,EQ,BHAGYANAGAR INDIA LIMITED,H
BOSS,SM,BOSS PACKAGING SOLU LTD,H
C2C,ST,C2C ADVANCED SYSTEMS LTD,H
COMPINFO,BZ,COMPUAGE INFOCOM LTD,H
DCG,SM,DCG CABLES & WIRES LTD,H
DHARAN,BZ,DHARAN INFRA-EPC LIMITED,H
DHARIWAL,ST,DHARIWALCORP LIMITED,H
DRONE,SM,DRONE DESTINATION LIMITED,H
ENFUSE,SM,ENFUSE SOLUTIONS LIMITED,H
ESFL,SM,ESSEN SPECIALITY FILMS L,H
EXPLEOSOL,EQ,EXPLEO SOLUTIONS LIMITED,H
EXXARO,BE,EXXARO TILES LIMITED,H
GATECHDVR,EQ,GACM TECHNOLOGIES LIMITED,H
GSTL,SM,GLOBESECURE TECHNO LTD,H
GUJAPOLLO,BE,GUJ. APOLLO IND. LTD.,H
HGM,BE,HANDSON GBL MNGMNT LTD,H
HILTON,EQ,HILTON METAL FORGING LTD,H
HNGSNGBEES,EQ,NIP IND ETF HANGSENG BEES,H
HYBRIDFIN,BE,HYBRID FINANCIAL SERVICE,H
IDEA,T0,VODAFONE IDEA LIMITED,H
INDOTHAI,BE,INDO THAI SEC LTD,H
INFOMEDIA,EQ,INFOMEDIA PRESS LIMITED,H
INTENTECH,BE,INTENSE TECHNOLOGIES LTD,H
IPHL,SM,INDIAN PHOSPHATE LIMITED,H
ISHAN,SM,ISHAN INTERNATIONAL LTD,H
ITTL,ST,INNOVATIVE TYRE & TUBE LT,H
IVC,EQ,IL&FS INVESTMENT MANAGERS,H
IZMO,BE,IZMO LIMITED,H
K2INFRA,SM,K2 INFRAGEN LIMITED,H
KARNIKA,SM,KARNIKA INDUSTRIES LTD,H
KCK,ST,KCK INDUSTRIES LTD,H
KDL,SM,KORE DIGITAL LIMITED,H
LCCINFOTEC,EQ,LCC INFOTECH LTD,H
MAFANG,EQ,MIRAEAMC - MAFANG,H
MAHKTECH,EQ,MIRAEAMC - MAHKTECH,H
MAL,SM,MANGALAM ALLOYS LIMITED,H
MANAKSTEEL,EQ,MANAKSIA STEELS LTD,H
MARINETRAN,SM,MARINETRANS INDIA LIMITED,H
MASPTOP50,EQ,MIRAEAMC - MASPTOP50,H
MAXVOLT,ST,MAXVOLT ENERGY INDUS L,H
MPTODAY,SM,M P TODAY MEDIA LIMITED,H
NAMAN,SM,NAMAN IN-STORE (INDIA) L,H
NILASPACES,BE,NILA SPACES LIMITED,H
OMKARCHEM,BZ,OMKAR SPL CHEM LTD,H
ORTEL,BZ,ORTEL COMMUNICATIONS LTD,H
PIRAMALFIN,BE,PIRAMAL FINANCE LIMITED,H
PRIZOR,ST,PRIZOR VIZTECH LIMITED,H
PSRAJ,ST,P S RAJ STEELS LIMITED,H
RAJRILTD,BE,RAJ RAYON INDUSTRIES LTD,H
READYMIX,ST,READYMIX CONSTRU MACHI L,H
RICHA,ST,RICHA INFO SYSTEMS LTD,H
RISHABH,BE,RISHABH INSTRUMENTS LTD,H
RVHL,BE,RAVINDER HEIGHTS LIMITED,H
SABTNL,EQ,SRI ADHIKARI BRO TELE N L,H
SANCO,BZ,SANCO INDUSTRIES LIMITED,H
SANWARIA,BZ,SANWARIA CONSUMER LIMITED,H
SETUINFRA,BZ,SETUBANDHAN INFRA LTD,H
SHANTHALA,ST,SHANTHALA FMCG PRODUCTS L,H
SHRIAHIMSA,ST,SHRI AHIMSA NATURALS LTD,H
SHUBHLAXMI,SM,SHUBHLAXMI JEWEL ART LTD,H
SICALLOG,BE,SICAL LOGISTICS LIMITED,H
SITINET,BZ,SITI NETWORKS LIMITED,H
SOLEX,EQ,SOLEX ENERGY LIMITED,H
SOMATEX,BE,SOMA TEXTILEI NDUSTRIES L,H
SUNLITE,ST,SUNLITE RECYCLING IND LTD,H
SUPREMEENG,BZ,SUPREME ENGINEERING LTD,H
TAKE,BE,TAKE SOLUTIONS LTD,H
TARIL,EQ,TRANS & RECTI. LTD,H
TBI,SM,TBI CORN LIMITED,H
TECILCHEM,BE,TECIL CHEMICALS,H
TEMBO,EQ,TEMBO GLOBAL IND LTD,H
TERASOFT,BE,TERA SOFTWARE LIMITED,H
TGL,SM,TEERTH GOPICON LIMITED,H
TIL,EQ,TIL LTD,H
TRIGYN,BE,TRIGYN TECHNOLOGIES LTD,H
VCL,EQ,VAXTEX COTFAB LIMITED,H
VIJIFIN,BE,VIJI FINANCE LIMITED,H
VLEGOV,EQ,VL E GOV AND IT SOL LTD,H
WALPAR,SM,WALPAR NUTRITIONS LIMITED,H
WINSOME,BZ,WINSOME YARNS LIMITED,H
XELPMOC,BE,XELPMOC DESIGN & TECH LTD,H
21STCENMGM,EQ,21ST CENTURY MGMT SERVICE,L
ADVENTHTL,BE,ADVENT HOTELS INTERNATI L,L
AGUL,SM,A G UNIVERSAL LIMITED,L
AMCL,ST,ANB METAL CAST LIMITED,L
AMEYA,SM,AMEYA PRECISION ENG LTD,L
ANSALAPI,BZ,ANSAL PROP & INFRA LTD,L
ARSHIYA,BZ,ARSHIYA LIMITED,L
ASPIRE,SM,ASPIRE & INNOVATIVE ADV L,L
ATLANTAA,BE,ATLANTAA LIMITED,L
CADSYS,SM,CADSYS (INDIA) LIMITED,L
CAPTRUST,EQ,CAPITAL TRUST LIMITED,L
CBAZAAR,SM,NET AVENUE TECHNOLOGIES L,L
COFFEEDAY,BE,COFFEE DAY ENTERPRISE LTD,L
COMMITTED,ST,COMMITTED CARGO CARE LTD,L
CURAA,BE,CURA TECHNOLOGIES LIMITED,L
CURIS,ST,CURIS LIFESCIENCES LTD,L
DRONE,SM,DRONE DESTINATION LIMITED,L
DYNAMIC,SM,DYNAMIC SRVCS & SEC LTD,L
ELGIRUBCO,BE,ELGI RUBBER CO. LTD,L
ESSARSHPNG,BE,ESSAR SHIPPING LTD,L
FEL,BZ,FUTURE ENTERPRISES LTD,L
FINBUD,ST,FINBUD FINANCIAL SERV LTD,L
FISCHER,EQ,FISCHER MEDICAL VENTURE L,L
FLEXITUFF,EQ,FLEXITUFF VENTURES INT L,L
FONEBOX,ST,FONEBOX RETAIL LIMITED,L
GAYAHWS,BE,GAYATRI HIGHWAYS LIMITED,L
GIRIRAJ,SM,GIRIRAJ CIVIL DEVP LTD,L
GUJRAFFIA,BE,GUJARAT RAFFIA INDUST LTD,L
HOLMARC,SM,HOLMARC OPTO MECHATRO L,L
HOMESFY,SM,HOMESFY REALTY LIMITED,L
HVAX,SM,HVAX TECHNOLOGIES LIMITED,L
IDEALTECHO,ST,IDEAL TECHNOPLAST IND LTD,L
IL&FSENGG,BZ,IL&FS ENG AND CONS CO LTD,L
INNOMET,SM,INNOMET ADVANCED MATERI L,L
IRIS,EQ,IRIS BUSINESS SERV LTD,L
KDL,SM,KORE DIGITAL LIMITED,L
KORE,SM,JAY JALARAM TECHNO LTD,L
KOTYARK,ST,KOTYARK INDUSTRIES LTD,L
LAKPRE,BZ,LAKSHMI PRE SCRE LTD,L
LANCORHOL,BE,LANCOR HOLDINGS LIMITED,L
LGHL,EQ,LAXMI GOLDORNA HOUSE LTD,L
LOTUSEYE,BE,LOTUS EYE HOSP & INST L,L
MANAV,ST,MANAV INFRA PROJECTS LTD,L
MEP,BZ,MEP INFRA. DEVELOPERS LTD,L
MIEL,ST,MANGLAM INFRA & ENG LTD,L
MYMUDRA,ST,MY MUDRA FINCORP LIMITED,L
NATCAPSUQ,BE,NATURAL CAPSULES LIMITED,L
NAVKARURB,EQ,NAVKAR URBANSTRUCTURE LTD,L
NEWJAISA,ST,NEWJAISA TECHNOLOGIES LTD,L
NIKITA,ST,NIKITA GRENTEC RECYCL LTD,L
NIRMAN,SM,NIRMAN AGRI GENTICS LTD,L
ORTEL,BZ,ORTEL COMMUNICATIONS LTD,L
PALREDTEC,BE,PALRED TECHNOLOGIES LTD,L
PARTH,ST,PARTH ELEC & ENG LTD,L
PRAENG,BE,PRAJAY ENG. SYN. LTD.,L
PRECISION,SM,PRECISION METALIKS LTD,L
PRIZOR,ST,PRIZOR VIZTECH LIMITED,L
QUADPRO,SM,QUADPRO ITES LIMITED,L
REXPIPES,ST,REX PIPES AND CABLES LTD,L
RITEZONE,SM,RITE ZONE CHEMCON IND LTD,L
SABAR,ST,SABAR FLEX INDIA LIMITED,L
SABEVENTS,BE,SAB EVENTS & GOVERNANCE,L
SADHNANIQ,BE,SADHANA NITROCHEM LIMITED,L
SANCO,BZ,SANCO INDUSTRIES LIMITED,L
SETUINFRA,BZ,SETUBANDHAN INFRA LTD,L
SILKFLEX,SM,SILKFLEX POLYMERS INDIA L,L
SITINET,BZ,SITI NETWORKS LIMITED,L
SLONE,SM,SLONE INFOSYSTEMS LIMITED,L
STALLION,BE,STALLION IND FLUOROCHEM L,L
TAPIFRUIT,ST,TAPI FRUIT PROCESSING LTD,L
TAURIAN,ST,TAURIAN MPS LIMITED,L
TECHD,ST,TECHD CYBERSECURITY LTD,L
TEJASCARGO,ST,TEJAS CARGO INDIA LIMITED,L
TRANSWIND,SM,TRANSWIND INFRA LIMITED,L
VIESL,ST,VISION INFRA EQUIP SOL L,L
VILINBIO,SM,VILIN BIO MED LIMITED,L
WALPAR,SM,WALPAR NUTRITIONS LIMITED,L
