SYMBOL,SERIES,SECURITY,HIGH/LOW
AAREYDRUGS,EQ,AAREY DRUGS & PHARM LTD,H
ACCORD,SM,ACCORD SYNERGY LIMITED,H
AEGISVOPAK,EQ,AEGIS VOPAK TERMINALS LTD,H
AFIL,EQ,AKME FINTRADE (INDIA) LTD,H
AILIMITED,SM,ABHISHEK INTEGRATIONS LTD,H
ANSALAPI,BZ,ANSAL PROP & INFRA LTD,H
ASTRON,EQ,ASTRON PAPER BORD MIL LTD,H
AURIGROW,BE,AURI GROW INDIA LIMITED,H
BGLOBAL,BZ,BHARATIYA GLOBAL INFO LTD,H
BLUECHIP,BE,BLUE CHIP INDIA LIMITED,H
BLUEJET,EQ,BLUE JET HEALTHCARE LTD,H
BONLON,BE,BONLON INDUSTRIES LIMITED,H
CAPTRUST,EQ,CAPITAL TRUST LIMITED,H
CLCIND,BE,CLC INDUSTRIES LIMITED,H
COMMITTED,SM,COMMITTED CARGO CARE LTD,H
COOLCAPS,SM,COOL CAPS INDUSTRIES LTD,H
COUNCODOS,EQ,COUNTRY CONDO S LIMITED,H
DCMSIL,BE,DCM SHRIRAM INTERNATNL L,H
DEEDEV,EQ,DEE DEVELOPMENT ENG LTD,H
DENEERS,ST,DE NEERS TOOLS LIMITED,H
DHARAN,BZ,DHARAN INFRA-EPC LIMITED,H
EASTSILK,BE,EASTERN SILK INDUSTRIES L,H
EDUCOMP,BZ,EDUCOMP SOLUTIONS LTD,H
EXCELLENT,ST,EXCELLENT WIRES N PACK L,H
FEL,BZ,FUTURE ENTERPRISES LTD,H
FELDVR,BZ,FUTURE ENTERPRISES LTD,H
FLFL,BZ,FUT LIFESTYLE FASH LTD,H
FRESHARA,ST,FRESHARA AGRO EXPORTS LTD,H
GAYAPROJ,BZ,GAYATRI PROJECTS LTD,H
GFSTEELS,BE,GRAND FOUNDRY LTD,H
GJL,ST,GROVER JEWELLS LIMITED,H
GLOBAL,BE,GLOBAL EDUCATION LIMITED,H
GOLDSTAR,SM,GOLDSTAR POWER LIMITED,H
GSLSU,BE,GLOBAL SURFACES LIMITED,H
GVPTECHPP,E1,GVPTECH RE.1 PPD UP,H
HMT,BZ,HMT LTD -,H
HNGSNGBEES,EQ,NIP IND ETF HANGSENG BEES,H
HRHNEXT,SM,HRH NEXT SERVICES LIMITED,H
IDEA,T0,VODAFONE IDEA LIMITED,H
ITALIANE,SM,ITALIAN EDIBLES LIMITED,H
ITTL,ST,INNOVATIVE TYRE & TUBE LT,H
JAINAM,SM,JAINAM FER ALLOYS (I) LTD,H
JITFINFRA,EQ,JITF INFRALOGISTICS LTD,H
JPASSOCIAT,BE,JAIPRAKASH ASSOCIATES LTD,H
KARMAENG,EQ,KARMA ENERGY LIMITED,H
KSHITIJPOL,EQ,KSHITIJ POLYLINE LIMITED,H
LAXMICOT,BE,LAXMI COTSPIN LIMITED,H
LCCINFOTEC,BE,LCC INFOTECH LTD,H
MAFANG,EQ,MIRAEAMC - MAFANG,H
MAHKTECH,EQ,MIRAEAMC - MAHKTECH,H
MASPTOP50,EQ,MIRAEAMC - MASPTOP50,H
MEDIORG,SM,MEDICAMEN ORGANICS LTD,H
MEDISTEP,ST,MEDISTEP HEALTHCARE LTD,H
NAMAN,SM,NAMAN INDUSTRE PRXIMA LTD,H
NAVKARURB,BE,NAVKAR URBANSTRUCTURE LTD,H
NEUEON,BE,NEUEON CORPORATION LTD,H
NEWJAISA,SM,NEWJAISA TECHNOLOGIES LTD,H
NKIND,EQ,NK INDUSTRIES LTD,H
ORTEL,BZ,ORTEL COMMUNICATIONS LTD,H
OSIAHYPER,EQ,OSIA HYPER RETAIL LIMITED,H
PANSARI,BE,PANSARI DEVELOPERS LTD,H
PRESSTONIC,ST,PRESSTONIC ENGINEERING L,H
PURPLEUTED,SM,PURPLE UNITED SALES LTD,H
QUESTLAB,ST,QUEST LABORATORIES LTD,H
QUICKTOUCH,SM,QUICKTOUCH TECHNOLOGIES L,H
QUINTEGRA,BE,QUINTEGRA SOLUTIONS LTD.,H
S&SPOWER,BE,S&S POWER SWITCHGEARS,H
SABAR,ST,SABAR FLEX INDIA LIMITED,H
SACHEEROME,ST,SACHEEROME LIMITED,H
SADBHAV,EQ,SADBHAV ENGINEERING LTD,H
SADHNANIQ,EQ,SADHANA NITROCHEM LIMITED,H
SAHAJ,SZ,SAHAJ FASHIONS LIMITED,H
SETUINFRA,BZ,SETUBANDHAN INFRA LTD,H
SEYAIND,BE,SEYA INDUSTRIES LIMITED,H
SUPREMEENG,BZ,SUPREME ENGINEERING LTD,H
TGL,ST,TEERTH GOPICON LIMITED,H
UEL,EQ,UJAAS ENERGY LIMITED,H
UNIHEALTH,ST,UNIHEALTH HOSPITALS LTD,H
UNIVAFOODS,BE,UNIVA FOODS LIMITED,H
VCL,BE,VAXTEX COTFAB LIMITED,H
VEEKAYEM,SM,VEEKAYEM FASH & APP LTD,H
VIJAYPD,ST,VIJAYPD CEUTICAL LIMITED,H
VIJIFIN,EQ,VIJI FINANCE LIMITED,H
VIPULLTD,BE,VIPUL LIMITED,H
VIVIMEDLAB,EQ,VIVIMED LABS LIMITED,H
VR,SM,V R INFRASPACE LIMITED,H
WINSOME,BZ,WINSOME YARNS LIMITED,H
YUDIZ,SM,YUDIZ SOLUTIONS LIMITED,H
AGUL,SM,A G UNIVERSAL LIMITED,L
AQYLON,EQ,AQYLON NEXUS LIMITED,L
ARSHIYA,BZ,ARSHIYA LIMITED,L
ARVEE,BE,ARVEE LABORATORIES I LTD,L
ARVINDPORT,SM,ARVIND PORT AND INFRA LTD,L
ASPIRE,SM,ASPIRE & INNOVATIVE ADV L,L
AURIGROW,BE,AURI GROW INDIA LIMITED,L
BALCO,SM,SOLVE PLASTIC PRODUCTS L,L
BLUECHIP,BE,BLUE CHIP INDIA LIMITED,L
BOHRAIND,BE,BOHRA INDUSTRIES LIMITED,L
BRANDMAN,ST,BRANDMAN RETAIL LIMITED,L
CADSYS,SM,CADSYS (INDIA) LIMITED,L
CEDAAR,SM,CEDAAR TEXTILE LIMITED,L
CKKRETAIL,SM,C K K RETAIL MART LIMITED,L
CMRSL,SM,CYBER MEDIA RES & SER LTD,L
COMPINFO,BZ,COMPUAGE INFOCOM LTD,L
COOLCAPS,SM,COOL CAPS INDUSTRIES LTD,L
DCMSIL,BE,DCM SHRIRAM INTERNATNL L,L
DHTL,SM,DOCMODE HEALTH TECH LTD,L
DIRL,SM,DHANUKA INFRA REALTY LTD,L
DSFCL,BE,DCM SHRIRAM FINE CHEM LTD,L
DURLAX-RE,ST,DURLAX TOP SURFACE L,L
EASTSILK,BE,EASTERN SILK INDUSTRIES L,L
ESCONET,SM,ESCONET TECHNOLOGIES LTD,L
ESFL,SM,ESSEN SPECIALITY FILMS L,L
FEL,BZ,FUTURE ENTERPRISES LTD,L
FLFL,BZ,FUT LIFESTYLE FASH LTD,L
GAYAHWS,EQ,GAYATRI HIGHWAYS LIMITED,L
GENSOL,BZ,GENSOL ENGINEERING LTD,L
GLFL,EQ,GUJARAT LEASE FINANCING L,L
GML,ST,GALAXY MEDICARE LIMITED,L
GRAPHISAD,ST,GRAPHISADS LIMITED,L
GVKPIL,BE,GVK POW. & INFRA LTD.,L
HDIL,BZ,HOUSING DEV & INFRA LTD,L
HITECHGEAR,BE,THE HI-TECH GEARS LIMITED,L
IFBAGRO,EQ,IFB AGRO INDUSTRIES LTD,L
ISHAN,SM,ISHAN INTERNATIONAL LTD,L
KNAGRI,EQ,KN AGRI RESOURCES LIMITED,L
KORE,SM,JAY JALARAM TECHNO LTD,L
LAKPRE,BZ,LAKSHMI PRE SCRE LTD,L
LAXMICOT,BE,LAXMI COTSPIN LIMITED,L
LCCINFOTEC,BE,LCC INFOTECH LTD,L
LOTUSEYE,EQ,LOTUS EYE HOSP & INST L,L
LRRPL,SM,LEAD REC AND RUB PROD LTD,L
MADHUCON,EQ,MADHUCON PROJECTS LTD.,L
MAXVOLT,ST,MAXVOLT ENERGY INDUS L,L
MEP,BZ,MEP INFRA. DEVELOPERS LTD,L
MHHL,SM,MOHINI HEALTH&HYGIENE LTD,L
MPTODAY,SM,M P TODAY MEDIA LIMITED,L
MTEDUCARE,BE,MT EDUCARE LTD,L
NIRAJISPAT,BE,NIRAJ ISPAT IND LTD,L
NIRMAN,ST,NIRMAN AGRI GENTICS LTD,L
OMKARCHEM,BZ,OMKAR SPL CHEM LTD,L
ONECAP-RE,BE,ONELIFE ADVISORS LTD,L
ORTEL,BZ,ORTEL COMMUNICATIONS LTD,L
ORTINGLOBE,BE,ORTIN GLOBAL LIMITED,L
OSIAHYPER,EQ,OSIA HYPER RETAIL LIMITED,L
POLYSIL,ST,POLYSIL IRRIGATION SYST L,L
PRESS-RE,ST,PRESSTONIC ENGINEERING L,L
PRUDMOULI,EQ,PRUDENTIAL SUGAR CORPORAT,L
PSRAJ,ST,P S RAJ STEELS LIMITED,L
QUADPRO,SM,QUADPRO ITES LIMITED,L
QUINTEGRA,BE,QUINTEGRA SOLUTIONS LTD.,L
RAJRILTD,BE,RAJ RAYON INDUSTRIES LTD,L
RCOM,BE,RELIANCE COMMUNICATIONS L,L
RELINFRA,BE,RELIANCE INFRASTRUCTU LTD,L
RHFL,BZ,RELIANCE HOME FINANCE LTD,L
SAHAJ,SZ,SAHAJ FASHIONS LIMITED,L
SAMBHAAV,BE,SAMBHAAV MEDIA LTD,L
SANCO,BZ,SANCO INDUSTRIES LIMITED,L
SANWARIA,BZ,SANWARIA CONSUMER LIMITED,L
SCPL,BE,SHEETAL COOL PRODUCTS LTD,L
SECL,ST,SALASAR EXTERIOR CONT LTD,L
SETUINFRA,BZ,SETUBANDHAN INFRA LTD,L
SEYAIND,BE,SEYA INDUSTRIES LIMITED,L
SHRENIK,BZ,SHRENIK LIMITED,L
SITINET,BZ,SITI NETWORKS LIMITED,L
SKIL,BZ,SKIL INFRASTRUCTURE LTD.,L
SMLMAH,EQ,SML MAHINDRA LIMITED,L
SPECTSTM,SM,SPECTRUM TALENT MGMT LTD,L
SPRL,SM,SP REFRACTORIES LIMITED,L
SRPL,BZ,SHREE RAM PROTEINS LTD.,L
STALL-RE,BE,STALLION FLUOROCHEM LTD,L
STALLION,EQ,STALLION IND FLUOROCHEM L,L
SUPREMEENG,BZ,SUPREME ENGINEERING LTD,L
SWANDEF,BE,SWAN DEFENCE N HEVY IND L,L
SYNOPTICS,SM,SYNOPTICS TECHNOLOGIES L,L
TECHERA,SM,TECHERA ENGINEER (IND) L,L
TECHLABS,SM,TRIDENT TECHLABS LIMITED,L
TICL,EQ,TWAMEV CONS AND INFRA LTD,L
TIJARIA,BE,TIJARIA POLYPIPES LTD,L
TPHQ,EQ,TEAMO PRODUCTIONS HQ LTD,L
UNIVAFOODS,BE,UNIVA FOODS LIMITED,L
UNIVPHOTO,BE,UNIVERSUS IMAGINGS LTD,L
VISASTEEL,EQ,VISA STEEL LIMITED,L
WINSOME,BZ,WINSOME YARNS LIMITED,L
