SECURITY,NEW,PREVIOUS,NEW_STATUS
ADITYA INFOTECH LIMITED       ,1645.10,1589.90,H
ADVENT HOTELS INTERNATI L     ,328.65,312.70,H
AIMTRON ELECTRONICS LTD       ,970.00,955.00,H
AKIKO GLOBAL SERVICES L       ,292.00,291.90,H
ANAND RATHI SH N STK BR L     ,682.50,663.95,H
ANB METAL CAST LIMITED        ,369.25,352.40,H
ARIHANT ACADEMY LIMITED       ,540.00,525.80,H
ASAHI INDIA GLASS LIMITED     ,985.60,980.80,H
BELRISE INDUSTRIES LTD        ,168.50,164.50,H
BILLIONBRAINS GARAGE VN L     ,153.50,134.40,H
CARTRADE TECH LIMITED         ,3210.00,3198.00,H
CHOICEAMC - CHOICEGOLD        ,126.20,124.20,H
DIVINE HIRA JEWELLERS LTD     ,141.15,135.50,H
FINBUD FINANCIAL SERV LTD     ,164.85,142.00,H
GRETEX CORPORATE SERVICES     ,379.19,333.30,H
IVALUE INFOSOLUTIONS LTD      ,333.80,329.20,H
JAIN RESOURCE RECYCLING L     ,451.70,446.00,H
LE MERITE EXPORTS LIMITED     ,520.00,509.80,H
LENSKART SOLUTIONS LTD        ,429.00,425.25,H
MAHAMAYA STEEL INDS LTD       ,780.10,767.70,H
MAX FINANCIAL SERV LTD        ,1729.90,1727.70,H
MEGA FLEX PLASTICS LTD        ,78.00,76.45,H
MIRAEAMC - BANKETF            ,594.52,594.20,H
MIRAEAMC - ENERGY             ,40.00,36.07,H
MIRAEAMC - SMALL250           ,17.29,16.98,H
MOTILALAMC - MOVALUE          ,116.19,115.91,H
MUTHOOT FINANCE LIMITED       ,3406.80,3398.00,H
N R VANDANA TEX IND LTD       ,72.00,68.25,H
PARAG MILK FOODS LTD.         ,376.95,368.95,H
PASHUPATI COTSPIN LIMITED     ,825.00,824.60,H
PEARL GLOBAL IND LIMITED      ,1993.30,1717.00,H
PSP PROJECTS LIMITED          ,1025.00,996.00,H
SACHEEROME LIMITED            ,299.80,266.40,H
SAFE ENTER RETAIL FIX LTD     ,287.00,249.25,H
SHARP CHUCKS N MACHINES L     ,152.30,150.00,H
SHREEJI SHIPPING GLOBAL L     ,303.55,293.65,H
SJS ENTERPRISES LIMITED       ,1798.00,1789.40,H
SYRMA SGS TECHNOLOGY LTD      ,909.90,901.00,H
TANKUP ENGINEERS LIMITED      ,584.90,578.95,H
THANGAMAYIL JEWELLERY LTD     ,3470.00,3424.70,H
THYROCARE TECH LTD            ,1558.70,1474.00,H
ADVENT HOTELS INTERNATI L     ,300.00,312.70,L
AMANTA HEALTHCARE LIMITED     ,117.26,118.00,L
AMBEY LABORATORIES LTD        ,31.05,31.85,L
AXITA COTTON LIMITED          ,8.17,8.20,L
CAPITAL TRUST LIMITED         ,21.79,22.49,L
CHEMBOND CHEMICAL LIMITED     ,144.51,145.13,L
DANGEE DUMS LIMITED           ,3.96,4.01,L
DIGITIDE SOLUTIONS LTD        ,141.50,144.25,L
ELEGANZ INTERIORS LIMITED     ,94.00,94.90,L
FAIRCHEM ORGANICS LIMITED     ,541.55,580.30,L
FINBUD FINANCIAL SERV LTD     ,157.00,142.00,L
FISCHER MEDICAL VENTURE L     ,63.50,71.81,L
FUTURE ENTERPRISES LTD        ,0.36,0.37,L
GEEKAY WIRES LIMITED          ,30.36,31.00,L
GEM AROMATICS LIMITED         ,196.75,198.05,L
GLOBE CIVIL PROJECTS LTD      ,64.91,66.97,L
GO FASHION INDIA LTD          ,548.00,552.00,L
HIGHWAY INFRASTRUCTURE L      ,68.20,69.70,L
MATRIX GEO SOLUTIONS LTD      ,88.00,91.60,L
MIRAEAMC - ENERGY             ,35.99,36.07,L
MIRAEAMC - SMALL250           ,16.83,16.98,L
MOVING MEDIA ENTER LTD        ,50.85,52.15,L
MT EDUCARE LTD                ,1.85,1.87,L
ORKLA INDIA LIMITED           ,656.10,663.40,L
PRIMO CHEMICALS LIMITED       ,21.90,22.10,L
RACE ECO CHAIN LIMITED        ,179.42,180.35,L
RAYMOND REALTY LIMITED        ,560.10,562.80,L
ROTO PUMPS LIMITED            ,62.10,64.10,L
S A TECH SOFTWARE INDIA L     ,42.40,45.00,L
SAPPHIRE FOODS INDIA LTD      ,247.60,251.85,L
SESHAASAI TECHNOLOGIES L      ,335.00,343.20,L
SHREEJI GLOBAL FMCG LTD       ,96.65,98.00,L
SIDDHI COTSPIN LIMITED        ,29.85,30.50,L
SRI LOTUS DEVLPRS N RTY L     ,170.16,170.50,L
STANLEY LIFESTYLES LTD        ,241.15,243.95,L
STUDDS ACCESSORIES LTD        ,533.40,543.60,L
TARSONS PRODUCTS LIMITED      ,238.00,255.00,L
TATA MOTORS LIMITED           ,316.00,320.00,L
TATA MOTORS PASS VEH LTD      ,397.40,401.00,L
TEAMO PRODUCTIONS HQ LTD      ,0.57,0.61,L
TRACXN TECHNOLOGIES LTD       ,45.06,45.43,L
TROM INDUSTRIES LIMITED       ,87.00,90.15,L
UDAYSHIVAKUMAR INFRA LTD      ,24.75,24.96,L
VERITAAS ADVERTISING LTD      ,55.50,56.00,L
VISHWARAJ SUGAR IND LTD       ,7.50,7.54,L
