SYMBOL,SERIES,SECURITY,HIGH/LOW
21STCENMGM,EQ,21ST CENTURY MGMT SERVICE,H
817GS2044,GS,GOI LOAN 8.17% 2044,H
ABINFRA,EQ,A B INFRABUILD LIMITED,H
AKIKO,ST,AKIKO GLOBAL SERVICES L,H
AMBANIORGO,SM,AMBANI ORGOCHEM LIMITED,H
AMCL,ST,ANB METAL CAST LIMITED,H
ANSALAPI,BZ,ANSAL PROP & INFRA LTD,H
ARSHIYA,BZ,ARSHIYA LIMITED,H
ASMS,EQ,BARTRONICS INDIA LIMITED,H
ASTRON,EQ,ASTRON PAPER BORD MIL LTD,H
AURIGROW,BE,AURI GROW INDIA LIMITED,H
AUSOMENT,BE,AUSOM ENTERPRISE LIMITED,H
AXISCADES,EQ,AXISCADES TECH LTD,H
AXITA,BE,AXITA COTTON LIMITED,H
BORANA,BE,BORANA WEAVES LIMITED,H
CBAZAAR,ST,NET AVENUE TECHNOLOGIES L,H
CCCL,BE,CONS. CONST. CONSORT LTD,H
CEDAAR,SM,CEDAAR TEXTILE LIMITED,H
CLCIND,BE,CLC INDUSTRIES LIMITED,H
COASTCORP,BE,COASTAL CORPORATION LTD,H
DHARAN,BZ,DHARAN INFRA-EPC LIMITED,H
DIL,BZ,DEBOCK INDUSTRIES LIMITED,H
DIVYADHAN,SM,DIVYADHAN RECYCLING IND L,H
DRSDILIP,SM,DRS DILIP ROADLINES LTD.,H
EMKAY,EQ,EMKAY GLOBAL FIN SERV LTD,H
EPACKPEB,EQ,EPACK PREFAB TECHN LTD,H
EQUIPPP,BE,EQUIPPP SOC IMP TECH LTD,H
ESPRIT,SM,ESPRIT STONES LIMITED,H
EXCEL,EQ,EXCEL REALTY N INFRA LTD,H
FAZE3Q,EQ,FAZE THREE LIMITED,H
FEL,BZ,FUTURE ENTERPRISES LTD,H
FELDVR,BZ,FUTURE ENTERPRISES LTD,H
FISCHER,EQ,FISCHER MEDICAL VENTURE L,H
FLFL,BZ,FUT LIFESTYLE FASH LTD,H
FLYSBS,SM,FLYSBS AVIATION LIMITED,H
GAYAHWS,EQ,GAYATRI HIGHWAYS LIMITED,H
GCSL,BE,GRETEX CORPORATE SERVICES,H
GKENERGY,EQ,GK ENERGY LIMITED,H
GLFL,BE,GUJARAT LEASE FINANCING L,H
GOKEX,EQ,GOKALDAS EXPORTS LTD.,H
GTL,EQ,GTL LTD,H
GTLINFRA,EQ,GTL INFRA.LTD,H
GURUNANAK,SM,GURUNANAK AGRICULTUR IN L,H
GVKPIL,BE,GVK POW. & INFRA LTD.,H
HDIL,BZ,HOUSING DEV & INFRA LTD,H
HOACFOODS,ST,HOAC FOODS INDIA LIMITED,H
IBULLSLTD,EQ,INDIABULLS LIMITED,H
IL&FSENGG,BZ,IL&FS ENG AND CONS CO LTD,H
INDOTHAI,EQ,INDO THAI SEC LTD,H
IWARE,ST,IWARE SUPPLYCHAIN SER LTD,H
JPASSOCIAT,BE,JAIPRAKASH ASSOCIATES LTD,H
KAPSTON,BE,KAPSTON SERVICES LIMITED,H
KOTYARK,SM,KOTYARK INDUSTRIES LTD,H
KRMAYURVED,ST,KRM AYURVEDA LIMITED,H
LAKPRE,BZ,LAKSHMI PRE SCRE LTD,H
LOTUSEYE,EQ,LOTUS EYE HOSP & INST L,H
MADHUCON,EQ,MADHUCON PROJECTS LTD.,H
MAFANG,EQ,MIRAEAMC - MAFANG,H
MARINETRAN,ST,MARINETRANS INDIA LIMITED,H
MCLEODRUSS,EQ,MCLEOD RUSSEL INDIA LTD.,H
MEGASOFT,BE,MEGASOFT LTD,H
MHHL,SM,MOHINI HEALTH&HYGIENE LTD,H
MIDWESTLTD,EQ,MIDWEST LIMITED,H
MIRCELECTR,EQ,MIRC ELECTRONICS LTD,H
MONOPHARMA,SM,MONO PHARMACARE LIMITED,H
MORARJEE,BZ,MORARJEE TEXTILES LIMITED,H
MTEDUCARE,BE,MT EDUCARE LTD,H
MVKAGRO,SM,M.V.K. AGRO FOOD PROD LTD,H
NACLIND,EQ,NACL INDUSTRIES LIMITED,H
NAVKARURB,BE,NAVKAR URBANSTRUCTURE LTD,H
NEWJAISA,SM,NEWJAISA TECHNOLOGIES LTD,H
NGLFINE,EQ,NGL FINE CHEM LIMITED,H
NIRMAN,SM,NIRMAN AGRI GENTICS LTD,H
ODIGMA,EQ,ODIGMA CONSULTANCY SOL L,H
ORTEL,BZ,ORTEL COMMUNICATIONS LTD,H
OSELDEVICE,ST,OSEL DEVICES LIMITED,H
PANACHE,EQ,PANACHE DIGILIFE LIMITED,H
PIGL,EQ,POWER INSTRUMENT (G) LTD,H
PNC,EQ,PRITISH NANDY COMMUNICATI,H
PRAENG,EQ,PRAJAY ENG. SYN. LTD.,H
PRAXIS,EQ,PRAXIS HOME RETAIL LTD,H
PRECOT,EQ,PRECOT LIMITED,H
PRUDMOULI,EQ,PRUDENTIAL SUGAR CORPORAT,H
QFIL,SM,QUALITY FOILS (INDIA) LTD,H
QUICKTOUCH,SM,QUICKTOUCH TECHNOLOGIES L,H
RAJESHEXPO,BZ,RAJESH EXPORTS LTD,H
RAJRILTD,BE,RAJ RAYON INDUSTRIES LTD,H
RCOM,BE,RELIANCE COMMUNICATIONS L,H
RELINFRA,BE,RELIANCE INFRASTRUCTU LTD,H
REXPIPES,SM,REX PIPES AND CABLES LTD,H
RITEZONE,SM,RITE ZONE CHEMCON IND LTD,H
SABTNL,BE,SRI ADHIKARI BRO TELE N L,H
SADBHAV,BE,SADBHAV ENGINEERING LTD,H
SALSTEEL,BE,S.A.L. STEEL LTD.,H
SAMBHAAV,BE,SAMBHAAV MEDIA LTD,H
SANWARIA,BZ,SANWARIA CONSUMER LIMITED,H
SATIPOLY,SM,SATI POLY PLAST LIMITED,H
SETCO,EQ,SETCO AUTOMOTIVE LTD,H
SFL,EQ,SHEELA FOAM LIMITED,H
SGBFEB27,GB,2.50%GOLDBONDS2027SR-VI,H
SHIVASHRIT,SM,SHIVASHRIT FOODS LIMITED,H
SHRENIK,BZ,SHRENIK LIMITED,H
SIGACHI,EQ,SIGACHI INDUSTRIES LTD,H
SILKFLEX,SM,SILKFLEX POLYMERS INDIA L,H
SITINET,BZ,SITI NETWORKS LIMITED,H
SMLMAH,EQ,SML MAHINDRA LIMITED,H
SPCL,SM,SHIVALIC POWER CONTROL L,H
SVPGLOB,BE,SVP GLOBAL TEXTILES LTD,H
SYNOPTICS,SM,SYNOPTICS TECHNOLOGIES L,H
TARAPUR,EQ,TARAPUR TRANSFORMERS LTD,H
TEMBO,EQ,TEMBO GLOBAL IND LTD,H
TERASOFT,EQ,TERA SOFTWARE LIMITED,H
TIJARIA,EQ,TIJARIA POLYPIPES LTD,H
TIMESCAN,SM,TIMESCAN LOGISTICS IND L,H
TVVISION,BE,TV VISION LIMITED,H
UEL,EQ,UJAAS ENERGY LIMITED,H
UNITECH,EQ,UNITECH LTD,H
VERITAAS,SM,VERITAAS ADVERTISING LTD,H
VIESL,ST,VISION INFRA EQUIP SOL L,H
VILINBIO,ST,VILIN BIO MED LIMITED,H
VISASTEEL,EQ,VISA STEEL LIMITED,H
VOLERCAR,SM,VOLER CAR LIMITED,H
WINSOME,BZ,WINSOME YARNS LIMITED,H
WOL3D,ST,WOL 3D INDIA LIMITED,H
YUDIZ,SM,YUDIZ SOLUTIONS LIMITED,H
ZENITHSTL,EQ,ZENITH STEEL PIP IND LTD,H
763KA42,SG,SDL KA 7.63% 2042,L
828GS2027,GS,GOI LOAN 8.28% 2027,L
AMEYA,SM,AMEYA PRECISION ENG LTD,L
ARMOUR,ST,ARMOUR SECURITY (INDIA) L,L
ARVINDPORT,SM,ARVIND PORT AND INFRA LTD,L
ASPIRE,SM,ASPIRE & INNOVATIVE ADV L,L
AURIGROW,BE,AURI GROW INDIA LIMITED,L
BIOFILCHEM,EQ,BIOFIL CHEM & PHARMA LTD,L
BLUECHIP,BE,BLUE CHIP INDIA LIMITED,L
BLUECOAST,EQ,BLUE COAST HOTELS LIMITED,L
BULKCORP,SM,BULKCORP INTERNATIONAL L,L
COOLCAPS,SM,COOL CAPS INDUSTRIES LTD,L
FLYSBS,SM,FLYSBS AVIATION LIMITED,L
GANESHIN,SM,GANESH INFRAWORLD LIMITED,L
GENUSPOWER,EQ,GENUS POWER INFRASTRU LTD,L
GOLDENTOBC,BZ,GOLDEN TOBACCO LIMITED,L
GOLDSTAR,SM,GOLDSTAR POWER LIMITED,L
GRAPHISAD,SM,GRAPHISADS LIMITED,L
HRHNEXT,SM,HRH NEXT SERVICES LIMITED,L
IFBAGRO,EQ,IFB AGRO INDUSTRIES LTD,L
INNOMET,SM,INNOMET ADVANCED MATERI L,L
ITTL,ST,INNOVATIVE TYRE & TUBE LT,L
JFLLIFE,SM,JFL LIFE SCIENCES LIMITED,L
JTLIND,EQ,JTL INDUSTRIES LIMITED,L
KDL,ST,KORE DIGITAL LIMITED,L
KONSTELEC,SM,KONSTELEC ENGINEERS LTD,L
LAKPRE,BZ,LAKSHMI PRE SCRE LTD,L
LCCINFOTEC,BE,LCC INFOTECH LTD,L
LRRPL,SM,LEAD REC AND RUB PROD LTD,L
MANAKALUCO,BE,MANAK ALUMINIUM CO. LTD.,L
MANGALAM,BE,MANGALAM DRUG & CHEM LTD,L
MAXVOLT,ST,MAXVOLT ENERGY INDUS L,L
MEP,BZ,MEP INFRA. DEVELOPERS LTD,L
ONELIFECAP,BE,ONELIFE CAP ADVISORS LTD,L
ORCHASP,EQ,ORCHASP LIMITED,L
ORTEL,BZ,ORTEL COMMUNICATIONS LTD,L
PARASPETRO,BE,PARAS PETROFILS LTD.,L
PARIN,SM,PARIN ENTERPRISES LIMITED,L
PERFECT,SZ,PERFECT INFRAENGINEER LTD,L
POLYSIL,ST,POLYSIL IRRIGATION SYST L,L
PRECISION,SM,PRECISION METALIKS LTD,L
PSRAJ,ST,P S RAJ STEELS LIMITED,L
SACHEEROME,ST,SACHEEROME LIMITED,L
SEJALLTD,EQ,SEJAL GLASS LIMITED,L
SETUINFRA,BZ,SETUBANDHAN INFRA LTD,L
SHIVAUM,EQ,SHIV AUM STEELS LIMITED,L
SHUBHLAXMI,ST,SHUBHLAXMI JEWEL ART LTD,L
SIGNORIA,SM,SIGNORIA CREATION LIMITED,L
SIMBHALS,BZ,SIMBHAOLI SUGARS LTD.,L
SPRL,SM,SP REFRACTORIES LIMITED,L
TANKUP,ST,TANKUP ENGINEERS LIMITED,L
TCIFINANCE,BE,TCIFINANCELTD-ROLL SETT,L
TECHLABS,SM,TRIDENT TECHLABS LIMITED,L
THESL,SM,THINKING HATS ENTER SOL L,L
VIVIMEDLAB,EQ,VIVIMED LABS LIMITED,L
ZENITHSTL,EQ,ZENITH STEEL PIP IND LTD,L
