SECURITY,NEW,PREVIOUS,NEW_STATUS
ADVAIT ENRGY TRANSITION L     ,1618.70,1590.80,H
CLC INDUSTRIES LIMITED        ,10.87,10.36,H
GE VERNOVA T&D INDIA LTD      ,3819.00,3547.80,H
MTAR TECHNOLOGIES LIMITED     ,3448.90,3269.00,H
PARIN ENTERPRISES LIMITED     ,698.00,677.00,H
R&B DENIMS LIMITED            ,164.30,162.35,H
RELIABLE DATA SERVICE LTD     ,175.00,174.10,H
RUBICON RESEARCH LIMITED      ,789.00,754.80,H
TAMILNAD MERCA BANK LTD       ,643.70,621.90,H
TENNECO CLEAN AIR INDIA L     ,568.40,556.40,H
VIJAYPD CEUTICAL LIMITED      ,56.50,55.80,H
ARISINFRA SOLUTIONS LTD       ,90.36,92.21,L
ASPIRE & INNOVATIVE ADV L     ,14.40,15.15,L
ASTRON PAPER BORD MIL LTD     ,3.90,4.04,L
AURI GROW INDIA LIMITED       ,0.41,0.43,L
CEDAAR TEXTILE LIMITED        ,40.75,41.80,L
CLASSIC ELECTRODE (IND) L     ,51.30,52.00,L
COOL CAPS INDUSTRIES LTD      ,33.25,34.15,L
INNOMET ADVANCED MATERI L     ,68.95,70.00,L
JAY BEE LAMINATIONS LTD       ,80.05,80.25,L
KRM AYURVEDA LIMITED          ,156.15,158.00,L
MEESHO LIMITED                ,144.76,149.33,L
PERFECT INFRAENGINEER LTD     ,3.25,3.40,L
PUSHPA JEWELLERS LIMITED      ,85.65,91.00,L
REVATHI EQUIPMENT INDIA L     ,622.20,623.05,L
SADBHAV ENGINEERING LTD       ,6.06,6.10,L
SHANTI OVERSEAS INDIA LTD     ,6.55,6.72,L
SHRI HARE-KRI SPO IRON L      ,43.00,47.05,L
SNEHAA ORGANICS LIMITED       ,39.35,45.15,L
SYLVAN PLYBOARD (INDIA) L     ,45.00,48.15,L
THINKING HATS ENTER SOL L     ,19.40,20.40,L
THYROCARE TECH LTD            ,376.50,381.05,L
UNITED HEAT TRANSFER LTD      ,46.05,46.95,L
UTKARSH SMALL FIN BANK L      ,12.96,12.98,L
WINSOL ENGINEERS LIMITED      ,124.80,127.15,L
