SYMBOL,SERIES,SECURITY,HIGH/LOW
21STCENMGM,EQ,21ST CENTURY MGMT SERVICE,H
664GS2035,GS,GOI LOAN  6.64% 2035,H
772GS2049,GS,GOI LOAN 7.72% 2049,H
828GS2027,GS,GOI LOAN 8.28% 2027,H
AKSHAR,EQ,AKSHAR SPINTEX LIMITED,H
ALPSINDUS,EQ,ALPS INDUSTRIES LTD,H
AMCL,ST,ANB METAL CAST LIMITED,H
ARSHIYA,BZ,ARSHIYA LIMITED,H
ARVINDPORT,SM,ARVIND PORT AND INFRA LTD,H
AURIGROW,EQ,AURI GROW INDIA LIMITED,H
AUSOMENT,EQ,AUSOM ENTERPRISE LIMITED,H
BALAJIPHOS,SM,BALAJI PHOSPHATES LIMITED,H
CBAZAAR,ST,NET AVENUE TECHNOLOGIES L,H
CURAA,BE,CURA TECHNOLOGIES LIMITED,H
DHARAN,BZ,DHARAN INFRA-EPC LIMITED,H
DIGIKORE,SM,DIGIKORE STUDIOS LIMITED,H
EASEMYTRIP,EQ,EASY TRIP PLANNERS LTD,H
EASTSILK,BE,EASTERN SILK INDUSTRIES L,H
EMMVEE,EQ,EMMVEE PHOTOVOLTAIC PWR L,H
EQUIPPP,BE,EQUIPPP SOC IMP TECH LTD,H
FEL,BZ,FUTURE ENTERPRISES LTD,H
FLEXITUFF,EQ,FLEXITUFF VENTURES INT L,H
GATECHDVR,EQ,GACM TECHNOLOGIES LIMITED,H
GIRIRAJ,SM,GIRIRAJ CIVIL DEVP LTD,H
GSTL,SM,GLOBESECURE TECHNO LTD,H
GURUNANAK,SM,GURUNANAK AGRICULTUR IN L,H
GVKPIL,BE,GVK POW. & INFRA LTD.,H
HDIL,BZ,HOUSING DEV & INFRA LTD,H
HGM,EQ,HANDSON GBL MNGMNT LTD,H
HNGSNGBEES,EQ,NIP IND ETF HANGSENG BEES,H
HOLMARC,SM,HOLMARC OPTO MECHATRO L,H
IDEALTECHO,ST,IDEAL TECHNOPLAST IND LTD,H
ISHAN,SM,ISHAN INTERNATIONAL LTD,H
JPASSOCIAT,BE,JAIPRAKASH ASSOCIATES LTD,H
JSWHL,EQ,JSW HOLDINGS LIMITED,H
KCK,ST,KCK INDUSTRIES LTD,H
LASA,EQ,LASA SUPERGENERICS LTD,H
LATTEYS,BE,LATTEYS INDUSTRIES LTD,H
MAFANG,EQ,MIRAEAMC - MAFANG,H
MAGSON,SM,MAGSON RETAIL AND DIST L,H
MAHKTECH,EQ,MIRAEAMC - MAHKTECH,H
MARINETRAN,SM,MARINETRANS INDIA LIMITED,H
MASPTOP50,EQ,MIRAEAMC - MASPTOP50,H
NEWJAISA,ST,NEWJAISA TECHNOLOGIES LTD,H
NIKITA,ST,NIKITA GRENTEC RECYCL LTD,H
NIRMAN,SM,NIRMAN AGRI GENTICS LTD,H
NOIDATOLL,EQ,NOIDA TOLL BRIDGE CO LTD,H
OILCOUNTUB,EQ,OIL COUNTRY TUBULAR LTD,H
ONELIFECAP,BE,ONELIFE CAP ADVISORS LTD,H
ORICONENT,BE,ORICON ENTERPRISES LTD,H
ORTEL,BZ,ORTEL COMMUNICATIONS LTD,H
ORTINGLOBE,EQ,ORTIN GLOBAL LIMITED,H
PKTEA,EQ,THE P K TEA PROD CO LTD,H
PRAXIS,EQ,PRAXIS HOME RETAIL LTD,H
REFRACTORY,SM,REFRACTORY SHAPES LIMITED,H
RICHA,ST,RICHA INFO SYSTEMS LTD,H
SANWARIA,BZ,SANWARIA CONSUMER LIMITED,H
SECURKLOUD,BE,SECUREKLOUD TECH LIMITED,H
SETCO,EQ,SETCO AUTOMOTIVE LTD,H
SETUINFRA,BZ,SETUBANDHAN INFRA LTD,H
SHANTHALA,ST,SHANTHALA FMCG PRODUCTS L,H
SHUBHLAXMI,ST,SHUBHLAXMI JEWEL ART LTD,H
SILKFLEX,SM,SILKFLEX POLYMERS INDIA L,H
SMLMAH,EQ,SML MAHINDRA LIMITED,H
SPARC,EQ,SUN PHARMA ADV.RES.CO.LTD,H
SPECTSTM,SM,SPECTRUM TALENT MGMT LTD,H
STALLION,BE,STALLION IND FLUOROCHEM L,H
SUNLITE,ST,SUNLITE RECYCLING IND LTD,H
SUPREMEENG,BZ,SUPREME ENGINEERING LTD,H
TAKE,BE,TAKE SOLUTIONS LTD,H
TGL,ST,TEERTH GOPICON LIMITED,H
TIPSFILMS,EQ,TIPS FILMS LIMITED,H
TRUST,ST,TRUST FINTECH LIMITED,H
UEL,BE,UJAAS ENERGY LIMITED,H
VCL,BE,VAXTEX COTFAB LIMITED,H
VEEKAYEM,SM,VEEKAYEM FASH & APP LTD,H
VENUSREM,BE,VENUS REMEDIES LIMITED,H
VERTEXPLUS,SM,VERTEXPLUS TECHNOLOGIES L,H
WAAREEINDO,BE,INDOSOLAR LIMITED,H
WINSOME,BZ,WINSOME YARNS LIMITED,H
YUDIZ,SM,YUDIZ SOLUTIONS LIMITED,H
AAREYDRUGS,BE,AAREY DRUGS & PHARM LTD,L
ACCPL,ST,ACCRETION PHARMA LIMITED,L
AGARWALFT,SM,AGARWAL FLOAT GLASS I LTD,L
AHCL,BE,ANLON HEALTHCARE LIMITED,L
AIMTRON,ST,AIMTRON ELECTRONICS LTD,L
ANSALAPI,BZ,ANSAL PROP & INFRA LTD,L
ASTRON,EQ,ASTRON PAPER BORD MIL LTD,L
BANKA,EQ,BANKA BIOLOO LIMITED,L
BILVYAPAR,BE,BIL VYAPAR LIMITED,L
BOHRAIND,EQ,BOHRA INDUSTRIES LIMITED,L
BORANA,BE,BORANA WEAVES LIMITED,L
C2C,SM,C2C ADVANCED SYSTEMS LTD,L
CADSYS,SM,CADSYS (INDIA) LIMITED,L
CAPTRUST,EQ,CAPITAL TRUST LIMITED,L
CBAZAAR,ST,NET AVENUE TECHNOLOGIES L,L
COMMITTED,ST,COMMITTED CARGO CARE LTD,L
COMPINFO,BZ,COMPUAGE INFOCOM LTD,L
CURAA,BE,CURA TECHNOLOGIES LIMITED,L
DESTINY,SM,DESTINY LOGISTICS & I LTD,L
DHTL,ST,DOCMODE HEALTH TECH LTD,L
DRSCARGO,ST,DRS CARGO MOVERS LIMITED,L
DRSDILIP,SM,DRS DILIP ROADLINES LTD.,L
ELGIRUBCO,BE,ELGI RUBBER CO. LTD,L
EMAMIREAL,EQ,EMAMI REALTY LIMITED,L
ENERGYDEV,BE,ENERGY DEVE. CO.LTD,L
ESCONET,SM,ESCONET TECHNOLOGIES LTD,L
EXCEL,BE,EXCEL REALTY N INFRA LTD,L
GAYAHWS,BE,GAYATRI HIGHWAYS LIMITED,L
GKENERGY,EQ,GK ENERGY LIMITED,L
GOENKA,BZ,GOENKA DIAMOND&JEWELS LTD,L
GRAPHISAD,SM,GRAPHISADS LIMITED,L
GSLSU,BE,GLOBAL SURFACES LIMITED,L
HOMESFY,SM,HOMESFY REALTY LIMITED,L
HRHNEXT,SM,HRH NEXT SERVICES LIMITED,L
IMPEXFERRO,BZ,IMPEX FERRO TECH LIMITED,L
INDO-RE2,BE,INDOWIND ENERGY LTD,L
ITTL,ST,INNOVATIVE TYRE & TUBE LT,L
IWARE,ST,IWARE SUPPLYCHAIN SER LTD,L
JAINIK,ST,JAINIK POWER CABLES LTD,L
JALAN,SM,JALAN TRANSOLU. INDIA LTD,L
JETKNIT,ST,JET KNITWEARS LTD.,L
K2INFRA,SM,K2 INFRAGEN LIMITED,L
KARNIKA,ST,KARNIKA INDUSTRIES LTD,L
KDL,SM,KORE DIGITAL LIMITED,L
KSR,BE,KSR FOOTWEAR LIMITED,L
LCCINFOTEC,BE,LCC INFOTECH LTD,L
LRRPL,SM,LEAD REC AND RUB PROD LTD,L
MANGALAM,EQ,MANGALAM DRUG & CHEM LTD,L
MANOMAY,BE,MANOMAY TEX INDIA LTD,L
MAXVOLT,ST,MAXVOLT ENERGY INDUS L,L
MAYASHEEL,ST,MAYASHEEL VENTURES LTD,L
MCLOUD,EQ,MAGELLANIC CLOUD LIMITED,L
MEP,BZ,MEP INFRA. DEVELOPERS LTD,L
MONOPHARMA,SM,MONO PHARMACARE LIMITED,L
MYMUDRA,ST,MY MUDRA FINCORP LIMITED,L
NEELAM,SM,NEELAM LINENS & GAR (I) L,L
NOIDATOLL,EQ,NOIDA TOLL BRIDGE CO LTD,L
ONELIFECAP,BE,ONELIFE CAP ADVISORS LTD,L
ORTEL,BZ,ORTEL COMMUNICATIONS LTD,L
OSELDEVICE,ST,OSEL DEVICES LIMITED,L
PANACHE,BE,PANACHE DIGILIFE LIMITED,L
PREMIER,BE,PREMIER LIMITED,L
PRIZOR,SM,PRIZOR VIZTECH LIMITED,L
RAJRILTD,BE,RAJ RAYON INDUSTRIES LTD,L
ROCKPP,E1,ROCKINGDCE RS.5 PPD UP,L
RVTH,EQ,REVATHI EQUIPMENT INDIA L,L
SACHEEROME,ST,SACHEEROME LIMITED,L
SADBHIN,EQ,SADBHAV INFRA PROJ LTD.,L
SAIFL,SM,SAMEERA AGRO AND INFRA L,L
SALSTEEL,BE,S.A.L. STEEL LTD.,L
SANCO,BZ,SANCO INDUSTRIES LIMITED,L
SHIVAUM,EQ,SHIV AUM STEELS LIMITED,L
SITINET,BZ,SITI NETWORKS LIMITED,L
SUPREMEINF,BZ,SUPREME INFRA. LTD,L
SVPGLOB,BE,SVP GLOBAL TEXTILES LTD,L
TAPIFRUIT,SM,TAPI FRUIT PROCESSING LTD,L
TARAPUR,BE,TARAPUR TRANSFORMERS LTD,L
TECHERA,ST,TECHERA ENGINEER (IND) L,L
TIRUPATI,ST,SHREE TIRUPATI BALAJEE,L
UNIHEALTH,ST,UNIHEALTH HOSPITALS LTD,L
VELS,SM,VELS FILM INTERNATIONAL L,L
VERTEXPLUS,SM,VERTEXPLUS TECHNOLOGIES L,L
VIAZ,ST,VIAZ TYRES LIMITED,L
VIJIFIN,EQ,VIJI FINANCE LIMITED,L
VILINBIO,SM,VILIN BIO MED LIMITED,L
VIRINCHI,BE,VIRINCHI LIMITED,L
VOLERCAR,ST,VOLER CAR LIMITED,L
