SECURITY,NEW,PREVIOUS,NEW_STATUS
ARFIN INDIA LIMITED           ,61.00,60.40,H
CHOICEAMC - CHOICEGOLD        ,128.20,127.95,H
CUMMINS INDIA LTD             ,4574.00,4553.20,H
EDELAMC - ENIFTY              ,27.22,27.00,H
HERO MOTOCORP LIMITED         ,6340.00,6333.50,H
HITACHI ENERGY INDIA LTD      ,22810.00,22450.00,H
M.V.K. AGRO FOOD PROD LTD     ,782.60,767.30,H
MEGA FLEX PLASTICS LTD        ,105.00,104.00,H
MIRAEAMC - MAGOLDETF          ,128.15,127.99,H
MOTILAL OS MIDCAP100 ETF      ,66.57,66.45,H
NATIONAL HIGHW INFRA TRUS     ,147.50,147.00,H
NEPTUNE PETROCHEMICALS L      ,192.00,186.00,H
PARIN ENTERPRISES LIMITED     ,610.00,600.00,H
POLYSIL IRRIGATION SYST L     ,356.75,349.85,H
RELIABLE DATA SERVICE LTD     ,166.00,165.00,H
SBI-ETF NIFTY BANK            ,625.74,615.04,H
SHREEJI SHIPPING GLOBAL L     ,352.00,335.75,H
TANKUP ENGINEERS LIMITED      ,755.40,740.60,H
TATA MOTORS LIMITED           ,368.00,365.00,H
VENUS REMEDIES LIMITED        ,763.40,758.00,H
WELSPUN INV & COMM LTD        ,1479.90,1424.00,H
3I INFOTECH LIMITED           ,16.65,16.69,L
ADVENT HOTELS INTERNATI L     ,201.35,217.96,L
AONEAMC - AONETMMQ50          ,9.93,9.95,L
ARC INSULATION & INSU LTD     ,75.00,75.30,L
ARISINFRA SOLUTIONS LTD       ,129.20,131.69,L
ASTRON PAPER BORD MIL LTD     ,6.49,6.76,L
BAJAJ HOUSING FINANCE LTD     ,95.00,103.10,L
BRIGADE HOTEL VENTURE LTD     ,75.20,77.00,L
CAPITAL TRUST LIMITED         ,12.29,12.81,L
CHEMPLAST SANMAR LIMITED      ,282.20,283.00,L
CHETANA EDUCATION LIMITED     ,58.65,59.20,L
CLASSIC ELECTRODE (IND) L     ,78.00,78.60,L
CLEAN SCIENCE & TECH LTD      ,890.20,908.20,L
DIGITIDE SOLUTIONS LTD        ,135.05,137.14,L
DSPAMC - MSCIADD              ,30.54,30.66,L
EASY TRIP PLANNERS LTD        ,7.06,7.08,L
ELLENBARRIE INDUS GASES L     ,374.00,382.95,L
ESPRIT STONES LIMITED         ,57.75,60.00,L
EXCELSOFT TECHNOLOGIES L      ,102.30,107.06,L
FILATEX FASHIONS LIMITED      ,0.36,0.37,L
FINBUD FINANCIAL SERV LTD     ,138.15,141.40,L
FUJIYAMA POWER SYSTEMS L      ,199.71,203.63,L
GEM AROMATICS LIMITED         ,160.00,164.00,L
GK ENERGY LIMITED             ,150.88,155.16,L
GLOTTIS LIMITED               ,63.10,63.65,L
GO FASHION INDIA LTD          ,501.00,505.00,L
HP ADHESIVES LIMITED          ,42.25,42.65,L
HRH NEXT SERVICES LIMITED     ,25.30,26.60,L
INDOGULF CROPSCIENCES LTD     ,83.98,86.10,L
INDOWIND ENERGY LTD           ,0.92,1.54,L
INVENTURE GRO & SEC LTD       ,1.25,1.26,L
JNK INDIA LIMITED             ,240.01,243.00,L
JSW CEMENT LIMITED            ,110.33,113.40,L
KALPATARU LIMITED             ,332.00,336.85,L
KAYTEX FABRICS LIMITED        ,75.00,75.80,L
KSR FOOTWEAR LIMITED          ,27.66,29.12,L
LAXMI DENTAL LIMITED          ,262.60,269.40,L
MAGELLANIC CLOUD LIMITED      ,25.58,26.93,L
MODIS NAVNIRMAN LTD           ,335.35,355.00,L
MOS UTILITY LIMITED           ,21.45,23.00,L
MOTILALAMC - MOIPO            ,47.85,48.01,L
MOTILALAMC - MOSERVICE        ,33.79,33.95,L
NAZARA TECHNOLOGIES LTD       ,240.20,241.55,L
NEELAM LINENS & GAR (I) L     ,12.40,13.05,L
ONYX BIOTEC LIMITED           ,34.80,35.50,L
ORKLA INDIA LIMITED           ,618.00,625.80,L
OSWAL PUMPS LIMITED           ,521.75,531.70,L
PAUSHAK LIMITED               ,571.95,580.00,L
PICTUREPOST STUDIOS LTD       ,9.00,9.35,L
PRECISION METALIKS LTD        ,13.35,13.80,L
PUSHPA JEWELLERS LIMITED      ,97.65,106.40,L
R K SWAMY LIMITED             ,113.90,117.93,L
REVATHI EQUIPMENT INDIA L     ,731.60,762.00,L
SAATVIK GREEN ENERGY LTD      ,394.55,399.10,L
SAHAJ SOLAR LIMITED           ,164.40,165.00,L
SAKUMA EXPORTS LIMITED        ,2.31,2.35,L
SATTVA ENGINEERING CSTN L     ,65.10,72.45,L
SHEETAL COOL PRODUCTS LTD     ,199.97,200.70,L
SHIGAN QUANTUM TECH LTD       ,51.35,51.95,L
SHILCHAR TECHNOLOGIES LTD     ,3972.00,4045.00,L
SIKKO INDUSTRIES LIMITED      ,10.16,10.40,L
SONA MACHINERY LIMITED        ,50.70,52.00,L
SUDEEP PHARMA LIMITED         ,708.05,715.75,L
SULA VINEYARDS LIMITED        ,228.00,232.00,L
SUYOG TELEMATICS LIMITED      ,631.05,640.00,L
TENNECO CLEAN AIR INDIA L     ,464.10,470.85,L
TRACXN TECHNOLOGIES LTD       ,43.63,44.56,L
TROM INDUSTRIES LIMITED       ,78.00,80.00,L
TSC INDIA LIMITED             ,53.10,53.15,L
UPDATER SERVICES LIMITED      ,178.62,180.00,L
USHA FINANCIAL SERVICES L     ,37.05,37.55,L
VIKRAM SOLAR LIMITED          ,255.50,257.00,L
VMS TMT LIMITED               ,58.00,59.85,L
VRAJ IRON AND STEEL LTD       ,132.00,132.25,L
WEWORK INDIA MANAGEMENT L     ,577.70,580.65,L
