SYMBOL,SERIES,SECURITY,HIGH/LOW
21STCENMGM,EQ,21ST CENTURY MGMT SERVICE,H
772GS2055,GS,GOI LOAN 7.72% 2055,H
AGSTRA,BZ,AGS TRANSACT TECH LTD,H
AILIMITED,SM,ABHISHEK INTEGRATIONS LTD,H
ANONDITA,ST,ANONDITA MEDICARE LIMITED,H
ARSHIYA,BZ,ARSHIYA LIMITED,H
ATLANTAA,BE,ATLANTAA LIMITED,H
BHARATGEAR,BE,BHARAT GEARS LTD,H
BOSS,SM,BOSS PACKAGING SOLU LTD,H
BULKCORP,SM,BULKCORP INTERNATIONAL L,H
CAPTRUST,EQ,CAPITAL TRUST LIMITED,H
CBAZAAR,SM,NET AVENUE TECHNOLOGIES L,H
CEREBRAINT,BZ,CEREBRA INT TECH LTD,H
CYBERTECH,BE,CYBERTECH SYSTEMS & SOFTW,H
DIVYADHAN,SM,DIVYADHAN RECYCLING IND L,H
DRONE,SM,DRONE DESTINATION LIMITED,H
EUROTEXIND,EQ,EUROTEX INDUSTRIES LTD,H
FCL,EQ,FINEOTEX CHEMICAL LIMITED,H
GATECH,EQ,GACM TECHNOLOGIES LIMITED,H
GATECHDVR,EQ,GACM TECHNOLOGIES LIMITED,H
GAYAHWS,BE,GAYATRI HIGHWAYS LIMITED,H
GROBTEA,EQ,THE GROB TEA COMPANY LTD,H
GVKPIL,BE,GVK POW. & INFRA LTD.,H
HIRECT,EQ,HIND RECTIFIER LIMITED,H
HNGSNGBEES,EQ,NIP IND ETF HANGSENG BEES,H
HOLMARC,SM,HOLMARC OPTO MECHATRO L,H
HPTL,ST,HP TELECOM INDIA LIMITED,H
IL&FSTRANS,BZ,IL&FS TRANS NET LTD,H
ITTL,ST,INNOVATIVE TYRE & TUBE LT,H
IWARE,ST,IWARE SUPPLYCHAIN SER LTD,H
IZMO,BE,IZMO LIMITED,H
LAKSHYA,SM,LAKSHYA POWERTECH LIMITED,H
LANCORHOL,EQ,LANCOR HOLDINGS LIMITED,H
LATTEYS,BE,LATTEYS INDUSTRIES LTD,H
LRRPL,SM,LEAD REC AND RUB PROD LTD,H
MAFANG,EQ,MIRAEAMC - MAFANG,H
MAHKTECH,EQ,MIRAEAMC - MAHKTECH,H
MASPTOP50,EQ,MIRAEAMC - MASPTOP50,H
MEDICO,BE,MEDICO REMEDIES LIMITED,H
MEGASOFT,EQ,MEGASOFT LTD,H
MEP,BZ,MEP INFRA. DEVELOPERS LTD,H
MOXSH,ST,MOXSH OVERSEAS EDUCON LTD,H
MUFIN,EQ,MUFIN GREEN FINANCE LTD,H
NAGREEKCAP,BE,NAGREEKA CAP & INFR.LTD,H
NEWJAISA,ST,NEWJAISA TECHNOLOGIES LTD,H
ONELIFECAP,EQ,ONELIFE CAP ADVISORS LTD,H
OSELDEVICE,ST,OSEL DEVICES LIMITED,H
PRECISION,SM,PRECISION METALIKS LTD,H
QFIL,SM,QUALITY FOILS (INDIA) LTD,H
QVCEL,SM,QVC EXPORTS LIMITED,H
RNPL,SM,RENOL POLYCHEM LIMITED,H
ROLTA,BZ,ROLTA INDIA LTD,H
RVTH,EQ,REVATHI EQUIPMENT INDIA L,H
SAAKSHI,ST,SAAKSHI MEDTEC N PANELS L,H
SADHNANIQ,BE,SADHANA NITROCHEM LIMITED,H
SANWARIA,BZ,SANWARIA CONSUMER LIMITED,H
SETUINFRA,BZ,SETUBANDHAN INFRA LTD,H
SEYAIND,BE,SEYA INDUSTRIES LIMITED,H
SHAHALLOYS,EQ,SHAH ALLOYS LIMITED,H
SIGMA,BE,SIGMA SOLVE LIMITED,H
SITINET,BZ,SITI NETWORKS LIMITED,H
SOLEX,EQ,SOLEX ENERGY LIMITED,H
SOMATEX,BE,SOMA TEXTILEI NDUSTRIES L,H
SRPL,BZ,SHREE RAM PROTEINS LTD.,H
TAC,ST,TAC INFOSEC LIMITED,H
TARAPUR,BE,TARAPUR TRANSFORMERS LTD,H
TECHD,ST,TECHD CYBERSECURITY LTD,H
TERASOFT,BE,TERA SOFTWARE LIMITED,H
TRU,EQ,TRUCAP FINANCE LIMITED,H
V2RETAIL,EQ,V2 RETAIL LIMITED,H
VGL,BE,VARVEE GLOBAL LIMITED,H
VILINBIO,SM,VILIN BIO MED LIMITED,H
VISAMAN,ST,VISAMAN GLOBAL SALES LTD,H
VISASTEEL,BE,VISA STEEL LIMITED,H
VITAL,SM,VITAL CHEMTECH LIMITED,H
ANKITMETAL,BZ,ANKIT MET & POW LTD,L
ANSALAPI,BZ,ANSAL PROP & INFRA LTD,L
ARVINDPORT,SM,ARVIND PORT AND INFRA LTD,L
BALAJIPHOS,ST,BALAJI PHOSPHATES LIMITED,L
BLUECOAST,BE,BLUE COAST HOTELS LIMITED,L
CEREBRAINT,BZ,CEREBRA INT TECH LTD,L
CHANDAN,ST,CHANDAN HEALTHCARE LTD,L
CTE,EQ,CAMBRIDGE TECH ENTER LTD,L
DALMIASUG,BE,DALMIA BHARAT SUG IN LTD,L
DELPH-RE,BE,ELPHI WORLD MONEY LTD,L
DESTINY,SM,DESTINY LOGISTICS & I LTD,L
DHARAN,BZ,DHARAN INFRA-EPC LIMITED,L
DIVYADHAN,SM,DIVYADHAN RECYCLING IND L,L
DRONE,SM,DRONE DESTINATION LIMITED,L
FEL,BZ,FUTURE ENTERPRISES LTD,L
GAYAHWS,BE,GAYATRI HIGHWAYS LIMITED,L
GIRIRAJ,SM,GIRIRAJ CIVIL DEVP LTD,L
GOLDSTAR,SM,GOLDSTAR POWER LIMITED,L
GUJRAFFIA,BE,GUJARAT RAFFIA INDUST LTD,L
GVPTECHPP,E1,GVPTECH RE.1 PPD UP,L
HRHNEXT,SM,HRH NEXT SERVICES LIMITED,L
HYBRIDFIN,BE,HYBRID FINANCIAL SERVICE,L
KAVDEFENCE,BE,KAVVERI DFS & WIR TEC LTD,L
KCK,ST,KCK INDUSTRIES LTD,L
KICL,BE,KALYANI INVEST CO LTD,L
MAHSCOOTER,BE,MAHSCOOTER - DEP SETT,L
MANAV,ST,MANAV INFRA PROJECTS LTD,L
MEDIORG,SM,MEDICAMEN ORGANICS LTD,L
MONOPHARMA,SM,MONO PHARMACARE LIMITED,L
MTEDUCARE,BE,MT EDUCARE LTD,L
NIRMAN,SM,NIRMAN AGRI GENTICS LTD,L
NSIL,BE,NALWA SONS INVESTMENT LTD,L
OMAXAUTO,BE,OMAX AUTOS LTD,L
PENTAGON,ST,PENTAGON RUBBER LIMITED,L
PRAENG,BE,PRAJAY ENG. SYN. LTD.,L
PROLIFE,SM,PROLIFE INDUSTRIES LTD,L
PULZ,SM,PULZ ELECTRONICS LIMITED,L
PURVFLEXI,ST,PURV FLEXIPACK LIMITED,L
SADHNANIQ,BE,SADHANA NITROCHEM LIMITED,L
SAMAY,ST,SAMAY PROJECT SERVICES L,L
SELMC,BE,SEL MANUFACTURING CO LTD,L
SETUINFRA,BZ,SETUBANDHAN INFRA LTD,L
SILINV,BE,SIL INVESTMENTS LIMITED,L
SITINET,BZ,SITI NETWORKS LIMITED,L
STALLION,BE,STALLION IND FLUOROCHEM L,L
TAKE,BE,TAKE SOLUTIONS LTD,L
TECHERA,ST,TECHERA ENGINEER (IND) L,L
TRUST,ST,TRUST FINTECH LIMITED,L
VELS,SM,VELS FILM INTERNATIONAL L,L
VERTEXPLUS,ST,VERTEXPLUS TECHNOLOGIES L,L
