SYMBOL,SERIES,SECURITY,HIGH/LOW
1035UCL26,NA,SEC RE NCD 10.35% SR III,H
21STCENMGM,EQ,21ST CENTURY MGMT SERVICE,H
AARADHYA,ST,AARADHYA DISPOSAL INDUS L,H
AGNI,ST,AGNI GREEN POWER LTD,H
ANKITMETAL,BZ,ANKIT MET & POW LTD,H
ANSALAPI,BZ,ANSAL PROP & INFRA LTD,H
APOLLO,EQ,APOLLO MICRO SYSTEMS LTD,H
BAFNAPH,BE,BAFNA PHARMACEUTICALS LTD,H
BALCO,SM,SOLVE PLASTIC PRODUCTS L,H
BLUECOAST,BE,BLUE COAST HOTELS LIMITED,H
COMPINFO,BZ,COMPUAGE INFOCOM LTD,H
CURAA,BE,CURA TECHNOLOGIES LIMITED,H
DHARAN,BZ,DHARAN INFRA-EPC LIMITED,H
DHARIWAL,SM,DHARIWALCORP LIMITED,H
EXCEL,BE,EXCEL REALTY N INFRA LTD,H
EXXARO,EQ,EXXARO TILES LIMITED,H
FELDVR,BZ,FUTURE ENTERPRISES LTD,H
GAYAHWS,BE,GAYATRI HIGHWAYS LIMITED,H
GSMFOILS,SM,GSM FOILS LIMITED,H
GVKPIL,BE,GVK POW. & INFRA LTD.,H
HNGSNGBEES,EQ,NIP IND ETF HANGSENG BEES,H
HRHNEXT,SM,HRH NEXT SERVICES LIMITED,H
IDEALTECHO,ST,IDEAL TECHNOPLAST IND LTD,H
IGIL,EQ,INTERNATIO GEMM INS (I) L,H
IRIS,EQ,IRIS BUSINESS SERV LTD,H
ISHAN,SM,ISHAN INTERNATIONAL LTD,H
ITTL,ST,INNOVATIVE TYRE & TUBE LT,H
JAYBARMARU,BE,JAYBHARATMARU-,H
JAYESH,ST,JAYESH LOGISTICS LIMITED,H
JUBLCPL,BE,JUBILANT AGRI N CON PRO L,H
KANDARP,ST,KANDARP DG SMART BPO LTD,H
KAVDEFENCE,BE,KAVVERI DFS & WIR TEC LTD,H
LAKPRE,BZ,LAKSHMI PRE SCRE LTD,H
LCCINFOTEC,EQ,LCC INFOTECH LTD,H
LRRPL,SM,LEAD REC AND RUB PROD LTD,H
MAFANG,EQ,MIRAEAMC - MAFANG,H
MAHKTECH,EQ,MIRAEAMC - MAHKTECH,H
MAL,SM,MANGALAM ALLOYS LIMITED,H
MANAKSTEEL,EQ,MANAKSIA STEELS LTD,H
MASPTOP50,EQ,MIRAEAMC - MASPTOP50,H
MEGAFLEX,SM,MEGA FLEX PLASTICS LTD,H
MEP,BZ,MEP INFRA. DEVELOPERS LTD,H
MOXSH,ST,MOXSH OVERSEAS EDUCON LTD,H
NEWJAISA,ST,NEWJAISA TECHNOLOGIES LTD,H
NURECA,BE,NURECA LIMITED,H
ONELIFECAP,EQ,ONELIFE CAP ADVISORS LTD,H
PNC,BE,PRITISH NANDY COMMUNICATI,H
QFIL,SM,QUALITY FOILS (INDIA) LTD,H
QUADPRO,SM,QUADPRO ITES LIMITED,H
RAJRILTD,BE,RAJ RAYON INDUSTRIES LTD,H
RAMCOSYS,EQ,RAMCO SYSTEMS LTD.,H
REFRACTORY,SM,REFRACTORY SHAPES LIMITED,H
RELTD,EQ,RAVINDRA ENERGY LIMITED,H
SABEVENTS,BE,SAB EVENTS & GOVERNANCE,H
SANWARIA,BZ,SANWARIA CONSUMER LIMITED,H
SELMC,BE,SEL MANUFACTURING CO LTD,H
SETUINFRA,BZ,SETUBANDHAN INFRA LTD,H
SEYAIND,BE,SEYA INDUSTRIES LIMITED,H
SGBDEC26,GB,2.50%GOLDBONDS2026SR-IV,H
SHANTHALA,ST,SHANTHALA FMCG PRODUCTS L,H
SHIVATEX,EQ,SHIVA TEXYARN LIMITED,H
SHRIAHIMSA,ST,SHRI AHIMSA NATURALS LTD,H
SICALLOG,BE,SICAL LOGISTICS LIMITED,H
SIKKO,BE,SIKKO INDUSTRIES LIMITED,H
SILLYMONKS,EQ,SILLY MONKS ENTERTAIN LTD,H
SITINET,BZ,SITI NETWORKS LIMITED,H
SOMATEX,BE,SOMA TEXTILEI NDUSTRIES L,H
SRPL,BZ,SHREE RAM PROTEINS LTD.,H
SUMEETINDS,BE,SUMEET IND LIMITED,H
SWANDEF,BE,SWAN DEFENCE N HEVY IND L,H
TEAMGTY,BE,TEAM INDIA GUARANTY LTD,H
TEJASCARGO,ST,TEJAS CARGO INDIA LIMITED,H
TIMESCAN,SM,TIMESCAN LOGISTICS IND L,H
TREJHARA,BE,TREJHARA SOLUTIONS LTD,H
UNITEDPOLY,BE,UNITED POLYFAB GUJ. LTD.,H
VELS,SM,VELS FILM INTERNATIONAL L,H
VERTEXPLUS,ST,VERTEXPLUS TECHNOLOGIES L,H
VGL,BE,VARVEE GLOBAL LIMITED,H
VHL,BE,VARDHMAN HOLDINGS LIMITED,H
VISAMAN,ST,VISAMAN GLOBAL SALES LTD,H
WINSOME,BZ,WINSOME YARNS LIMITED,H
ZODIAC,EQ,ZODIAC ENERGY LIMITED,H
AARADHYA,ST,AARADHYA DISPOSAL INDUS L,L
AFFORDABLE,EQ,AFFORD ROBO & AUTO LTD,L
ALPSINDUS,BE,ALPS INDUSTRIES LTD.,L
ANKITMETAL,BZ,ANKIT MET & POW LTD,L
ANSALAPI,BZ,ANSAL PROP & INFRA LTD,L
ARISTO,SM,ARISTO BIO T AND LIFESC L,L
ARVINDPORT,SM,ARVIND PORT AND INFRA LTD,L
AXISCADES,BE,AXISCADES TECH LTD,L
BGRENERGY,BE,BGR ENERGY SYSTEMS LTD,L
BHAGYANGR,EQ,BHAGYANAGAR INDIA LIMITED,L
BHARATGEAR,BE,BHARAT GEARS LTD,L
BOSS,SM,BOSS PACKAGING SOLU LTD,L
BULKCORP,SM,BULKCORP INTERNATIONAL L,L
CADSYS,SM,CADSYS (INDIA) LIMITED,L
CBAZAAR,SM,NET AVENUE TECHNOLOGIES L,L
CCCL,BE,CONS. CONST. CONSORT LTD,L
CEREBRAINT,BZ,CEREBRA INT TECH LTD,L
COMMITTED,ST,COMMITTED CARGO CARE LTD,L
CYBERTECH,BE,CYBERTECH SYSTEMS & SOFTW,L
DALMIASUG,BE,DALMIA BHARAT SUG IN LTD,L
DCAL,EQ,DISHMAN CARBO AMCIS LTD,L
DELHIVERY,EQ,DELHIVERY LIMITED,L
DRONE,SM,DRONE DESTINATION LIMITED,L
ELGIRUBCO,BE,ELGI RUBBER CO. LTD,L
ESFL,SM,ESSEN SPECIALITY FILMS L,L
ESSARSHPNG,BE,ESSAR SHIPPING LTD,L
FEL,BZ,FUTURE ENTERPRISES LTD,L
FLEXITUFF,EQ,FLEXITUFF VENTURES INT L,L
FLFL,BZ,FUT LIFESTYLE FASH LTD,L
GENSOL,BZ,GENSOL ENGINEERING LTD,L
GIRIRAJ,SM,GIRIRAJ CIVIL DEVP LTD,L
GKENERGY,EQ,GK ENERGY LIMITED,L
GRAPHISAD,SM,GRAPHISADS LIMITED,L
GUJRAFFIA,BE,GUJARAT RAFFIA INDUST LTD,L
HIRECT,EQ,HIND RECTIFIER LIMITED,L
HOLMARC,SM,HOLMARC OPTO MECHATRO L,L
HYBRIDFIN,BE,HYBRID FINANCIAL SERVICE,L
ISHANCH,BE,ISHAN DYES N CHEMICALS L,L
IWARE,ST,IWARE SUPPLYCHAIN SER LTD,L
IZMO,BE,IZMO LIMITED,L
JAYESH,ST,JAYESH LOGISTICS LIMITED,L
KAVDEFENCE,BE,KAVVERI DFS & WIR TEC LTD,L
KCK,ST,KCK INDUSTRIES LTD,L
KIOCL,EQ,KIOCL LIMITED,L
LANCORHOL,EQ,LANCOR HOLDINGS LIMITED,L
LGHL,EQ,LAXMI GOLDORNA HOUSE LTD,L
MCL,BE,MADHAV COPPER LIMITED,L
MEDIORG,SM,MEDICAMEN ORGANICS LTD,L
MEGASOFT,EQ,MEGASOFT LTD,L
NACLIND,BE,NACL INDUSTRIES LIMITED,L
NAVKARURB,BE,NAVKAR URBANSTRUCTURE LTD,L
NIRMAN,SM,NIRMAN AGRI GENTICS LTD,L
OLAELEC,BE,OLA ELECTRIC MOBILITY LTD,L
ORTEL,BZ,ORTEL COMMUNICATIONS LTD,L
OSELDEVICE,ST,OSEL DEVICES LIMITED,L
PALREDTEC,BE,PALRED TECHNOLOGIES LTD,L
PRAENG,BE,PRAJAY ENG. SYN. LTD.,L
PRAMARA,SM,PRAMARA PROMOTIONS LTD,L
PSRAJ,ST,P S RAJ STEELS LIMITED,L
RAJRILTD,BE,RAJ RAYON INDUSTRIES LTD,L
RELINFRA,BE,RELIANCE INFRASTRUCTU LTD,L
RHFL,BZ,RELIANCE HOME FINANCE LTD,L
RSSOFTWARE,EQ,R. S. SOFTWARE (INDIA) LI,L
SADHNANIQ,BE,SADHANA NITROCHEM LIMITED,L
SANCO,BZ,SANCO INDUSTRIES LIMITED,L
SCML,ST,SHARP CHUCKS N MACHINES L,L
SEJALLTD,BE,SEJAL GLASS LIMITED,L
SIGNORIA,SM,SIGNORIA CREATION LIMITED,L
SITINET,BZ,SITI NETWORKS LIMITED,L
SOLEX,EQ,SOLEX ENERGY LIMITED,L
SOMATEX,BE,SOMA TEXTILEI NDUSTRIES L,L
SONUINFRA,SM,SONU INFRATECH LIMITED,L
SPCENET,BE,SPACENET ENTERS IND LTD,L
SPECTSTM,SM,SPECTRUM TALENT MGMT LTD,L
SPRL,ST,SP REFRACTORIES LIMITED,L
STALLION,BE,STALLION IND FLUOROCHEM L,L
TAC,ST,TAC INFOSEC LIMITED,L
TAKE,BE,TAKE SOLUTIONS LTD,L
TECHD,ST,TECHD CYBERSECURITY LTD,L
TECHERA,ST,TECHERA ENGINEER (IND) L,L
TECILCHEM,BE,TECIL CHEMICALS,L
TERASOFT,BE,TERA SOFTWARE LIMITED,L
TGL,SM,TEERTH GOPICON LIMITED,L
TRU,EQ,TRUCAP FINANCE LIMITED,L
URAVIDEF,EQ,URAVI DEFENCE &TECH LTD,L
V2RETAIL,EQ,V2 RETAIL LIMITED,L
VERTEXPLUS,ST,VERTEXPLUS TECHNOLOGIES L,L
VIRINCHI,BE,VIRINCHI LIMITED,L
VISASTEEL,BE,VISA STEEL LIMITED,L
VLEGOV,EQ,VL E GOV AND IT SOL LTD,L
VOLERCAR,ST,VOLER CAR LIMITED,L
WINSOME,BZ,WINSOME YARNS LIMITED,L
