SECURITY,NEW,PREVIOUS,NEW_STATUS
AAREY DRUGS & PHARM LTD       ,100.00,98.17,H
ANAND RATHI SH N STK BR L     ,555.05,545.95,H
ASL INDUSTRIES LIMITED        ,86.80,85.10,H
CCL PRODUCTS (I) LTD          ,1004.00,962.00,H
COMMERCIAL SYN BAGS LTD       ,162.95,159.50,H
CUBE HIGHWAYS TRUST           ,141.50,136.00,H
DHARIWALCORP LIMITED          ,258.00,229.00,H
DIVINE HIRA JEWELLERS LTD     ,121.40,121.00,H
DIVINE POWER ENERGY LTD       ,305.70,299.75,H
EDELAMC - EBANKNIFTY          ,59.75,59.46,H
EPACK PREFAB TECHN LTD        ,332.00,305.00,H
GARUDA CONSTRUCT N ENG L      ,241.39,238.94,H
ICICI PRUD SENSEX ETF         ,982.62,980.00,H
ICICIPRAMC - IPRU5008         ,60.97,60.79,H
ICICIPRAMC - VAL30IETF        ,14.67,14.56,H
INDRAPRASTHA MEDICAL CORP     ,640.85,624.70,H
MAHAMAYA STEEL INDS LTD       ,637.30,626.95,H
MAXVOLT ENERGY INDUS L        ,356.00,340.00,H
N R VANDANA TEX IND LTD       ,63.50,62.50,H
NAVIN FLUORINE INT. LTD       ,6138.00,6099.00,H
ORKLA INDIA LIMITED           ,760.00,730.00,H
PASHUPATI COTSPIN LIMITED     ,824.60,820.00,H
PRAMARA PROMOTIONS LTD        ,334.00,328.00,H
PRIVI SPECIALITY CHE LTD      ,3343.00,3014.00,H
RENOL POLYCHEM LIMITED        ,143.50,130.65,H
S.A.L. STEEL LTD.             ,40.88,40.08,H
SENORES PHARMACEUTICALS L     ,828.90,793.00,H
SOMA TEXTILEI NDUSTRIES L     ,161.25,153.58,H
SUNLITE RECYCLING IND LTD     ,249.00,229.95,H
SWAN DEFENCE N HEVY IND L     ,852.45,811.90,H
TANKUP ENGINEERS LIMITED      ,578.95,574.20,H
TERA SOFTWARE LIMITED         ,569.00,557.40,H
THANGAMAYIL JEWELLERY LTD     ,3144.10,3088.70,H
ZERODHAAMC - LTGILTCASE       ,30.56,30.55,H
3I INFOTECH LIMITED           ,16.97,17.06,L
AMANTA HEALTHCARE LIMITED     ,119.10,119.50,L
ASTRON PAPER BORD MIL LTD     ,9.56,9.95,L
BANSAL WIRE INDUSTRIES L      ,299.00,304.00,L
BHADORA INDUSTRIES LTD        ,83.25,85.60,L
CLEAN SCIENCE & TECH LTD      ,960.00,979.10,L
DIAMINES & CHEMICALS LTD      ,251.15,256.20,L
DIGIKORE STUDIOS LIMITED      ,73.50,77.80,L
DIGITIDE SOLUTIONS LTD        ,147.25,152.71,L
EFC (I) LIMITED               ,269.65,285.00,L
FUTURE ENTERPRISES LTD        ,0.41,0.42,L
GANESH CONSUMER PRODUCT L     ,261.00,271.15,L
GEM AROMATICS LIMITED         ,211.25,218.50,L
GENSOL ENGINEERING LTD        ,29.71,30.53,L
GLOTTIS LIMITED               ,68.80,70.17,L
GO FASHION INDIA LTD          ,627.65,638.00,L
GROWWAMC - GROWWSC250         ,9.84,9.90,L
HDB FINANCIAL SERVICES L      ,718.85,722.10,L
HIGHWAY INFRASTRUCTURE L      ,73.60,75.50,L
INDIAN EMULSIFERS LTD         ,10.00,12.00,L
INDIAN EMULSIFIERS LTD        ,94.90,96.75,L
JAYESH LOGISTICS LIMITED      ,106.35,111.95,L
JHS SVENDGAARD RETAIL V L     ,31.20,31.49,L
JSW CEMENT LIMITED            ,128.00,133.72,L
JTL INDUSTRIES LIMITED        ,59.70,59.77,L
KAUSHALYA LOGISTICS LTD       ,47.30,49.90,L
KOTAKMAMC - MOMENTUM30        ,31.10,31.15,L
LG ELECTRONICS INDIA LTD      ,1590.00,1625.20,L
MEDISTEP HEALTHCARE LTD       ,22.30,23.30,L
MUSIC BROADCAST LIMITED       ,6.85,7.30,L
NET AVENUE TECHNOLOGIES L     ,3.30,3.35,L
NIIT LEARNING SYSTEMS LTD     ,300.05,308.60,L
ORKLA INDIA LIMITED           ,692.55,730.00,L
PATEL RETAIL LIMITED          ,215.56,219.00,L
PLAZA WIRES LIMITED           ,47.00,47.70,L
PRIMO CHEMICALS LIMITED       ,22.15,22.79,L
R K SWAMY LIMITED             ,127.00,128.03,L
RACE ECO CHAIN LIMITED        ,203.05,203.91,L
ROLEX RINGS LIMITED           ,111.00,119.62,L
ROTO PUMPS LIMITED            ,66.65,68.20,L
SAMEERA AGRO AND INFRA L      ,13.70,14.15,L
SESHAASAI TECHNOLOGIES L      ,357.00,362.55,L
SIDDHI COTSPIN LIMITED        ,32.60,32.70,L
SPENCER S RETAIL LIMITED      ,48.22,49.92,L
SRI LOTUS DEVLPRS N RTY L     ,172.50,173.50,L
STUDIO LSD LIMITED            ,16.60,17.75,L
SUYOG TELEMATICS LIMITED      ,726.00,731.00,L
TEERTH GOPICON LIMITED        ,40.50,42.60,L
TIGER LOGISTICS (INDIA) L     ,41.11,41.20,L
TRUALT BIOENERGY LIMITED      ,401.85,420.90,L
UDAYSHIVAKUMAR INFRA LTD      ,25.07,25.62,L
UNITED FOODBRANDS LIMITED     ,192.40,199.00,L
UPDATER SERVICES LIMITED      ,198.32,219.33,L
URBAN COMPANY LIMITED         ,143.00,145.17,L
UTKARSH SMALL FIN BANK L      ,17.01,17.51,L
V.L.INFRAPROJECTS LIMITED     ,24.95,28.00,L
VEDANT FASHIONS LIMITED       ,633.00,638.00,L
VISHWAS AGRI SEEDS LTD        ,48.00,51.15,L
VL E GOV AND IT SOL LTD       ,21.25,22.37,L
VMS TMT LIMITED               ,66.30,68.03,L
ZERODHAAMC - NIFTYCASE        ,10.15,10.19,L
