SYMBOL,SERIES,SECURITY,HIGH/LOW
21STCENMGM,EQ,21ST CENTURY MGMT SERVICE,H
ACCPL,ST,ACCRETION PHARMA LIMITED,H
AGSTRA,BZ,AGS TRANSACT TECH LTD,H
AHIMSA,ST,AHIMSA INDUSTRIES LTD.,H
ANKITMETAL,BZ,ANKIT MET & POW LTD,H
ANSALAPI,BZ,ANSAL PROP & INFRA LTD,H
ARSHIYA,BZ,ARSHIYA LIMITED,H
ARVEE,EQ,ARVEE LABORATORIES I LTD,H
ASTRON,EQ,ASTRON PAPER BORD MIL LTD,H
AURIGROW,EQ,AURI GROW INDIA LIMITED,H
BANKA,EQ,BANKA BIOLOO LIMITED,H
CAPTRUST,EQ,CAPITAL TRUST LIMITED,H
CHAVDA,SM,CHAVDA INFRA LIMITED,H
COMMITTED,ST,COMMITTED CARGO CARE LTD,H
CYBERTECH,BE,CYBERTECH SYSTEMS & SOFTW,H
DHARAN,BZ,DHARAN INFRA-EPC LIMITED,H
EASTSILK,BE,EASTERN SILK INDUSTRIES L,H
EQUIPPP,BE,EQUIPPP SOC IMP TECH LTD,H
ESSARSHPNG,BE,ESSAR SHIPPING LTD,H
EXCEL,BE,EXCEL REALTY N INFRA LTD,H
FEL,BZ,FUTURE ENTERPRISES LTD,H
FILATFASH,EQ,FILATEX FASHIONS LIMITED,H
GAYAHWS,BE,GAYATRI HIGHWAYS LIMITED,H
GOENKA,BZ,GOENKA DIAMOND&JEWELS LTD,H
GRAPHISAD,SM,GRAPHISADS LIMITED,H
GROWWCAPM,EQ,GROWWAMC - GROWWCAPM,H
GSLSU,BE,GLOBAL SURFACES LIMITED,H
GSTL,SM,GLOBESECURE TECHNO LTD,H
GURUNANAK,SM,GURUNANAK AGRICULTUR IN L,H
HNGSNGBEES,EQ,NIP IND ETF HANGSENG BEES,H
ISHAN,SM,ISHAN INTERNATIONAL LTD,H
IWARE,ST,IWARE SUPPLYCHAIN SER LTD,H
JFLLIFE,SM,JFL LIFE SCIENCES LIMITED,H
JPASSOCIAT,BE,JAIPRAKASH ASSOCIATES LTD,H
KARNIKA,ST,KARNIKA INDUSTRIES LTD,H
KESORAMIND,EQ,KESORAM INDUSTRIES LTD,H
KEYFINSERV,EQ,KEYNOTE FIN SERV LTD.,H
KIOCL,EQ,KIOCL LIMITED,H
KOTYARK,SM,KOTYARK INDUSTRIES LTD,H
LAKPRE,BZ,LAKSHMI PRE SCRE LTD,H
LCCINFOTEC,BE,LCC INFOTECH LTD,H
LEXUS,EQ,LEXUS GRANITO (INDIA) LTD,H
LRRPL,SM,LEAD REC AND RUB PROD LTD,H
MAFANG,EQ,MIRAEAMC - MAFANG,H
MAHKTECH,EQ,MIRAEAMC - MAHKTECH,H
MARINETRAN,SM,MARINETRANS INDIA LIMITED,H
MASPTOP50,EQ,MIRAEAMC - MASPTOP50,H
MCLOUD,EQ,MAGELLANIC CLOUD LIMITED,H
MEP,BZ,MEP INFRA. DEVELOPERS LTD,H
MTEDUCARE,BE,MT EDUCARE LTD,H
NAGREEKCAP,BE,NAGREEKA CAP & INFR.LTD,H
NEELAM,SM,NEELAM LINENS & GAR (I) L,H
NIRMAN,SM,NIRMAN AGRI GENTICS LTD,H
NOIDATOLL,EQ,NOIDA TOLL BRIDGE CO LTD,H
ONELIFECAP,BE,ONELIFE CAP ADVISORS LTD,H
ORTEL,BZ,ORTEL COMMUNICATIONS LTD,H
ORTINGLOBE,EQ,ORTIN GLOBAL LIMITED,H
PERFECT,SZ,PERFECT INFRAENGINEER LTD,H
RAJRILTD,BE,RAJ RAYON INDUSTRIES LTD,H
ROLLT,EQ,ROLLATAINERS LIMITED,H
ROLTA,BZ,ROLTA INDIA LTD,H
SABTNL,EQ,SRI ADHIKARI BRO TELE N L,H
SANWARIA,BZ,SANWARIA CONSUMER LIMITED,H
SCML,ST,SHARP CHUCKS N MACHINES L,H
SETUINFRA,BZ,SETUBANDHAN INFRA LTD,H
SHANTHALA,ST,SHANTHALA FMCG PRODUCTS L,H
SILLYMONKS,BE,SILLY MONKS ENTERTAIN LTD,H
SITINET,BZ,SITI NETWORKS LIMITED,H
SOUTHWEST,BE,SOUTH WEST PINNACLE LTD,H
STALLION,BE,STALLION IND FLUOROCHEM L,H
SUPREMEENG,BZ,SUPREME ENGINEERING LTD,H
TECHLABS,SM,TRIDENT TECHLABS LIMITED,H
TGL,ST,TEERTH GOPICON LIMITED,H
UEL,BE,UJAAS ENERGY LIMITED,H
UNITEDPOLY,BE,UNITED POLYFAB GUJ. LTD.,H
VCL,BE,VAXTEX COTFAB LIMITED,H
VIAZ,ST,VIAZ TYRES LIMITED,H
VITAL,SM,VITAL CHEMTECH LIMITED,H
VOLERCAR,ST,VOLER CAR LIMITED,H
AAREYDRUGS,BE,AAREY DRUGS & PHARM LTD,L
AIMTRON,ST,AIMTRON ELECTRONICS LTD,L
AKIKO,ST,AKIKO GLOBAL SERVICES L,L
ANSALAPI,BZ,ANSAL PROP & INFRA LTD,L
ARHAM,ST,ARHAM TECHNOLOGIES LTD,L
ASPIRE,SM,ASPIRE & INNOVATIVE ADV L,L
AUSL,SM,ADITYA ULTRA STEEL LTD,L
BEACON,ST,BEACON TRUSTEESHIP LTD,L
BGRENERGY,BE,BGR ENERGY SYSTEMS LTD,L
CADSYS,SM,CADSYS (INDIA) LIMITED,L
CBAZAAR,ST,NET AVENUE TECHNOLOGIES L,L
COASTCORP,BE,COASTAL CORPORATION LTD,L
COMPINFO,BZ,COMPUAGE INFOCOM LTD,L
DHARAN,BZ,DHARAN INFRA-EPC LIMITED,L
DHTL,ST,DOCMODE HEALTH TECH LTD,L
DIVYADHAN,SM,DIVYADHAN RECYCLING IND L,L
DPEL,ST,DIVINE POWER ENERGY LTD,L
DRSCARGO,ST,DRS CARGO MOVERS LIMITED,L
DYNAMIC,SM,DYNAMIC SRVCS & SEC LTD,L
ELGIRUBCO,BE,ELGI RUBBER CO. LTD,L
FELDVR,BZ,FUTURE ENTERPRISES LTD,L
FLEXITUFF,EQ,FLEXITUFF VENTURES INT L,L
FLFL,BZ,FUT LIFESTYLE FASH LTD,L
GIRIRAJ,SM,GIRIRAJ CIVIL DEVP LTD,L
GML,SM,GALAXY MEDICARE LIMITED,L
GOENKA,BZ,GOENKA DIAMOND&JEWELS LTD,L
GSLSU,BE,GLOBAL SURFACES LIMITED,L
GSTL,SM,GLOBESECURE TECHNO LTD,L
GURUNANAK,SM,GURUNANAK AGRICULTUR IN L,L
GVKPIL,BE,GVK POW. & INFRA LTD.,L
HOLMARC,SM,HOLMARC OPTO MECHATRO L,L
INDOTHAI,BE,INDO THAI SEC LTD,L
ITTL,ST,INNOVATIVE TYRE & TUBE LT,L
JAINIK,ST,JAINIK POWER CABLES LTD,L
JALAN,SM,JALAN TRANSOLU. INDIA LTD,L
KARNIKA,ST,KARNIKA INDUSTRIES LTD,L
KSR,BE,KSR FOOTWEAR LIMITED,L
LCCINFOTEC,BE,LCC INFOTECH LTD,L
MAL,SM,MANGALAM ALLOYS LIMITED,L
MCLEODRUSS,BE,MCLEOD RUSSEL INDIA LTD.,L
MEP,BZ,MEP INFRA. DEVELOPERS LTD,L
PRECISION,SM,PRECISION METALIKS LTD,L
READYMIX,ST,READYMIX CONSTRU MACHI L,L
RICHA,ST,RICHA INFO SYSTEMS LTD,L
SALSTEEL,BE,S.A.L. STEEL LTD.,L
SANWARIA,BZ,SANWARIA CONSUMER LIMITED,L
SEJALLTD,BE,SEJAL GLASS LIMITED,L
SETUINFRA,BZ,SETUBANDHAN INFRA LTD,L
SHANTHALA,ST,SHANTHALA FMCG PRODUCTS L,L
SIKKO,BE,SIKKO INDUSTRIES LIMITED,L
SITINET,BZ,SITI NETWORKS LIMITED,L
SKFINDUS,BE,SKF IND (INDUSTRIAL) LTD,L
SOTAC,SM,SOTAC PHARMACEUTICALS LTD,L
SUMEETINDS,BE,SUMEET IND LIMITED,L
SUNLITE,ST,SUNLITE RECYCLING IND LTD,L
SVPGLOB,BE,SVP GLOBAL TEXTILES LTD,L
SYSTANGO,ST,SYSTANGO TECHNOLOGIES LTD,L
TAURIAN,ST,TAURIAN MPS LIMITED,L
TECHERA,ST,TECHERA ENGINEER (IND) L,L
TRUST,ST,TRUST FINTECH LIMITED,L
TVSELECT,BE,TVS ELECTRONICS LTD,L
UNIHEALTH,ST,UNIHEALTH HOSPITALS LTD,L
URAVIDEF,EQ,URAVI DEFENCE &TECH LTD,L
VELS,SM,VELS FILM INTERNATIONAL L,L
WAAREEINDO,BE,INDOSOLAR LIMITED,L
WINSOME,BZ,WINSOME YARNS LIMITED,L
XELPMOC,BE,XELPMOC DESIGN & TECH LTD,L
YUDIZ,SM,YUDIZ SOLUTIONS LIMITED,L
