SECURITY,NEW,PREVIOUS,NEW_STATUS
ADITYA BIRLA CAPITAL LTD.     ,360.60,360.15,H
ANONDITA MEDICARE LIMITED     ,713.10,699.15,H
AONEAMC - AONETMMQ50          ,10.50,10.25,H
ARFIN INDIA LIMITED           ,62.40,61.00,H
DSPAMC - DSPBANKETF           ,61.28,61.25,H
GROWWAMC - GROWWCAPM          ,11.78,9.97,H
HERO MOTOCORP LIMITED         ,6388.50,6351.00,H
INDIAN METALS & FERRO         ,1415.00,1408.00,H
INFLUX HEALTHTECH LIMITED     ,249.00,242.05,H
KNOWLEDGE MARINE & EN W L     ,3089.00,3074.70,H
KNOWLEDGE REALTY TRUST        ,125.50,122.03,H
LE MERITE EXPORTS LIMITED     ,521.95,520.00,H
LUMAX INDUSTRIES LTD          ,5870.00,5789.50,H
M.V.K. AGRO FOOD PROD LTD     ,819.00,812.95,H
MINDSPACE BUSINESS P REIT     ,500.85,491.00,H
MIRAEAMC - EQUAL200           ,13.96,13.85,H
MIRAEAMC - MAESGETF           ,44.97,44.89,H
MIRAEAMC - MASPTOP50          ,72.20,71.89,H
MOTILAL OS MIDCAP100 ETF      ,66.59,66.57,H
NATIONAL HIGHW INFRA TRUS     ,151.00,150.50,H
NORBEN TEA &EXPORTS LTD       ,74.17,72.82,H
PTC INDUSTRIES LIMITED        ,18918.00,18888.00,H
RENOL POLYCHEM LIMITED        ,156.00,152.25,H
SAWALIYA FOOD PRODUCTS L      ,305.00,303.00,H
SHARP CHUCKS N MACHINES L     ,153.30,152.30,H
SKF IND (INDUSTRIAL) LTD      ,2720.00,2708.40,H
SUNLITE RECYCLING IND LTD     ,328.00,322.25,H
TANKUP ENGINEERS LIMITED      ,801.60,785.90,H
AERON COMPOSITE LIMITED       ,93.45,95.40,L
AKI INDIA LIMITED             ,6.56,6.63,L
ALCOKRAFT DISTILLERIE LTD     ,110.00,113.00,L
AMANTA HEALTHCARE LIMITED     ,99.05,99.99,L
ARISINFRA SOLUTIONS LTD       ,128.10,129.20,L
ATC ENERGIES SYSTEM LTD       ,37.65,38.00,L
BEW ENGINEERING LIMITED       ,110.40,110.65,L
BHADORA INDUSTRIES LTD        ,73.50,74.00,L
CANARA ROBECO AMC LIMITED     ,278.30,280.10,L
CEDAAR TEXTILE LIMITED        ,60.10,67.05,L
CEIGALL INDIA LIMITED         ,232.01,233.30,L
CHEMPLAST SANMAR LIMITED      ,258.65,272.50,L
CLASSIC ELECTRODE (IND) L     ,71.10,72.00,L
COMPUTER AGE MNGT SER LTD     ,758.70,1260.00,L
CONCORD ENVIRO SYSTEMS L      ,378.00,387.20,L
CRAYONS ADVERTISING LTD       ,40.25,42.00,L
CREDO BRANDS MARKETING L      ,95.01,96.00,L
DANGEE DUMS LIMITED           ,3.42,3.45,L
DEEPAK BUILDERS & ENG I L     ,124.01,124.12,L
DHARAN INFRA-EPC LIMITED      ,0.31,0.33,L
DIGITIDE SOLUTIONS LTD        ,129.40,131.58,L
EFC (I) LIMITED               ,252.50,257.70,L
ELLENBARRIE INDUS GASES L     ,353.25,362.30,L
EXCELSOFT TECHNOLOGIES L      ,92.59,96.04,L
EXICOM TELE SYSTEMS LTD       ,106.77,108.20,L
FINBUD FINANCIAL SERV LTD     ,115.05,126.00,L
FINKURVE FINANCIAL SERV L     ,101.01,102.00,L
FUTURE ENTERPRISES LTD        ,2.85,2.86,L
GANDHAR OIL REFINE IND L      ,123.57,124.42,L
GANESH CONSUMER PRODUCT L     ,238.50,239.70,L
GEM AROMATICS LIMITED         ,142.55,150.31,L
GK ENERGY LIMITED             ,142.00,144.69,L
GLOTTIS LIMITED               ,59.00,59.15,L
GO FASHION INDIA LTD          ,482.00,493.00,L
GROWWAMC - GROWWCAPM          ,9.77,9.80,L
GROWWAMC - GROWWMC150         ,218.03,219.95,L
GROWWAMC - GROWWSC250         ,9.50,9.54,L
HIGHWAY INFRASTRUCTURE L      ,62.00,63.07,L
HOMESFY REALTY LIMITED        ,170.00,171.45,L
INDOGULF CROPSCIENCES LTD     ,82.00,82.11,L
INNOMET ADVANCED MATERI L     ,99.25,99.90,L
INVENTURE GRO & SEC LTD       ,1.20,1.22,L
JALAN TRANSOLU. INDIA LTD     ,2.50,2.60,L
JARO INS OF TEC MG N RE L     ,555.00,570.10,L
JAYKAY ENTERPRISES LTD        ,202.10,205.00,L
JHS SVENDGAARD RETAIL V L     ,26.53,26.85,L
JNK INDIA LIMITED             ,216.60,224.02,L
JYOTI GLOBAL PLAST LTD        ,48.50,49.00,L
KAY CEE ENERGY & INFRA L      ,150.05,155.50,L
KSR FOOTWEAR LIMITED          ,23.70,24.95,L
LORENZINI APPARELS LTD        ,8.25,8.37,L
M AND B ENGINEERING LTD       ,362.70,364.00,L
MIRAEAMC - ENERGY             ,34.86,34.96,L
MIRAEAMC - SMALL250           ,16.45,16.56,L
MOTILALAMC - MOENERGY         ,34.78,35.04,L
MOTILALAMC - MOIPO            ,46.94,47.23,L
MOTILALAMC - MOMNC            ,29.88,30.04,L
OLA ELECTRIC MOBILITY LTD     ,34.80,36.12,L
ON DOOR CONCEPTS LIMITED      ,110.30,112.80,L
ONYX BIOTEC LIMITED           ,30.50,34.80,L
PAKKA LIMITED                 ,106.26,107.55,L
PAUSHAK LIMITED               ,567.10,569.10,L
PRO FX TECH LIMITED           ,75.00,75.25,L
SAATVIK GREEN ENERGY LTD      ,375.80,385.50,L
SAHAJ SOLAR LIMITED           ,152.60,160.00,L
SAKUMA EXPORTS LIMITED        ,2.30,2.31,L
SAMBHV STEEL TUBES LTD        ,94.61,96.25,L
SAMEERA AGRO AND INFRA L      ,11.10,11.85,L
SANCO INDUSTRIES LIMITED      ,1.66,1.67,L
SATTVA ENGINEERING CSTN L     ,63.10,64.10,L
SERVICE CARE LIMITED          ,39.40,39.60,L
SHILCHAR TECHNOLOGIES LTD     ,3749.80,3761.00,L
SHIVALIK RASAYAN LIMITED      ,380.05,384.10,L
SIDDHI COTSPIN LIMITED        ,27.15,29.70,L
SITI NETWORKS LIMITED         ,0.31,0.32,L
SKF IND (INDUSTRIAL) LTD      ,2498.50,2708.40,L
SNEHAA ORGANICS LIMITED       ,70.50,75.70,L
SONA MACHINERY LIMITED        ,50.20,50.25,L
SPENCER S RETAIL LIMITED      ,42.00,42.55,L
SRI LOTUS DEVLPRS N RTY L     ,153.30,156.52,L
STUDDS ACCESSORIES LTD        ,527.10,533.40,L
SUBA HOTELS LIMITED           ,145.00,149.00,L
TRACXN TECHNOLOGIES LTD       ,40.80,41.29,L
TVS SUPPLY CHAIN SOL L        ,104.27,104.80,L
UNILEX COLOURS AND CHEM L     ,30.70,34.00,L
UPDATER SERVICES LIMITED      ,170.05,173.00,L
URBAN COMPANY LIMITED         ,127.61,129.61,L
VEDANT FASHIONS LIMITED       ,592.00,598.90,L
VIKRAM SOLAR LIMITED          ,244.55,246.95,L
VISHNU PRAKASH R PUNGLI L     ,76.50,78.00,L
VISHWARAJ SUGAR IND LTD       ,6.84,6.87,L
VMS TMT LIMITED               ,52.65,53.97,L
VRAJ IRON AND STEEL LTD       ,127.00,130.00,L
ZEAL GLOBAL SERVICES LTD      ,97.00,98.30,L
