SYMBOL,SERIES,SECURITY,HIGH/LOW
1035UCL26,NA,SEC RE NCD 10.35% SR III,H
ACL,EQ,ANDHRA CEMENTS LIMITED,H
AKASH,EQ,AKASH INFRA-PROJECTS LTD,H
ANSALAPI,BZ,ANSAL PROP & INFRA LTD,H
AUSOMENT,EQ,AUSOM ENTERPRISE LIMITED,H
BUILDPRO,BE,SHANKARA BUILDPRO LIMITED,H
DENEERS,SM,DE NEERS TOOLS LIMITED,H
DHARAN,BZ,DHARAN INFRA-EPC LIMITED,H
E2ERAIL,ST,E TO E TRANS INFRA LTD,H
EPWINDIA,ST,EPW INDIA LIMITED,H
EXIMROUTES,ST,EXIM ROUTES LIMITED,H
FEL,BZ,FUTURE ENTERPRISES LTD,H
FELDVR,BZ,FUTURE ENTERPRISES LTD,H
GANESHIN,SM,GANESH INFRAWORLD LIMITED,H
GKENERGY,EQ,GK ENERGY LIMITED,H
HPTL,ST,HP TELECOM INDIA LIMITED,H
IL&FSENGG,BZ,IL&FS ENG AND CONS CO LTD,H
JALAN,ST,JALAN TRANSOLU. INDIA LTD,H
KDL,SM,KORE DIGITAL LIMITED,H
KRYSTAL,EQ,KRYSTAL INTEGRATED SER L,H
LCCINFOTEC,BE,LCC INFOTECH LTD,H
LRRPL,SM,LEAD REC AND RUB PROD LTD,H
MAFANG,EQ,MIRAEAMC - MAFANG,H
MAHKTECH,EQ,MIRAEAMC - MAHKTECH,H
MAL,SM,MANGALAM ALLOYS LIMITED,H
MANAKALUCO,EQ,MANAK ALUMINIUM CO. LTD.,H
MANGALAM,BE,MANGALAM DRUG & CHEM LTD,H
MASPTOP50,EQ,MIRAEAMC - MASPTOP50,H
MCL,BE,MADHAV COPPER LIMITED,H
MEESHO,EQ,MEESHO LIMITED,H
MILTON,SM,MILTON INDUSTRIES LIMITED,H
MRIL,SM,MAHENDRA REALTO & INFRA L,H
NIKITA,ST,NIKITA GRENTEC RECYCL LTD,H
OSWALSEEDS,EQ,SHREEOSWAL S AND CHE LTD,H
PROLIFE,SM,PROLIFE INDUSTRIES LTD,H
QUICKTOUCH,SM,QUICKTOUCH TECHNOLOGIES L,H
ROLLT,EQ,ROLLATAINERS LIMITED,H
SACHEEROME,ST,SACHEEROME LIMITED,H
SANCO,BZ,SANCO INDUSTRIES LIMITED,H
SANWARIA,BZ,SANWARIA CONSUMER LIMITED,H
SETUINFRA,BZ,SETUBANDHAN INFRA LTD,H
SHANTHALA,ST,SHANTHALA FMCG PRODUCTS L,H
SHRIKANHA,SM,SHRI KANHA STAINLESS LTD,H
SILKFLEX,SM,SILKFLEX POLYMERS INDIA L,H
SILVERTUC,EQ,SILVER TOUCH TECHNO LTD,H
SITINET,BZ,SITI NETWORKS LIMITED,H
SVPGLOB,BE,SVP GLOBAL TEXTILES LTD,H
TCIFINANCE,BE,TCIFINANCELTD-ROLL SETT,H
VILINBIO,SM,VILIN BIO MED LIMITED,H
VIPULLTD,BE,VIPUL LIMITED,H
VSCL,SM,VADIVARHE SPCLTY CHEM LTD,H
WINSOME,BZ,WINSOME YARNS LIMITED,H
YASHO,EQ,YASHO INDUSTRIES LIMITED,H
YUDIZ,SM,YUDIZ SOLUTIONS LIMITED,H
21STCENMGM,EQ,21ST CENTURY MGMT SERVICE,L
AGUL,SM,A G UNIVERSAL LIMITED,L
AMIABLE,ST,AMIABLE LOGISTICS (I) LTD,L
ARIHANTACA,ST,ARIHANT ACADEMY LIMITED,L
AURIGROW,BE,AURI GROW INDIA LIMITED,L
AXISCADES,BE,AXISCADES TECH LTD,L
AXITA,BE,AXITA COTTON LIMITED,L
BHAGYANGR,BE,BHAGYANAGAR INDIA LIMITED,L
BLUECOAST,EQ,BLUE COAST HOTELS LIMITED,L
BUILDPRO,BE,SHANKARA BUILDPRO LIMITED,L
CCCL,BE,CONS. CONST. CONSORT LTD,L
CEDAAR,SM,CEDAAR TEXTILE LIMITED,L
CENTEXT,BE,CENTURY EXTRUSIONS LTD,L
CPS,ST,C P S SHAPERS LIMITED,L
DHARAN,BZ,DHARAN INFRA-EPC LIMITED,L
DHARIWAL,ST,DHARIWALCORP LIMITED,L
DRONE,SM,DRONE DESTINATION LIMITED,L
DRSCARGO,ST,DRS CARGO MOVERS LIMITED,L
EQUIPPP,BE,EQUIPPP SOC IMP TECH LTD,L
ESFL,SM,ESSEN SPECIALITY FILMS L,L
EUROTEXIND,BE,EUROTEX IND & EXPORTS LTD,L
FISCHER,EQ,FISCHER MEDICAL VENTURE L,L
FMNL,EQ,FUTURE MKT NETWORKS LTD,L
FOCE,SM,FOCE INDIA LIMITED,L
GRAPHISAD,SM,GRAPHISADS LIMITED,L
GRCL,SM,GAYATRI RUBB AND CHEM LTD,L
GVKPIL,BE,GVK POW. & INFRA LTD.,L
HARDWYN,BE,HARDWYN INDIA LIMITED,L
HRHNEXT,SM,HRH NEXT SERVICES LIMITED,L
IBULLSLTD,EQ,INDIABULLS LIMITED,L
IFBAGRO,EQ,IFB AGRO INDUSTRIES LTD,L
ISHAN,SM,ISHAN INTERNATIONAL LTD,L
JALAN,ST,JALAN TRANSOLU. INDIA LTD,L
KDL,SM,KORE DIGITAL LIMITED,L
KESORAMIND,BE,KESORAM INDUSTRIES LTD,L
KSR,BE,KSR FOOTWEAR LIMITED,L
LAKPRE,BZ,LAKSHMI PRE SCRE LTD,L
LASA,EQ,LASA SUPERGENERICS LTD,L
LCCINFOTEC,BE,LCC INFOTECH LTD,L
MANAKSTEEL,EQ,MANAKSIA STEELS LTD,L
MARINETRAN,ST,MARINETRANS INDIA LIMITED,L
MAXVOLT,ST,MAXVOLT ENERGY INDUS L,L
MCL,BE,MADHAV COPPER LIMITED,L
MEDIORG,SM,MEDICAMEN ORGANICS LTD,L
MEP,BZ,MEP INFRA. DEVELOPERS LTD,L
MIRCELECTR,EQ,MIRC ELECTRONICS LTD,L
MTEDUCARE,BE,MT EDUCARE LTD,L
MVKAGRO,SM,M.V.K. AGRO FOOD PROD LTD,L
NACLIND,EQ,NACL INDUSTRIES LIMITED,L
NARMADA,BE,NARMADA AGROBASE LIMITED,L
NAVKARURB,BE,NAVKAR URBANSTRUCTURE LTD,L
NECLIFE,BE,NECTAR LIFESCIENCES LTD.,L
NOIDATOLL,EQ,NOIDA TOLL BRIDGE CO LTD,L
OSWALSEEDS,EQ,SHREEOSWAL S AND CHE LTD,L
PIGL,EQ,POWER INSTRUMENT (G) LTD,L
POLYSIL,ST,POLYSIL IRRIGATION SYST L,L
POSITRON,SM,POSITRON ENERGY LIMITED,L
PROLIFE,SM,PROLIFE INDUSTRIES LTD,L
PRUDMOULI,EQ,PRUDENTIAL SUGAR CORPORAT,L
PVP,BE,PVP VENTURES LIMITED,L
QVCEL,SM,QVC EXPORTS LIMITED,L
RAJRILTD,BE,RAJ RAYON INDUSTRIES LTD,L
RELIABLE,BE,RELIABLE DATA SERVICE LTD,L
ROCKINGDCE,ST,ROCKINGDEALS CIRCU ECO L,L
ROLLT,EQ,ROLLATAINERS LIMITED,L
SACHEEROME,ST,SACHEEROME LIMITED,L
SADBHAV,BE,SADBHAV ENGINEERING LTD,L
SAMBHAAV,BE,SAMBHAAV MEDIA LTD,L
SANGANI,SM,SANGANI HOSPITALS LIMITED,L
SETUINFRA,BZ,SETUBANDHAN INFRA LTD,L
SEYAIND,BE,SEYA INDUSTRIES LIMITED,L
SHYAMCENT,BE,SHYAM CENTURY FERROUS LTD,L
SHYAMDHANI,ST,SHYAM DHANI INDUSTRIES L,L
SIGNORIA,SM,SIGNORIA CREATION LIMITED,L
SIKKO,BE,SIKKO INDUSTRIES LIMITED,L
SIMBHALS,BZ,SIMBHAOLI SUGARS LTD.,L
SITINET,BZ,SITI NETWORKS LIMITED,L
SMLMAH,EQ,SML MAHINDRA LIMITED,L
SOCL,ST,SUNDREX OIL COMPANY LTD,L
SPECTSTM,SM,SPECTRUM TALENT MGMT LTD,L
SPRL,ST,SP REFRACTORIES LIMITED,L
STALLION,BE,STALLION IND FLUOROCHEM L,L
SUNLITE,ST,SUNLITE RECYCLING IND LTD,L
TARAPUR,BE,TARAPUR TRANSFORMERS LTD,L
TAURIAN,ST,TAURIAN MPS LIMITED,L
TCIFINANCE,BE,TCIFINANCELTD-ROLL SETT,L
TECHD,ST,TECHD CYBERSECURITY LTD,L
TIMESCAN,SM,TIMESCAN LOGISTICS IND L,L
TVVISION,BE,TV VISION LIMITED,L
UNIHEALTH,ST,UNIHEALTH HOSPITALS LTD,L
UNITEDPOLY,BE,UNITED POLYFAB GUJ. LTD.,L
VIAZ,SM,VIAZ TYRES LIMITED,L
VIJIFIN,EQ,VIJI FINANCE LIMITED,L
VIVIMEDLAB,EQ,VIVIMED LABS LIMITED,L
VOLERCAR,ST,VOLER CAR LIMITED,L
WAAREEINDO,BE,INDOSOLAR LIMITED,L
WINSOME,BZ,WINSOME YARNS LIMITED,L
XELPMOC,BE,XELPMOC DESIGN & TECH LTD,L
