SECURITY,NEW,PREVIOUS,NEW_STATUS
360ONEAMC - GOLD360           ,154.95,140.00,H
ARFIN INDIA LIMITED           ,79.40,77.67,H
ASHWINI CONTAINER MOVER L     ,163.00,152.00,H
CLEAR SECURED SERVICES L      ,147.00,141.00,H
DSPAMC - NEXT50ADD            ,69.51,70.64,H
EDELAMC - BBETF0432           ,1346.89,1325.38,H
EXIM ROUTES LIMITED           ,281.90,268.50,H
SACHEEROME LIMITED            ,430.65,430.55,H
SHANKARA BUILDPRO LIMITED     ,898.05,735.50,H
SHEETAL UNIVERSAL LIMITED     ,189.95,185.05,H
SILVER TOUCH TECHNO LTD       ,1690.20,1650.00,H
WEALTH - TWCGOLDETF           ,140.00,139.99,H
ZERODHAAMC - SML100CASE       ,11.08,11.00,H
3I INFOTECH LIMITED           ,15.30,15.60,L
AFCONS INFRASTRUCTURE LTD     ,359.90,368.55,L
AFFORD ROBO & AUTO LTD        ,191.53,191.86,L
AKI INDIA LIMITED             ,6.05,6.11,L
AKME FINTRADE (INDIA) LTD     ,5.88,6.11,L
ALGOQUANT FINTECH LIMITED     ,61.00,66.00,L
ALL TIME PLASTICS LIMITED     ,243.55,247.80,L
ARISINFRA SOLUTIONS LTD       ,113.79,118.50,L
ASHOKA METCAST LIMITED        ,14.62,14.67,L
ASTRON PAPER BORD MIL LTD     ,5.52,5.74,L
ATC ENERGIES SYSTEM LTD       ,33.75,34.20,L
AWL AGRI BUSINESS LIMITED     ,222.10,227.00,L
BANSAL WIRE INDUSTRIES L      ,285.60,299.00,L
BCL INDUSTRIES LIMITED        ,30.10,30.41,L
BELLA CASA FASH AND RET L     ,340.15,357.00,L
BHADORA INDUSTRIES LTD        ,70.00,71.05,L
BLUSPRING ENTERPRISES LTD     ,61.52,62.61,L
BMW VENTURES LIMITED          ,53.80,54.80,L
CASH UR DRIVE MARKETING L     ,117.95,119.00,L
CEDAAR TEXTILE LIMITED        ,52.20,54.90,L
CELL POINT (INDIA) LTD        ,15.20,15.60,L
CHEMPLAST SANMAR LIMITED      ,241.00,245.30,L
CLASSIC ELECTRODE (IND) L     ,63.10,65.00,L
CLEAN SCIENCE & TECH LTD      ,845.90,854.00,L
COMPUTER AGE MNGT SER LTD     ,721.05,722.00,L
CRAYONS ADVERTISING LTD       ,35.00,36.25,L
DCM SHRIRAM IND LTD           ,48.15,51.00,L
DEBOCK INDUSTRIES LIMITED     ,1.61,1.62,L
DECCAN TRANSCON LEASING L     ,21.60,22.20,L
DEEPAK BUILDERS & ENG I L     ,106.50,113.02,L
DIGITIDE SOLUTIONS LTD        ,121.75,126.00,L
DRONE DESTINATION LIMITED     ,62.70,64.55,L
DSPAMC - NEXT50ADD            ,68.30,70.64,L
EDELAMC - ENIFTY              ,25.61,25.65,L
EDELAMC - ESENSEX             ,83.56,83.62,L
ELEGANZ INTERIORS LIMITED     ,82.75,85.70,L
ELLENBARRIE INDUS GASES L     ,286.50,310.00,L
ESCONET TECHNOLOGIES LTD      ,126.00,128.50,L
FISCHER MEDICAL VENTURE L     ,39.15,40.79,L
GANESH CONSUMER PRODUCT L     ,203.25,209.00,L
GENSOL ENGINEERING LTD        ,24.95,25.50,L
GLOBE CIVIL PROJECTS LTD      ,51.65,53.50,L
GLOTTIS LIMITED               ,54.78,56.24,L
GO FASHION INDIA LTD          ,416.05,429.10,L
HMA AGRO INDUSTRIES LTD       ,27.20,27.60,L
HP ADHESIVES LIMITED          ,40.10,40.25,L
IDENTICAL BRAINS STUDIO L     ,20.55,20.70,L
INDOGULF CROPSCIENCES LTD     ,75.00,77.89,L
INVICTA DIAGNOSTIC LTD        ,72.00,73.10,L
JARO INS OF TEC MG N RE L     ,407.60,425.00,L
JAY BEE LAMINATIONS LTD       ,107.00,111.50,L
JAYKAY ENTERPRISES LTD        ,180.50,186.00,L
JTL INDUSTRIES LIMITED        ,51.39,52.11,L
JYOTI GLOBAL PLAST LTD        ,38.15,38.20,L
K.P. ENERGY LIMITED           ,326.55,326.85,L
KALANA ISPAT LIMITED          ,18.95,22.30,L
KAY CEE ENERGY & INFRA L      ,130.00,135.35,L
KAYTEX FABRICS LIMITED        ,67.00,68.65,L
LAMOSAIC INDIA LIMITED        ,33.05,33.40,L
LAXMI INDIA FINANCE LTD       ,114.21,116.05,L
LOYAL TEXTILE MILLS LTD       ,191.00,202.90,L
M AND B ENGINEERING LTD       ,346.45,349.85,L
MANGAL ELECTRICAL IND L       ,347.50,352.00,L
MANGLAM INFRA & ENG LTD       ,18.40,18.70,L
MARC TECHNOCRATS LIMITED      ,41.00,42.10,L
MARKOLINES PAVEMENT TEC L     ,137.20,142.50,L
MAXPOSURE LIMITED             ,39.20,40.00,L
MIRAEAMC - TOP20              ,9.54,9.58,L
MODI NATURALS LIMITED         ,322.95,327.60,L
MONO PHARMACARE LIMITED       ,13.20,13.80,L
MOTILALAMC - MOIPO            ,44.65,45.20,L
MOTILALAMC - MOSERVICE        ,33.31,33.45,L
MOTILALAMC - MOTOUR           ,80.74,82.34,L
MOTISONS JEWELLERS LTD        ,13.44,13.86,L
MUKKA PROTEINS LIMITED        ,22.64,23.20,L
NEOCHEM BIO SOLUTIONS LTD     ,79.00,80.00,L
NOVA AGRITECH LIMITED         ,37.40,37.59,L
NUVAMA WEALTH MANAGE LTD      ,1415.00,1432.00,L
OSWAL PUMPS LIMITED           ,470.00,486.20,L
OWAIS METAL & MINERAL         ,217.00,230.00,L
PARKHOTELS                    ,126.10,126.91,L
PATEL RETAIL LIMITED          ,184.06,192.30,L
POSITRON ENERGY LIMITED       ,180.70,199.95,L
PREMIER ENERGIES LIMITED      ,709.05,725.50,L
R K SWAMY LIMITED             ,107.00,107.61,L
RACE ECO CHAIN LIMITED        ,128.99,131.05,L
REDTAPE LIMITED               ,115.71,117.20,L
REVATHI EQUIPMENT INDIA L     ,650.05,672.00,L
RUDRA GLOBAL INFRA PROD L     ,24.04,24.20,L
SAKUMA EXPORTS LIMITED        ,2.02,2.11,L
SAPPHIRE FOODS INDIA LTD      ,218.05,220.55,L
SARASWATI SAREE DEPOT LTD     ,73.05,74.00,L
SARTHAK METALS LIMITED        ,80.00,81.50,L
SATI POLY PLAST LIMITED       ,56.80,58.00,L
SATTVA ENGINEERING CSTN L     ,51.75,56.10,L
SHANKARA BUILDPRO LIMITED     ,812.55,735.50,L
SHILCHAR TECHNOLOGIES LTD     ,3360.00,3650.00,L
SHYAM DHANI INDUSTRIES L      ,98.25,103.35,L
SIEMENS ENERGY INDIA LTD      ,2385.20,2508.80,L
SIGACHI INDUSTRIES LTD        ,29.43,30.00,L
SIKKO INDUSTRIES LIMITED      ,4.43,4.45,L
SNEHAA ORGANICS LIMITED       ,52.40,55.15,L
SONA MACHINERY LIMITED        ,42.15,44.20,L
SPENCER S RETAIL LIMITED      ,38.66,39.70,L
STUDIO LSD LIMITED            ,10.90,12.30,L
SUBA HOTELS LIMITED           ,130.70,132.00,L
SUBEX LTD                     ,10.40,10.55,L
SUDEEP PHARMA LIMITED         ,543.90,562.00,L
SULA VINEYARDS LIMITED        ,199.81,205.50,L
SUNDREX OIL COMPANY LTD       ,43.50,45.75,L
SUPREME HOLDIN N HOSP I L     ,62.00,64.50,L
TINNA RUBBER AND INFR LTD     ,708.20,741.50,L
TRACXN TECHNOLOGIES LTD       ,37.67,39.01,L
TRIDHYA TECH LIMITED          ,13.95,14.00,L
TRUALT BIOENERGY LIMITED      ,371.10,384.00,L
UDAYSHIVAKUMAR INFRA LTD      ,21.80,21.98,L
VAKRANGEE LIMITED             ,7.55,7.60,L
VEDANT FASHIONS LIMITED       ,539.00,548.50,L
VIDYA WIRES LIMITED           ,48.39,48.65,L
VIGOR PLAST INDIA LIMITED     ,64.00,66.00,L
VIKRAM SOLAR LIMITED          ,224.45,228.10,L
VIRTUAL GALAXY INFOTECH L     ,139.30,140.15,L
VL E GOV AND IT SOL LTD       ,17.80,18.21,L
VMS TMT LIMITED               ,48.22,50.59,L
WINSOL ENGINEERS LIMITED      ,142.70,148.00,L
YASHO INDUSTRIES LIMITED      ,1130.00,1140.00,L
ZENITH DRUGS LIMITED          ,45.00,47.15,L
ZIM LABORATORIES LIMITED      ,65.52,67.00,L
