SYMBOL,SERIES,SECURITY,HIGH/LOW
1035UCL26,NA,SEC RE NCD 10.35% SR III,H
21STCENMGM,EQ,21ST CENTURY MGMT SERVICE,H
3IINFO-RE,BE,3I INFOTECH LTD,H
719GS2060,GS,GOI LOAN 7.19% 2060,H
ACCENTMIC,ST,ACCENT MICROCELL LIMITED,H
AFFORDABLE,EQ,AFFORD ROBO & AUTO LTD,H
ALPSINDUS,BE,ALPS INDUSTRIES LTD.,H
ANSALAPI,BZ,ANSAL PROP & INFRA LTD,H
ARSHIYA,BZ,ARSHIYA LIMITED,H
ATLANTAELE,EQ,ATLANTA ELECTRICALS LTD,H
BGLOBAL,BZ,BHARATIYA GLOBAL INFO LTD,H
BGRENERGY,BE,BGR ENERGY SYSTEMS LTD,H
BMWVENTLTD,BE,BMW VENTURES LIMITED,H
CAPTRUST,EQ,CAPITAL TRUST LIMITED,H
CEREBRAINT,BZ,CEREBRA INT TECH LTD,H
CHANDAN,ST,CHANDAN HEALTHCARE LTD,H
CMICABLES,BZ,CMI LIMITED,H
CMRSL,SM,CYBER MEDIA RES & SER LTD,H
CTE,EQ,CAMBRIDGE TECH ENTER LTD,H
DANGEE,EQ,DANGEE DUMS LIMITED,H
DELTAMAGNT,EQ,DELTA MANUFACTURING LTD,H
DHARAN,BZ,DHARAN INFRA-EPC LIMITED,H
EASTSILK,BE,EASTERN SILK INDUSTRIES L,H
EDUCOMP,BZ,EDUCOMP SOLUTIONS LTD,H
ESFL,SM,ESSEN SPECIALITY FILMS L,H
FEL,BZ,FUTURE ENTERPRISES LTD,H
FLYSBS,ST,FLYSBS AVIATION LIMITED,H
GATECH,EQ,GACM TECHNOLOGIES LIMITED,H
GATECHDVR,BE,GACM TECHNOLOGIES LIMITED,H
GAYAPROJ,BZ,GAYATRI PROJECTS LTD,H
GCSL,EQ,GRETEX CORPORATE SERVICES,H
GFSTEELS,BE,GRAND FOUNDRY LTD,H
GML,SM,GALAXY MEDICARE LIMITED,H
GOENKA,BZ,GOENKA DIAMOND&JEWELS LTD,H
HNGSNGBEES,EQ,NIP IND ETF HANGSENG BEES,H
HPTL,ST,HP TELECOM INDIA LIMITED,H
HRHNEXT,SM,HRH NEXT SERVICES LIMITED,H
ICDSLTD,BE,ICDSLTD,H
IDEA,T0,VODAFONE IDEA LIMITED,H
INDOTHAI,BE,INDO THAI SEC LTD,H
INFLUX,ST,INFLUX HEALTHTECH LIMITED,H
ISHAN,SM,ISHAN INTERNATIONAL LTD,H
JITFINFRA,BE,JITF INFRALOGISTICS LTD,H
KAVDEFENCE,BE,KAVVERI DFS & WIR TEC LTD,H
MAFANG,EQ,MIRAEAMC - MAFANG,H
MAHKTECH,EQ,MIRAEAMC - MAHKTECH,H
MANAV,SM,MANAV INFRA PROJECTS LTD,H
MASPTOP50,EQ,MIRAEAMC - MASPTOP50,H
MCON,SM,MCON RASAYAN INDIA LTD,H
MEP,BZ,MEP INFRA. DEVELOPERS LTD,H
MODTHREAD,EQ,MODERN THREADS INDIA LTD,H
MOSILVER,EQ,MOTILALAMC - MOSILVER,H
MOXSH,SM,MOXSH OVERSEAS EDUCON LTD,H
MTEDUCARE,BE,MT EDUCARE LTD,H
MUNISH,ST,MUNISH FORGE LIMITED,H
NOIDATOLL,EQ,NOIDA TOLL BRIDGE CO LTD,H
OMFREIGHT,BE,OM FREIGHT FORWARDERS LTD,H
ORCHASP,EQ,ORCHASP LIMITED,H
ORTEL,BZ,ORTEL COMMUNICATIONS LTD,H
OSELDEVICE,ST,OSEL DEVICES LIMITED,H
PARTH,ST,PARTH ELEC & ENG LTD,H
PREMIER,BE,PREMIER LIMITED,H
PURPLEUTED,ST,PURPLE UNITED SALES LTD,H
QUINTEGRA,BE,QUINTEGRA SOLUTIONS LTD.,H
RAJRILTD,BE,RAJ RAYON INDUSTRIES LTD,H
REGENCERAM,EQ,REGENCY CERAMICS LTD.,H
RELIABLE,BE,RELIABLE DATA SERVICE LTD,H
RICHA,SM,RICHA INFO SYSTEMS LTD,H
SADHNANIQ,BE,SADHANA NITROCHEM LIMITED,H
SAIFL,SM,SAMEERA AGRO AND INFRA L,H
SAMAY,SM,SAMAY PROJECT SERVICES L,H
SAMPANN,EQ,SAMPANN UTPADAN INDIA LTD,H
SANWARIA,BZ,SANWARIA CONSUMER LIMITED,H
SETUINFRA,BZ,SETUBANDHAN INFRA LTD,H
SGBDEC26,GB,2.50%GOLDBONDS2026SR-IV,H
SITINET,BZ,SITI NETWORKS LIMITED,H
SKIL,BZ,SKIL INFRASTRUCTURE LTD.,H
SOMATEX,BE,SOMA TEXTILEI NDUSTRIES L,H
SPCENET,EQ,SPACENET ENTERS IND LTD,H
SPPPOLY,SM,SPP POLYMER LIMITED,H
SRPL,BZ,SHREE RAM PROTEINS LTD.,H
STALLION,EQ,STALLION IND FLUOROCHEM L,H
SUBAHOTELS,ST,SUBA HOTELS LIMITED,H
SUULD,BZ,SUUMAYA INDUSTRIES LTD,H
SWANDEF,BE,SWAN DEFENCE N HEVY IND L,H
TAC,ST,TAC INFOSEC LIMITED,H
TAKE,EQ,TAKE SOLUTIONS LTD,H
TECHD,ST,TECHD CYBERSECURITY LTD,H
TECHERA,SM,TECHERA ENGINEER (IND) L,H
TIMESCAN,SM,TIMESCAN LOGISTICS IND L,H
UMIYA-MRO,EQ,UMIYA BUILDCON LIMITED,H
UNIVAFOODS,BE,UNIVA FOODS LIMITED,H
UNIVASTU,EQ,UNIVASTU INDIA LIMITED,H
VELS,SM,VELS FILM INTERNATIONAL L,H
VIAZ,ST,VIAZ TYRES LIMITED,H
VIJAYPD,ST,VIJAYPD CEUTICAL LIMITED,H
VISASTEEL,EQ,VISA STEEL LIMITED,H
WELINV,BE,WELSPUN INV & COMM LTD,H
WINSOME,BZ,WINSOME YARNS LIMITED,H
AAATECH,BE,AAA TECHNOLOGIES LIMITED,L
ACL,BE,ANDHRA CEMENTS LIMITED,L
AGSTRA,BZ,AGS TRANSACT TECH LTD,L
AKI,EQ,AKI INDIA LIMITED,L
AKIKO,ST,AKIKO GLOBAL SERVICES L,L
ATLANTAA,BE,ATLANTAA LIMITED,L
AXISCADES,BE,AXISCADES TECH LTD,L
BALAJIPHOS,ST,BALAJI PHOSPHATES LIMITED,L
BLUECHIP,BE,BLUE CHIP INDIA LIMITED,L
BLUECOAST,BE,BLUE COAST HOTELS LIMITED,L
C2C,ST,C2C ADVANCED SYSTEMS LTD,L
CBAZAAR,SM,NET AVENUE TECHNOLOGIES L,L
CONTI,SM,CONTINENTAL SEED CHEM LTD,L
COOLCAP-RE,ST,COOL CAPS INDUSTRIES LTD,L
CYBERPP,X1,CYBERMEDIA RS.5 PPD UP,L
CYBERTECH,BE,CYBERTECH SYSTEMS & SOFTW,L
DHARAN,BZ,DHARAN INFRA-EPC LIMITED,L
DIGJAMLMTD,EQ,DIGJAM LTD,L
DIVINEHIRA,ST,DIVINE HIRA JEWELLERS LTD,L
DIVYADHAN,SM,DIVYADHAN RECYCLING IND L,L
EDUCOMP,BZ,EDUCOMP SOLUTIONS LTD,L
EMKAY,BE,EMKAY GLOBAL FIN SERV LTD,L
ESCONET,SM,ESCONET TECHNOLOGIES LTD,L
EXCEL,BE,EXCEL REALTY N INFRA LTD,L
FELDVR,BZ,FUTURE ENTERPRISES LTD,L
GAYAHWS,BE,GAYATRI HIGHWAYS LIMITED,L
GCHOTELS,ST,GRAND CONTINENT HOTELS L,L
GENSOL,BE,GENSOL ENGINEERING LTD,L
GIRIRAJ,SM,GIRIRAJ CIVIL DEVP LTD,L
GOENKA,BZ,GOENKA DIAMOND&JEWELS LTD,L
GREENLEAF,ST,GREENLEAF ENVIROTECH LTD,L
GSTL,SM,GLOBESECURE TECHNO LTD,L
GURUNANAK,ST,GURUNANAK AGRICULTUR IN L,L
INFINIUM,SM,INFINIUM PHARMACHEM LTD,L
INFOMEDIA,BE,INFOMEDIA PRESS LIMITED,L
INTENTECH,BE,INTENSE TECHNOLOGIES LTD,L
IZMO,BE,IZMO LIMITED,L
JALAN,SM,JALAN TRANSOLU. INDIA LTD,L
JPASSOCIAT,BE,JAIPRAKASH ASSOCIATES LTD,L
KARMAENG,BE,KARMA ENERGY LIMITED,L
KCEIL,SM,KAY CEE ENERGY & INFRA L,L
KIOCL,BE,KIOCL LIMITED,L
KTL,SZ,KALAHRIDHAAN TRENDZ LTD,L
LGHL,EQ,LAXMI GOLDORNA HOUSE LTD,L
LRRPL,SM,LEAD REC AND RUB PROD LTD,L
MANAKALUCO,BE,MANAK ALUMINIUM CO. LTD.,L
MARSHALL,BZ,MARSHALL MACHINES LTD,L
MCL,BE,MADHAV COPPER LIMITED,L
MCLEODRUSS,BE,MCLEOD RUSSEL INDIA LTD.,L
MEDIORG,SM,MEDICAMEN ORGANICS LTD,L
MGSL,ST,MATRIX GEO SOLUTIONS LTD,L
MPEL,ST,MANAS POLYMER N ENERGIE L,L
MUNISH,ST,MUNISH FORGE LIMITED,L
NIRMAN,SM,NIRMAN AGRI GENTICS LTD,L
OMAXAUTO,BE,OMAX AUTOS LTD,L
OSIAHYPER,BE,OSIA HYPER RETAIL LIMITED,L
PKTEA,BE,THE P K TEA PROD CO LTD,L
PRAXIS,BE,PRAXIS HOME RETAIL LTD,L
PRECISION,SM,PRECISION METALIKS LTD,L
PROLIFE,SM,PROLIFE INDUSTRIES LTD,L
PULZ,SM,PULZ ELECTRONICS LIMITED,L
QUINTEGRA,BE,QUINTEGRA SOLUTIONS LTD.,L
RHFL,BZ,RELIANCE HOME FINANCE LTD,L
RISHABH,BE,RISHABH INSTRUMENTS LTD,L
SANCO,BZ,SANCO INDUSTRIES LIMITED,L
SANGANI,SM,SANGANI HOSPITALS LIMITED,L
SANWARIA,BZ,SANWARIA CONSUMER LIMITED,L
SEMAC,EQ,SEMAC CONSTRUCTION LTD,L
SETUINFRA,BZ,SETUBANDHAN INFRA LTD,L
SGBFEB28IX,GB,2.50%GOLDBONDS2028SR-IX,L
SHEEL,ST,SHEEL BIOTECH LIMITED,L
SICALLOG,BE,SICAL LOGISTICS LIMITED,L
SIDDHICOTS,SM,SIDDHI COTSPIN LIMITED,L
SITINET,BZ,SITI NETWORKS LIMITED,L
SKIL,BZ,SKIL INFRASTRUCTURE LTD.,L
SOLEX,EQ,SOLEX ENERGY LIMITED,L
SOTAC,SM,SOTAC PHARMACEUTICALS LTD,L
SPECTSTM,SM,SPECTRUM TALENT MGMT LTD,L
SRPL,BZ,SHREE RAM PROTEINS LTD.,L
SUMEETINDS,BE,SUMEET IND LIMITED,L
SUPREMEENG,BE,SUPREME ENGINEERING LTD,L
SUULD,BZ,SUUMAYA INDUSTRIES LTD,L
TARAPUR,EQ,TARAPUR TRANSFORMERS LTD,L
TAURIAN,ST,TAURIAN MPS LIMITED,L
THESL,SM,THINKING HATS ENTER SOL L,L
TIRUPATI,SM,SHREE TIRUPATI BALAJEE,L
TNTELE,EQ,TAMILNADU TELECOMMUNICATI,L
TRU,EQ,TRUCAP FINANCE LIMITED,L
UEL,BE,UJAAS ENERGY LIMITED,L
URAVIDEF,EQ,URAVI DEFENCE &TECH LTD,L
VIPULLTD,EQ,VIPUL LIMITED,L
WAAREEINDO,BE,INDOSOLAR LIMITED,L
