SYMBOL,SERIES,SECURITY,HIGH/LOW
21STCENMGM,EQ,21ST CENTURY MGMT SERVICE,H
ALPSINDUS,BE,ALPS INDUSTRIES LTD.,H
ANONDITA,ST,ANONDITA MEDICARE LIMITED,H
ARVINDPORT,SM,ARVIND PORT AND INFRA LTD,H
BGRENERGY,BE,BGR ENERGY SYSTEMS LTD,H
CAPTRUST,EQ,CAPITAL TRUST LIMITED,H
CEREBRAINT,BZ,CEREBRA INT TECH LTD,H
CPS,SM,C P S SHAPERS LIMITED,H
CTE,EQ,CAMBRIDGE TECH ENTER LTD,H
DHARAN,BZ,DHARAN INFRA-EPC LIMITED,H
DRL,SM,DHANUKA REALTY LIMITED,H
DRONE,SM,DRONE DESTINATION LIMITED,H
EMAMIREAL,EQ,EMAMI REALTY LIMITED,H
ESCONET,SM,ESCONET TECHNOLOGIES LTD,H
FEL,BZ,FUTURE ENTERPRISES LTD,H
FLFL,BZ,FUT LIFESTYLE FASH LTD,H
FMNL,EQ,FUTURE MKT NETWORKS LTD,H
GAYAHWS,BE,GAYATRI HIGHWAYS LIMITED,H
GLFL,BE,GUJARAT LEASE FINANCING L,H
GMBREW,EQ,G M BREWERIES LTD,H
GOLDENTOBC,BZ,GOLDEN TOBACCO LIMITED,H
GOLDSTAR,SM,GOLDSTAR POWER LIMITED,H
GRAPHISAD,SM,GRAPHISADS LIMITED,H
HNGSNGBEES,EQ,NIP IND ETF HANGSENG BEES,H
HOLMARC,SM,HOLMARC OPTO MECHATRO L,H
IDEA,T0,VODAFONE IDEA LIMITED,H
INDOTHAI,BE,INDO THAI SEC LTD,H
INFOMEDIA,BE,INFOMEDIA PRESS LIMITED,H
IWARE,ST,IWARE SUPPLYCHAIN SER LTD,H
JFLLIFE,SM,JFL LIFE SCIENCES LIMITED,H
LATTEYS,BE,LATTEYS INDUSTRIES LTD,H
MAFANG,EQ,MIRAEAMC - MAFANG,H
MAHKTECH,EQ,MIRAEAMC - MAHKTECH,H
MASPTOP50,EQ,MIRAEAMC - MASPTOP50,H
MEGAFLEX,SM,MEGA FLEX PLASTICS LTD,H
MEGASOFT,EQ,MEGASOFT LTD,H
MEP,BZ,MEP INFRA. DEVELOPERS LTD,H
MIEL,ST,MANGLAM INFRA & ENG LTD,H
MONQ50,EQ,MOTILALAMC - MONQ50,H
MOXSH,SM,MOXSH OVERSEAS EDUCON LTD,H
NAVKARURB,BE,NAVKAR URBANSTRUCTURE LTD,H
NECLIFE,BE,NECTAR LIFESCIENCES LTD.,H
NORBTEAEXP,BE,NORBEN TEA &EXPORTS LTD,H
OMAXAUTO,BE,OMAX AUTOS LTD,H
PATTECH,ST,PATTECH FITWELL TUB COM L,H
PERFECT,SZ,PERFECT INFRAENGINEER LTD,H
PRAENG,BE,PRAJAY ENG. SYN. LTD.,H
PROZONER,BE,PROZONE REALTY LIMITED,H
PRUDMOULI,EQ,PRUDENTIAL SUGAR CORPORAT,H
PURPLEUTED,ST,PURPLE UNITED SALES LTD,H
PVP,BE,PVP VENTURES LIMITED,H
RAMCOSYS,EQ,RAMCO SYSTEMS LTD.,H
REFRACTORY,SM,REFRACTORY SHAPES LIMITED,H
RICHA,SM,RICHA INFO SYSTEMS LTD,H
RISHABH,BE,RISHABH INSTRUMENTS LTD,H
SAAKSHI,ST,SAAKSHI MEDTEC N PANELS L,H
SADBHIN,BE,SADBHAV INFRA PROJ LTD.,H
SANWARIA,BZ,SANWARIA CONSUMER LIMITED,H
SATIPOLY,SM,SATI POLY PLAST LIMITED,H
SEJALLTD,BE,SEJAL GLASS LIMITED,H
SETUINFRA,BZ,SETUBANDHAN INFRA LTD,H
SHRIAHIMSA,ST,SHRI AHIMSA NATURALS LTD,H
SIDDHIKA,SM,SIDDHIKA COATINGS LIMITED,H
SIGNORIA,SM,SIGNORIA CREATION LIMITED,H
SITINET,BZ,SITI NETWORKS LIMITED,H
SMLISUZU,EQ,SML ISUZU LIMITED,H
SOMATEX,BE,SOMA TEXTILEI NDUSTRIES L,H
SUMEETINDS,BE,SUMEET IND LIMITED,H
TARAPUR,BE,TARAPUR TRANSFORMERS LTD,H
TECHD,ST,TECHD CYBERSECURITY LTD,H
TECHERA,ST,TECHERA ENGINEER (IND) L,H
TECILCHEM,BE,TECIL CHEMICALS,H
TERASOFT,BE,TERA SOFTWARE LIMITED,H
TIJARIA,EQ,TIJARIA POLYPIPES LTD,H
VISAMAN,ST,VISAMAN GLOBAL SALES LTD,H
VITAL,SM,VITAL CHEMTECH LIMITED,H
WINSOME,BZ,WINSOME YARNS LIMITED,H
YAARI,BE,YAARI DIGI INT SER LTD,H
21STCENMGM,EQ,21ST CENTURY MGMT SERVICE,L
AILIMITED,SM,ABHISHEK INTEGRATIONS LTD,L
AMJUMBO,SM,A AND M JUMBO BAGS LTD,L
ANSALAPI,BZ,ANSAL PROP & INFRA LTD,L
ARSHIYA,BZ,ARSHIYA LIMITED,L
ARTNIRMAN,EQ,ART NIRMAN LIMITED,L
ARVINDPORT,SM,ARVIND PORT AND INFRA LTD,L
BALAJIPHOS,ST,BALAJI PHOSPHATES LIMITED,L
BGRENERGY,BE,BGR ENERGY SYSTEMS LTD,L
COMMITTED,ST,COMMITTED CARGO CARE LTD,L
CYBERPP,X1,CYBERMEDIA RS.5 PPD UP,L
DELPH-RE,BE,ELPHI WORLD MONEY LTD,L
DIVYADHAN,SM,DIVYADHAN RECYCLING IND L,L
DRL,SM,DHANUKA REALTY LIMITED,L
FEL,BZ,FUTURE ENTERPRISES LTD,L
FICRF3GP,MF,FRANTEMAMC - FICRF3GP,L
FLFL,BZ,FUT LIFESTYLE FASH LTD,L
FMNL,EQ,FUTURE MKT NETWORKS LTD,L
GAYAHWS,BE,GAYATRI HIGHWAYS LIMITED,L
GKENERGY,EQ,GK ENERGY LIMITED,L
GSTL,SM,GLOBESECURE TECHNO LTD,L
GUJRAFFIA,BE,GUJARAT RAFFIA INDUST LTD,L
HOMESFY,SM,HOMESFY REALTY LIMITED,L
HYBRIDFIN,BE,HYBRID FINANCIAL SERVICE,L
INDOTHAI,BE,INDO THAI SEC LTD,L
ISHAN,SM,ISHAN INTERNATIONAL LTD,L
ITTL,ST,INNOVATIVE TYRE & TUBE LT,L
IZMO,BE,IZMO LIMITED,L
JALAN,SM,JALAN TRANSOLU. INDIA LTD,L
JEYYAM,ST,JEYYAM GLOBAL FOODS LTD,L
K2INFRA,SM,K2 INFRAGEN LIMITED,L
KAVDEFENCE,BE,KAVVERI DFS & WIR TEC LTD,L
KCK,ST,KCK INDUSTRIES LTD,L
LATTEYS,BE,LATTEYS INDUSTRIES LTD,L
LRRPL,SM,LEAD REC AND RUB PROD LTD,L
LYPSAGEMS,EQ,LYPSA GEMS & JEWEL LTD,L
MANAV,ST,MANAV INFRA PROJECTS LTD,L
MASKINVEST,BE,MASK INVESTMENTS LIMITED,L
MCON,SM,MCON RASAYAN INDIA LTD,L
MILTON,SM,MILTON INDUSTRIES LIMITED,L
MORARJEE,BZ,MORARJEE TEXTILES LIMITED,L
NEWJAISA,ST,NEWJAISA TECHNOLOGIES LTD,L
NILASPACES,BE,NILA SPACES LIMITED,L
NIRMAN,SM,NIRMAN AGRI GENTICS LTD,L
ORTEL,BZ,ORTEL COMMUNICATIONS LTD,L
PROLIFE,SM,PROLIFE INDUSTRIES LTD,L
RAJRILTD,BE,RAJ RAYON INDUSTRIES LTD,L
RELINFRA,BE,RELIANCE INFRASTRUCTU LTD,L
RITEZONE,SM,RITE ZONE CHEMCON IND LTD,L
SADHNANIQ,BE,SADHANA NITROCHEM LIMITED,L
SANWARIA,BZ,SANWARIA CONSUMER LIMITED,L
SELMC,EQ,SEL MANUFACTURING CO LTD,L
SIKKO,BE,SIKKO INDUSTRIES LIMITED,L
SIMBHALS,BZ,SIMBHAOLI SUGARS LTD.,L
SITINET,BZ,SITI NETWORKS LIMITED,L
SLONE,SM,SLONE INFOSYSTEMS LIMITED,L
SPECTSTM,SM,SPECTRUM TALENT MGMT LTD,L
SRPL,BZ,SHREE RAM PROTEINS LTD.,L
STALLION,BE,STALLION IND FLUOROCHEM L,L
TAC,ST,TAC INFOSEC LIMITED,L
TAKE,BE,TAKE SOLUTIONS LTD,L
THESL,SM,THINKING HATS ENTER SOL L,L
VELS,SM,VELS FILM INTERNATIONAL L,L
VERTEXPLUS,ST,VERTEXPLUS TECHNOLOGIES L,L
VGL,BE,VARVEE GLOBAL LIMITED,L
VISASTEEL,BE,VISA STEEL LIMITED,L
VLEGOV,EQ,VL E GOV AND IT SOL LTD,L
WINSOME,BZ,WINSOME YARNS LIMITED,L
ZENITHSTL,BE,ZENITH STEEL PIP IND LTD,L
