SERIES,SYMBOL,SECURITY,RECORD_DT,BC_STRT_DT,BC_END_DT,EX_DT,ND_STRT_DT,ND_END_DT,PURPOSE
NV,1003SCL30A,SEC RE NCD 10.03% SR X,2026-01-27,,,2026-01-27,,,INTEREST PAYMENT
UV,1003SCL30A,SEC RE NCD 10.03% SR X,2026-01-27,,,2026-01-27,,,INTEREST PAYMENT
ZQ,1003SCL31,SEC RE NCD 10.03% SR X,2026-01-19,,,2026-01-19,,,INTEREST PAYMENT
NR,1015ECL29,ECL Finance Limited,2026-01-19,,,2026-01-19,,,INTEREST PAYMENT
UR,1015ECL29,ECL Finance Limited,2026-01-19,,,2026-01-19,,,INTEREST PAYMENT
ZT,1025SCL34A,SEC RE NCD 10.25% SR XII,2026-01-19,,,2026-01-19,,,INTEREST PAYMENT
NJ,1030SFIL26,Sec Re NCD Sr.V,2026-01-19,,,,,,INT PAYMENT/REDEMPTION
UJ,1030SFIL26,Sec Re NCD Sr.V,2026-01-19,,,,,,INT PAYMENT/REDEMPTION
NM,1030SFIL28,Sec Re NCD 10.30% Sr.VII,2026-01-19,,,2026-01-19,,,INT PAYMENT/PART REDMPTN
UM,1030SFIL28,Sec Re NCD 10.30% Sr.VII,2026-01-19,,,2026-01-19,,,INT PAYMENT/PART REDMPTN
N0,116VCCL26,VCCL 11.6% 2026 Sr A,2026-01-30,,,2026-01-30,,,INTEREST PAYMENT
N0,1180VCCL26,VCCL 11.80% 2026 Sr B,2026-01-30,,,2026-01-30,,,INTEREST PAYMENT
N0,119VCCL26,Vedika Credit 11.9% 2026,2026-01-28,,,2026-01-28,,,INTEREST PAYMENT
N0,125VCCL31,VCCL 12.5% 2031,2026-01-21,,,2026-01-21,,,INTEREST PAYMENT
N0,12VCCL27A,VCCL 12% 2027 Sr C,2026-01-30,,,2026-01-30,,,INTEREST PAYMENT
N0,12VCCL29B,VCCL 12% 2029,2026-01-20,,,2026-01-20,,,INTEREST PAYMENT
TB,182D220126,GOI TBILL 182D-22/01/26,2026-01-20,,,,,,REDEMPTION
TB,182D290126,GOI TBILL 182D-29/01/26,2026-01-27,,,,,,REDEMPTION
TB,364D220126,GOI TBILL 364D-22/01/26,2026-01-20,,,,,,REDEMPTION
TB,364D290126,GOI TBILL 364D-29/01/26,2026-01-27,,,,,,REDEMPTION
GS,601GS2030,GOI LOAN  6.01% 2030,2026-01-20,,,2026-01-20,,,INTEREST PAYMENT
SG,618GJ26A,SDL GJ 6.18% 2026,2026-01-21,,,,,,REDEMPTION
SG,701PY26,SDL PY 7.01% 2026,2026-01-20,,,,,,REDEMPTION
N0,724PFCL35,PFC 7.24% 2035 Sr 245A,2026-01-21,,,2026-01-21,,,INTEREST PAYMENT
N0,725PFCL45,PFC 7.25% 2045 Sr 245B,2026-01-21,,,2026-01-21,,,INTEREST PAYMENT
NK,772IGT31,India Grid Trust,2026-01-22,,,2026-01-22,,,INTEREST PAYMENT
UK,772IGT31,India Grid Trust,2026-01-22,,,2026-01-22,,,INTEREST PAYMENT
N0,79742SIC30,SICCL 7.9742% 2030 112,2026-01-19,,,2026-01-19,,,INTEREST PAYMENT
NL,797IGT31,India Grid Trust,2026-01-22,,,2026-01-22,,,INTEREST PAYMENT
UL,797IGT31,India Grid Trust,2026-01-22,,,2026-01-22,,,INTEREST PAYMENT
N0,805PHFL30,PHFL 8.05% 30 Sr LXVIII,2026-01-22,,,2026-01-22,,,INTEREST PAYMENT
N6,829PFL29,Poonawalla Fincorp Ltd,2026-01-22,,,2026-01-22,,,INTEREST PAYMENT
U6,829PFL29,Poonawalla Fincorp Ltd,2026-01-22,,,2026-01-22,,,INTEREST PAYMENT
N3,842SCL27,SCL 8.42% 2027 Sr II,2026-01-19,,,2026-01-19,,,INTEREST PAYMENT
U3,842SCL27,SCL 8.42% 2027 Sr II,2026-01-19,,,2026-01-19,,,INTEREST PAYMENT
MB,843SCFL27,SEC RE NCD 8.43% SR.VIII,2026-01-22,,,2026-01-22,,,INTEREST PAYMENT
YB,843SCFL27,SEC RE NCD 8.43% SR.VIII,2026-01-22,,,2026-01-22,,,INTEREST PAYMENT
N0,855NCPL26,Nomura Cap 8.55% 2026,2026-01-22,,,2026-01-22,,,INTEREST PAYMENT
N4,865SCL27,SCL 8.65% 2027 Sr II,2026-01-19,,,2026-01-19,,,INTEREST PAYMENT
U4,865SCL27,SCL 8.65% 2027 Sr II,2026-01-19,,,2026-01-19,,,INTEREST PAYMENT
N9,865SCL28,SCL 8.65% 2028 Sr V,2026-01-19,,,2026-01-19,,,INTEREST PAYMENT
U9,865SCL28,SCL 8.65% 2028 Sr V,2026-01-19,,,2026-01-19,,,INTEREST PAYMENT
N0,879SCL30,SCL 8.7923% 2030 Sr I,2026-01-27,,,2026-01-27,,,INTEREST PAYMENT
N1,888ECL28,ECL 8.88% 2028 Sr V,2026-01-19,,,2026-01-19,,,INTEREST PAYMENT
U1,888ECL28,ECL 8.88% 2028 Sr V,2026-01-19,,,2026-01-19,,,INTEREST PAYMENT
1C,888SCL26A,SEC RE NCD 8.88% SR II,2026-01-19,,,2026-01-19,,,INTEREST PAYMENT
ZC,888SCL26A,SEC RE NCD 8.88% SR II,2026-01-19,,,2026-01-19,,,INTEREST PAYMENT
NA,888SCL28,SCL 8.88% 2028 Sr V,2026-01-19,,,2026-01-19,,,INTEREST PAYMENT
UA,888SCL28,SCL 8.88% 2028 Sr V,2026-01-19,,,2026-01-19,,,INTEREST PAYMENT
MC,889SCFL27,SEC RE NCD 8.89% SR.VIII,2026-01-22,,,2026-01-22,,,INTEREST PAYMENT
YC,889SCFL27,SEC RE NCD 8.89% SR.VIII,2026-01-22,,,2026-01-22,,,INTEREST PAYMENT
ZM,89SCL24A,SEC RE NCD 8.70% SR.VIII,2026-01-19,,,2026-01-19,,,INTEREST PAYMENT
NG,902SCL2030,SCL 9.02% 2030 Sr IX,2026-01-19,,,2026-01-19,,,INTEREST PAYMENT
UG,902SCL2030,SCL 9.02% 2030 Sr IX,2026-01-19,,,2026-01-19,,,INTEREST PAYMENT
NM,902SCL26A,SEC RE NCD 9.02% SR V,2026-01-27,,,2026-01-27,,,INTEREST PAYMENT
UM,902SCL26A,SEC RE NCD 9.02% SR V,2026-01-27,,,2026-01-27,,,INTEREST PAYMENT
ZI,902SCL27A,SEC RE NCD 9.02% SR V,2026-01-19,,,2026-01-19,,,INTEREST PAYMENT
NE,902SCL30,SCL 9.02% 2030 Sr VIII,2026-01-19,,,2026-01-19,,,INTEREST PAYMENT
UE,902SCL30,SCL 9.02% 2030 Sr VIII,2026-01-19,,,2026-01-19,,,INTEREST PAYMENT
N0,918IHFL28,IHFL 9.18% 2028 Sr K1,2026-01-21,,,2026-01-21,,,INTEREST PAYMENT
TB,91D230126,GOI TBILL 91D-23/01/26,2026-01-21,,,,,,REDEMPTION
TB,91D290126,GOI TBILL 91D-29/01/26,2026-01-27,,,,,,REDEMPTION
N0,920SCL28,SCL 9.20% 2028,2026-01-20,,,2026-01-20,,,INTEREST PAYMENT
NK,920SCL32,SCL 9.20% 2032 Sr XI,2026-01-19,,,2026-01-19,,,INTEREST PAYMENT
UK,920SCL32,SCL 9.20% 2032 Sr XI,2026-01-19,,,2026-01-19,,,INTEREST PAYMENT
NY,925SCL25G,SEC RE NCD 9.8% SR XII,2026-01-27,,,2026-01-27,,,INTEREST PAYMENT
UY,925SCL25G,SEC RE NCD 9.8% SR XII,2026-01-27,,,2026-01-27,,,INTEREST PAYMENT
ZD,925SCL26D,SEC RE NCD 9.25% SR II,2026-01-19,,,2026-01-19,,,INTEREST PAYMENT
NS,925SCL28A,SEC RE NCD 9.25% SR VIII,2026-01-27,,,2026-01-27,,,INTEREST PAYMENT
US,925SCL28A,SEC RE NCD 9.25% SR VIII,2026-01-27,,,2026-01-27,,,INTEREST PAYMENT
ZM,925SCL29A,SEC RE NCD 9.25% SR VIII,2026-01-19,,,2026-01-19,,,INTEREST PAYMENT
NF,925SCL30,SCL 9.25% 2030 Sr VIII,2026-01-19,,,2026-01-19,,,INTEREST PAYMENT
UF,925SCL30,SCL 9.25% 2030 Sr VIII,2026-01-19,,,2026-01-19,,,INTEREST PAYMENT
NH,925SCL30A,SCL 9.25% 2030 Sr IX,2026-01-19,,,2026-01-19,,,INTEREST PAYMENT
UH,925SCL30A,SCL 9.25% 2030 Sr IX,2026-01-19,,,2026-01-19,,,INTEREST PAYMENT
NN,930SCL35,SCL 9.30% 2035 Sr XIII,2026-01-19,,,2026-01-19,,,INTEREST PAYMENT
UN,930SCL35,SCL 9.30% 2035 Sr XIII,2026-01-19,,,2026-01-19,,,INTEREST PAYMENT
ZN,93SCL24A,SEC RE NCD 9.15% SR.VIII,2026-01-19,,,2026-01-19,,,INTEREST PAYMENT
NN,940SFIL28,Sec Re NCD 9.40% Sr.VIII,2026-01-19,,,2026-01-19,,,INT PAYMENT/PART REDMPTN
UN,940SFIL28,Sec Re NCD 9.40% Sr.VIII,2026-01-19,,,2026-01-19,,,INT PAYMENT/PART REDMPTN
NJ,943ECL28,Sec Red NCD 9.43% Sr. VI,2026-01-19,,,2026-01-19,,,INTEREST PAYMENT
UJ,943ECL28,Sec Red NCD 9.43% Sr. VI,2026-01-19,,,2026-01-19,,,INTEREST PAYMENT
NL,945SCL32,SCL 9.45% 2032 Sr XI,2026-01-19,,,2026-01-19,,,INTEREST PAYMENT
UL,945SCL32,SCL 9.45% 2032 Sr XI,2026-01-19,,,2026-01-19,,,INTEREST PAYMENT
NN,948SCL26A,SEC RE NCD 9.48% SR V,2026-01-27,,,2026-01-27,,,INTEREST PAYMENT
UN,948SCL26A,SEC RE NCD 9.48% SR V,2026-01-27,,,2026-01-27,,,INTEREST PAYMENT
ZJ,948SCL27A,SEC RE NCD 9.48% SR V,2026-01-19,,,2026-01-19,,,INTEREST PAYMENT
N0,950ISF27,ISF 9.50% 2027,2026-01-21,,,2026-01-21,,,INT PAYMENT/PART REDMPTN
NO,955SCL35,SCL 9.55% 2035 Sr XIII,2026-01-19,,,2026-01-19,,,INTEREST PAYMENT
UO,955SCL35,SCL 9.55% 2035 Sr XIII,2026-01-19,,,2026-01-19,,,INTEREST PAYMENT
NZ,965SCL25F,SEC RE NCD 10.25% SR XII,2026-01-27,,,2026-01-27,,,INTEREST PAYMENT
UZ,965SCL25F,SEC RE NCD 10.25% SR XII,2026-01-27,,,2026-01-27,,,INTEREST PAYMENT
NI,966SFIL25A,Sec Re NCD 10.05% Sr.IV,2026-01-19,,,,,,INT PAYMENT/REDEMPTION
UI,966SFIL25A,Sec Re NCD 10.05% Sr.IV,2026-01-19,,,,,,INT PAYMENT/REDEMPTION
NT,971SCL28A,SEC RE NCD 9.71% SR VIII,2026-01-27,,,2026-01-27,,,INTEREST PAYMENT
UT,971SCL28A,SEC RE NCD 9.71% SR VIII,2026-01-27,,,2026-01-27,,,INTEREST PAYMENT
ZN,971SCL29A,SEC RE NCD 9.71% SR VIII,2026-01-19,,,2026-01-19,,,INTEREST PAYMENT
MZ,97SFL29,Shriram Finance Limited,2026-01-21,,,2026-01-21,,,INTEREST PAYMENT
YZ,97SFL29,Shriram Finance Limited,2026-01-21,,,2026-01-21,,,INTEREST PAYMENT
NL,980SFIL28,Sec Re NCD 9.80% Sr.VII,2026-01-19,,,2026-01-19,,,INT PAYMENT/PART REDMTN
UL,980SFIL28,Sec Re NCD 9.80% Sr.VII,2026-01-19,,,2026-01-19,,,INT PAYMENT/PART REDMTN
NK,984SFIL26A,Sec Re NCD 9.61% Sr.VI,2026-01-19,,,,,,INT PAYMENT/REDEMPTION
UK,984SFIL26A,Sec Re NCD 9.61% Sr.VI,2026-01-19,,,,,,INT PAYMENT/REDEMPTION
N0,985CCSP28,CCSPL 9.85% 2028 Sr 5,2026-01-20,,,2026-01-20,,,INTPAYMENT/PART REDEMPTN
NO,985SFIL28,Sec Re NCD 9.85% Sr.VIII,2026-01-19,,,2026-01-19,,,INT PAYMENT/PART REDMPTN
UO,985SFIL28,Sec Re NCD 9.85% Sr.VIII,2026-01-19,,,2026-01-19,,,INT PAYMENT/PART REDMPTN
ZS,98SCL34,SEC RE NCD 9.80% SR XII,2026-01-19,,,2026-01-19,,,INTEREST PAYMENT
BE,ANGELONE,Angel One Limited,2026-01-21,,,2026-01-21,,,INTDIV - RS 23 PER SH
BL,ANGELONE,Angel One Limited,2026-01-21,,,2026-01-21,,,INTDIV - RS 23 PER SH
EQ,ANGELONE,Angel One Limited,2026-01-21,,,2026-01-21,,,INTDIV - RS 23 PER SH
IQ,ANGELONE,Angel One Limited,2026-01-21,,,2026-01-21,,,INTDIV - RS 23 PER SH
T0,ANGELONE,Angel One Limited,2026-01-21,,,2026-01-21,,,INTDIV - RS 23 PER SH
TL,ANGELONE,Angel One Limited,2026-01-21,,,2026-01-21,,,INTDIV - RS 23 PER SH
BE,CENTRALBK,Central Bank of India,2026-01-23,,,2026-01-23,,,INTDIV - RE 0.20 PER SH
BL,CENTRALBK,Central Bank of India,2026-01-23,,,2026-01-23,,,INTDIV - RE 0.20 PER SH
EQ,CENTRALBK,Central Bank of India,2026-01-23,,,2026-01-23,,,INTDIV - RE 0.20 PER SH
IQ,CENTRALBK,Central Bank of India,2026-01-23,,,2026-01-23,,,INTDIV - RE 0.20 PER SH
T0,CENTRALBK,Central Bank of India,2026-01-23,,,2026-01-23,,,INTDIV - RE 0.20 PER SH
TL,CENTRALBK,Central Bank of India,2026-01-23,,,2026-01-23,,,INTDIV - RE 0.20 PER SH
BE,DBCORP,D.B.Corp Ltd,2026-01-22,,,2026-01-22,,,INTDIV - RS 2 PER SH
BL,DBCORP,D.B.Corp Ltd,2026-01-22,,,2026-01-22,,,INTDIV - RS 2 PER SH
EQ,DBCORP,D.B.Corp Ltd,2026-01-22,,,2026-01-22,,,INTDIV - RS 2 PER SH
IQ,DBCORP,D.B.Corp Ltd,2026-01-22,,,2026-01-22,,,INTDIV - RS 2 PER SH
BE,ICICIAMC,ICICI Prudential AMC Ltd,2026-01-21,,,2026-01-21,,,INTDIV - RS 14.85 PER SH
BL,ICICIAMC,ICICI Prudential AMC Ltd,2026-01-21,,,2026-01-21,,,INTDIV - RS 14.85 PER SH
EQ,ICICIAMC,ICICI Prudential AMC Ltd,2026-01-21,,,2026-01-21,,,INTDIV - RS 14.85 PER SH
IQ,ICICIAMC,ICICI Prudential AMC Ltd,2026-01-21,,,2026-01-21,,,INTDIV - RS 14.85 PER SH
BE,MAHABANK,Bank of Maharashtra,2026-01-20,,,2026-01-20,,,INTDIV - RE 1 PER SH
BL,MAHABANK,Bank of Maharashtra,2026-01-20,,,2026-01-20,,,INTDIV - RE 1 PER SH
EQ,MAHABANK,Bank of Maharashtra,2026-01-20,,,2026-01-20,,,INTDIV - RE 1 PER SH
IQ,MAHABANK,Bank of Maharashtra,2026-01-20,,,2026-01-20,,,INTDIV - RE 1 PER SH
T0,MAHABANK,Bank of Maharashtra,2026-01-20,,,2026-01-20,,,INTDIV - RE 1 PER SH
TL,MAHABANK,Bank of Maharashtra,2026-01-20,,,2026-01-20,,,INTDIV - RE 1 PER SH
BE,NLCINDIA,NLC India Limited,2026-01-20,,,2026-01-20,,,INTDIV - RS 3.60 PER SH
BL,NLCINDIA,NLC India Limited,2026-01-20,,,2026-01-20,,,INTDIV - RS 3.60 PER SH
EQ,NLCINDIA,NLC India Limited,2026-01-20,,,2026-01-20,,,INTDIV - RS 3.60 PER SH
IQ,NLCINDIA,NLC India Limited,2026-01-20,,,2026-01-20,,,INTDIV - RS 3.60 PER SH
T0,NLCINDIA,NLC India Limited,2026-01-20,,,2026-01-20,,,INTDIV - RS 3.60 PER SH
TL,NLCINDIA,NLC India Limited,2026-01-20,,,2026-01-20,,,INTDIV - RS 3.60 PER SH
BE,SURAJLTD,Suraj Limited,2026-01-23,,,2026-01-23,,,INTDIV - RS 1.50 PER SH
BL,SURAJLTD,Suraj Limited,2026-01-23,,,2026-01-23,,,INTDIV - RS 1.50 PER SH
EQ,SURAJLTD,Suraj Limited,2026-01-23,,,2026-01-23,,,INTDIV - RS 1.50 PER SH
IQ,SURAJLTD,Suraj Limited,2026-01-23,,,2026-01-23,,,INTDIV - RS 1.50 PER SH
BE,WIPRO,WIPRO LTD,2026-01-27,,,2026-01-27,,,INTDIV - RS 6 PER SH
BL,WIPRO,Wipro Ltd,2026-01-27,,,2026-01-27,,,INTDIV - RS 6 PER SH
EQ,WIPRO,Wipro Ltd,2026-01-27,,,2026-01-27,,,INTDIV - RS 6 PER SH
IQ,WIPRO,Wipro Ltd,2026-01-27,,,2026-01-27,,,INTDIV - RS 6 PER SH
T0,WIPRO,Wipro Ltd,2026-01-27,,,2026-01-27,,,INTDIV - RS 6 PER SH
TL,WIPRO,Wipro Ltd,2026-01-27,,,2026-01-27,,,INTDIV - RS 6 PER SH
