SERIES,SYMBOL,SECURITY,RECORD_DT,BC_STRT_DT,BC_END_DT,EX_DT,ND_STRT_DT,ND_END_DT,PURPOSE
N1,1003SCL32,Sammaan Capital Limited,2026-02-04,,,2026-02-04,,,INTEREST PAYMENT
U1,1003SCL32,Sammaan Capital Limited,2026-02-04,,,2026-02-04,,,INTEREST PAYMENT
N1,1015UCL26,Sec Re NCD 10.15% Sr I,2026-02-09,,,2026-02-09,,,INTEREST PAYMENT
U1,1015UCL26,Sec Re NCD 10.15% Sr I,2026-02-09,,,2026-02-09,,,INTEREST PAYMENT
NF,1015UCL27,UCL 10.15% Sr III,2026-02-09,,,2026-02-09,,,INTEREST PAYMENT
UF,1015UCL27,UCL 10.15% Sr III,2026-02-09,,,2026-02-09,,,INTEREST PAYMENT
N1,1025SCL35A,Sammaan Capital Limited,2026-02-04,,,2026-02-04,,,INTEREST PAYMENT
U1,1025SCL35A,Sammaan Capital Limited,2026-02-04,,,2026-02-04,,,INTEREST PAYMENT
N1,1025UCL26A,Sec Re NCD 10.25% Sr II,2026-02-09,,,2026-02-09,,,INTEREST PAYMENT
U1,1025UCL26A,Sec Re NCD 10.25% Sr II,2026-02-09,,,2026-02-09,,,INTEREST PAYMENT
NG,1025UCL27A,UCL 10.25% Sr IV,2026-02-09,,,2026-02-09,,,INTEREST PAYMENT
UG,1025UCL27A,UCL 10.25% Sr IV,2026-02-09,,,2026-02-09,,,INTEREST PAYMENT
N1,1040UCL27B,Sec Re NCD 10.40% Sr III,2026-02-09,,,2026-02-09,,,INTEREST PAYMENT
U1,1040UCL27B,Sec Re NCD 10.40% Sr III,2026-02-09,,,2026-02-09,,,INTEREST PAYMENT
N7,1050NFL26,Sec Re NCD 10.50% Sr.IV,2026-02-03,,,2026-02-03,,,INTEREST PAYMENT
U7,1050NFL26,Sec Re NCD 10.50% Sr.IV,2026-02-03,,,2026-02-03,,,INTEREST PAYMENT
NH,1050UCL28,UCL 10.50% Sr V,2026-02-09,,,2026-02-09,,,INTEREST PAYMENT
UH,1050UCL28,UCL 10.50% Sr V,2026-02-09,,,2026-02-09,,,INTEREST PAYMENT
ND,10UCL26,UCL 10.00% Sr I,2026-02-09,,,2026-02-09,,,INTEREST PAYMENT
UD,10UCL26,UCL 10.00% Sr I,2026-02-09,,,2026-02-09,,,INTEREST PAYMENT
N0,1150AFIL28,AFIL 11.50% 2028 Sr 05,2026-02-07,,,2026-02-06,,,INTEREST PAYMENT
N0,1150AFIL29,AFIL 11.50% 2029,2026-02-04,,,2026-02-04,,,INTEREST PAYMENT
N0,115VCCL27,VCCL 11.5% 2027 Sr II,2026-02-08,,,2026-02-06,,,INTEREST PAYMENT
N0,115VCCL28A,VCCL28A 11.5% 2028,2026-02-07,,,2026-02-06,,,INTEREST PAYMENT
N0,116VCCL26A,VCCL 11.6% 2026 Sr A,2026-02-05,,,2026-02-05,,,INTEREST PAYMENT
N0,116VCCL27,VCCL 11.6% 2027 Sr A,2026-02-06,,,2026-02-06,,,INTEREST PAYMENT
N0,118VCCL27,VCCL 11.8% 2027 Sr B,2026-02-05,,,2026-02-05,,,INTEREST PAYMENT
N0,118VCCL27A,VCCL 11.8% 2027 Sr B,2026-02-06,,,2026-02-06,,,INTEREST PAYMENT
N0,1225IFL27,IFL 12.25% 2027,2026-02-03,,,2026-02-03,,,INT PAYMENT/PART REDMPTN
N0,12AFIL27,AFIL 12% 2027 Sr 1,2026-02-07,,,2026-02-06,,,INTEREST PAYMENT
N0,12DCCL27,DCCL 12% 2027 Sr II,2026-02-04,,,2026-02-04,,,INTEREST PAYMENT
N0,12VCCL27B,VCCL 12% 2027,2026-02-06,,,2026-02-06,,,INTEREST PAYMENT
N0,12VCCL27D,VCCL 12% 2027 Sr C,2026-02-05,,,2026-02-05,,,INTEREST PAYMENT
N0,12VCCL29C,VCCL 12% 2029 Sr I,2026-02-08,,,2026-02-06,,,INTEREST PAYMENT
TB,182D050226,GOI TBILL 182D-05/02/26,2026-02-03,,,,,,REDEMPTION
TB,182D120226,GOI TBILL 182D-12/02/26,2026-02-10,,,,,,REDEMPTION
TB,182D190226,GOI TBILL 182D-19/02/26,2026-02-16,,,,,,REDEMPTION
TB,364D050226,GOI TBILL 364D-05/02/26,2026-02-03,,,,,,REDEMPTION
TB,364D120226,GOI TBILL 364D-12/02/26,2026-02-10,,,,,,REDEMPTION
TB,364D200226,GOI TBILL 364D-20/02/26,2026-02-17,,,,,,REDEMPTION
SG,609RJ26,SDL RJ 6.09% 2026,2026-02-07,,,,,,REDEMPTION
SG,619AS26,SDL AS 6.19% 2026,2026-02-07,,,,,,REDEMPTION
SG,621AS26,SDL AS 6.21% 2026,2026-02-13,,,,,,REDEMPTION
SG,725GJ26,SDL GJ 7.25% 2026,2026-02-05,,,,,,REDEMPTION
N0,727NBRD29A,NBRD 7.27% 2029 Sr 26C,2026-02-06,,,2026-02-06,,,INTEREST PAYMENT
N0,738PFC32,PFCL 7.38% 2032 Sr 246B,2026-02-04,,,2026-02-04,,,INTEREST PAYMENT
N0,742PFC28,PFCL 7.42% 2028 Sr 246A,2026-02-04,,,2026-02-04,,,INTEREST PAYMENT
N0,744NBRD28,NBRD 7.44% 2028 Sr 25C,2026-02-09,,,2026-02-09,,,INTEREST PAYMENT
N9,749PFC34,PFC 7.49% 2034 Sr BS237B,2026-02-07,,,2026-02-06,,,INTEREST PAYMENT
U9,749PFC34,PFC 7.49% 2034 Sr BS237B,2026-02-07,,,2026-02-06,,,INTEREST PAYMENT
N0,760PFC29,PFC 7.60% 2029 Sr BS237A,2026-02-07,,,2026-02-06,,,INTEREST PAYMENT
N0,7645LICH30,LICH 7.645% 2030 Sr 452,2026-02-06,,,2026-02-06,,,INTEREST PAYMENT
N0,773TIL35,THDC 7.73% 2035 Sr XII,2026-02-03,,,2026-02-03,,,INTEREST PAYMENT
N0,785MFL29,MFL 7.85% 2029,2026-02-07,,,2026-02-06,,,INTEREST PAYMENT
ND,810TCHFL27,TCHFL 8.10% 2027 Sr D,2026-02-06,,,2026-02-06,,,INTEREST PAYMENT
UD,810TCHFL27,TCHFL 8.10% 2027 Sr D,2026-02-06,,,2026-02-06,,,INTEREST PAYMENT
N0,834MLICL35,MLICL 8.34% 2035,2026-02-03,,,2026-02-03,,,INTEREST PAYMENT
NW,850SCL25A,UNSE RE NCD 9.35% SR.X,2026-02-09,,,2026-02-09,,,INTEREST PAYMENT
UW,850SCL25A,UNSE RE NCD 9.35% SR.X,2026-02-09,,,2026-02-09,,,INTEREST PAYMENT
N1,890NCPL28,Nomura 8.90% 2028 Sr 02,2026-02-05,,,2026-02-05,,,INTEREST PAYMENT
U1,890NCPL28,Nomura 8.90% 2028 Sr 02,2026-02-05,,,2026-02-05,,,INTEREST PAYMENT
N1,902SCL28,Sammaan Capital Limited,2026-02-04,,,2026-02-04,,,INTEREST PAYMENT
U1,902SCL28,Sammaan Capital Limited,2026-02-04,,,2026-02-04,,,INTEREST PAYMENT
TB,91D060226,GOI TBILL 91D-06/02/26,2026-02-04,,,,,,REDEMPTION
TB,91D120226,GOI TBILL 91D-12/02/26,2026-02-10,,,,,,REDEMPTION
TB,91D180226,GOI TBILL 91D-19/02/26,2026-02-16,,,,,,REDEMPTION
N0,91PFL35,PFL 9.1% 2035,2026-02-09,,,2026-02-09,,,INTEREST PAYMENT
N0,925ISF28,ISF 9.25% 2028,2026-02-09,,,2026-02-09,,,INTEREST PAYMENT
N1,925SCL27B,Sammaan Capital Limited,2026-02-04,,,2026-02-04,,,INTEREST PAYMENT
U1,925SCL27B,Sammaan Capital Limited,2026-02-04,,,2026-02-04,,,INTEREST PAYMENT
AM,925SCL28,SEC RE NCD 9.25% SR.VIII,2026-02-09,,,2026-02-09,,,INTEREST PAYMENT
NV,935SCL28,UNSE RE NCD 8.89% SR.X,2026-02-09,,,2026-02-09,,,INTEREST PAYMENT
UV,935SCL28,UNSE RE NCD 8.89% SR.X,2026-02-09,,,2026-02-09,,,INTEREST PAYMENT
AI,948SCL26D,SEC RE NCD 9.48% SR.V,2026-02-09,,,2026-02-09,,,INTEREST PAYMENT
N1,948SCL28,Sammaan Capital Limited,2026-02-04,,,2026-02-04,,,INTEREST PAYMENT
U1,948SCL28,Sammaan Capital Limited,2026-02-04,,,2026-02-04,,,INTEREST PAYMENT
N0,950ISF26A,ISF 9.50% 2026,2026-02-13,,,2026-02-13,,,INTEREST/PART REDEMPTION
N0,950ISF27B,ISF 9.50% 2027,2026-02-04,,,2026-02-04,,,INTEREST/PART REDEMPTION
N0,950ISF27C,ISF 9.50% 2027,2026-02-08,,,2026-02-06,,,INTEREST PAYMENT
AN,971SCL28,SEC RE NCD 9.71% SR.VIII,2026-02-09,,,2026-02-09,,,INTEREST PAYMENT
N1,971SCL30,Sammaan Capital Limited,2026-02-04,,,2026-02-04,,,INTEREST PAYMENT
U1,971SCL30,Sammaan Capital Limited,2026-02-04,,,2026-02-04,,,INTEREST PAYMENT
N1,971SCL30A,Sammaan Capital Limited,2026-02-04,,,2026-02-04,,,INTEREST PAYMENT
U1,971SCL30A,Sammaan Capital Limited,2026-02-04,,,2026-02-04,,,INTEREST PAYMENT
NT,975SCL28,SEC RE NCD 8.89% SR.VIII,2026-02-09,,,2026-02-09,,,INTEREST PAYMENT
UT,975SCL28,SEC RE NCD 8.89% SR.VIII,2026-02-09,,,2026-02-09,,,INTEREST PAYMENT
N1,980SCL35,Sammaan Capital Limited,2026-02-04,,,2026-02-04,,,INTEREST PAYMENT
U1,980SCL35,Sammaan Capital Limited,2026-02-04,,,2026-02-04,,,INTEREST PAYMENT
N0,9PCPL28,PCPL 9% 2028,2026-02-04,,,2026-02-04,,,INTEREST PAYMENT
BE,ACCELYA,Accelya Soln India Ltd,2026-02-06,,,2026-02-06,,,INTDIV - RS 45 PER SH
BL,ACCELYA,Accelya Soln India Ltd,2026-02-06,,,2026-02-06,,,INTDIV - RS 45 PER SH
EQ,ACCELYA,Accelya Soln India Ltd,2026-02-06,,,2026-02-06,,,INTDIV - RS 45 PER SH
IQ,ACCELYA,Accelya Soln India Ltd,2026-02-06,,,2026-02-06,,,INTDIV - RS 45 PER SH
BE,ACMESOLAR,ACME Solar Holdings Ltd,2026-02-06,,,2026-02-06,,,INTDIV - RE 0.20 PER SH
BL,ACMESOLAR,ACME Solar Holdings Ltd,2026-02-06,,,2026-02-06,,,INTDIV - RE 0.20 PER SH
EQ,ACMESOLAR,ACME Solar Holdings Ltd,2026-02-06,,,2026-02-06,,,INTDIV - RE 0.20 PER SH
IQ,ACMESOLAR,ACME Solar Holdings Ltd,2026-02-06,,,2026-02-06,,,INTDIV - RE 0.20 PER SH
T0,ACMESOLAR,ACME Solar Holdings Ltd,2026-02-06,,,2026-02-06,,,INTDIV - RE 0.20 PER SH
TL,ACMESOLAR,ACME Solar Holdings Ltd,2026-02-06,,,2026-02-06,,,INTDIV - RE 0.20 PER SH
E1,AIRTELPP,Bharti Rs. 1.25 ppd up,2026-02-06,,,,,,FSTFINCL RS 401.25 PR SH
X1,AIRTELPP,Bharti Rs. 1.25 ppd up,2026-02-06,,,,,,FSTFINCL RS 401.25 PR SH
BE,ALLDIGI,Alldigi Tech Limited,2026-02-04,,,2026-02-04,,,INTDIV - RS 30 PER SH
BL,ALLDIGI,Alldigi Tech Limited,2026-02-04,,,2026-02-04,,,INTDIV - RS 30 PER SH
EQ,ALLDIGI,Alldigi Tech Limited,2026-02-04,,,2026-02-04,,,INTDIV - RS 30 PER SH
IQ,ALLDIGI,Alldigi Tech Limited,2026-02-04,,,2026-02-04,,,INTDIV - RS 30 PER SH
IV,ANZEN,Anzen Ind Ene Yld Plu Tru,2026-02-03,,,2026-02-03,,,DISTRIBUTION - 2.75
BE,APCOTEXIND,Apcotex Industries Ltd.,2026-02-04,,,2026-02-04,,,INTDIV - RS 2.50 PER SH
BL,APCOTEXIND,Apcotex Industries Ltd.,2026-02-04,,,2026-02-04,,,INTDIV - RS 2.50 PER SH
EQ,APCOTEXIND,Apcotex Industries Ltd.,2026-02-04,,,2026-02-04,,,INTDIV - RS 2.50 PER SH
IQ,APCOTEXIND,Apcotex Industries Ltd.,2026-02-04,,,2026-02-04,,,INTDIV - RS 2.50 PER SH
BE,BDL,Bharat Dynamics Limited,2026-02-09,,,2026-02-09,,,INTDIV - RS 4.50 PER SH
BL,BDL,Bharat Dynamics Limited,2026-02-09,,,2026-02-09,,,INTDIV - RS 4.50 PER SH
EQ,BDL,Bharat Dynamics Limited,2026-02-09,,,2026-02-09,,,INTDIV - RS 4.50 PER SH
IQ,BDL,Bharat Dynamics Limited,2026-02-09,,,2026-02-09,,,INTDIV - RS 4.50 PER SH
T0,BDL,Bharat Dynamics Limited,2026-02-09,,,2026-02-09,,,INTDIV - RS 4.50 PER SH
TL,BDL,Bharat Dynamics Limited,2026-02-09,,,2026-02-09,,,INTDIV - RS 4.50 PER SH
RR,BIRET,Brookfield India RET,2026-02-03,,,2026-02-03,,,DISTRIBUTION - RS 5.40
RT,BIRET,Brookfield India RET,2026-02-03,,,2026-02-03,,,DISTRIBUTION - RS 5.40
E1,CALSOFTPP,CALSOFT Rs.2.50 ppd up,2026-02-05,,,,,,FSTFINCL RS 7.50 PR SH
X1,CALSOFTPP,CALSOFT Rs.2.50 ppd up,2026-02-05,,,,,,FSTFINCL RS 7.50 PR SH
BE,CARBORUNIV,Carborundum Univ Ltd,2026-02-04,,,2026-02-04,,,INTDIV - RS 1.50 PER SH
BL,CARBORUNIV,Carborundum Univ Ltd,2026-02-04,,,2026-02-04,,,INTDIV - RS 1.50 PER SH
EQ,CARBORUNIV,Carborundum Univ Ltd,2026-02-04,,,2026-02-04,,,INTDIV - RS 1.50 PER SH
IQ,CARBORUNIV,Carborundum Univ Ltd,2026-02-04,,,2026-02-04,,,INTDIV - RS 1.50 PER SH
T0,CARBORUNIV,Carborundum Univ Ltd,2026-02-04,,,2026-02-04,,,INTDIV - RS 1.50 PER SH
TL,CARBORUNIV,Carborundum Univ Ltd,2026-02-04,,,2026-02-04,,,INTDIV - RS 1.50 PER SH
BE,CHOLAFIN,Cholamandalam In & Fin Co,2026-02-05,,,2026-02-05,,,INTDIV - RS 1.30 PER SH
BL,CHOLAFIN,Cholamandalam In & Fin Co,2026-02-05,,,2026-02-05,,,INTDIV - RS 1.30 PER SH
EQ,CHOLAFIN,Cholamandalam In & Fin Co,2026-02-05,,,2026-02-05,,,INTDIV - RS 1.30 PER SH
IQ,CHOLAFIN,Cholamandalam In & Fin Co,2026-02-05,,,2026-02-05,,,INTDIV - RS 1.30 PER SH
T0,CHOLAFIN,Cholamandalam In & Fin Co,2026-02-05,,,2026-02-05,,,INTDIV - RS 1.30 PER SH
TL,CHOLAFIN,Cholamandalam In & Fin Co,2026-02-05,,,2026-02-05,,,INTDIV - RS 1.30 PER SH
BE,CLEAN,Clean Science & Tech Ltd,2026-02-06,,,2026-02-06,,,INTDIV - RS 2 PER SH
BL,CLEAN,Clean Science & Tech Ltd,2026-02-06,,,2026-02-06,,,INTDIV - RS 2 PER SH
EQ,CLEAN,Clean Science & Tech Ltd,2026-02-06,,,2026-02-06,,,INTDIV - RS 2 PER SH
IQ,CLEAN,Clean Science & Tech Ltd,2026-02-06,,,2026-02-06,,,INTDIV - RS 2 PER SH
T0,CLEAN,Clean Science & Tech Ltd,2026-02-06,,,2026-02-06,,,INTDIV - RS 2 PER SH
TL,CLEAN,Clean Science & Tech Ltd,2026-02-06,,,2026-02-06,,,INTDIV - RS 2 PER SH
BE,COCHINSHIP,Cochin Shipyard Limited,2026-02-03,,,2026-02-03,,,INTDIV - RS 3.50 PER SH
BL,COCHINSHIP,Cochin Shipyard Limited,2026-02-03,,,2026-02-03,,,INTDIV - RS 3.50 PER SH
EQ,COCHINSHIP,Cochin Shipyard Limited,2026-02-03,,,2026-02-03,,,INTDIV - RS 3.50 PER SH
IQ,COCHINSHIP,Cochin Shipyard Limited,2026-02-03,,,2026-02-03,,,INTDIV - RS 3.50 PER SH
T0,COCHINSHIP,Cochin Shipyard Limited,2026-02-03,,,2026-02-03,,,INTDIV - RS 3.50 PER SH
TL,COCHINSHIP,Cochin Shipyard Limited,2026-02-03,,,2026-02-03,,,INTDIV - RS 3.50 PER SH
BE,CONCOR,Container Corp of India,2026-02-09,,,2026-02-09,,,INTDIV - RS 3.40 PER SH
BL,CONCOR,Container Corp of India,2026-02-09,,,2026-02-09,,,INTDIV - RS 3.40 PER SH
EQ,CONCOR,Container Corp of India,2026-02-09,,,2026-02-09,,,INTDIV - RS 3.40 PER SH
IQ,CONCOR,Container Corp of India,2026-02-09,,,2026-02-09,,,INTDIV - RS 3.40 PER SH
T0,CONCOR,Container Corp of India,2026-02-09,,,2026-02-09,,,INTDIV - RS 3.40 PER SH
TL,CONCOR,Container Corp of India,2026-02-09,,,2026-02-09,,,INTDIV - RS 3.40 PER SH
BE,CONTROLPR,Control Print Limited,2026-02-06,,,2026-02-06,,,INTDIV - RS 4 PER SH
BL,CONTROLPR,Control Print Limited,2026-02-06,,,2026-02-06,,,INTDIV - RS 4 PER SH
EQ,CONTROLPR,Control Print Limited,2026-02-06,,,2026-02-06,,,INTDIV - RS 4 PER SH
IQ,CONTROLPR,Control Print Limited,2026-02-06,,,2026-02-06,,,INTDIV - RS 4 PER SH
BE,COROMANDEL,Coromandel Internl Ltd.,2026-02-04,,,2026-02-04,,,INTDIV - RS 9 PER SH
BL,COROMANDEL,Coromandel Internl Ltd.,2026-02-04,,,2026-02-04,,,INTDIV - RS 9 PER SH
EQ,COROMANDEL,Coromandel Internl Ltd.,2026-02-04,,,2026-02-04,,,INTDIV - RS 9 PER SH
IQ,COROMANDEL,Coromandel Internl Ltd.,2026-02-04,,,2026-02-04,,,INTDIV - RS 9 PER SH
T0,COROMANDEL,Coromandel Internl Ltd.,2026-02-04,,,2026-02-04,,,INTDIV - RS 9 PER SH
TL,COROMANDEL,Coromandel Internl Ltd.,2026-02-04,,,2026-02-04,,,INTDIV - RS 9 PER SH
BE,CRIZAC,Crizac Limited,2026-02-04,,,2026-02-04,,,INTDIV - RS 8 PER SH
BL,CRIZAC,Crizac Limited,2026-02-04,,,2026-02-04,,,INTDIV - RS 8 PER SH
EQ,CRIZAC,Crizac Limited,2026-02-04,,,2026-02-04,,,INTDIV - RS 8 PER SH
IQ,CRIZAC,Crizac Limited,2026-02-04,,,2026-02-04,,,INTDIV - RS 8 PER SH
IV,CUBEINVIT,Cube Highways Trust,2026-02-04,,,2026-02-04,,,DISTRIBUTION - RS 4.10
SL,DHARIWAL,Dhariwalcorp Limited,2026-02-06,,,2026-02-06,,,FVSPLT FRM RS 10 TO RS 2
SM,DHARIWAL,Dhariwalcorp Limited,2026-02-06,,,2026-02-06,,,FVSPLT FRM RS 10 TO RS 2
SQ,DHARIWAL,Dhariwalcorp Limited,2026-02-06,,,2026-02-06,,,FVSPLT FRM RS 10 TO RS 2
ST,DHARIWAL,Dhariwalcorp Limited,2026-02-06,,,2026-02-06,,,FVSPLT FRM RS 10 TO RS 2
BE,DOLATALGO,Dolat Algotech Limited,2026-02-04,,,2026-02-04,,,INTDIV - RE 0.10 PER SH
BL,DOLATALGO,Dolat Algotech Limited,2026-02-04,,,2026-02-04,,,INTDIV - RE 0.10 PER SH
EQ,DOLATALGO,Dolat Algotech Limited,2026-02-04,,,2026-02-04,,,INTDIV - RE 0.10 PER SH
IQ,DOLATALGO,Dolat Algotech Limited,2026-02-04,,,2026-02-04,,,INTDIV - RE 0.10 PER SH
BE,FLAIR,Flair Writing Indust Ltd,2026-02-04,,,2026-02-04,,,INTDIV - RE 0.50 PER SH
BL,FLAIR,Flair Writing Indust Ltd,2026-02-04,,,2026-02-04,,,INTDIV - RE 0.50 PER SH
EQ,FLAIR,Flair Writing Indust Ltd,2026-02-04,,,2026-02-04,,,INTDIV - RE 0.50 PER SH
IQ,FLAIR,Flair Writing Indust Ltd,2026-02-04,,,2026-02-04,,,INTDIV - RE 0.50 PER SH
BE,GAIL,GAIL (India) Limited,2026-02-05,,,2026-02-05,,,INTDIV - RS 5 PER SH
BL,GAIL,GAIL (India) Limited,2026-02-05,,,2026-02-05,,,INTDIV - RS 5 PER SH
EQ,GAIL,GAIL (India) Limited,2026-02-05,,,2026-02-05,,,INTDIV - RS 5 PER SH
IQ,GAIL,GAIL (India) Limited,2026-02-05,,,2026-02-05,,,INTDIV - RS 5 PER SH
T0,GAIL,GAIL (India) Limited,2026-02-05,,,2026-02-05,,,INTDIV - RS 5 PER SH
TL,GAIL,GAIL (India) Limited,2026-02-05,,,2026-02-05,,,INTDIV - RS 5 PER SH
BE,GENUSPOWER,GENUS POWER INFRASTRU LTD,2026-02-06,,,2026-02-06,,,DEMERGER
BL,GENUSPOWER,Genus Power Infrastru Ltd,2026-02-06,,,2026-02-06,,,DEMERGER
EQ,GENUSPOWER,Genus Power Infrastru Ltd,2026-02-06,,,2026-02-06,,,DEMERGER
IQ,GENUSPOWER,Genus Power Infrastru Ltd,2026-02-06,,,2026-02-06,,,DEMERGER
T0,GENUSPOWER,Genus Power Infrastru Ltd,2026-02-06,,,2026-02-06,,,DEMERGER
TL,GENUSPOWER,Genus Power Infrastru Ltd,2026-02-06,,,2026-02-06,,,DEMERGER
BE,GESHIP,The Great Eastern Shippin,2026-02-04,,,2026-02-04,,,INTDIV - RS 9 PER SH
BL,GESHIP,The Great Eastern Shippin,2026-02-04,,,2026-02-04,,,INTDIV - RS 9 PER SH
EQ,GESHIP,The Great Eastern Shippin,2026-02-04,,,2026-02-04,,,INTDIV - RS 9 PER SH
IQ,GESHIP,The Great Eastern Shippin,2026-02-04,,,2026-02-04,,,INTDIV - RS 9 PER SH
T0,GESHIP,The Great Eastern Shippin,2026-02-04,,,2026-02-04,,,INTDIV - RS 9 PER SH
TL,GESHIP,The Great Eastern Shippin,2026-02-04,,,2026-02-04,,,INTDIV - RS 9 PER SH
BE,GILLETTE,GILLETTE INDIA LTD-Depo,2026-02-04,,,2026-02-04,,,INTDIV-RS120/SPLDIV-RS60
BL,GILLETTE,Gillette India Ltd.,2026-02-04,,,2026-02-04,,,INTDIV-RS120/SPLDIV-RS60
EQ,GILLETTE,Gillette India Ltd.,2026-02-04,,,2026-02-04,,,INTDIV-RS120/SPLDIV-RS60
IQ,GILLETTE,Gillette India Ltd.,2026-02-04,,,2026-02-04,,,INTDIV-RS120/SPLDIV-RS60
T0,GILLETTE,Gillette India Ltd.,2026-02-04,,,2026-02-04,,,INTDIV-RS120/SPLDIV-RS60
TL,GILLETTE,Gillette India Ltd.,2026-02-04,,,2026-02-04,,,INTDIV-RS120/SPLDIV-RS60
BE,GOCOLORS,Go Fashion India Ltd,2026-02-09,,,2026-02-09,,,BUY BACK
BL,GOCOLORS,Go Fashion India Ltd,2026-02-09,,,2026-02-09,,,BUY BACK
EQ,GOCOLORS,Go Fashion India Ltd,2026-02-09,,,2026-02-09,,,BUY BACK
IQ,GOCOLORS,Go Fashion India Ltd,2026-02-09,,,2026-02-09,,,BUY BACK
BE,GPTINFRA,GPT Infraprojects Ltd,2026-02-03,,,2026-02-03,,,INTDIV - RE 0.75 PER SH
BL,GPTINFRA,GPT Infraprojects Ltd,2026-02-03,,,2026-02-03,,,INTDIV - RE 0.75 PER SH
EQ,GPTINFRA,GPT Infraprojects Ltd,2026-02-03,,,2026-02-03,,,INTDIV - RE 0.75 PER SH
IQ,GPTINFRA,GPT Infraprojects Ltd,2026-02-03,,,2026-02-03,,,INTDIV - RE 0.75 PER SH
BL,GROWWGOLD,GROWWAMC - GROWWGOLD,2026-02-06,,,2026-02-06,,,FVSPLT FRM RS 10 TO RE 1
EQ,GROWWGOLD,GROWWAMC - GROWWGOLD,2026-02-06,,,2026-02-06,,,FVSPLT FRM RS 10 TO RE 1
BL,GROWWSLVR,GROWWAMC - GROWWSLVR,2026-02-06,,,2026-02-06,,,FV SPLT FRM RS 10 TO 1
EQ,GROWWSLVR,GROWWAMC - GROWWSLVR,2026-02-06,,,2026-02-06,,,FV SPLT FRM RS 10 TO 1
BE,GRSE,Garden Reach Ship,2026-02-03,,,2026-02-03,,,INTDIV - RS 7.15 PER SH
BL,GRSE,Garden Reach Ship,2026-02-03,,,2026-02-03,,,INTDIV - RS 7.15 PER SH
EQ,GRSE,Garden Reach Ship,2026-02-03,,,2026-02-03,,,INTDIV - RS 7.15 PER SH
IQ,GRSE,Garden Reach Ship,2026-02-03,,,2026-02-03,,,INTDIV - RS 7.15 PER SH
T0,GRSE,Garden Reach Ship,2026-02-03,,,2026-02-03,,,INTDIV - RS 7.15 PER SH
TL,GRSE,Garden Reach Ship,2026-02-03,,,2026-02-03,,,INTDIV - RS 7.15 PER SH
GS,GS100226C,GOI STRIPS C 100226,2026-02-07,,,,,,REDEMPTION
GS,GS220226C,GOI STRIPS C 220226,2026-02-18,,,,,,REDEMPTION
BE,HUDCO,Hsg & Urban Dev Corpn Ltd,2026-02-07,,,2026-02-06,,,INTDIV - RS 1.15 PER SH
BL,HUDCO,Hsg & Urban Dev Corpn Ltd,2026-02-07,,,2026-02-06,,,INTDIV - RS 1.15 PER SH
EQ,HUDCO,Hsg & Urban Dev Corpn Ltd,2026-02-07,,,2026-02-06,,,INTDIV - RS 1.15 PER SH
IQ,HUDCO,Hsg & Urban Dev Corpn Ltd,2026-02-07,,,2026-02-06,,,INTDIV - RS 1.15 PER SH
T0,HUDCO,Hsg & Urban Dev Corpn Ltd,2026-02-07,,,2026-02-06,,,INTDIV - RS 1.15 PER SH
TL,HUDCO,Hsg & Urban Dev Corpn Ltd,2026-02-07,,,2026-02-06,,,INTDIV - RS 1.15 PER SH
BE,IEX,Indian Energy Exc Ltd,2026-02-04,,,2026-02-04,,,INTDIV - RS 1.50 PER SH
BL,IEX,Indian Energy Exc Ltd,2026-02-04,,,2026-02-04,,,INTDIV - RS 1.50 PER SH
EQ,IEX,Indian Energy Exc Ltd,2026-02-04,,,2026-02-04,,,INTDIV - RS 1.50 PER SH
IQ,IEX,Indian Energy Exc Ltd,2026-02-04,,,2026-02-04,,,INTDIV - RS 1.50 PER SH
T0,IEX,Indian Energy Exc Ltd,2026-02-04,,,2026-02-04,,,INTDIV - RS 1.50 PER SH
TL,IEX,Indian Energy Exc Ltd,2026-02-04,,,2026-02-04,,,INTDIV - RS 1.50 PER SH
N0,IMC1,Sec Re NCGB 8.25% STRPP A,2026-02-05,,,2026-02-05,,,INT PAYMENT/REDEMPTION
N1,IMC1,Sec Re NCGB 8.25% STRPP B,2026-02-05,,,2026-02-05,,,INTEREST PAYMENT
N2,IMC1,Sec Re NCGB 8.25% STRPP C,2026-02-05,,,2026-02-05,,,INTEREST PAYMENT
N3,IMC1,Indore Municipal Corporat,2026-02-05,,,2026-02-05,,,INTEREST PAYMENT
U1,IMC1,Sec Re NCGB 8.25% STRPP B,2026-02-05,,,2026-02-05,,,INTEREST PAYMENT
U2,IMC1,Sec Re NCGB 8.25% STRPP C,2026-02-05,,,2026-02-05,,,INTEREST PAYMENT
U3,IMC1,Indore Municipal Corporat,2026-02-05,,,2026-02-05,,,INTEREST PAYMENT
BE,INDUSFILA,Indus Fila Limited,2026-02-09,,,2026-02-09,,,CAPITAL REDUCTION
BL,INDUSFILA,Indus Fila Limited,2026-02-09,,,2026-02-09,,,CAPITAL REDUCTION
EQ,INDUSFILA,Indus Fila Limited,2026-02-09,,,2026-02-09,,,CAPITAL REDUCTION
IQ,INDUSFILA,Indus Fila Limited,2026-02-09,,,2026-02-09,,,CAPITAL REDUCTION
BE,INSECTICID,Insecticides (India) Limi,2026-02-06,,,2026-02-06,,,INTDIV - RS 2 PER SH
BL,INSECTICID,Insecticides (India) Limi,2026-02-06,,,2026-02-06,,,INTDIV - RS 2 PER SH
EQ,INSECTICID,Insecticides (India) Limi,2026-02-06,,,2026-02-06,,,INTDIV - RS 2 PER SH
IQ,INSECTICID,Insecticides (India) Limi,2026-02-06,,,2026-02-06,,,INTDIV - RS 2 PER SH
BE,ITC,ITC LTD,2026-02-04,,,2026-02-04,,,INTDIV - RS 6.50 PER SH
BL,ITC,ITC Ltd.,2026-02-04,,,2026-02-04,,,INTDIV - RS 6.50 PER SH
EQ,ITC,ITC Ltd.,2026-02-04,,,2026-02-04,,,INTDIV - RS 6.50 PER SH
IQ,ITC,ITC Ltd.,2026-02-04,,,2026-02-04,,,INTDIV - RS 6.50 PER SH
T0,ITC,ITC Ltd.,2026-02-04,,,2026-02-04,,,INTDIV - RS 6.50 PER SH
TL,ITC,ITC Ltd.,2026-02-04,,,2026-02-04,,,INTDIV - RS 6.50 PER SH
BE,KPITTECH,KPIT Technologies Limited,2026-02-04,,,2026-02-04,,,INTDIV - RS 2.25 PER SH
BL,KPITTECH,KPIT Technologies Limited,2026-02-04,,,2026-02-04,,,INTDIV - RS 2.25 PER SH
EQ,KPITTECH,KPIT Technologies Limited,2026-02-04,,,2026-02-04,,,INTDIV - RS 2.25 PER SH
IQ,KPITTECH,KPIT Technologies Limited,2026-02-04,,,2026-02-04,,,INTDIV - RS 2.25 PER SH
T0,KPITTECH,KPIT Technologies Limited,2026-02-04,,,2026-02-04,,,INTDIV - RS 2.25 PER SH
TL,KPITTECH,KPIT Technologies Limited,2026-02-04,,,2026-02-04,,,INTDIV - RS 2.25 PER SH
BE,LALPATHLAB,Dr. Lal Path Labs Ltd.,2026-02-05,,,2026-02-05,,,INTDIV - RS 3.50 PER SH
BL,LALPATHLAB,Dr. Lal Path Labs Ltd.,2026-02-05,,,2026-02-05,,,INTDIV - RS 3.50 PER SH
EQ,LALPATHLAB,Dr. Lal Path Labs Ltd.,2026-02-05,,,2026-02-05,,,INTDIV - RS 3.50 PER SH
IQ,LALPATHLAB,Dr. Lal Path Labs Ltd.,2026-02-05,,,2026-02-05,,,INTDIV - RS 3.50 PER SH
T0,LALPATHLAB,Dr. Lal Path Labs Ltd.,2026-02-05,,,2026-02-05,,,INTDIV - RS 3.50 PER SH
TL,LALPATHLAB,Dr. Lal Path Labs Ltd.,2026-02-05,,,2026-02-05,,,INTDIV - RS 3.50 PER SH
BE,MANAPPURAM,Manappuram Finance Ltd,2026-02-06,,,2026-02-06,,,INTDIV - RE 0.50 PER SH
BL,MANAPPURAM,Manappuram Finance Ltd,2026-02-06,,,2026-02-06,,,INTDIV - RE 0.50 PER SH
EQ,MANAPPURAM,Manappuram Finance Ltd,2026-02-06,,,2026-02-06,,,INTDIV - RE 0.50 PER SH
T0,MANAPPURAM,Manappuram Finance Ltd,2026-02-06,,,2026-02-06,,,INTDIV - RE 0.50 PER SH
TL,MANAPPURAM,Manappuram Finance Ltd,2026-02-06,,,2026-02-06,,,INTDIV - RE 0.50 PER SH
BE,MANBA,Manba Finance Limited,2026-02-06,,,2026-02-06,,,INTDIV - RE 0.25 PER SH
BL,MANBA,Manba Finance Limited,2026-02-06,,,2026-02-06,,,INTDIV - RE 0.25 PER SH
EQ,MANBA,Manba Finance Limited,2026-02-06,,,2026-02-06,,,INTDIV - RE 0.25 PER SH
IQ,MANBA,Manba Finance Limited,2026-02-06,,,2026-02-06,,,INTDIV - RE 0.25 PER SH
BE,MASFIN,MAS Financial Serv Ltd,2026-02-04,,,2026-02-04,,,INTDIV - RS 1.25 PER SH
BL,MASFIN,MAS Financial Serv Ltd,2026-02-04,,,2026-02-04,,,INTDIV - RS 1.25 PER SH
EQ,MASFIN,MAS Financial Serv Ltd,2026-02-04,,,2026-02-04,,,INTDIV - RS 1.25 PER SH
IQ,MASFIN,MAS Financial Serv Ltd,2026-02-04,,,2026-02-04,,,INTDIV - RS 1.25 PER SH
BE,MOIL,MOIL Limited,2026-02-05,,,2026-02-05,,,INTDIV - RS 3.53 PER SH
BL,MOIL,MOIL Limited,2026-02-05,,,2026-02-05,,,INTDIV - RS 3.53 PER SH
EQ,MOIL,MOIL Limited,2026-02-05,,,2026-02-05,,,INTDIV - RS 3.53 PER SH
IQ,MOIL,MOIL Limited,2026-02-05,,,2026-02-05,,,INTDIV - RS 3.53 PER SH
BE,NATIONALUM,NATIONALUM - Depo,2026-02-06,,,2026-02-06,,,INTDIV - RS 4.50 PER SH
BL,NATIONALUM,National Alum Co Ltd,2026-02-06,,,2026-02-06,,,INTDIV - RS 4.50 PER SH
EQ,NATIONALUM,National Alum Co Ltd,2026-02-06,,,2026-02-06,,,INTDIV - RS 4.50 PER SH
IQ,NATIONALUM,National Alum Co Ltd,2026-02-06,,,2026-02-06,,,INTDIV - RS 4.50 PER SH
T0,NATIONALUM,National Alum Co Ltd,2026-02-06,,,2026-02-06,,,INTDIV - RS 4.50 PER SH
TL,NATIONALUM,National Alum Co Ltd,2026-02-06,,,2026-02-06,,,INTDIV - RS 4.50 PER SH
BE,NESTLEIND,Nestle India Limited,2026-02-06,,,2026-02-06,,,INTDIV - RS 7 PER SH
BL,NESTLEIND,Nestle India Limited,2026-02-06,,,2026-02-06,,,INTDIV - RS 7 PER SH
EQ,NESTLEIND,Nestle India Limited,2026-02-06,,,2026-02-06,,,INTDIV - RS 7 PER SH
T0,NESTLEIND,Nestle India Limited,2026-02-06,,,2026-02-06,,,INTDIV - RS 7 PER SH
TL,NESTLEIND,Nestle India Limited,2026-02-06,,,2026-02-06,,,INTDIV - RS 7 PER SH
BE,NTPC,NTPC Limited,2026-02-06,,,2026-02-06,,,INTDIV - RS 2.75 PER SH
BL,NTPC,NTPC Limited,2026-02-06,,,2026-02-06,,,INTDIV - RS 2.75 PER SH
EQ,NTPC,NTPC Limited,2026-02-06,,,2026-02-06,,,INTDIV - RS 2.75 PER SH
IQ,NTPC,NTPC Limited,2026-02-06,,,2026-02-06,,,INTDIV - RS 2.75 PER SH
T0,NTPC,NTPC Limited,2026-02-06,,,2026-02-06,,,INTDIV - RS 2.75 PER SH
TL,NTPC,NTPC Limited,2026-02-06,,,2026-02-06,,,INTDIV - RS 2.75 PER SH
RR,NXST,Nexus Select Trust,2026-02-05,,,2026-02-05,,,DISTRIBUTION - RS 2.367
RT,NXST,Nexus Select Trust,2026-02-05,,,2026-02-05,,,DISTRIBUTION - RS 2.367
N0,PCHFL23125,3M OIS Spread 2.08 BPS,2026-02-06,,,2026-02-06,,,INT PAYMENT/REDEMPTION
BE,PGHH,P&G HYGIENE & HEALTH CARE,2026-02-05,,,2026-02-05,,,INTDV/SPDV - RS 170 & 25
BL,PGHH,P&G Hygiene & Healthcare,2026-02-05,,,2026-02-05,,,INTDV/SPDV - RS 170 & 25
EQ,PGHH,P&G Hygiene & Healthcare,2026-02-05,,,2026-02-05,,,INTDV/SPDV - RS 170 & 25
IQ,PGHH,P&G Hygiene & Healthcare,2026-02-05,,,2026-02-05,,,INTDV/SPDV - RS 170 & 25
T0,PGHH,P&G Hygiene & Healthcare,2026-02-05,,,2026-02-05,,,INTDV/SPDV - RS 170 & 25
TL,PGHH,P&G Hygiene & Healthcare,2026-02-05,,,2026-02-05,,,INTDV/SPDV - RS 170 & 25
BE,POWERGRID,Power Grid Corporation of,2026-02-09,,,2026-02-09,,,INTDIV - RS 3.25 PER SH
BL,POWERGRID,Power Grid Corporation of,2026-02-09,,,2026-02-09,,,INTDIV - RS 3.25 PER SH
EQ,POWERGRID,Power Grid Corporation of,2026-02-09,,,2026-02-09,,,INTDIV - RS 3.25 PER SH
IQ,POWERGRID,Power Grid Corporation of,2026-02-09,,,2026-02-09,,,INTDIV - RS 3.25 PER SH
T0,POWERGRID,Power Grid Corporation of,2026-02-09,,,2026-02-09,,,INTDIV - RS 3.25 PER SH
TL,POWERGRID,Power Grid Corporation of,2026-02-09,,,2026-02-09,,,INTDIV - RS 3.25 PER SH
BE,QUESS,Quess Corp Limited,2026-02-06,,,2026-02-06,,,INTDIV - RS 5 PER SH
BL,QUESS,Quess Corp Limited,2026-02-06,,,2026-02-06,,,INTDIV - RS 5 PER SH
EQ,QUESS,Quess Corp Limited,2026-02-06,,,2026-02-06,,,INTDIV - RS 5 PER SH
IQ,QUESS,Quess Corp Limited,2026-02-06,,,2026-02-06,,,INTDIV - RS 5 PER SH
BE,RECLTD,Rural Electrification Cor,2026-02-06,,,2026-02-06,,,INTDIV - RS 4.60 PER SH
BL,RECLTD,Rural Electrification Cor,2026-02-06,,,2026-02-06,,,INTDIV - RS 4.60 PER SH
EQ,RECLTD,Rural Electrification Cor,2026-02-06,,,2026-02-06,,,INTDIV - RS 4.60 PER SH
IQ,RECLTD,Rural Electrification Cor,2026-02-06,,,2026-02-06,,,INTDIV - RS 4.60 PER SH
T0,RECLTD,Rural Electrification Cor,2026-02-06,,,2026-02-06,,,INTDIV - RS 4.60 PER SH
TL,RECLTD,Rural Electrification Cor,2026-02-06,,,2026-02-06,,,INTDIV - RS 4.60 PER SH
BE,SHARDACROP,Sharda Cropchem Limited,2026-02-06,,,2026-02-06,,,INTDIV - RS 6 PER SH
BL,SHARDACROP,Sharda Cropchem Limited,2026-02-06,,,2026-02-06,,,INTDIV - RS 6 PER SH
EQ,SHARDACROP,Sharda Cropchem Limited,2026-02-06,,,2026-02-06,,,INTDIV - RS 6 PER SH
IQ,SHARDACROP,Sharda Cropchem Limited,2026-02-06,,,2026-02-06,,,INTDIV - RS 6 PER SH
BE,SHRIPISTON,Shriram Pist. & Ring Ltd,2026-02-06,,,2026-02-06,,,INTDIV - RS 5 PER SH
BL,SHRIPISTON,Shriram Pist. & Ring Ltd,2026-02-06,,,2026-02-06,,,INTDIV - RS 5 PER SH
EQ,SHRIPISTON,Shriram Pist. & Ring Ltd,2026-02-06,,,2026-02-06,,,INTDIV - RS 5 PER SH
IQ,SHRIPISTON,Shriram Pist. & Ring Ltd,2026-02-06,,,2026-02-06,,,INTDIV - RS 5 PER SH
BE,SIS,SIS LIMITED,2026-02-06,,,2026-02-06,,,INTDIV - RS 7 PER SH
BL,SIS,SIS LIMITED,2026-02-06,,,2026-02-06,,,INTDIV - RS 7 PER SH
EQ,SIS,SIS LIMITED,2026-02-06,,,2026-02-06,,,INTDIV - RS 7 PER SH
IQ,SIS,SIS LIMITED,2026-02-06,,,2026-02-06,,,INTDIV - RS 7 PER SH
BE,SMCGLOBAL,SMC Global Securities Ltd,2026-02-06,,,2026-02-06,,,INTDIV - RE 0.60 PER SH
BL,SMCGLOBAL,SMC Global Securities Ltd,2026-02-06,,,2026-02-06,,,INTDIV - RE 0.60 PER SH
EQ,SMCGLOBAL,SMC Global Securities Ltd,2026-02-06,,,2026-02-06,,,INTDIV - RE 0.60 PER SH
IQ,SMCGLOBAL,SMC Global Securities Ltd,2026-02-06,,,2026-02-06,,,INTDIV - RE 0.60 PER SH
BE,STEELCAS,Steelcast Limited,2026-02-06,,,2026-02-06,,,INTDIV - RE 0.45 PER SH
BL,STEELCAS,Steelcast Limited,2026-02-06,,,2026-02-06,,,INTDIV - RE 0.45 PER SH
EQ,STEELCAS,Steelcast Limited,2026-02-06,,,2026-02-06,,,INTDIV - RE 0.45 PER SH
IQ,STEELCAS,Steelcast Limited,2026-02-06,,,2026-02-06,,,INTDIV - RE 0.45 PER SH
BE,STYRENIX,Styrenix Performance Ltd,2026-02-05,,,2026-02-05,,,INTDIV - RS 23 PER SH
BL,STYRENIX,Styrenix Performance Ltd,2026-02-05,,,2026-02-05,,,INTDIV - RS 23 PER SH
EQ,STYRENIX,Styrenix Performance Ltd,2026-02-05,,,2026-02-05,,,INTDIV - RS 23 PER SH
IQ,STYRENIX,Styrenix Performance Ltd,2026-02-05,,,2026-02-05,,,INTDIV - RS 23 PER SH
BE,SUNDARMFIN,Sundaram Finance Ltd.,2026-02-06,,,2026-02-06,,,INTDIV - RS 16 PER SH
BL,SUNDARMFIN,Sundaram Finance Ltd.,2026-02-06,,,2026-02-06,,,INTDIV - RS 16 PER SH
EQ,SUNDARMFIN,Sundaram Finance Ltd.,2026-02-06,,,2026-02-06,,,INTDIV - RS 16 PER SH
IQ,SUNDARMFIN,Sundaram Finance Ltd.,2026-02-06,,,2026-02-06,,,INTDIV - RS 16 PER SH
BE,SUNPHARMA,Sun Pharma Industries Ltd,2026-02-05,,,2026-02-05,,,INTDIV - RS 11 PER SH
BL,SUNPHARMA,Sun Pharma Industries Ltd,2026-02-05,,,2026-02-05,,,INTDIV - RS 11 PER SH
EQ,SUNPHARMA,Sun Pharma Industries Ltd,2026-02-05,,,2026-02-05,,,INTDIV - RS 11 PER SH
IQ,SUNPHARMA,Sun Pharma Industries Ltd,2026-02-05,,,2026-02-05,,,INTDIV - RS 11 PER SH
T0,SUNPHARMA,Sun Pharma Industries Ltd,2026-02-05,,,2026-02-05,,,INTDIV - RS 11 PER SH
TL,SUNPHARMA,Sun Pharma Industries Ltd,2026-02-05,,,2026-02-05,,,INTDIV - RS 11 PER SH
BE,SYMPHONY,Symphony Limited,2026-02-03,,,2026-02-03,,,INTDIV - RS 2 PER SH
BL,SYMPHONY,Symphony Limited,2026-02-03,,,2026-02-03,,,INTDIV - RS 2 PER SH
EQ,SYMPHONY,Symphony Limited,2026-02-03,,,2026-02-03,,,INTDIV - RS 2 PER SH
IQ,SYMPHONY,Symphony Limited,2026-02-03,,,2026-02-03,,,INTDIV - RS 2 PER SH
BE,TRIVENI,Triveni Engineering & Ind,2026-02-06,,,2026-02-06,,,INTDIV - RS 1.50 PER SH
BL,TRIVENI,Triveni Engineering & Ind,2026-02-06,,,2026-02-06,,,INTDIV - RS 1.50 PER SH
EQ,TRIVENI,Triveni Engineering & Ind,2026-02-06,,,2026-02-06,,,INTDIV - RS 1.50 PER SH
IQ,TRIVENI,Triveni Engineering & Ind,2026-02-06,,,2026-02-06,,,INTDIV - RS 1.50 PER SH
T0,TRIVENI,Triveni Engineering & Ind,2026-02-06,,,2026-02-06,,,INTDIV - RS 1.50 PER SH
TL,TRIVENI,Triveni Engineering & Ind,2026-02-06,,,2026-02-06,,,INTDIV - RS 1.50 PER SH
BE,TSFINV,TSF INVESTMENTS LIMITED,2026-02-10,,,2026-02-10,,,INTDIV - RS 6.70 PER SH
BL,TSFINV,TSF INVESTMENTS LIMITED,2026-02-10,,,2026-02-10,,,INTDIV - RS 6.70 PER SH
EQ,TSFINV,TSF INVESTMENTS LIMITED,2026-02-10,,,2026-02-10,,,INTDIV - RS 6.70 PER SH
IQ,TSFINV,TSF INVESTMENTS LIMITED,2026-02-10,,,2026-02-10,,,INTDIV - RS 6.70 PER SH
BE,VAIBHAVGBL,Vaibhav Gems Ltd,2026-02-03,,,2026-02-03,,,INTDIV - RS 1.50 PER SH
BL,VAIBHAVGBL,Vaibhav Gems Limited,2026-02-03,,,2026-02-03,,,INTDIV - RS 1.50 PER SH
EQ,VAIBHAVGBL,Vaibhav Gems Limited,2026-02-03,,,2026-02-03,,,INTDIV - RS 1.50 PER SH
IQ,VAIBHAVGBL,Vaibhav Gems Limited,2026-02-03,,,2026-02-03,,,INTDIV - RS 1.50 PER SH
BE,VEEDOL,Veedol Corporation Ltd,2026-02-06,,,2026-02-06,,,INTDIV - RS 14 PER SH
BL,VEEDOL,Veedol Corporation Ltd,2026-02-06,,,2026-02-06,,,INTDIV - RS 14 PER SH
EQ,VEEDOL,Veedol Corporation Ltd,2026-02-06,,,2026-02-06,,,INTDIV - RS 14 PER SH
IQ,VEEDOL,Veedol Corporation Ltd,2026-02-06,,,2026-02-06,,,INTDIV - RS 14 PER SH
IV,VERTIS,Vertis Infrastructure Tst,2026-02-04,,,2026-02-04,,,DISTRIBUTION - 3
BE,WHEELS,Wheels India Ltd,2026-02-05,,,2026-02-05,,,INTDIV - RS 5.30 PER SH
BL,WHEELS,Wheels India Ltd,2026-02-05,,,2026-02-05,,,INTDIV - RS 5.30 PER SH
EQ,WHEELS,Wheels India Ltd,2026-02-05,,,2026-02-05,,,INTDIV - RS 5.30 PER SH
IQ,WHEELS,Wheels India Ltd,2026-02-05,,,2026-02-05,,,INTDIV - RS 5.30 PER SH
