SYMBOL,SERIES,SECURITY,HIGH/LOW
772GS2055,GS,GOI LOAN 7.72% 2055,H
829PFL29,N6,SEC RED NCD 10.27% SR. VI,H
ACCENTMIC,ST,ACCENT MICROCELL LIMITED,H
AGNI,ST,AGNI GREEN POWER LTD,H
AHCL,BE,ANLON HEALTHCARE LIMITED,H
AKSHAR,BE,AKSHAR SPINTEX LIMITED,H
ALPSINDUS,BE,ALPS INDUSTRIES LTD.,H
ANONDITA,ST,ANONDITA MEDICARE LIMITED,H
ANSALAPI,BZ,ANSAL PROP & INFRA LTD,H
BAFNAPH,BE,BAFNA PHARMACEUTICALS LTD,H
BBOX,EQ,BLACK BOX LIMITED,H
BCONCEPTS,BE,BRAND CONCEPTS LIMITED,H
BGLOBAL,BZ,BHARATIYA GLOBAL INFO LTD,H
BHARATGEAR,BE,BHARAT GEARS LTD,H
BLBLIMITED,EQ,BLB LIMITED,H
BOSS,SM,BOSS PACKAGING SOLU LTD,H
BULKCORP,SM,BULKCORP INTERNATIONAL L,H
CMICABLES,BZ,CMI LIMITED,H
COMPINFO,BZ,COMPUAGE INFOCOM LTD,H
CURAA,BE,CURA TECHNOLOGIES LIMITED,H
CYBERTECH,BE,CYBERTECH SYSTEMS & SOFTW,H
DHARAN,BZ,DHARAN INFRA-EPC LIMITED,H
DOLPHIN,EQ,DOLPHIN OFF ENT (IND) L,H
DREDGECORP,EQ,DREDGING CORP OF INDIA,H
EASTSILK,BE,EASTERN SILK INDUSTRIES L,H
EMKAY,BE,EMKAY GLOBAL FIN SERV LTD,H
EUROTEXIND,EQ,EUROTEX INDUSTRIES LTD,H
FCL,EQ,FINEOTEX CHEMICAL LIMITED,H
FCONSUMER,BE,FUTURE CONSUMER LIMITED,H
FMNL,BE,FUTURE MKT NETWORKS LTD,H
GATECHDVR,EQ,GACM TECHNOLOGIES LIMITED,H
GAYAHWS,BE,GAYATRI HIGHWAYS LIMITED,H
GAYAPROJ,BZ,GAYATRI PROJECTS LTD,H
GFSTEELS,BE,GRAND FOUNDRY LTD,H
GKENERGY,EQ,GK ENERGY LIMITED,H
GLFL,BE,GUJARAT LEASE FINANCING L,H
GVKPIL,BE,GVK POW. & INFRA LTD.,H
HNGSNGBEES,EQ,NIP IND ETF HANGSENG BEES,H
IL&FSENGG,BZ,IL&FS ENG AND CONS CO LTD,H
IL&FSTRANS,BZ,IL&FS TRANS NET LTD,H
INNOMET,SM,INNOMET ADVANCED MATERI L,H
ISHAN,SM,ISHAN INTERNATIONAL LTD,H
ISHANCH,BE,ISHAN DYES N CHEMICALS L,H
IZMO,BE,IZMO LIMITED,H
JPASSOCIAT,BE,JAIPRAKASH ASSOCIATES LTD,H
K2INFRA,SM,K2 INFRAGEN LIMITED,H
KODYTECH,SM,KODY TECHNOLAB LIMITED,H
LAKPRE,BZ,LAKSHMI PRE SCRE LTD,H
LANCORHOL,EQ,LANCOR HOLDINGS LIMITED,H
LATTEYS,BE,LATTEYS INDUSTRIES LTD,H
LOTUSEYE,BE,LOTUS EYE HOSP & INST L,H
LRRPL,SM,LEAD REC AND RUB PROD LTD,H
MAFANG,EQ,MIRAEAMC - MAFANG,H
MAGSON,SM,MAGSON RETAIL AND DIST L,H
MAHKTECH,EQ,MIRAEAMC - MAHKTECH,H
MAL,SM,MANGALAM ALLOYS LIMITED,H
MASPTOP50,EQ,MIRAEAMC - MASPTOP50,H
MEGAFLEX,SM,MEGA FLEX PLASTICS LTD,H
MEGASOFT,EQ,MEGASOFT LTD,H
MEP,BZ,MEP INFRA. DEVELOPERS LTD,H
MONOLITH,SM,MONOLITHISCH INDIA LTD,H
NEELAM,SM,NEELAM LINENS & GAR (I) L,H
ONELIFECAP,EQ,ONELIFE CAP ADVISORS LTD,H
OSELDEVICE,ST,OSEL DEVICES LIMITED,H
PENTAGON,ST,PENTAGON RUBBER LIMITED,H
PRAXIS,BE,PRAXIS HOME RETAIL LTD,H
RAJRILTD,BE,RAJ RAYON INDUSTRIES LTD,H
REFRACTORY,SM,REFRACTORY SHAPES LIMITED,H
RNPL,SM,RENOL POLYCHEM LIMITED,H
ROLLT,EQ,ROLLATAINERS LIMITED,H
ROLTA,BZ,ROLTA INDIA LTD,H
RPEL,EQ,RAGHAV PRODUCTIVITY ENH L,H
SABEVENTS,BE,SAB EVENTS & GOVERNANCE,H
SADHNANIQ,BE,SADHANA NITROCHEM LIMITED,H
SANCO,BZ,SANCO INDUSTRIES LIMITED,H
SANWARIA,BZ,SANWARIA CONSUMER LIMITED,H
SATIPOLY,SM,SATI POLY PLAST LIMITED,H
SETUINFRA,BZ,SETUBANDHAN INFRA LTD,H
SEYAIND,BE,SEYA INDUSTRIES LIMITED,H
SICALLOG,BE,SICAL LOGISTICS LIMITED,H
SIGMA,BE,SIGMA SOLVE LIMITED,H
SIKKO,BE,SIKKO INDUSTRIES LIMITED,H
SITINET,BZ,SITI NETWORKS LIMITED,H
SKIL,BZ,SKIL INFRASTRUCTURE LTD.,H
SMLISUZU,EQ,SML ISUZU LIMITED,H
SOLEX,EQ,SOLEX ENERGY LIMITED,H
SOMATEX,BE,SOMA TEXTILEI NDUSTRIES L,H
SUULD,BZ,SUUMAYA INDUSTRIES LTD,H
SWANDEF,BE,SWAN DEFENCE N HEVY IND L,H
TAC,ST,TAC INFOSEC LIMITED,H
TAKE,BE,TAKE SOLUTIONS LTD,H
TECHD,ST,TECHD CYBERSECURITY LTD,H
TECHLABS,SM,TRIDENT TECHLABS LIMITED,H
TECILCHEM,BE,TECIL CHEMICALS,H
TERASOFT,BE,TERA SOFTWARE LIMITED,H
THANGAMAYL,EQ,THANGAMAYIL JEWELLERY LTD,H
TIMESCAN,SM,TIMESCAN LOGISTICS IND L,H
TREJHARA,BE,TREJHARA SOLUTIONS LTD,H
UEL,BE,UJAAS ENERGY LIMITED,H
UNITECH,EQ,UNITECH LTD,H
UNITEDPOLY,BE,UNITED POLYFAB GUJ. LTD.,H
UNIVAFOODS,BE,UNIVA FOODS LIMITED,H
V2RETAIL,EQ,V2 RETAIL LIMITED,H
VELS,SM,VELS FILM INTERNATIONAL L,H
VGL,BE,VARVEE GLOBAL LIMITED,H
VIAZ,ST,VIAZ TYRES LIMITED,H
VISAMAN,ST,VISAMAN GLOBAL SALES LTD,H
VISASTEEL,BE,VISA STEEL LIMITED,H
VITAL,SM,VITAL CHEMTECH LIMITED,H
YAARI,BE,YAARI DIGI INT SER LTD,H
ABMINTLLTD,BE,ABM INTERNATIONAL LTD,L
AGSTRA,BZ,AGS TRANSACT TECH LTD,L
ALPSINDUS,BE,ALPS INDUSTRIES LTD.,L
ARTNIRMAN,EQ,ART NIRMAN LIMITED,L
ARVINDPORT,SM,ARVIND PORT AND INFRA LTD,L
ASPIRE,SM,ASPIRE & INNOVATIVE ADV L,L
ATLANTAA,BE,ATLANTAA LIMITED,L
BALAJIPHOS,ST,BALAJI PHOSPHATES LIMITED,L
BLUECHIP,BE,BLUE CHIP INDIA LIMITED,L
CAPTRUST,EQ,CAPITAL TRUST LIMITED,L
CEREBRAINT,BZ,CEREBRA INT TECH LTD,L
DELPH-RE,BE,ELPHI WORLD MONEY LTD,L
DIGJAMLMTD,BE,DIGJAM LTD,L
DRONE,SM,DRONE DESTINATION LIMITED,L
DYNAMIC,SM,DYNAMIC SRVCS & SEC LTD,L
EDUCOMP,BZ,EDUCOMP SOLUTIONS LTD,L
EMKAY,BE,EMKAY GLOBAL FIN SERV LTD,L
ESSARSHPNG,BE,ESSAR SHIPPING LTD,L
EXCEL,BE,EXCEL REALTY N INFRA LTD,L
FEL,BZ,FUTURE ENTERPRISES LTD,L
FLEXITUFF,EQ,FLEXITUFF VENTURES INT L,L
FLFL,BZ,FUT LIFESTYLE FASH LTD,L
GENSOL,BZ,GENSOL ENGINEERING LTD,L
GIRIRAJ,SM,GIRIRAJ CIVIL DEVP LTD,L
GLFL,BE,GUJARAT LEASE FINANCING L,L
GOENKA,BZ,GOENKA DIAMOND&JEWELS LTD,L
GUJRAFFIA,BE,GUJARAT RAFFIA INDUST LTD,L
GVKPIL,BE,GVK POW. & INFRA LTD.,L
HOMESFY,SM,HOMESFY REALTY LIMITED,L
HRHNEXT,SM,HRH NEXT SERVICES LIMITED,L
HYBRIDFIN,BE,HYBRID FINANCIAL SERVICE,L
INDIFRA,ST,INDIFRA LIMITED,L
INFOMEDIA,BE,INFOMEDIA PRESS LIMITED,L
INNOMET,SM,INNOMET ADVANCED MATERI L,L
IWARE,ST,IWARE SUPPLYCHAIN SER LTD,L
JAYBEE,SM,JAY BEE LAMINATIONS LTD,L
JAYESH,ST,JAYESH LOGISTICS LIMITED,L
JPASSOCIAT,BE,JAIPRAKASH ASSOCIATES LTD,L
KAVDEFENCE,BE,KAVVERI DFS & WIR TEC LTD,L
KCK,ST,KCK INDUSTRIES LTD,L
KONSTELEC,SM,KONSTELEC ENGINEERS LTD,L
KTL,SZ,KALAHRIDHAAN TRENDZ LTD,L
LASA,BE,LASA SUPERGENERICS LTD,L
LGHL,EQ,LAXMI GOLDORNA HOUSE LTD,L
MARSHALL,BZ,MARSHALL MACHINES LTD,L
MEDIORG,SM,MEDICAMEN ORGANICS LTD,L
MTEDUCARE,BE,MT EDUCARE LTD,L
MVKAGRO,ST,M.V.K. AGRO FOOD PROD LTD,L
NAVKARURB,BE,NAVKAR URBANSTRUCTURE LTD,L
NECLIFE,BE,NECTAR LIFESCIENCES LTD.,L
NEWJAISA,ST,NEWJAISA TECHNOLOGIES LTD,L
NIRMAN,SM,NIRMAN AGRI GENTICS LTD,L
OMAXAUTO,EQ,OMAX AUTOS LTD,L
OMKARCHEM,BZ,OMKAR SPL CHEM LTD,L
ORTEL,BZ,ORTEL COMMUNICATIONS LTD,L
PARTH,ST,PARTH ELEC & ENG LTD,L
PERFECT,SZ,PERFECT INFRAENGINEER LTD,L
PIGL,BE,POWER INSTRUMENT (G) LTD,L
PKTEA,BE,THE P K TEA PROD CO LTD,L
POLYSIL,ST,POLYSIL IRRIGATION SYST L,L
PURVFLEXI,ST,PURV FLEXIPACK LIMITED,L
QUINTEGRA,BE,QUINTEGRA SOLUTIONS LTD.,L
QVCEL,SM,QVC EXPORTS LIMITED,L
RELINFRA,BE,RELIANCE INFRASTRUCTU LTD,L
SAAKSHI,ST,SAAKSHI MEDTEC N PANELS L,L
SAMAY,ST,SAMAY PROJECT SERVICES L,L
SANCO,BZ,SANCO INDUSTRIES LIMITED,L
SECL,ST,SALASAR EXTERIOR CONT LTD,L
SEJALLTD,BE,SEJAL GLASS LIMITED,L
SETUINFRA,BZ,SETUBANDHAN INFRA LTD,L
SITINET,BZ,SITI NETWORKS LIMITED,L
SKIL,BZ,SKIL INFRASTRUCTURE LTD.,L
SLONE,SM,SLONE INFOSYSTEMS LIMITED,L
SONUINFRA,SM,SONU INFRATECH LIMITED,L
STALLION,BE,STALLION IND FLUOROCHEM L,L
SUPREMEENG,BZ,SUPREME ENGINEERING LTD,L
SUULD,BZ,SUUMAYA INDUSTRIES LTD,L
SYNOPTICS,SM,SYNOPTICS TECHNOLOGIES L,L
TGL,SM,TEERTH GOPICON LIMITED,L
TNTELE,EQ,TAMILNADU TELECOMMUNICATI,L
UEL,BE,UJAAS ENERGY LIMITED,L
VERTEXPLUS,ST,VERTEXPLUS TECHNOLOGIES L,L
VOLERCAR,ST,VOLER CAR LIMITED,L
VSCL,SM,VADIVARHE SPCLTY CHEM LTD,L
WAAREEINDO,BE,INDOSOLAR LIMITED,L
WELINV,BE,WELSPUN INV & COMM LTD,L
WINSOME,BZ,WINSOME YARNS LIMITED,L
