SECURITY,NEW,PREVIOUS,NEW_STATUS
AAREY DRUGS & PHARM LTD       ,96.86,94.97,H
ADITYA BIRLA CAPITAL LTD.     ,335.70,333.30,H
ADITYA VISION LIMITED         ,598.00,587.00,H
AIMTRON ELECTRONICS LTD       ,890.00,838.85,H
ALLIED BLEND N DISTILS L      ,689.90,671.40,H
ANONDITA MEDICARE LIMITED     ,625.45,595.70,H
ASL INDUSTRIES LIMITED        ,85.10,83.45,H
AXISAMC - AXISVALUE           ,31.24,31.23,H
C P S SHAPERS LIMITED         ,1079.90,1051.00,H
CHOICE INTERNATIONAL LTD      ,841.00,838.00,H
CUMMINS INDIA LTD             ,4402.90,4399.70,H
DIVINE POWER ENERGY LTD       ,293.90,288.15,H
DSPAMC - DSPPSBKETF           ,84.16,83.27,H
ECOLINE EXIM LIMITED          ,143.90,142.00,H
EPACK PREFAB TECHN LTD        ,302.00,282.77,H
GE VERNOVA T&D INDIA LTD      ,3323.80,3204.90,H
HDFCAMC HDFCPSUBK             ,84.84,83.38,H
ICICIPRAMC - VAL30IETF        ,14.56,14.46,H
IFB AGRO INDUSTRIES LTD       ,1529.60,1373.15,H
INDIAN BANK                   ,887.80,879.00,H
INDUS INFRA TRUST             ,124.50,121.90,H
INOX GREEN ENERGY SER LTD     ,279.00,274.90,H
JAYESH LOGISTICS LIMITED      ,121.95,122.00,H
KNOWLEDGE MARINE & EN W L     ,2770.00,2599.90,H
L&T FINANCE LIMITED           ,279.95,273.57,H
LG BALAKRISHNAN & BROS        ,1650.00,1600.00,H
MAHAMAYA STEEL INDS LTD       ,626.95,617.00,H
MEGASOFT LTD                  ,221.90,214.00,H
MIRAEAMC - BANKPSU            ,84.13,83.09,H
MONOLITHISCH INDIA LTD        ,509.10,499.00,H
MOTILALAMC - MOVALUE          ,114.72,114.10,H
MULTI COMMODITY EXCHANGE      ,9624.00,9617.00,H
N R VANDANA TEX IND LTD       ,62.50,61.00,H
NAVIN FLUORINE INT. LTD       ,6099.00,5839.00,H
OSEL DEVICES LIMITED          ,677.95,657.80,H
P S RAJ STEELS LIMITED        ,281.00,278.00,H
PASHUPATI COTSPIN LIMITED     ,820.00,815.00,H
PENNAR INDUSTRIES LTD         ,272.90,269.20,H
PRAMARA PROMOTIONS LTD        ,328.00,326.25,H
PRIME CABLE INDUSTRIES L      ,123.65,105.10,H
PRIVI SPECIALITY CHE LTD      ,2965.30,2954.70,H
PSP PROJECTS LIMITED          ,996.00,949.85,H
RENOL POLYCHEM LIMITED        ,118.80,108.00,H
RHETAN TMT LIMITED            ,23.98,23.70,H
RUBICON RESEARCH LIMITED      ,663.00,639.70,H
S.A.L. STEEL LTD.             ,39.30,38.53,H
SAVY INFRA AND LOGI LTD       ,168.95,167.40,H
SBFC FINANCE LIMITED          ,123.00,120.50,H
SBI LIFE INSURANCE CO LTD     ,1982.20,1978.70,H
SENORES PHARMACEUTICALS L     ,793.00,790.00,H
SHREEJI SHIPPING GLOBAL L     ,276.90,275.00,H
SHRINGAR HOU OF MANGALS L     ,235.00,227.00,H
SJS ENTERPRISES LIMITED       ,1644.70,1628.00,H
SOMA TEXTILEI NDUSTRIES L     ,146.27,139.31,H
SRM CONTRACTORS LIMITED       ,606.00,584.90,H
SUNLITE RECYCLING IND LTD     ,222.80,210.00,H
SWAN DEFENCE N HEVY IND L     ,773.25,736.45,H
TANKUP ENGINEERS LIMITED      ,562.95,551.95,H
TD POWER SYSTEMS LTD.         ,849.95,787.00,H
TECHD CYBERSECURITY LTD       ,803.45,794.00,H
V2 RETAIL LIMITED             ,2564.10,2465.00,H
VINTAGE COFFEE N BVRGS L      ,172.00,169.60,H
VOLER CAR LIMITED             ,255.00,249.90,H
VST TILLERS TRACTORS LTD      ,6149.00,6127.00,H
WEWORK INDIA MANAGEMENT L     ,664.00,655.00,H
ASPIRE & INNOVATIVE ADV L     ,17.60,17.75,L
CLEAN SCIENCE & TECH LTD      ,985.00,1007.00,L
ELPHI WORLD MONEY LTD         ,8.35,9.28,L
FUTURE ENTERPRISES LTD        ,0.43,0.44,L
GEM AROMATICS LIMITED         ,219.98,223.00,L
GO FASHION INDIA LTD          ,638.00,642.30,L
HDB FINANCIAL SERVICES L      ,722.10,727.30,L
INDIAN EMULSIFERS LTD         ,15.25,15.35,L
JAY BEE LAMINATIONS LTD       ,155.95,172.70,L
JAYESH LOGISTICS LIMITED      ,114.00,122.00,L
KALAHRIDHAAN TRENDZ LTD       ,4.15,4.20,L
KAUSHALYA LOGISTICS LTD       ,49.90,51.35,L
MARSHALL MACHINES LTD         ,4.06,4.28,L
MEDISTEP HEALTHCARE LTD       ,24.50,26.00,L
MONEYBOXX FINANCE LIMITED     ,148.00,153.34,L
PERFECT INFRAENGINEER LTD     ,3.75,3.80,L
QUADRANT FUTURE TEK LTD       ,287.40,314.50,L
R K SWAMY LIMITED             ,130.00,131.00,L
ROTO PUMPS LIMITED            ,69.48,69.86,L
SALASAR EXTERIOR CONT LTD     ,5.40,5.45,L
SANCO INDUSTRIES LIMITED      ,1.67,1.76,L
SG MART LIMITED               ,330.75,334.00,L
SKIL INFRASTRUCTURE LTD.      ,1.12,1.18,L
SPENCER S RETAIL LIMITED      ,50.01,50.40,L
STUDIO LSD LIMITED            ,18.30,18.40,L
SURAJ LIMITED                 ,277.10,278.20,L
SUUMAYA INDUSTRIES LTD        ,1.64,1.72,L
TROM INDUSTRIES LIMITED       ,90.15,90.50,L
TRUALT BIOENERGY LIMITED      ,432.00,439.25,L
UDAYSHIVAKUMAR INFRA LTD      ,25.62,26.83,L
UNITED FOODBRANDS LIMITED     ,200.65,203.00,L
VEDANT FASHIONS LIMITED       ,638.00,643.00,L
