SERIES,SYMBOL,SECURITY,RECORD_DT,BC_STRT_DT,BC_END_DT,EX_DT,ND_STRT_DT,ND_END_DT,PURPOSE
NA,1040NFL26,Sec Re NCD 10.40% Sr.II,2026-02-26,,,2026-02-26,,,INTEREST PAYMENT
UA,1040NFL26,Sec Re NCD 10.40% Sr.II,2026-02-26,,,2026-02-26,,,INTEREST PAYMENT
N7,1050NFL26,Sec Re NCD 10.50% Sr.IV,2026-03-03,,,2026-03-02,,,INTEREST PAYMENT
U7,1050NFL26,Sec Re NCD 10.50% Sr.IV,2026-03-03,,,2026-03-02,,,INTEREST PAYMENT
NC,1065NFL27,Sec Re NCD 10.65% Sr.IV,2026-02-26,,,2026-02-26,,,INTEREST PAYMENT
UC,1065NFL27,Sec Re NCD 10.65% Sr.IV,2026-02-26,,,2026-02-26,,,INTEREST PAYMENT
NB,1090NFL26,Sec Re NCD 10.90% Sr.III,2026-02-26,,,2026-02-26,,,INTEREST PAYMENT
UB,1090NFL26,Sec Re NCD 10.90% Sr.III,2026-02-26,,,2026-02-26,,,INTEREST PAYMENT
N5,10CAGL27,Sec Re NCD 10% Sr. V,2026-02-27,,,2026-02-27,,,INTEREST PAYMENT
U5,10CAGL27,Sec Re NCD 10% Sr. V,2026-02-27,,,2026-02-27,,,INTEREST PAYMENT
ND,1119NFL27,Sec Re NCD 11.19% Sr.V,2026-02-26,,,2026-02-26,,,INTEREST PAYMENT
UD,1119NFL27,Sec Re NCD 11.19% Sr.V,2026-02-26,,,2026-02-26,,,INTEREST PAYMENT
N0,116VCCL26,VCCL 11.6% 2026 Sr A,2026-02-27,,,2026-02-27,,,INTEREST PAYMENT
N0,1180VCCL26,VCCL 11.80% 2026 Sr B,2026-02-27,,,2026-02-27,,,INTEREST PAYMENT
N0,119VCCL26,Vedika Credit 11.9% 2026,2026-02-25,,,2026-02-25,,,INTEREST PAYMENT
N0,12AFIL27A,AFIL 12% 2027,2026-02-28,,,2026-02-27,,,INTEREST PAYMENT
N0,12AFIL28,AFIL 12% 2028,2026-03-01,,,2026-02-27,,,INTEREST PAYMENT
N0,12VCCL27A,VCCL 12% 2027 Sr C,2026-02-27,,,2026-02-27,,,INTEREST PAYMENT
N0,12VCCL28,VCCL 12% 2028,2026-03-01,,,2026-02-27,,,INTEREST PAYMENT
TB,182D050326,GOI TBILL 182D-05/03/26,2026-03-02,,,2026-03-02,,,REDEMPTION
TB,182D120326,GOI TBILL 182D-12/03/26,2026-03-10,,,2026-03-10,,,REDEMPTION
TB,182D270226,GOI TBILL 182D-27/02/26,2026-02-25,,,,,,REDEMPTION
TB,364D050326,GOI TBILL 364D-05/03/26,2026-03-02,,,2026-03-02,,,REDEMPTION
TB,364D120326,GOI TBILL 364D-12/03/26,2026-03-10,,,2026-03-10,,,REDEMPTION
TB,364D270226,GOI TBILL 364D-27/02/26,2026-02-25,,,,,,REDEMPTION
SG,629HP26,SDL HP 6.29% 2026,2026-03-09,,,2026-03-09,,,REDEMPTION
N0,701NBRD29,NBRD 7.01% 2029 Sr 26D,2026-02-27,,,2026-02-27,,,INTEREST PAYMENT
N0,70826LTF28,LTFL 7.0826% 2028 Sr H,2026-02-27,,,2026-02-27,,,INTEREST PAYMENT
SG,729PY26,SDL PY 7.29% 2026,2026-03-11,,,2026-03-11,,,REDEMPTION
N1,735PGCIL34,PGCL 7.35% 2034 Sr LXXVI,2026-02-25,,,2026-02-25,,,INTEREST PAYMENT
U1,735PGCIL34,PGCL 7.35% 2034 Sr LXXVI,2026-02-25,,,2026-02-25,,,INTEREST PAYMENT
N0,742SIDBI29,SIDBI 7.42% 2029 Sr VII,2026-02-25,,,2026-02-25,,,INTEREST PAYMENT
N0,745PFCL28,PFCL 7.45% 2028 Sr 248B,2026-03-02,,,2026-03-02,,,INTEREST PAYMENT
NA,755PFC27,PFC 7.55% 2027 Sr BS238,2026-02-25,,,2026-02-25,,,INTEREST PAYMENT
UA,755PFC27,PFC 7.55% 2027 Sr BS238,2026-02-25,,,2026-02-25,,,INTEREST PAYMENT
N0,773LICH27,LICH 7.73% 2027 TR 453,2026-03-03,,,2026-03-02,,,INTEREST PAYMENT
N0,775PFCL26A,PFCL 7.75% 2026 Sr 248A,2026-03-02,,,2026-03-02,,,INTEREST PAYMENT
N0,78NABARD27,NABARD 7.80% 2027 Sr 24E,2026-02-27,,,2026-02-27,,,INTEREST PAYMENT
N0,793NIIF32,NIIF 7.93% 2032 Sr PP 6,2026-03-03,,,2026-03-02,,,INTEREST PAYMENT
GS,795GS2032,GOI LOAN 7.95% 2032,2026-02-27,,,2026-02-27,,,INTEREST PAYMENT
N2,795NIIF36,NIFL 7.95% 2036 Sr 7,2026-02-26,,,2026-02-26,,,INTEREST PAYMENT
U2,795NIIF36,NIFL 7.95% 2036 Sr 7,2026-02-26,,,2026-02-26,,,INTEREST PAYMENT
NB,8016ABCL29,ABCL 8.0163% 2029 Sr L2,2026-03-02,,,2026-03-02,,,INTEREST PAYMENT
UB,8016ABCL29,ABCL 8.0163% 2029 Sr L2,2026-03-02,,,2026-03-02,,,INTEREST PAYMENT
N7,801TCH28,Sec Red NCD 8.01% Sr.IV,2026-02-26,,,2026-02-26,,,INTEREST PAYMENT
U7,801TCH28,Sec Red NCD 8.01% Sr.IV,2026-02-26,,,2026-02-26,,,INTEREST PAYMENT
ND,80208ABC30,ABCL 8.0208% 2030 Sr L3,2026-03-02,,,2026-03-02,,,INTEREST PAYMENT
UD,80208ABC30,ABCL 8.0208% 2030 Sr L3,2026-03-02,,,2026-03-02,,,INTEREST PAYMENT
N0,805NIT32,NIT 8.05% 2032 Sr 1,2026-02-26,,,2026-02-26,,,INTEREST PAYMENT
N8,81TCHF28,Sec Red NCD 8.10% Sr.IV,2026-02-26,,,2026-02-26,,,INTEREST PAYMENT
U8,81TCHF28,Sec Red NCD 8.10% Sr.IV,2026-02-26,,,2026-02-26,,,INTEREST PAYMENT
NQ,824LTF27,L&T Fin 8.24% 2027 Sr J,2026-02-27,,,2026-02-27,,,INTEREST PAYMENT
UQ,824LTF27,L&T Fin 8.24% 2027 Sr J,2026-02-27,,,2026-02-27,,,INTEREST PAYMENT
N1,8254KSFP29,Kisetsu 8.254% 2029 SrL2,2026-03-02,,,2026-03-02,,,INTEREST PAYMENT
U1,8254KSFP29,Kisetsu 8.254% 2029 SrL2,2026-03-02,,,2026-03-02,,,INTEREST PAYMENT
N5,8277SMF27,SICCL 8.277% 2027 Sr 107,2026-02-25,,,2026-02-25,,,INTEREST PAYMENT
U5,8277SMF27,SICCL 8.277% 2027 Sr 107,2026-02-25,,,2026-02-25,,,INTEREST PAYMENT
NL,833ABCL27,ABCL 8.33% 2027 Sr L1,2026-03-02,,,2026-03-02,,,INTEREST PAYMENT
UL,833ABCL27,ABCL 8.33% 2027 Sr L1,2026-03-02,,,2026-03-02,,,INTEREST PAYMENT
N0,835KSFL27,Kisetsu 8.35% 2027 Sr L1,2026-03-02,,,2026-03-02,,,INTEREST PAYMENT
N5,850NHAI29,8.50% Tax Free Tr I S IIA,2026-02-27,,,2026-02-27,,,INTEREST PAYMENT
U5,850NHAI29,8.50% Tax Free Tr I S IIA,2026-02-27,,,2026-02-27,,,INTEREST PAYMENT
NG,852LTF27,SeReNCD 8.52% Sr.VII OpI,2026-02-27,,,2026-02-27,,,INTEREST PAYMENT
UG,852LTF27,SeReNCD 8.52% Sr.VII OpI,2026-02-27,,,2026-02-27,,,INTEREST PAYMENT
N2,855IREDA29,IREDA 8.55NCDTr I Sr II A,2026-02-26,,,2026-02-26,,,INTEREST PAYMENT
U2,855IREDA29,IREDA 8.55NCDTr I Sr II A,2026-02-26,,,2026-02-26,,,INTEREST PAYMENT
N3,855IREDA34,IREDA 8.55NCDTr I Sr IIIA,2026-02-26,,,2026-02-26,,,INTEREST PAYMENT
U3,855IREDA34,IREDA 8.55NCDTr I Sr IIIA,2026-02-26,,,2026-02-26,,,INTEREST PAYMENT
NR,860CIFCL29,Chola 8.60% 2029 Sr 638,2026-02-27,,,2026-02-27,,,INTEREST PAYMENT
UR,860CIFCL29,Chola 8.60% 2029 Sr 638,2026-02-27,,,2026-02-27,,,INTEREST PAYMENT
N0,860MFL28,MFL 8.60% 2028,2026-03-03,,,2026-03-02,,,INTEREST PAYMENT
N6,875NHAI29,8.75% Tax Free Tr I S IIB,2026-02-27,,,2026-02-27,,,INTEREST PAYMENT
U6,875NHAI29,8.75% Tax Free Tr I S IIB,2026-02-27,,,2026-02-27,,,INTEREST PAYMENT
NH,87LTF27,SeReNCD 8.70% Sr.VII OpII,2026-02-27,,,2026-02-27,,,INTEREST PAYMENT
UH,87LTF27,SeReNCD 8.70% Sr.VII OpII,2026-02-27,,,2026-02-27,,,INTEREST PAYMENT
N5,880IREDA29,IREDA 8.80NCDTr I Sr II B,2026-02-26,,,2026-02-26,,,INTEREST PAYMENT
U5,880IREDA29,IREDA 8.80NCDTr I Sr II B,2026-02-26,,,2026-02-26,,,INTEREST PAYMENT
N6,880IREDA34,IREDA 8.80NCDTr I Sr IIIB,2026-02-26,,,2026-02-26,,,INTEREST PAYMENT
U6,880IREDA34,IREDA 8.80NCDTr I Sr IIIB,2026-02-26,,,2026-02-26,,,INTEREST PAYMENT
N6,884LTF29,Se Re NCD 8.84% Sr.VI Op1,2026-02-26,,,2026-02-26,,,INTEREST PAYMENT
U6,884LTF29,Se Re NCD 8.84% Sr.VI Op1,2026-02-26,,,2026-02-26,,,INTEREST PAYMENT
N7,898LTF29,SeReNCD 8.98% Sr.VI Op2,2026-02-26,,,2026-02-26,,,INTEREST PAYMENT
U7,898LTF29,SeReNCD 8.98% Sr.VI Op2,2026-02-26,,,2026-02-26,,,INTEREST PAYMENT
TB,91D050326,GOI TBILL 91D-05/03/26,2026-03-02,,,2026-03-02,,,REDEMPTION
TB,91D120326,GOI TBILL 91D-12/03/26,2026-03-10,,,2026-03-10,,,REDEMPTION
N0,920ISF28B,ISF 9.20% 2028 Sr A,2026-02-25,,,2026-02-25,,,INTEREST PAYMENT
N0,925ISF29,ISF 9.25% 2029 Sr B,2026-02-25,,,2026-02-25,,,INTEREST PAYMENT
N4,92LTF29,Se Re NCD 9.20% Sr.V Op1,2026-02-26,,,2026-02-26,,,INTEREST PAYMENT
U4,92LTF29,Se Re NCD 9.20% Sr.V Op1,2026-02-26,,,2026-02-26,,,INTEREST PAYMENT
N5,935LTF29,Se Re NCD 9.35% Sr.V Op2,2026-02-26,,,2026-02-26,,,INTEREST PAYMENT
U5,935LTF29,Se Re NCD 9.35% Sr.V Op2,2026-02-26,,,2026-02-26,,,INTEREST PAYMENT
N0,965ISF28,ISF 9.65% 2028,2026-02-25,,,2026-02-25,,,INTEREST PAYMENT
N0,975ISF28,ISF 9.75% NCD 2028,2026-03-01,,,2026-02-27,,,INTEREST PAYMENT
N0,975PCPL27,PCPL 9.75% 2027,2026-03-02,,,2026-03-02,,,INTEREST PAYMENT
BE,ANGELONE,Angel One Limited,2026-02-26,,,2026-02-26,,,FVSPLT FRM RS 10 TO RE 1
BL,ANGELONE,Angel One Limited,2026-02-26,,,2026-02-26,,,FVSPLT FRM RS 10 TO RE 1
EQ,ANGELONE,Angel One Limited,2026-02-26,,,2026-02-26,,,FVSPLT FRM RS 10 TO RE 1
IQ,ANGELONE,Angel One Limited,2026-02-26,,,2026-02-26,,,FVSPLT FRM RS 10 TO RE 1
T0,ANGELONE,Angel One Limited,2026-02-26,,,2026-02-26,,,FVSPLT FRM RS 10 TO RE 1
TL,ANGELONE,Angel One Limited,2026-02-26,,,2026-02-26,,,FVSPLT FRM RS 10 TO RE 1
BE,AQYLON,Aqylon Nexus Limited,2026-03-05,,,2026-03-05,,,FVSPLT FRM RS 10 TO RE 1
BL,AQYLON,Aqylon Nexus Limited,2026-03-05,,,2026-03-05,,,FVSPLT FRM RS 10 TO RE 1
EQ,AQYLON,Aqylon Nexus Limited,2026-03-05,,,2026-03-05,,,FVSPLT FRM RS 10 TO RE 1
IQ,AQYLON,Aqylon Nexus Limited,2026-03-05,,,2026-03-05,,,FVSPLT FRM RS 10 TO RE 1
BL,BANKNIFTY1,KOTAKMAMC - KOTAKBKETF,2026-02-27,,,2026-02-27,,,FVSPLT FRM RS 10 TO RE 1
EQ,BANKNIFTY1,KOTAKMAMC - KOTAKBKETF,2026-02-27,,,2026-02-27,,,FVSPLT FRM RS 10 TO RE 1
BE,BHANDARI,Bhandari Hosiery Exp Ltd,2026-02-25,,,2026-02-25,,,RIGHTS 4:5 @PRM RS 1.56
BL,BHANDARI,Bhandari Hosiery Exp Ltd,2026-02-25,,,2026-02-25,,,RIGHTS 4:5 @PRM RS 1.56
EQ,BHANDARI,Bhandari Hosiery Exp Ltd,2026-02-25,,,2026-02-25,,,RIGHTS 4:5 @PRM RS 1.56
IQ,BHANDARI,Bhandari Hosiery Exp Ltd,2026-02-25,,,2026-02-25,,,RIGHTS 4:5 @PRM RS 1.56
N0,CITI27,3M TBILL LKD 27 Sr 817,2026-03-01,,,,,,INT PAYMENT/REDEMPTION
BL,CONS,KOTAKMAMC - KOTAKCONS,2026-02-27,,,2026-02-27,,,FVSPLT FRM RS 10 TO RE 1
EQ,CONS,KOTAKMAMC - KOTAKCONS,2026-02-27,,,2026-02-27,,,FVSPLT FRM RS 10 TO RE 1
SL,DHARIWAL,Dhariwalcorp Limited,2026-02-27,,,2026-02-27,,,RIGHTS 1:1@PRM RE 0.50/-
SM,DHARIWAL,Dhariwalcorp Limited,2026-02-27,,,2026-02-27,,,RIGHTS 1:1@PRM RE 0.50/-
SQ,DHARIWAL,Dhariwalcorp Limited,2026-02-27,,,2026-02-27,,,RIGHTS 1:1@PRM RE 0.50/-
ST,DHARIWAL,Dhariwalcorp Limited,2026-02-27,,,2026-02-27,,,RIGHTS 1:1@PRM RE 0.50/-
BE,DVL,Dhunseri Petrochem Limite,2026-02-27,,,2026-02-27,,,INTDIV - RS 3.50 PER SH
BL,DVL,Dhunseri Petrochem Limite,2026-02-27,,,2026-02-27,,,INTDIV - RS 3.50 PER SH
EQ,DVL,Dhunseri Petrochem Limite,2026-02-27,,,2026-02-27,,,INTDIV - RS 3.50 PER SH
IQ,DVL,Dhunseri Petrochem Limite,2026-02-27,,,2026-02-27,,,INTDIV - RS 3.50 PER SH
N1,GFL27,GFL 6M OIS Link 2027 SrB,2026-02-28,,,2026-02-27,,,INTEREST PAYMENT
U1,GFL27,GFL 6M OIS Link 2027 SrB,2026-02-28,,,2026-02-27,,,INTEREST PAYMENT
GS,GS090326C,GOI STRIPS C 090326,2026-03-06,,,2026-03-06,,,REDEMPTION
GS,GS150326C,GOI STRIPS C 150326,2026-03-11,,,2026-03-11,,,REDEMPTION
BE,HCG,Healthcare Glob. Ent. Ltd,2026-03-02,,,2026-03-02,,,RIGHTS 1:17@PRM RS 502/-
BL,HCG,Healthcare Glob. Ent. Ltd,2026-03-02,,,2026-03-02,,,RIGHTS 1:17@PRM RS 502/-
EQ,HCG,Healthcare Glob. Ent. Ltd,2026-03-02,,,2026-03-02,,,RIGHTS 1:17@PRM RS 502/-
IQ,HCG,Healthcare Glob. Ent. Ltd,2026-03-02,,,2026-03-02,,,RIGHTS 1:17@PRM RS 502/-
BL,MIDCAP,KOTAKMAMC - KOTAKMID50,2026-02-27,,,2026-02-27,,,FVSPLT FRM RS 10 TO RE 1
EQ,MIDCAP,KOTAKMAMC - KOTAKMID50,2026-02-27,,,2026-02-27,,,FVSPLT FRM RS 10 TO RE 1
BE,NBCC,Nbcc (India) Ltd,2026-02-25,,,2026-02-25,,,INTDIV - RE 0.12 PER SH
BL,NBCC,Nbcc (India) Ltd,2026-02-25,,,2026-02-25,,,INTDIV - RE 0.12 PER SH
EQ,NBCC,Nbcc (India) Ltd,2026-02-25,,,2026-02-25,,,INTDIV - RE 0.12 PER SH
IQ,NBCC,Nbcc (India) Ltd,2026-02-25,,,2026-02-25,,,INTDIV - RE 0.12 PER SH
T0,NBCC,Nbcc (India) Ltd,2026-02-25,,,2026-02-25,,,INTDIV - RE 0.12 PER SH
TL,NBCC,Nbcc (India) Ltd,2026-02-25,,,2026-02-25,,,INTDIV - RE 0.12 PER SH
BL,NV20,KOTAKMAMC - KTKNV20ETF,2026-02-27,,,2026-02-27,,,FVSPLT FRM RS 10 TO RE 1
EQ,NV20,KOTAKMAMC - KTKNV20ETF,2026-02-27,,,2026-02-27,,,FVSPLT FRM RS 10 TO RE 1
SL,OLIL,Oneclick Logistics Ind L,2026-02-26,,,2026-02-26,,,RIGHTS 1:5 @PRM RS 303/-
SM,OLIL,Oneclick Logistics Ind L,2026-02-26,,,2026-02-26,,,RIGHTS 1:5 @PRM RS 303/-
SQ,OLIL,Oneclick Logistics Ind L,2026-02-26,,,2026-02-26,,,RIGHTS 1:5 @PRM RS 303/-
ST,OLIL,Oneclick Logistics Ind L,2026-02-26,,,2026-02-26,,,RIGHTS 1:5 @PRM RS 303/-
BE,SHREEJISPG,Shreeji Shipping Global L,2026-02-28,,,2026-02-27,,,INTDIV - RE 1 PER SH
BL,SHREEJISPG,Shreeji Shipping Global L,2026-02-28,,,2026-02-27,,,INTDIV - RE 1 PER SH
EQ,SHREEJISPG,Shreeji Shipping Global L,2026-02-28,,,2026-02-27,,,INTDIV - RE 1 PER SH
IQ,SHREEJISPG,Shreeji Shipping Global L,2026-02-28,,,2026-02-27,,,INTDIV - RE 1 PER SH
BL,SILVER1,KOTAKMAMC - KOTAKSILVE,2026-02-27,,,2026-02-27,,,FVSPLT FRM RS 10 TO RE 1
EQ,SILVER1,KOTAKMAMC - KOTAKSILVE,2026-02-27,,,2026-02-27,,,FVSPLT FRM RS 10 TO RE 1
BE,SILVERTUC,Silver Touch Techno Ltd,2026-03-06,,,2026-03-06,,,FVSPLT FRM RS 10 TO RS 2
BL,SILVERTUC,Silver Touch Techno Ltd,2026-03-06,,,2026-03-06,,,FVSPLT FRM RS 10 TO RS 2
EQ,SILVERTUC,Silver Touch Techno Ltd,2026-03-06,,,2026-03-06,,,FVSPLT FRM RS 10 TO RS 2
IQ,SILVERTUC,Silver Touch Techno Ltd,2026-03-06,,,2026-03-06,,,FVSPLT FRM RS 10 TO RS 2
BE,VGL,VARVEE GLOBAL LIMITED,2026-03-02,,,2026-03-02,,,FVSPLT FRM RS 10 TO RS 5
BL,VGL,VARVEE GLOBAL LIMITED,2026-03-02,,,2026-03-02,,,FVSPLT FRM RS 10 TO RS 5
EQ,VGL,VARVEE GLOBAL LIMITED,2026-03-02,,,2026-03-02,,,FVSPLT FRM RS 10 TO RS 5
IQ,VGL,VARVEE GLOBAL LIMITED,2026-03-02,,,2026-03-02,,,FVSPLT FRM RS 10 TO RS 5
