SYMBOL,SERIES,SECURITY,HIGH/LOW
679GS2034A,GS,GOI LOAN   6.79% 2034,H
883GS2041,GS,GOI LOAN 8.83% 2041,H
A2ZINFRA,EQ,A2Z INFRA ENGINEERING LTD,H
ANSALAPI,BZ,ANSAL PROP & INFRA LTD,H
ARIHANTACA,SM,ARIHANT ACADEMY LIMITED,H
ARVINDPORT,SM,ARVIND PORT AND INFRA LTD,H
AURIGROW,BE,AURI GROW INDIA LIMITED,H
AVROIND,EQ,AVRO INDIA LIMITED,H
BORANA,BE,BORANA WEAVES LIMITED,H
CEDAAR,SM,CEDAAR TEXTILE LIMITED,H
CEREBRAINT,BZ,CEREBRA INT TECH LTD,H
CKKRETAIL,ST,C K K RETAIL MART LIMITED,H
CONCORDBIO,EQ,CONCORD BIOTECH LIMITED,H
CONTI,SM,CONTINENTAL SEED CHEM LTD,H
CPPLUS,EQ,ADITYA INFOTECH LIMITED,H
DHARAN,BZ,DHARAN INFRA-EPC LIMITED,H
E2E,BE,E2E NETWORKS LIMITED,H
EASTSILK,BE,EASTERN SILK INDUSTRIES L,H
ESFL,SM,ESSEN SPECIALITY FILMS L,H
EXXARO,EQ,EXXARO TILES LIMITED,H
FEL,BZ,FUTURE ENTERPRISES LTD,H
FELDVR,BZ,FUTURE ENTERPRISES LTD,H
FLFL,BZ,FUT LIFESTYLE FASH LTD,H
GJL,SM,GROVER JEWELLS LIMITED,H
GLOBALE,EQ,GLOBALE TESSILE LIMITED,H
GOLDSTAR,SM,GOLDSTAR POWER LIMITED,H
HMT,BZ,HMT LTD -,H
IDEALTECHO,SM,IDEAL TECHNOPLAST IND LTD,H
IL&FSENGG,BZ,IL&FS ENG AND CONS CO LTD,H
LAKPRE,BZ,LAKSHMI PRE SCRE LTD,H
LCCINFOTEC,BE,LCC INFOTECH LTD,H
MAFANG,EQ,MIRAEAMC - MAFANG,H
MANDEEP,SM,MANDEEP AUTO INDUSTRIES L,H
MASPTOP50,EQ,MIRAEAMC - MASPTOP50,H
MAXVOLT,SM,MAXVOLT ENERGY INDUS L,H
MEGASTAR,EQ,MEGASTAR FOODS LIMITED,H
NEWJAISA,SM,NEWJAISA TECHNOLOGIES LTD,H
OSELDEVICE,SM,OSEL DEVICES LIMITED,H
PLADAINFO,SM,PLADA INFOTECH SERVICES L,H
PRESS-RE,ST,PRESSTONIC ENGINEERING L,H
PRESSTONIC,ST,PRESSTONIC ENGINEERING L,H
ROLLT,BE,ROLLATAINERS LIMITED,H
SADBHAV,EQ,SADBHAV ENGINEERING LTD,H
SAMBHAAV,EQ,SAMBHAAV MEDIA LTD,H
SECMARK,EQ,SECMARK CONSULTANCY LTD,H
SETCO,EQ,SETCO AUTOMOTIVE LTD,H
SHRENIK,BZ,SHRENIK LIMITED,H
SIDDHICOTS,ST,SIDDHI COTSPIN LIMITED,H
SILKFLEX,SM,SILKFLEX POLYMERS INDIA L,H
SOCL,SM,SUNDREX OIL COMPANY LTD,H
SPRL,SM,SP REFRACTORIES LIMITED,H
STALLION,EQ,STALLION IND FLUOROCHEM L,H
SUMEETINDS,EQ,SUMEET IND LIMITED,H
SUPREMEENG,BZ,SUPREME ENGINEERING LTD,H
TCC,EQ,TCC CONCEPT LIMITED,H
TCIFINANCE,BE,TCIFINANCELTD-ROLL SETT,H
TECHLABS,SM,TRIDENT TECHLABS LIMITED,H
TPHQ,EQ,TEAMO PRODUCTIONS HQ LTD,H
UCL,ST,USHANTI COLOUR CHEM LTD,H
UEL,EQ,UJAAS ENERGY LIMITED,H
UNITEDPOLY,EQ,UNITED POLYFAB GUJ. LTD.,H
UNIVASTU,EQ,UNIVASTU INDIA LIMITED,H
UNIVPHOTO,BE,UNIVERSUS IMAGINGS LTD,H
VILINBIO,ST,VILIN BIO MED LIMITED,H
VIPULLTD,BE,VIPUL LIMITED,H
VR,SM,V R INFRASPACE LIMITED,H
WINSOME,BZ,WINSOME YARNS LIMITED,H
ZENITHSTL,EQ,ZENITH STEEL PIP IND LTD,H
ABINFRA,EQ,A B INFRABUILD LIMITED,L
AGUL,SM,A G UNIVERSAL LIMITED,L
AQYLON,EQ,AQYLON NEXUS LIMITED,L
ASPIRE,SM,ASPIRE & INNOVATIVE ADV L,L
AURIGROW,BE,AURI GROW INDIA LIMITED,L
BALCO,SM,SOLVE PLASTIC PRODUCTS L,L
BCG,BE,BRIGHTCOM GROUP LIMITED,L
BLBLIMITED,BE,BLB LIMITED,L
BLUECOAST,EQ,BLUE COAST HOTELS LIMITED,L
BOHRAIND,BE,BOHRA INDUSTRIES LIMITED,L
BULKCORP,SM,BULKCORP INTERNATIONAL L,L
CLEDUCATE,EQ,CL EDUCATE LIMITED,L
COMSYN,EQ,COMMERCIAL SYN BAGS LTD,L
COOLCAPS,SM,COOL CAPS INDUSTRIES LTD,L
CPS,ST,C P S SHAPERS LIMITED,L
DCMSIL,BE,DCM SHRIRAM INTERNATNL L,L
DHARAN,BZ,DHARAN INFRA-EPC LIMITED,L
DIRL,SM,DHANUKA INFRA REALTY LTD,L
DSFCL,BE,DCM SHRIRAM FINE CHEM LTD,L
DURLAX-RE,ST,DURLAX TOP SURFACE L,L
ESCONET,SM,ESCONET TECHNOLOGIES LTD,L
FALCONTECH,SM,FALCON TECHNOPROJ IND LTD,L
FAZE3Q,BE,FAZE THREE LIMITED,L
FMNL,EQ,FUTURE MKT NETWORKS LTD,L
GANESHIN,SM,GANESH INFRAWORLD LIMITED,L
GENCON,EQ,GENERIC ENG CONS PROJ LTD,L
GLFL,BE,GUJARAT LEASE FINANCING L,L
GRAPHISAD,ST,GRAPHISADS LIMITED,L
GUJRAFFIA,EQ,GUJARAT RAFFIA INDUST LTD,L
GVKPIL,BE,GVK POW. & INFRA LTD.,L
HALDER,EQ,HALDER VENTURE LIMITED,L
HBSL,EQ,HB STOCKHOLDINGS LIMITED,L
HOLMARC,SM,HOLMARC OPTO MECHATRO L,L
HRHNEXT,SM,HRH NEXT SERVICES LIMITED,L
INDIFRA,SM,INDIFRA LIMITED,L
JALAN,SM,JALAN TRANSOLU. INDIA LTD,L
KDL,ST,KORE DIGITAL LIMITED,L
KSHITIJPOL,BE,KSHITIJ POLYLINE LIMITED,L
KSR,BE,KSR FOOTWEAR LIMITED,L
LANCORHOL,BE,LANCOR HOLDINGS LIMITED,L
LAXMICOT,BE,LAXMI COTSPIN LIMITED,L
LEXUS,BE,LEXUS GRANITO (INDIA) LTD,L
LRRPL,SM,LEAD REC AND RUB PROD LTD,L
MANGALAM,EQ,MANGALAM DRUG & CHEM LTD,L
MARUSHIKA,ST,MARUSHIKA TECHNOLOGY LTD,L
MASTER,SM,MASTER COMPONENTS LIMITED,L
MAXVOLT,SM,MAXVOLT ENERGY INDUS L,L
MEDIORG,SM,MEDICAMEN ORGANICS LTD,L
MEP,BZ,MEP INFRA. DEVELOPERS LTD,L
MORARJEE,BZ,MORARJEE TEXTILES LIMITED,L
MTEDUCARE,BE,MT EDUCARE LTD,L
NAVKARURB,EQ,NAVKAR URBANSTRUCTURE LTD,L
NIRAJISPAT,BE,NIRAJ ISPAT IND LTD,L
ONECAP-RE,BE,ONELIFE ADVISORS LTD,L
ORTEL,BZ,ORTEL COMMUNICATIONS LTD,L
ORTINGLOBE,BE,ORTIN GLOBAL LIMITED,L
OSIAHYPER,EQ,OSIA HYPER RETAIL LIMITED,L
PALREDTEC,EQ,PALRED TECHNOLOGIES LTD,L
PRECISION,SM,PRECISION METALIKS LTD,L
PREMIER,BE,PREMIER LIMITED,L
PRESS-RE,ST,PRESSTONIC ENGINEERING L,L
PRESSTONIC,ST,PRESSTONIC ENGINEERING L,L
PROLIFE,SM,PROLIFE INDUSTRIES LTD,L
QVCEL,SM,QVC EXPORTS LIMITED,L
RAJRILTD,BE,RAJ RAYON INDUSTRIES LTD,L
REFRACTORY,SM,REFRACTORY SHAPES LIMITED,L
RMDRIP,EQ,R M DRIP & SPRINK SYS LTD,L
RNBDENIMS,BE,R&B DENIMS LIMITED,L
ROCKINGDCE,ST,ROCKINGDEALS CIRCU ECO L,L
SADBHIN,EQ,SADBHAV INFRA PROJ LTD.,L
SADHNANIQ,EQ,SADHANA NITROCHEM LIMITED,L
SANCO,BZ,SANCO INDUSTRIES LIMITED,L
SANWARIA,BZ,SANWARIA CONSUMER LIMITED,L
SATIPOLY,SM,SATI POLY PLAST LIMITED,L
SELMC,EQ,SEL MANUFACTURING CO LTD,L
SETUINFRA,BZ,SETUBANDHAN INFRA LTD,L
SEYAIND,BE,SEYA INDUSTRIES LIMITED,L
SITINET,BZ,SITI NETWORKS LIMITED,L
SOCL,SM,SUNDREX OIL COMPANY LTD,L
SONUINFRA,SM,SONU INFRATECH LIMITED,L
TAKE,BE,TAKE SOLUTIONS LTD,L
TERASOFT,EQ,TERA SOFTWARE LIMITED,L
TGL,ST,TEERTH GOPICON LIMITED,L
THESL,SM,THINKING HATS ENTER SOL L,L
TIJARIA,BE,TIJARIA POLYPIPES LTD,L
UEL,EQ,UJAAS ENERGY LIMITED,L
UNIVPHOTO,BE,UNIVERSUS IMAGINGS LTD,L
VELS,SM,VELS FILM INTERNATIONAL L,L
VENUSREM,BE,VENUS REMEDIES LIMITED,L
VERITAAS,SM,VERITAAS ADVERTISING LTD,L
VIJAYPD,ST,VIJAYPD CEUTICAL LIMITED,L
VIJIFIN,EQ,VIJI FINANCE LIMITED,L
WAAREEINDO,BE,INDOSOLAR LIMITED,L
WINSOME,BZ,WINSOME YARNS LIMITED,L
ZEEMEDIA,BE,ZEE MEDIA CORPORATION LTD,L
