SYMBOL,SERIES,SECURITY,HIGH/LOW
21STCENMGM,EQ,21ST CENTURY MGMT SERVICE,H
AAREYDRUGS,EQ,AAREY DRUGS & PHARM LTD,H
ARSHIYA,BZ,ARSHIYA LIMITED,H
ARVINDPORT,SM,ARVIND PORT AND INFRA LTD,H
AURIGROW,BE,AURI GROW INDIA LIMITED,H
BIOFILCHEM,EQ,BIOFIL CHEM & PHARMA LTD,H
BOHRAIND,EQ,BOHRA INDUSTRIES LIMITED,H
CALSOFTPP,E1,CALSOFT RS.2.50 PPD UP,H
CCCL,BE,CONS. CONST. CONSORT LTD,H
CLCIND,BE,CLC INDUSTRIES LIMITED,H
CMICABLES,BZ,CMI LIMITED,H
CONSOFINVT,EQ,CONSO. FIN. & HOLD. LTD.,H
CTE,EQ,CAMBRIDGE TECH ENTER LTD,H
CURAA,BE,CURA TECHNOLOGIES LIMITED,H
DHARAN,BZ,DHARAN INFRA-EPC LIMITED,H
E2E,EQ,E2E NETWORKS LIMITED,H
EASTSILK,BE,EASTERN SILK INDUSTRIES L,H
ESCONET,SM,ESCONET TECHNOLOGIES LTD,H
EXCEL,EQ,EXCEL REALTY N INFRA LTD,H
FEL,BZ,FUTURE ENTERPRISES LTD,H
FELDVR,BZ,FUTURE ENTERPRISES LTD,H
FLFL,BZ,FUT LIFESTYLE FASH LTD,H
FLYSBS,SM,FLYSBS AVIATION LIMITED,H
FONEBOX,ST,FONEBOX RETAIL LIMITED,H
GANESHIN,SM,GANESH INFRAWORLD LIMITED,H
GAYAHWS,EQ,GAYATRI HIGHWAYS LIMITED,H
GAYAPROJ,BZ,GAYATRI PROJECTS LTD,H
GCSL,BE,GRETEX CORPORATE SERVICES,H
GFSTEELS,BE,GRAND FOUNDRY LTD,H
GOLDENTOBC,BZ,GOLDEN TOBACCO LIMITED,H
GSTL,ST,GLOBESECURE TECHNO LTD,H
GURUNANAK,SM,GURUNANAK AGRICULTUR IN L,H
HDIL,BZ,HOUSING DEV & INFRA LTD,H
HOACFOODS,ST,HOAC FOODS INDIA LIMITED,H
HOLMARC,SM,HOLMARC OPTO MECHATRO L,H
HRHNEXT,SM,HRH NEXT SERVICES LIMITED,H
ISHAN,SM,ISHAN INTERNATIONAL LTD,H
KAVDEFENCE,EQ,KAVVERI DFS & WIR TEC LTD,H
LAKPRE,BZ,LAKSHMI PRE SCRE LTD,H
LATTEYS,EQ,LATTEYS INDUSTRIES LTD,H
LCCINFOTEC,BE,LCC INFOTECH LTD,H
MAFANG,EQ,MIRAEAMC - MAFANG,H
MAHKTECH,EQ,MIRAEAMC - MAHKTECH,H
MANAKSTEEL,EQ,MANAKSIA STEELS LTD,H
MANGALAM,BE,MANGALAM DRUG & CHEM LTD,H
MAXVOLT,ST,MAXVOLT ENERGY INDUS L,H
MICEL,EQ,MIC ELECTRONICS LTD,H
MODIRUBBER,EQ,MODI RUBBER LTD,H
MTEDUCARE,BE,MT EDUCARE LTD,H
NECLIFE,BE,NECTAR LIFESCIENCES LTD.,H
NEUEON,BE,NEUEON CORPORATION LTD,H
NIRAJISPAT,EQ,NIRAJ ISPAT IND LTD,H
NOIDATOLL,EQ,NOIDA TOLL BRIDGE CO LTD,H
ONELIFECAP,BE,ONELIFE CAP ADVISORS LTD,H
ORTEL,BZ,ORTEL COMMUNICATIONS LTD,H
PANACHE,EQ,PANACHE DIGILIFE LIMITED,H
PARASPETRO,EQ,PARAS PETROFILS LTD.,H
PATTECH,SM,PATTECH FITWELL TUB COM L,H
PREMIER,BE,PREMIER LIMITED,H
QFIL,SM,QUALITY FOILS (INDIA) LTD,H
QUADPRO,SM,QUADPRO ITES LIMITED,H
RAJRILTD,BE,RAJ RAYON INDUSTRIES LTD,H
SABTNL,BE,SRI ADHIKARI BRO TELE N L,H
SALSTEEL,BE,S.A.L. STEEL LTD.,H
SANWARIA,BZ,SANWARIA CONSUMER LIMITED,H
SECURKLOUD,BE,SECUREKLOUD TECH LIMITED,H
SEJALLTD,EQ,SEJAL GLASS LIMITED,H
SETCO,EQ,SETCO AUTOMOTIVE LTD,H
SETUINFRA,BZ,SETUBANDHAN INFRA LTD,H
SHANTHALA,ST,SHANTHALA FMCG PRODUCTS L,H
SHRENIK,BZ,SHRENIK LIMITED,H
SITINET,BZ,SITI NETWORKS LIMITED,H
SKIL,BZ,SKIL INFRASTRUCTURE LTD.,H
SOUTHWEST,BE,SOUTH WEST PINNACLE LTD,H
SVPGLOB,BE,SVP GLOBAL TEXTILES LTD,H
SYNOPTICS,SM,SYNOPTICS TECHNOLOGIES L,H
TANKUP,ST,TANKUP ENGINEERS LIMITED,H
TERASOFT,EQ,TERA SOFTWARE LIMITED,H
TRU,EQ,TRUCAP FINANCE LIMITED,H
UEL,EQ,UJAAS ENERGY LIMITED,H
UYFINCORP,BE,U. Y. FINCORP LIMITED,H
VCL,BE,VAXTEX COTFAB LIMITED,H
VERITAAS,SM,VERITAAS ADVERTISING LTD,H
VIVIMEDLAB,EQ,VIVIMED LABS LIMITED,H
WINSOME,BZ,WINSOME YARNS LIMITED,H
YUDIZ,SM,YUDIZ SOLUTIONS LIMITED,H
ZENITHSTL,EQ,ZENITH STEEL PIP IND LTD,H
21STCENMGM,EQ,21ST CENTURY MGMT SERVICE,L
762GA32,SG,SDL GA 7.62% 2032,L
764HR31,SG,SDL HR 7.64% 2031,L
764TN29,SG,SDL TN 7.64% 2029,L
AAREYDRUGS,EQ,AAREY DRUGS & PHARM LTD,L
AFIL,EQ,AKME FINTRADE (INDIA) LTD,L
AGRITECH,BE,AGRI-TECH (INDIA) LIMITED,L
AGSTRA,BZ,AGS TRANSACT TECH LTD,L
ANSALAPI,BZ,ANSAL PROP & INFRA LTD,L
ARISTO,SM,ARISTO BIO T AND LIFESC L,L
ARMOUR,ST,ARMOUR SECURITY (INDIA) L,L
ASPIRE,SM,ASPIRE & INNOVATIVE ADV L,L
ASTRON,EQ,ASTRON PAPER BORD MIL LTD,L
AURIGROW,BE,AURI GROW INDIA LIMITED,L
AUSOMENT,BE,AUSOM ENTERPRISE LIMITED,L
AXISCADES,EQ,AXISCADES TECH LTD,L
AXISILVER,EQ,AXISAMC - AXISILVER,L
BGLOBAL,BZ,BHARATIYA GLOBAL INFO LTD,L
BHAGYANGR,BE,BHAGYANAGAR INDIA LIMITED,L
BLUECHIP,BE,BLUE CHIP INDIA LIMITED,L
CMICABLES,BZ,CMI LIMITED,L
CMRSL,SM,CYBER MEDIA RES & SER LTD,L
COMPINFO,BZ,COMPUAGE INFOCOM LTD,L
CONTI,SM,CONTINENTAL SEED CHEM LTD,L
CPS,ST,C P S SHAPERS LIMITED,L
CYBERMEDIA,EQ,CYBER MEDIA (INDIA) LTD.,L
DIL,BZ,DEBOCK INDUSTRIES LIMITED,L
DRONE,SM,DRONE DESTINATION LIMITED,L
EDUCOMP,BZ,EDUCOMP SOLUTIONS LTD,L
EFACTOR,ST,E FACTOR EXPERIENCES LTD,L
EMBDL,BE,EMBASSY DEVELOPMENTS LTD,L
EPACKPEB,EQ,EPACK PREFAB TECHN LTD,L
ESCONET,SM,ESCONET TECHNOLOGIES LTD,L
ESILVER,EQ,EDELAMC - ESILVER,L
EXCEL,EQ,EXCEL REALTY N INFRA LTD,L
FALCONTECH,SM,FALCON TECHNOPROJ IND LTD,L
FCONSUMER,BZ,FUTURE CONSUMER LIMITED,L
FEL,BZ,FUTURE ENTERPRISES LTD,L
FLFL,BZ,FUT LIFESTYLE FASH LTD,L
FORGEAUTO,SM,FORGE AUTO INTERNATION L,L
GAYAHWS,EQ,GAYATRI HIGHWAYS LIMITED,L
GICL,ST,GLOBE INTL CARRIERS LTD,L
GRAPHISAD,SM,GRAPHISADS LIMITED,L
GROWWSLVR,EQ,GROWWAMC - GROWWSLVR,L
GVKPIL,BE,GVK POW. & INFRA LTD.,L
HARDWYN,BE,HARDWYN INDIA LIMITED,L
HDFCSILVER,EQ,HDFCAMC - HDFCSILVER,L
HFMPCC50DD,MF,HDFCAMC - HFMPCC50DD,L
IFBAGRO,EQ,IFB AGRO INDUSTRIES LTD,L
IL&FSENGG,BZ,IL&FS ENG AND CONS CO LTD,L
ITTL,ST,INNOVATIVE TYRE & TUBE LT,L
JETFREIGHT,BE,JET FREIGHT LOGISTICS LTD,L
JFLLIFE,SM,JFL LIFE SCIENCES LIMITED,L
JPASSOCIAT,BE,JAIPRAKASH ASSOCIATES LTD,L
KAPSTON,BE,KAPSTON SERVICES LIMITED,L
KRMAYURVED,ST,KRM AYURVEDA LIMITED,L
LOTUSEYE,EQ,LOTUS EYE HOSP & INST L,L
MADHUCON,EQ,MADHUCON PROJECTS LTD.,L
MAKS,SM,MAKS ENERGY SOL INDIA LTD,L
MANAKALUCO,BE,MANAK ALUMINIUM CO. LTD.,L
MANGALAM,BE,MANGALAM DRUG & CHEM LTD,L
MAXVOLT,ST,MAXVOLT ENERGY INDUS L,L
MCON,ST,MCON RASAYAN INDIA LTD,L
MEDIORG,SM,MEDICAMEN ORGANICS LTD,L
MEESHO,EQ,MEESHO LIMITED,L
MEP,BZ,MEP INFRA. DEVELOPERS LTD,L
MODIRUBBER,EQ,MODI RUBBER LTD,L
MONOPHARMA,SM,MONO PHARMACARE LIMITED,L
MOSILVER,EQ,MOTILALAMC - MOSILVER,L
MTEDUCARE,BE,MT EDUCARE LTD,L
NACLIND,EQ,NACL INDUSTRIES LIMITED,L
NAVKARURB,BE,NAVKAR URBANSTRUCTURE LTD,L
NEELAM,SM,NEELAM LINENS & GAR (I) L,L
NIRMAN,SM,NIRMAN AGRI GENTICS LTD,L
OMKARCHEM,BZ,OMKAR SPL CHEM LTD,L
ONELIFECAP,BE,ONELIFE CAP ADVISORS LTD,L
OWAIS,SM,OWAIS METAL & MINERAL,L
PRAXIS,EQ,PRAXIS HOME RETAIL LTD,L
PREMIER,BE,PREMIER LIMITED,L
PRUDMOULI,EQ,PRUDENTIAL SUGAR CORPORAT,L
QUADPRO,SM,QUADPRO ITES LIMITED,L
QUICKTOUCH,SM,QUICKTOUCH TECHNOLOGIES L,L
RELINFRA,BE,RELIANCE INFRASTRUCTU LTD,L
REXPIPES,SM,REX PIPES AND CABLES LTD,L
ROCKINGDCE,ST,ROCKINGDEALS CIRCU ECO L,L
SABTNL,BE,SRI ADHIKARI BRO TELE N L,L
SAHAJ,SZ,SAHAJ FASHIONS LIMITED,L
SATIPOLY,SM,SATI POLY PLAST LIMITED,L
SBISILVER,EQ,SBIAMC - SBISILVER,L
SETUINFRA,BZ,SETUBANDHAN INFRA LTD,L
SEYAIND,BE,SEYA INDUSTRIES LIMITED,L
SGBAPR28I,GB,2.50%GOLDBONDS2028SR-I,L
SGBAUG27,GB,2.50%GOLDBONDS2027SR-III,L
SGBAUG28V,GB,2.50%GOLDBONDS2028SR-V,L
SGBAUG29V,GB,2.50%GOLDBONDS2029SR-V,L
SGBAUG30,GB,2.50%GOLDBONDS2030SR-II,L
SGBD29VIII,GB,2.50%GOLDBONDS2029SR-VIII,L
SGBDC27VII,GB,2.50%GOLDBONDS2027SR-VII,L
SGBDE30III,GB,2.50%GOLDBONDS2030SR-III,L
SGBDE31III,GB,2.50%GOLDBONDS2031SR-III,L
SGBDEC26,GB,2.50%GOLDBONDS2026SR-IV,L
SGBFEB27,GB,2.50%GOLDBONDS2027SR-VI,L
SGBFEB28IX,GB,2.50%GOLDBONDS2028SR-IX,L
SGBFEB29XI,GB,2.50%GOLDBONDS2029SR-XI,L
SGBFEB32IV,GB,2.50%GOLDBONDS2032SR-IV,L
SGBJ28VIII,GB,2.50%GOLDBONDS2028SR-VIII,L
SGBJAN27,GB,2.50%GOLDBONDS2027SR-V,L
SGBJAN29IX,GB,2.50%GOLDBONDS2029SR-IX,L
SGBJAN29X,GB,2.50%GOLDBONDS2029SR-X,L
SGBJAN30IX,GB,2.50%GOLDBONDS2030SR-IX,L
SGBJU29III,GB,2.5%GOLDBONDS2029SR-III,L
SGBJUL27,GB,2.50%GOLDBONDS2027SR-II,L
SGBJUL28IV,GB,2.50%GOLDBONDS2028SR-IV,L
SGBJUL29IV,GB,2.50%GOLDBONDS2029SR-IV,L
SGBJUN27,GB,2.50%GOLDBONDS2027SR-I,L
SGBJUN28,GB,2.5%GOLDBONDS2028SR-III,L
SGBJUN29II,GB,2.5%GOLDBONDS2029SR-II,L
SGBJUN30,GB,2.50%GOLDBONDS2030SR-I,L
SGBJUN31I,GB,2.50%GOLDBONDS2031SR-I,L
SGBMAR28X,GB,2.50%GOLDBONDS2028SR-X,L
SGBMAR30X,GB,2.50%GOLDBONDS2030SR-X,L
SGBMAR31IV,GB,2.50%GOLDBONDS2031SR-IV,L
SGBMAY28,GB,2.50%GOLDBONDS2028SR-II,L
SGBMAY29I,GB,2.5%GOLDBONDS2029SR-I,L
SGBMR29XII,GB,2.50%GOLDBONDS2029SR-XII,L
SGBN28VIII,GB,2.5%GOLDBONDS2028SR-VIII,L
SGBNOV26,GB,2.50%GOLDBONDS2026SR-III,L
SGBNV29VII,GB,2.5%GOLDBONDS2029SR-VII,L
SGBOC28VII,GB,2.50%GOLDBONDS2028SR-VII,L
SGBOCT27,GB,2.50%GOLDBONDS2027SR-V,L
SGBOCT27VI,GB,2.50%GOLDBONDS2027SR-VI,L
SGBSEP27,GB,2.50%GOLDBONDS2027SR-IV,L
SGBSEP28VI,GB,2.50%GOLDBONDS2028SR-VI,L
SGBSEP29VI,GB,2.5%GOLDBONDS2029SR-VI,L
SGBSEP31II,GB,2.50%GOLDBONDS2031SR-II,L
SHRENIK,BZ,SHRENIK LIMITED,L
SHRIKANHA,SM,SHRI KANHA STAINLESS LTD,L
SHYAMCENT,BE,SHYAM CENTURY FERROUS LTD,L
SIGNORIA,SM,SIGNORIA CREATION LIMITED,L
SIKKO,EQ,SIKKO INDUSTRIES LIMITED,L
SILKFLEX,SM,SILKFLEX POLYMERS INDIA L,L
SILLYMONKS,BE,SILLY MONKS ENTERTAIN LTD,L
SILVER1,EQ,KOTAKMAMC - KOTAKSILVE,L
SILVERADD,EQ,DSPAMC - DSPSILVETF,L
SILVERAG,EQ,MIRAEAMC - MASILVER,L
SILVERBETA,EQ,UTIAMC-SILVERBETA,L
SILVERIETF,EQ,ICICIPRAMC - ICICISILVE,L
SILVERTUC,EQ,SILVER TOUCH TECHNO LTD,L
SITINET,BZ,SITI NETWORKS LIMITED,L
SKIL,BZ,SKIL INFRASTRUCTURE LTD.,L
SPECTSTM,SM,SPECTRUM TALENT MGMT LTD,L
SUPREMEENG,BZ,SUPREME ENGINEERING LTD,L
SWANDEF,BE,SWAN DEFENCE N HEVY IND L,L
TARAPUR,EQ,TARAPUR TRANSFORMERS LTD,L
TATSILV,EQ,TATAAML-TATSILV,L
TCIFINANCE,BE,TCIFINANCELTD-ROLL SETT,L
TECHERA,SM,TECHERA ENGINEER (IND) L,L
TECHLABS,SM,TRIDENT TECHLABS LIMITED,L
TGL,ST,TEERTH GOPICON LIMITED,L
VEEKAYEM,SM,VEEKAYEM FASH & APP LTD,L
VILINBIO,ST,VILIN BIO MED LIMITED,L
VIVIMEDLAB,EQ,VIVIMED LABS LIMITED,L
WINSOME,BZ,WINSOME YARNS LIMITED,L
