SERIES,SYMBOL,SECURITY,RECORD_DT,BC_STRT_DT,BC_END_DT,EX_DT,ND_STRT_DT,ND_END_DT,PURPOSE
N1,1003SCL31A,Sec Re NCD 10.03% Sr X,2026-01-12,,,2026-01-12,,,INTEREST PAYMENT
U1,1003SCL31A,Sec Re NCD 10.03% Sr X,2026-01-12,,,2026-01-12,,,INTEREST PAYMENT
N1,1015UCL26,Sec Re NCD 10.15% Sr I,2026-01-09,,,2026-01-09,,,INTEREST PAYMENT
U1,1015UCL26,Sec Re NCD 10.15% Sr I,2026-01-09,,,2026-01-09,,,INTEREST PAYMENT
NF,1015UCL27,UCL 10.15% Sr III,2026-01-09,,,2026-01-09,,,INTEREST PAYMENT
UF,1015UCL27,UCL 10.15% Sr III,2026-01-09,,,2026-01-09,,,INTEREST PAYMENT
N0,1025PATE28,PATE 10.25% 2028,2026-01-10,,,2026-01-09,,,INTEREST PAYMENT
N1,1025SCL34B,Sec Re NCD 10.25% Sr XII,2026-01-12,,,2026-01-12,,,INTEREST PAYMENT
U1,1025SCL34B,Sec Re NCD 10.25% Sr XII,2026-01-12,,,2026-01-12,,,INTEREST PAYMENT
N1,1025UCL26A,Sec Re NCD 10.25% Sr II,2026-01-09,,,2026-01-09,,,INTEREST PAYMENT
U1,1025UCL26A,Sec Re NCD 10.25% Sr II,2026-01-09,,,2026-01-09,,,INTEREST PAYMENT
NG,1025UCL27A,UCL 10.25% Sr IV,2026-01-09,,,2026-01-09,,,INTEREST PAYMENT
UG,1025UCL27A,UCL 10.25% Sr IV,2026-01-09,,,2026-01-09,,,INTEREST PAYMENT
N1,1040UCL27B,Sec Re NCD 10.40% Sr III,2026-01-09,,,2026-01-09,,,INTEREST PAYMENT
U1,1040UCL27B,Sec Re NCD 10.40% Sr III,2026-01-09,,,2026-01-09,,,INTEREST PAYMENT
NH,1050UCL28,UCL 10.50% Sr V,2026-01-09,,,2026-01-09,,,INTEREST PAYMENT
UH,1050UCL28,UCL 10.50% Sr V,2026-01-09,,,2026-01-09,,,INTEREST PAYMENT
NB,105UCL2026,Sec Re NCD 10.5% Sr IV,2026-01-12,,,2026-01-12,,,INTEREST PAYMENT
UB,105UCL2026,Sec Re NCD 10.5% Sr IV,2026-01-12,,,2026-01-12,,,INTEREST PAYMENT
ND,10UCL26,UCL 10.00% Sr I,2026-01-09,,,2026-01-09,,,INTEREST PAYMENT
UD,10UCL26,UCL 10.00% Sr I,2026-01-09,,,2026-01-09,,,INTEREST PAYMENT
N0,1125VCCL27,VCCL 11.25% 2027 Sr B,2026-01-12,,,2026-01-12,,,INTEREST PAYMENT
N0,1150AFIL28,AFIL 11.50% 2028 Sr 05,2026-01-07,,,2026-01-07,,,INTEREST PAYMENT
N0,115VCCL27,VCCL 11.5% 2027 Sr II,2026-01-08,,,2026-01-08,,,INTEREST PAYMENT
N0,115VCCL28,VCCL 11.5% 2028 Sr C,2026-01-12,,,2026-01-12,,,INTEREST PAYMENT
N0,115VCCL28A,VCCL28A 11.5% 2028,2026-01-07,,,2026-01-07,,,INTEREST PAYMENT
N0,1190VCCL26,VCCL 11.90% 2026,2026-01-10,,,2026-01-09,,,INTEREST PAYMENT
N0,11VCCL27,VCCL 11% 2027 Sr A,2026-01-12,,,2026-01-12,,,INTEREST PAYMENT
N0,12AFIL27,AFIL 12% 2027 Sr 1,2026-01-07,,,2026-01-07,,,INTEREST PAYMENT
N0,12VCCL29C,VCCL 12% 2029 Sr I,2026-01-08,,,2026-01-08,,,INTEREST PAYMENT
TB,182D150126,GOI TBILL 182D-15/01/26,2026-01-13,,,,,,REDEMPTION
TB,182D220126,GOI TBILL 182D-22/01/26,2026-01-20,,,,,,REDEMPTION
TB,364D150126,GOI TBILL 364D-15/01/26,2026-01-13,,,,,,REDEMPTION
TB,364D220126,GOI TBILL 364D-22/01/26,2026-01-20,,,,,,REDEMPTION
SG,572BR26,SDL BR 5.72% 2026,2026-01-09,,,,,,REDEMPTION
SG,582BR26,SDL BR 5.82% 2026,2026-01-17,,,,,,REDEMPTION
GS,601GS2030,GOI LOAN  6.01% 2030,2026-01-20,,,2026-01-20,,,INTEREST PAYMENT
SG,618GJ26A,SDL GJ 6.18% 2026,2026-01-21,,,,,,REDEMPTION
GS,628GS2032,GOI LOAN  6.28% 2032,2026-01-13,,,2026-01-13,,,INTEREST PAYMENT
GS,683GS2039,GOI 6.83% 2039,2026-01-17,,,2026-01-16,,,INTEREST PAYMENT
SG,701PY26,SDL PY 7.01% 2026,2026-01-20,,,,,,REDEMPTION
GS,717GS2028,GOI LOAN 7.17% 2028,2026-01-07,,,2026-01-07,,,INTEREST PAYMENT
N0,717SIHF28,SIHF 7.17% 2028 Sr 31,2026-01-12,,,2026-01-12,,,INTEREST PAYMENT
N0,720LT35,LT 7.20% 2035,2026-01-07,,,2026-01-07,,,INTEREST PAYMENT
N0,720NHPC35,NHPC 7.20% 2035 Sr AE,2026-01-11,,,2026-01-09,,,INTEREST PAYMENT
GS,726GS2029,GOI LOAN 7.26% 2029,2026-01-13,,,2026-01-13,,,INTEREST PAYMENT
N0,735EXIM28,EXIM 7.35% 2028 Sr AA02,2026-01-09,,,2026-01-09,,,INTEREST PAYMENT
N1,740IIFCL33,7.40% Tax FreeTrI SrIII,2026-01-07,,,2026-01-07,,,INTEREST PAYMENT
U1,740IIFCL33,7.40% Tax FreeTrI SrIII,2026-01-07,,,2026-01-07,,,INTEREST PAYMENT
N0,757BOB24,BOB 7.57% 2034 Sr III,2026-01-09,,,2026-01-09,,,INTEREST PAYMENT
GS,759GS2026,GOI LOAN 7.59% 2026,2026-01-07,,,,,,REDEMPTION
N1,807NIIF39,NIFL 8.07% 2039 Sr6 OpII,2026-01-08,,,2026-01-08,,,INTEREST PAYMENT
U1,807NIIF39,NIFL 8.07% 2039 Sr6 OpII,2026-01-08,,,2026-01-08,,,INTEREST PAYMENT
N0,810NIIF34,NIFL 8.10% 2034 Sr6 OpI,2026-01-08,,,2026-01-08,,,INTEREST PAYMENT
N0,824PHFL28,PHFL 8.24% 2028 Sr LXIV,2026-01-12,,,2026-01-12,,,INTEREST PAYMENT
GS,833GS2026,GOI LOAN 8.33% 2026,2026-01-08,,,2026-01-08,,,INTEREST PAYMENT
MM,835SCL23B,SEC RE NCD 10.25% SR XII,2026-01-12,,,2026-01-12,,,INTEREST PAYMENT
YM,835SCL23B,SEC RE NCD 10.25% SR XII,2026-01-12,,,2026-01-12,,,INTEREST PAYMENT
NW,850SCL25A,UNSE RE NCD 9.35% SR.X,2026-01-09,,,2026-01-09,,,INTEREST PAYMENT
UW,850SCL25A,UNSE RE NCD 9.35% SR.X,2026-01-09,,,2026-01-09,,,INTEREST PAYMENT
N3,866IIFC34B,8.66% Tax Free NCD,2026-01-07,,,2026-01-07,,,INTEREST PAYMENT
U3,866IIFC34B,8.66% Tax Free NCD,2026-01-07,,,2026-01-07,,,INTEREST PAYMENT
NY,866SFIL23A,Sec Re NCD 9.57% Sr.VIII,2026-01-12,,,2026-01-12,,,INTEREST PAYMENT
UY,866SFIL23A,Sec Re NCD 9.57% Sr.VIII,2026-01-12,,,2026-01-12,,,INTEREST PAYMENT
NQ,875IIFL26A,Sec Re NCD 9% Sr.VI,2026-01-08,,,,,,INT PAYMENT/REDEMPTION
UQ,875IIFL26A,Sec Re NCD 9% Sr.VI,2026-01-08,,,,,,INT PAYMENT/REDEMPTION
MI,875SCL23A,SEC RE NCD 10.03% SR X,2026-01-12,,,2026-01-12,,,INTEREST PAYMENT
YI,875SCL23A,SEC RE NCD 10.03% SR X,2026-01-12,,,2026-01-12,,,INTEREST PAYMENT
MP,888SCL26,SEC RE NCD 8.88% SR II,2026-01-12,,,2026-01-12,,,INTEREST PAYMENT
YP,888SCL26,SEC RE NCD 8.88% SR II,2026-01-12,,,2026-01-12,,,INTEREST PAYMENT
N1,888SCL26X,Sammaan Capital Limited,2026-01-12,,,2026-01-12,,,INTEREST PAYMENT
U1,888SCL26X,Sammaan Capital Limited,2026-01-12,,,2026-01-12,,,INTEREST PAYMENT
NZ,890SFIL23A,Sec Re NCD 10.03% Sr.VIII,2026-01-12,,,2026-01-12,,,INTEREST PAYMENT
UZ,890SFIL23A,Sec Re NCD 10.03% Sr.VIII,2026-01-12,,,2026-01-12,,,INTEREST PAYMENT
N4,891IIFCL34,8.91% Tax Free NCD,2026-01-07,,,2026-01-07,,,INTEREST PAYMENT
U4,891IIFCL34,8.91% Tax Free NCD,2026-01-07,,,2026-01-07,,,INTEREST PAYMENT
N0,900CIFL35,CIFL 9.00% 2035 Sr SD 74,2026-01-08,,,2026-01-08,,,INTEREST PAYMENT
AW,902SCL26I,SEC RE NCD 9.02% SR V,2026-01-12,,,2026-01-12,,,INTEREST PAYMENT
MU,902SCL27,SEC RE NCD 9.02% SR V,2026-01-12,,,2026-01-12,,,INTEREST PAYMENT
YU,902SCL27,SEC RE NCD 9.02% SR V,2026-01-12,,,2026-01-12,,,INTEREST PAYMENT
N1,902SCL27C,Sec Re NCD 9.02% Sr V,2026-01-12,,,2026-01-12,,,INTEREST PAYMENT
U1,902SCL27C,Sec Re NCD 9.02% Sr V,2026-01-12,,,2026-01-12,,,INTEREST PAYMENT
TB,91D150126,GOI TBILL 91D-15/01/26,2026-01-13,,,,,,REDEMPTION
TB,91D230126,GOI TBILL 91D-23/01/26,2026-01-21,,,,,,REDEMPTION
ZI,91SFL27,Shriram Finance Limited,2026-01-12,,,2026-01-12,,,INTEREST PAYMENT
N0,925ISF28,ISF 9.25% 2028,2026-01-09,,,2026-01-09,,,INTEREST PAYMENT
MQ,925SCL26B,SEC RE NCD 9.25% SR II,2026-01-12,,,2026-01-12,,,INTEREST PAYMENT
YQ,925SCL26B,SEC RE NCD 9.25% SR II,2026-01-12,,,2026-01-12,,,INTEREST PAYMENT
N1,925SCL26F,Sec Re NCD 9.25% Sr II,2026-01-12,,,2026-01-12,,,INTEREST PAYMENT
U1,925SCL26F,Sec Re NCD 9.25% Sr II,2026-01-12,,,2026-01-12,,,INTEREST PAYMENT
AM,925SCL28,SEC RE NCD 9.25% SR.VIII,2026-01-08,,,2026-01-08,,,INTEREST PAYMENT
MZ,925SCL29,SEC RE NCD 9.25% SR VIII,2026-01-12,,,2026-01-12,,,INTEREST PAYMENT
YZ,925SCL29,SEC RE NCD 9.25% SR VIII,2026-01-12,,,2026-01-12,,,INTEREST PAYMENT
,931SFIL26A,SeReNCD8.75%SrVICI&II,2026-01-12,,,2026-01-12,,,INTEREST PAYMENT
UA,931SFIL26A,SeReNCD8.75%SrVICI&II,2026-01-12,,,2026-01-12,,,INTEREST PAYMENT
NV,935SCL28,UNSE RE NCD 8.89% SR.X,2026-01-09,,,2026-01-09,,,INTEREST PAYMENT
UV,935SCL28,UNSE RE NCD 8.89% SR.X,2026-01-09,,,2026-01-09,,,INTEREST PAYMENT
AI,948SCL26D,SEC RE NCD 9.48% SR.V,2026-01-08,,,2026-01-08,,,INTEREST PAYMENT
MV,948SCL27,SEC RE NCD 9.48% SR V,2026-01-12,,,2026-01-12,,,INTEREST PAYMENT
YV,948SCL27,SEC RE NCD 9.48% SR V,2026-01-12,,,2026-01-12,,,INTEREST PAYMENT
N0,950ISF27A,ISF 9.50% 2027,2026-01-07,,,2026-01-07,,,INTEREST PAYMENT
N0,950ISF27C,ISF 9.50% 2027,2026-01-08,,,2026-01-08,,,INTEREST PAYMENT
NB,96SFIL24A,SeReNCD8.84%SrVICIII&IV,2026-01-12,,,2026-01-12,,,INTEREST PAYMENT
UB,96SFIL24A,SeReNCD8.84%SrVICIII&IV,2026-01-12,,,2026-01-12,,,INTEREST PAYMENT
AN,971SCL28,SEC RE NCD 9.71% SR.VIII,2026-01-08,,,2026-01-08,,,INTEREST PAYMENT
MD,971SCL28B,SEC RE NCD 9.25% SR VIII,2026-01-12,,,2026-01-12,,,INTEREST PAYMENT
YD,971SCL28B,SEC RE NCD 9.25% SR VIII,2026-01-12,,,2026-01-12,,,INTEREST PAYMENT
N1,971SCL29B,Sammaan Capital Limited,2026-01-12,,,2026-01-12,,,INTEREST PAYMENT
U1,971SCL29B,Sammaan Capital Limited,2026-01-12,,,2026-01-12,,,INTEREST PAYMENT
NT,975SCL28,SEC RE NCD 8.89% SR.VIII,2026-01-09,,,2026-01-09,,,INTEREST PAYMENT
UT,975SCL28,SEC RE NCD 8.89% SR.VIII,2026-01-09,,,2026-01-09,,,INTEREST PAYMENT
ML,980SCL33B,SEC RE NCD 9.8% SR XII,2026-01-12,,,2026-01-12,,,INTEREST PAYMENT
YL,980SCL33B,SEC RE NCD 9.8% SR XII,2026-01-12,,,2026-01-12,,,INTEREST PAYMENT
MG,980SCL33D,SEC RE NCD 9.71% SR VIII,2026-01-12,,,2026-01-12,,,INTEREST PAYMENT
YG,980SCL33D,SEC RE NCD 9.71% SR VIII,2026-01-12,,,2026-01-12,,,INTEREST PAYMENT
N1,980SCL34B,Sec Re NCD 9.80% Sr XII,2026-01-12,,,2026-01-12,,,INTEREST PAYMENT
U1,980SCL34B,Sec Re NCD 9.80% Sr XII,2026-01-12,,,2026-01-12,,,INTEREST PAYMENT
NU,98SFIL26,Sec Re NCD 9.80% Sr.V,2026-01-12,,,2026-01-12,,,INTEREST PAYMENT
UU,98SFIL26,Sec Re NCD 9.80% Sr.V,2026-01-12,,,2026-01-12,,,INTEREST PAYMENT
N0,98VFPL28,VFPL 9.80% 2028 Sr 17,2026-01-09,,,2026-01-09,,,INTEREST PAYMENT
NT,9IIFL28A,Sec Re NCD 9% Sr.VI,2026-01-08,,,2026-01-08,,,INTEREST PAYMENT
UT,9IIFL28A,Sec Re NCD 9% Sr.VI,2026-01-08,,,2026-01-08,,,INTEREST PAYMENT
BE,AJMERA,Ajmera Realty & Inf I Ltd,2026-01-15,,,2026-01-15,,,FVSPLT FRM RS 10 TO RS 2
BL,AJMERA,Ajmera Realty & Inf I Ltd,2026-01-15,,,2026-01-15,,,FVSPLT FRM RS 10 TO RS 2
EQ,AJMERA,Ajmera Realty & Inf I Ltd,2026-01-15,,,2026-01-15,,,FVSPLT FRM RS 10 TO RS 2
IQ,AJMERA,Ajmera Realty & Inf I Ltd,2026-01-15,,,2026-01-15,,,FVSPLT FRM RS 10 TO RS 2
BE,BESTAGRO,Best Agrolife Limited,2026-01-16,,,2026-01-16,,,FVSPLT FRM RS 10 TO RE 1
BE,BESTAGRO,Best Agrolife Limited,2026-01-16,,,2026-01-16,,,BONUS 1:2
BL,BESTAGRO,Best Agrolife Limited,2026-01-16,,,2026-01-16,,,BONUS 1:2
BL,BESTAGRO,Best Agrolife Limited,2026-01-16,,,2026-01-16,,,FVSPLT FRM RS 10 TO RE 1
EQ,BESTAGRO,Best Agrolife Limited,2026-01-16,,,2026-01-16,,,BONUS 1:2
EQ,BESTAGRO,Best Agrolife Limited,2026-01-16,,,2026-01-16,,,FVSPLT FRM RS 10 TO RE 1
IQ,BESTAGRO,Best Agrolife Limited,2026-01-16,,,2026-01-16,,,BONUS 1:2
IQ,BESTAGRO,Best Agrolife Limited,2026-01-16,,,2026-01-16,,,FVSPLT FRM RS 10 TO RE 1
NR,IIFLZC26A,Sec Re NCD 9% Sr.VI,2026-01-08,,,,,,INT PAYMENT/REDEMPTION
UR,IIFLZC26A,Sec Re NCD 9% Sr.VI,2026-01-08,,,,,,INT PAYMENT/REDEMPTION
BE,JARO,Jaro Ins of Tec Mg N Re L,2026-01-16,,,2026-01-16,,,INTDIV - RS 2 PER SH
BL,JARO,Jaro Ins of Tec Mg N Re L,2026-01-16,,,2026-01-16,,,INTDIV - RS 2 PER SH
EQ,JARO,Jaro Ins of Tec Mg N Re L,2026-01-16,,,2026-01-16,,,INTDIV - RS 2 PER SH
IQ,JARO,Jaro Ins of Tec Mg N Re L,2026-01-16,,,2026-01-16,,,INTDIV - RS 2 PER SH
BE,KOTAKBANK,Kotak Mahindra Bank Limit,2026-01-14,,,2026-01-14,,,FV SPLT FRM RS 5 TO RE 1
BL,KOTAKBANK,Kotak Mahindra Bank Limit,2026-01-14,,,2026-01-14,,,FV SPLT FRM RS 5 TO RE 1
EQ,KOTAKBANK,Kotak Mahindra Bank Limit,2026-01-14,,,2026-01-14,,,FV SPLT FRM RS 5 TO RE 1
IQ,KOTAKBANK,Kotak Mahindra Bank Limit,2026-01-14,,,2026-01-14,,,FV SPLT FRM RS 5 TO RE 1
T0,KOTAKBANK,Kotak Mahindra Bank Limit,2026-01-14,,,2026-01-14,,,FV SPLT FRM RS 5 TO RE 1
TL,KOTAKBANK,Kotak Mahindra Bank Limit,2026-01-14,,,2026-01-14,,,FV SPLT FRM RS 5 TO RE 1
N0,PCHF230125,3M OIS Spread 2.33 BPS,2026-01-08,,,2026-01-08,,,INTEREST PAYMENT
N0,PCHFL23125,3M OIS Spread 2.08 BPS,2026-01-08,,,2026-01-08,,,INTEREST PAYMENT
O1,RADIOCITY,Music Broadcast Limited,2026-01-09,,,2026-01-09,,,INTDIV - RE 0.01 PER SH
O1,RADIOCITY,Music Broadcast Limited,2026-01-09,,,2026-01-09,,,REDEMPTION
P1,RADIOCITY,Music Broadcast Limited,2026-01-09,,,2026-01-09,,,INTDIV - RE 0.01 PER SH
P1,RADIOCITY,Music Broadcast Limited,2026-01-09,,,2026-01-09,,,REDEMPTION
BE,SKMEGGPROD,SKM Egg Products Export,2026-01-12,,,2026-01-12,,,FVSPLT FRM RS 10 TO RS 5
BL,SKMEGGPROD,SKM Egg Products Export,2026-01-12,,,2026-01-12,,,FVSPLT FRM RS 10 TO RS 5
EQ,SKMEGGPROD,SKM Egg Products Export,2026-01-12,,,2026-01-12,,,FVSPLT FRM RS 10 TO RS 5
IQ,SKMEGGPROD,SKM Egg Products Export,2026-01-12,,,2026-01-12,,,FVSPLT FRM RS 10 TO RS 5
