SECURITY,NEW,PREVIOUS,NEW_STATUS
360ONEAMC - SILVER360         ,248.11,246.00,H
ACCENT MICROCELL LIMITED      ,378.00,375.80,H
AXISAMC - AXISBNKETF          ,632.72,623.45,H
AXISAMC - AXISILVER           ,249.88,247.38,H
BHAGYANAGAR INDIA LIMITED     ,186.64,177.76,H
BIRLASLAMC - SILVER           ,254.56,251.99,H
DIVINE HIRA JEWELLERS LTD     ,252.70,247.75,H
DIVINE POWER ENERGY LTD       ,314.90,305.70,H
DSPAMC - DSPPSBKETF           ,89.83,89.05,H
DSPAMC - DSPSILVETF           ,245.09,243.99,H
DSPAMC - HEALTHADD            ,152.49,152.22,H
DSPAMC - NEXT30ADD            ,41.87,41.86,H
ENCOMPASS DESIGN INDIA L      ,264.60,260.00,H
EXIM ROUTES LIMITED           ,255.75,213.15,H
GROWWAMC - GROWWMC150         ,228.75,227.50,H
HDFCAMC - HDFCSILVER          ,243.50,243.45,H
ICICI PRUDENTIAL AMC LTD      ,2719.00,2703.30,H
INFOBEANS TECHNO. LTD.        ,1030.00,963.95,H
JINDAL STAINLESS LIMITED      ,884.00,871.20,H
KANDARP DG SMART BPO LTD      ,153.75,152.25,H
KOTAKMAMC - NIFTY100EW        ,35.50,35.23,H
MANAPPURAM FINANCE LTD        ,321.60,319.40,H
MAX FINANCIAL SERV LTD        ,1752.20,1751.40,H
MIRAEAMC - BANKPSU            ,90.51,89.50,H
MOTILALAMC - MOSILVER         ,248.75,248.00,H
NIPPONAMC - SNXT30BEES        ,41.80,41.68,H
PIRAMAL FINANCE LIMITED       ,1915.00,1825.00,H
POLYCAB INDIA LIMITED         ,7935.00,7903.00,H
RELIABLE DATA SERVICE LTD     ,171.80,166.00,H
SACHEEROME LIMITED            ,430.55,428.55,H
SAI LIFE SCIENCES LIMITED     ,983.35,980.25,H
SANSERA ENGINEERING LTD       ,1958.30,1949.00,H
SBI LIFE INSURANCE CO LTD     ,2109.60,2106.00,H
SENORES PHARMACEUTICALS L     ,876.50,873.70,H
SG FINSERVE LIMITED           ,452.80,426.15,H
SHREEJI SHIPPING GLOBAL L     ,390.90,389.35,H
SHRINGAR HOU OF MANGALS L     ,245.92,243.40,H
SHRIRAM PIST. & RING LTD      ,3407.20,3404.00,H
SILVER TOUCH TECHNO LTD       ,1581.60,1480.00,H
SUNLITE RECYCLING IND LTD     ,393.85,375.10,H
SWAN DEFENCE N HEVY IND L     ,1771.50,1687.20,H
THANGAMAYIL JEWELLERY LTD     ,3835.70,3577.90,H
TORRENT PHARMACEUTICALS L     ,4104.80,3948.00,H
VINTAGE COFFEE N BVRGS L      ,177.16,174.50,H
WEALTH - TWCGOLDETF           ,139.99,139.50,H
ZERODHAAMC - SILVERCASE       ,25.78,25.40,H
AFCONS INFRASTRUCTURE LTD     ,374.75,376.30,L
ALCOKRAFT DISTILLERIE LTD     ,88.30,90.60,L
ANSAL PROP & INFRA LTD        ,3.20,3.25,L
DEEPAK BUILDERS & ENG I L     ,114.31,114.71,L
DHARA RAIL PROJECTS LTD       ,124.60,128.35,L
E TO E TRANS INFRA LTD        ,281.15,295.90,L
ELLENBARRIE INDUS GASES L     ,317.00,319.00,L
FINKURVE FINANCIAL SERV L     ,94.84,95.29,L
GLOBE CIVIL PROJECTS LTD      ,54.81,57.54,L
GO FASHION INDIA LTD          ,440.60,447.30,L
GUJARAT KIDNEY N SUP SP L     ,100.00,100.09,L
HILTON METAL FORGING LTD      ,1.70,2.70,L
IDENTICAL BRAINS STUDIO L     ,21.00,21.25,L
JARO INS OF TEC MG N RE L     ,435.00,441.40,L
JHS SVENDGAARD RETAIL V L     ,23.00,23.05,L
JTL INDUSTRIES LIMITED        ,57.00,57.14,L
JYOTI GLOBAL PLAST LTD        ,38.40,38.50,L
KALANA ISPAT LIMITED          ,22.30,22.80,L
KAYTEX FABRICS LIMITED        ,69.00,69.50,L
LG ELECTRONICS INDIA LTD      ,1449.00,1455.20,L
MARC TECHNOCRATS LIMITED      ,45.75,48.15,L
MARKOLINES PAVEMENT TEC L     ,146.08,146.15,L
MAXPOSURE LIMITED             ,43.00,43.10,L
MITTAL LIFE STYLE LIMITED     ,1.02,1.05,L
MONEYBOXX FINANCE LIMITED     ,53.90,59.00,L
MUKKA PROTEINS LIMITED        ,23.55,23.60,L
NEOCHEM BIO SOLUTIONS LTD     ,80.00,82.50,L
NEWJAISA TECHNOLOGIES LTD     ,24.15,24.70,L
PREMIER ENERGIES LIMITED      ,746.30,748.20,L
R K SWAMY LIMITED             ,107.61,107.67,L
SHEEL BIOTECH LIMITED         ,67.75,68.25,L
SHIVALIK RASAYAN LIMITED      ,346.00,347.15,L
SHRI KANHA STAINLESS LTD      ,24.00,24.20,L
SHYAM DHANI INDUSTRIES L      ,108.75,114.45,L
SIKKO INDUSTRIES LIMITED      ,4.68,4.76,L
SNEHAA ORGANICS LIMITED       ,58.10,59.05,L
SUDEEP PHARMA LIMITED         ,585.00,585.75,L
SUNDREX OIL COMPANY LTD       ,48.15,50.65,L
SUPREME HOLDIN N HOSP I L     ,68.51,69.11,L
SYSTEMATIX CORP SERVICE L     ,101.00,108.44,L
VINEET LABORATORIES LTD       ,0.95,1.18,L
VIRTUAL GALAXY INFOTECH L     ,142.00,146.00,L
WAKEFIT INNOVATIONS LTD       ,164.06,166.01,L
YASHO INDUSTRIES LIMITED      ,1301.40,1326.00,L
