SERIES,SYMBOL,SECURITY,RECORD_DT,BC_STRT_DT,BC_END_DT,EX_DT,ND_STRT_DT,ND_END_DT,PURPOSE
N1,1003SCL32,Sammaan Capital Limited,2025-12-04,,,2025-12-04,,,INTEREST PAYMENT
U1,1003SCL32,Sammaan Capital Limited,2025-12-04,,,2025-12-04,,,INTEREST PAYMENT
N1,1015UCL26,Sec Re NCD 10.15% Sr I,2025-12-09,,,2025-12-09,,,INTEREST PAYMENT
U1,1015UCL26,Sec Re NCD 10.15% Sr I,2025-12-09,,,2025-12-09,,,INTEREST PAYMENT
NF,1015UCL27,UCL 10.15% Sr III,2025-12-09,,,2025-12-09,,,INTEREST PAYMENT
UF,1015UCL27,UCL 10.15% Sr III,2025-12-09,,,2025-12-09,,,INTEREST PAYMENT
N1,1025SCL35A,Sammaan Capital Limited,2025-12-04,,,2025-12-04,,,INTEREST PAYMENT
U1,1025SCL35A,Sammaan Capital Limited,2025-12-04,,,2025-12-04,,,INTEREST PAYMENT
N1,1025UCL26A,Sec Re NCD 10.25% Sr II,2025-12-09,,,2025-12-09,,,INTEREST PAYMENT
U1,1025UCL26A,Sec Re NCD 10.25% Sr II,2025-12-09,,,2025-12-09,,,INTEREST PAYMENT
NG,1025UCL27A,UCL 10.25% Sr IV,2025-12-09,,,2025-12-09,,,INTEREST PAYMENT
UG,1025UCL27A,UCL 10.25% Sr IV,2025-12-09,,,2025-12-09,,,INTEREST PAYMENT
N1,1040UCL27B,Sec Re NCD 10.40% Sr III,2025-12-09,,,2025-12-09,,,INTEREST PAYMENT
U1,1040UCL27B,Sec Re NCD 10.40% Sr III,2025-12-09,,,2025-12-09,,,INTEREST PAYMENT
N5,1050ISFL28,Sec Re NCD 10.50% Sr 6,2025-12-06,,,2025-12-05,,,INTEREST PAYMENT
U5,1050ISFL28,Sec Re NCD 10.50% Sr 6,2025-12-06,,,2025-12-05,,,INTEREST PAYMENT
N7,1050NFL26,Sec Re NCD 10.50% Sr.IV,2025-12-03,,,2025-12-03,,,INTEREST PAYMENT
U7,1050NFL26,Sec Re NCD 10.50% Sr.IV,2025-12-03,,,2025-12-03,,,INTEREST PAYMENT
NH,1050UCL28,UCL 10.50% Sr V,2025-12-09,,,2025-12-09,,,INTEREST PAYMENT
UH,1050UCL28,UCL 10.50% Sr V,2025-12-09,,,2025-12-09,,,INTEREST PAYMENT
NB,105UCL2026,Sec Re NCD 10.5% Sr IV,2025-12-12,,,2025-12-12,,,INTEREST PAYMENT
UB,105UCL2026,Sec Re NCD 10.5% Sr IV,2025-12-12,,,2025-12-12,,,INTEREST PAYMENT
N3,10ISFL26,Sec Re NCD 10% Sr 4,2025-12-06,,,2025-12-05,,,INTEREST PAYMENT
U3,10ISFL26,Sec Re NCD 10% Sr 4,2025-12-06,,,2025-12-05,,,INTEREST PAYMENT
BV,10SCL30A,SEC RE NCD 9.71% SR VIII,2025-12-11,,,2025-12-11,,,INTEREST PAYMENT
ND,10UCL26,UCL 10.00% Sr I,2025-12-09,,,2025-12-09,,,INTEREST PAYMENT
UD,10UCL26,UCL 10.00% Sr I,2025-12-09,,,2025-12-09,,,INTEREST PAYMENT
N0,115VCCL27,VCCL 11.5% 2027 Sr II,2025-12-08,,,2025-12-08,,,INTEREST PAYMENT
N0,116VCCL26A,VCCL 11.6% 2026 Sr A,2025-12-05,,,2025-12-05,,,INTEREST PAYMENT
N0,116VCCL27,VCCL 11.6% 2027 Sr A,2025-12-06,,,2025-12-05,,,INTEREST PAYMENT
N0,118VCCL27,VCCL 11.8% 2027 Sr B,2025-12-05,,,2025-12-05,,,INTEREST PAYMENT
N0,118VCCL27A,VCCL 11.8% 2027 Sr B,2025-12-06,,,2025-12-05,,,INTEREST PAYMENT
N0,1225IFL27,IFL 12.25% 2027,2025-12-03,,,2025-12-03,,,INTEREST PAYMENT
N0,12AFIL27,AFIL 12% 2027 Sr 1,2025-12-07,,,2025-12-05,,,INTEREST PAYMENT
N0,12DCCL27,DCCL 12% 2027 Sr II,2025-12-04,,,2025-12-04,,,INTEREST PAYMENT
N0,12VCCL27,VCCL 12% 2027 Sr A,2025-12-08,,,2025-12-08,,,INTEREST PAYMENT
N0,12VCCL27B,VCCL 12% 2027,2025-12-06,,,2025-12-05,,,INTEREST PAYMENT
N0,12VCCL27D,VCCL 12% 2027 Sr C,2025-12-05,,,2025-12-05,,,INTEREST PAYMENT
N0,12VCCL29,VCCL 12% 2029 Sr B,2025-12-08,,,2025-12-08,,,INTEREST PAYMENT
N0,12VCCL29C,VCCL 12% 2029 Sr I,2025-12-08,,,2025-12-08,,,INTEREST PAYMENT
TB,182D111225,GOI TBILL 182D-11/12/25,2025-12-09,,,,,,REDEMPTION
TB,182D181225,GOI TBILL 182D-18/12/25,2025-12-16,,,,,,REDEMPTION
TB,364D111225,GOI TBILL 364D-11/12/25,2025-12-09,,,,,,REDEMPTION
TB,364D181225,GOI TBILL 364D-18/12/25,2025-12-16,,,,,,REDEMPTION
SG,535RJ25,SDL RJ 5.35% 2025,2025-12-12,,,,,,REDEMPTION
GS,613GS2028,GOI LOAN 6.13% 2028,2025-12-03,,,2025-12-03,,,INTEREST PAYMENT
GS,657GS2033,GOI LOAN 6.57% 2033,2025-12-04,,,2025-12-04,,,INTEREST PAYMENT
NF,707IRFC25,Tax Free 7.07% Sr. 102,2025-12-05,,,,,,INTEREST PAYMENT/REDEMPT
UF,707IRFC25,Tax Free 7.07% Sr. 102,2025-12-05,,,,,,INTEREST PAYMENT/REDEMPT
N0,716PFCL40,PFCL 7.16% 2040 Sr 244A,2025-12-08,,,2025-12-08,,,INTEREST PAYMENT
N0,720NHB31,NHB 7.20% 2031,2025-12-03,,,2025-12-03,,,INTEREST PAYMENT
NI,732IRFC25,Tax Free  7.32% Sr. 102 A,2025-12-05,,,,,,INT PAYMNT/REDEMPTN
UI,732IRFC25,Tax Free  7.32% Sr. 102 A,2025-12-05,,,,,,INT PAYMNT/REDEMPTN
N0,74PFCL30,PFCL 7.40% 2030 Sr 244B,2025-12-08,,,2025-12-08,,,INTEREST PAYMENT
N0,765NBFID38,NABFID 7.65% 2038 Sr 1,2025-12-08,,,2025-12-08,,,INTEREST PAYMENT
N0,770SHFL29,SHFL 7.70% 2029 Sr 345,2025-12-05,,,2025-12-05,,,INTEREST PAYMENT
N0,770TPREL34,TPREL 7.70% 2034,2025-12-08,,,2025-12-08,,,INTEREST PAYMENT
N0,771HDFCB33,HDFC Bank 7.71% 2033 Sr1,2025-12-04,,,2025-12-04,,,INTEREST PAYMENT
N0,774PSB34,PSB 7.74% 2034 Sr 1,2025-12-05,,,2025-12-05,,,INTEREST PAYMENT
N0,779SIDBI27,SIDBI 7.79% 2027 Sr VI,2025-12-05,,,2025-12-05,,,INTEREST PAYMENT
N0,799TFSIL27,TFSIL 7.99% 2027 Sr 49,2025-12-04,,,2025-12-04,,,INTEREST PAYMENT
N0,803ICPR34,ICPR 8.03% 2034 Sr 1,2025-12-03,,,2025-12-03,,,INTEREST PAYMENT
N0,80956ABH26,ABHFL 8.0956% 2026 Sr E1,2025-12-05,,,2025-12-05,,,INTEREST PAYMENT
N0,813PNBH33,PHFL 8.13% 2033,2025-12-05,,,2025-12-05,,,INTEREST PAYMENT
N0,815SHFL25,SHFL 8.15% 2025 Sr 338,2025-12-03,,,,,,INT PAYMENT/REDEMPTION
N0,816KSFP29,KSFP 8.164% 2029 Sr I1,2025-12-04,,,2025-12-04,,,INTEREST PAYMENT
MS,843SCL27,SEC RE NCD 8.43% SR.VIII,2025-12-15,,,2025-12-15,,,INTEREST PAYMENT
YS,843SCL27,SEC RE NCD 8.43% SR.VIII,2025-12-15,,,2025-12-15,,,INTEREST PAYMENT
NW,850SCL25A,UNSE RE NCD 9.35% SR.X,2025-12-09,,,2025-12-09,,,INTEREST PAYMENT
UW,850SCL25A,UNSE RE NCD 9.35% SR.X,2025-12-09,,,2025-12-09,,,INTEREST PAYMENT
NM,85LTF26,SeReNCD 8.50% Sr.VI Op11,2025-12-08,,,2025-12-08,,,INTEREST PAYMENT
UM,85LTF26,SeReNCD 8.50% Sr.VI Op11,2025-12-08,,,2025-12-08,,,INTEREST PAYMENT
NN,865LTF26,SeReNCD 8.65% Sr.VI Op12,2025-12-08,,,2025-12-08,,,INTEREST PAYMENT
UN,865LTF26,SeReNCD 8.65% Sr.VI Op12,2025-12-08,,,2025-12-08,,,INTEREST PAYMENT
18,865SCL24B,SEC RE NCD 8.70% SR.VIII,2025-12-15,,,2025-12-15,,,INTEREST PAYMENT
Z8,865SCL24B,SEC RE NCD 8.70% SR.VIII,2025-12-15,,,2025-12-15,,,INTEREST PAYMENT
N8,865SCL26,SEC RED NCD 8.65% SR. V,2025-12-17,,,2025-12-17,,,INTEREST PAYMENT
U8,865SCL26,SEC RED NCD 8.65% SR. V,2025-12-17,,,2025-12-17,,,INTEREST PAYMENT
ZF,875SFL27,Shriram Finance Limited,2025-12-16,,,2025-12-16,,,INTEREST PAYMENT
NC,879SCL26,UNS RED NCD 8.79% SR.VIII,2025-12-17,,,2025-12-17,,,INTEREST PAYMENT
UC,879SCL26,UNS RED NCD 8.79% SR.VIII,2025-12-17,,,2025-12-17,,,INTEREST PAYMENT
ZV,87SCL25,SEC RE NCD 8.70% SR.V,2025-12-15,,,2025-12-15,,,INT PAYMENT/REDEMPTN
NI,885MFL28,MFL 8.85% 2028,2025-12-05,,,2025-12-05,,,INTEREST PAYMENT
UI,885MFL28,MFL 8.85% 2028,2025-12-05,,,2025-12-05,,,INTEREST PAYMENT
MT,889SCL27,SEC RE NCD 8.89% SR.VIII,2025-12-15,,,2025-12-15,,,INTEREST PAYMENT
YT,889SCL27,SEC RE NCD 8.89% SR.VIII,2025-12-15,,,2025-12-15,,,INTEREST PAYMENT
ZY,894SCL27,SEC RE NCD 9.80% SR.VII,2025-12-15,,,2025-12-15,,,INT PAYMENT/PART REDMPTN
GS,897GS2030,GOI LOAN 8.97% 2030,2025-12-04,,,2025-12-04,,,INTEREST PAYMENT
AW,902SCL26I,SEC RE NCD 9.02% SR V,2025-12-12,,,2025-12-12,,,INTEREST PAYMENT
N1,902SCL28,Sammaan Capital Limited,2025-12-04,,,2025-12-04,,,INTEREST PAYMENT
U1,902SCL28,Sammaan Capital Limited,2025-12-04,,,2025-12-04,,,INTEREST PAYMENT
19,905SC24B,SEC RE NCD 9.15% SR.VIII,2025-12-15,,,2025-12-15,,,INTEREST PAYMENT
Z9,905SC24B,SEC RE NCD 9.15% SR.VIII,2025-12-15,,,2025-12-15,,,INTEREST PAYMENT
ZT,905SCL25,SEC RE NCD 9.05% SR.IV,2025-12-15,,,2025-12-15,,,INTEREST PAYMNT/REDEMPTI
ZW,916SCL25,SEC RE NCD 9.16% SR.V,2025-12-15,,,2025-12-15,,,INT PAYMNT/REDEMPTN
TB,91D111225,GOI TBILL 91D-11/12/25,2025-12-09,,,,,,REDEMPTION
TB,91D181225,GOI TBILL 91D-18/12/25,2025-12-16,,,,,,REDEMPTION
N0,921ISFL25,Sec Re NCD 9.21% Sr 1,2025-12-06,,,2025-12-05,,,INT PAYMNT/REDEMPTN
N1,925SCL27B,Sammaan Capital Limited,2025-12-04,,,2025-12-04,,,INTEREST PAYMENT
U1,925SCL27B,Sammaan Capital Limited,2025-12-04,,,2025-12-04,,,INTEREST PAYMENT
AM,925SCL28,SEC RE NCD 9.25% SR.VIII,2025-12-08,,,2025-12-08,,,INTEREST PAYMENT
BA,925SCL28I,SEC RE NCD 9.25% SR VIII,2025-12-12,,,2025-12-12,,,INTEREST PAYMENT
MP,930SFL28,Shriram Finance Limited,2025-12-17,,,2025-12-17,,,INTEREST PAYMENT
YP,930SFL28,Shriram Finance Limited,2025-12-17,,,2025-12-17,,,INTEREST PAYMENT
Z5,931SFL26,Shriram Finance Limited,2025-12-16,,,2025-12-16,,,INTEREST PAYMENT
NV,935SCL28,UNSE RE NCD 8.89% SR.X,2025-12-09,,,2025-12-09,,,INTEREST PAYMENT
UV,935SCL28,UNSE RE NCD 8.89% SR.X,2025-12-09,,,2025-12-09,,,INTEREST PAYMENT
ZZ,939SCL27,SEC RE NCD 8.94% SR.VIII,2025-12-15,,,2025-12-15,,,INT PAYMENT/PART REDMPTN
AI,948SCL26D,SEC RE NCD 9.48% SR.V,2025-12-08,,,2025-12-08,,,INTEREST PAYMENT
AX,948SCL26I,SEC RE NCD 9.48% SR V,2025-12-12,,,2025-12-12,,,INTEREST PAYMENT
N1,948SCL28,Sammaan Capital Limited,2025-12-04,,,2025-12-04,,,INTEREST PAYMENT
U1,948SCL28,Sammaan Capital Limited,2025-12-04,,,2025-12-04,,,INTEREST PAYMENT
N0,950ISF27A,ISF 9.50% 2027,2025-12-07,,,2025-12-05,,,INTEREST PAYMENT
N0,950ISF27B,ISF 9.50% 2027,2025-12-04,,,2025-12-04,,,INT PAYMNT/PART RDMPTION
N0,950ISF27C,ISF 9.50% 2027,2025-12-08,,,2025-12-08,,,INTEREST PAYMENT
ZU,955SCL25,SEC RE NCD 9.55% SR.IV,2025-12-15,,,2025-12-15,,,INT PAYMNT/REDEMPTN
MW,957ICCL25,Shriram Finance Limited,2025-12-16,,,2025-12-16,,,INTEREST PAYMENT
YW,957ICCL25,Shriram Finance Limited,2025-12-16,,,2025-12-16,,,INTEREST PAYMENT
N1,960ISFL25,Sec Re NCD 9.60% Sr 2,2025-12-06,,,2025-12-05,,,INT PAYMNT/REDEMPTN
U1,960ISFL25,Sec Re NCD 9.60% Sr 2,2025-12-06,,,2025-12-05,,,INT PAYMNT/REDEMPTN
N0,965SCL25C,SEC RE NCD 9.39% SR.VIII,2025-12-15,,,2025-12-15,,,INT PAYMENT/PART REDMPTN
AN,971SCL28,SEC RE NCD 9.71% SR.VIII,2025-12-08,,,2025-12-08,,,INTEREST PAYMENT
BU,971SCL28C,SEC RE NCD 9.25% SR VIII,2025-12-11,,,2025-12-11,,,INTEREST PAYMENT
BC,971SCL28I,SEC RE NCD 9.71% SR VIII,2025-12-12,,,2025-12-12,,,INTEREST PAYMENT
N1,971SCL30,Sammaan Capital Limited,2025-12-04,,,2025-12-04,,,INTEREST PAYMENT
U1,971SCL30,Sammaan Capital Limited,2025-12-04,,,2025-12-04,,,INTEREST PAYMENT
N1,971SCL30A,Sammaan Capital Limited,2025-12-04,,,2025-12-04,,,INTEREST PAYMENT
U1,971SCL30A,Sammaan Capital Limited,2025-12-04,,,2025-12-04,,,INTEREST PAYMENT
NT,975SCL28,SEC RE NCD 8.89% SR.VIII,2025-12-09,,,2025-12-09,,,INTEREST PAYMENT
UT,975SCL28,SEC RE NCD 8.89% SR.VIII,2025-12-09,,,2025-12-09,,,INTEREST PAYMENT
N1,980SCL35,Sammaan Capital Limited,2025-12-04,,,2025-12-04,,,INTEREST PAYMENT
U1,980SCL35,Sammaan Capital Limited,2025-12-04,,,2025-12-04,,,INTEREST PAYMENT
ZX,98SCL27,SEC RE NCD SR.VI,2025-12-15,,,2025-12-15,,,INT PAYMENT/REDEMPTION
N0,990IIFL27,IFL 9.90% 2027 Sr D28,2025-12-04,,,2025-12-04,,,INTEREST PAYMENT
N0,ABCRESET28,ABCL FBIL 2028 Sr F3,2025-12-09,,,2025-12-09,,,INTEREST PAYMENT
BE,BECTORFOOD,Mrs Bectors Food Spe Ltd,2025-12-12,,,2025-12-12,,,FV SPLT FRM RS 10 TO RS 2
BL,BECTORFOOD,Mrs Bectors Food Spe Ltd,2025-12-12,,,2025-12-12,,,FV SPLT FRM RS 10 TO RS 2
EQ,BECTORFOOD,Mrs Bectors Food Spe Ltd,2025-12-12,,,2025-12-12,,,FV SPLT FRM RS 10 TO RS 2
IQ,BECTORFOOD,Mrs Bectors Food Spe Ltd,2025-12-12,,,2025-12-12,,,FV SPLT FRM RS 10 TO RS 2
T0,BECTORFOOD,Mrs Bectors Food Spe Ltd,2025-12-12,,,2025-12-12,,,FV SPLT FRM RS 10 TO RS 2
TL,BECTORFOOD,Mrs Bectors Food Spe Ltd,2025-12-12,,,2025-12-12,,,FV SPLT FRM RS 10 TO RS 2
BE,BHARATRAS,Bharat Rasayan Ltd,2025-12-12,,,2025-12-12,,,FVSPLT FRM RS 10 TO RS 5
BE,BHARATRAS,Bharat Rasayan Ltd,2025-12-12,,,2025-12-12,,,BONUS 1:1
BL,BHARATRAS,Bharat Rasayan Ltd,2025-12-12,,,2025-12-12,,,FVSPLT FRM RS 10 TO RS 5
BL,BHARATRAS,Bharat Rasayan Ltd,2025-12-12,,,2025-12-12,,,BONUS 1:1
EQ,BHARATRAS,Bharat Rasayan Ltd,2025-12-12,,,2025-12-12,,,BONUS 1:1
EQ,BHARATRAS,Bharat Rasayan Ltd,2025-12-12,,,2025-12-12,,,FVSPLT FRM RS 10 TO RS 5
IQ,BHARATRAS,Bharat Rasayan Ltd,2025-12-12,,,2025-12-12,,,BONUS 1:1
IQ,BHARATRAS,Bharat Rasayan Ltd,2025-12-12,,,2025-12-12,,,FVSPLT FRM RS 10 TO RS 5
BE,CAMS,Computer Age Mngt Ser Ltd,2025-12-05,,,2025-12-05,,,FV SPLT FRM RS 10 TO RS 2
BL,CAMS,Computer Age Mngt Ser Ltd,2025-12-05,,,2025-12-05,,,FV SPLT FRM RS 10 TO RS 2
EQ,CAMS,Computer Age Mngt Ser Ltd,2025-12-05,,,2025-12-05,,,FV SPLT FRM RS 10 TO RS 2
IQ,CAMS,Computer Age Mngt Ser Ltd,2025-12-05,,,2025-12-05,,,FV SPLT FRM RS 10 TO RS 2
T0,CAMS,Computer Age Mngt Ser Ltd,2025-12-05,,,2025-12-05,,,FV SPLT FRM RS 10 TO RS 2
TL,CAMS,Computer Age Mngt Ser Ltd,2025-12-05,,,2025-12-05,,,FV SPLT FRM RS 10 TO RS 2
N0,CITI26,CITI Nifty 50 Index 2026,2025-12-08,,,2025-12-08,,,INT PAYMENT/REDEMPT
BE,ENGINERSIN,Engineers India-Depo,2025-12-04,,,2025-12-04,,,INTDIV - RE 1 PER SH
BL,ENGINERSIN,Engineers India Ltd.,2025-12-04,,,2025-12-04,,,INTDIV - RE 1 PER SH
EQ,ENGINERSIN,Engineers India Ltd.,2025-12-04,,,2025-12-04,,,INTDIV - RE 1 PER SH
IQ,ENGINERSIN,Engineers India Ltd.,2025-12-04,,,2025-12-04,,,INTDIV - RE 1 PER SH
T0,ENGINERSIN,Engineers India Ltd.,2025-12-04,,,2025-12-04,,,INTDIV - RE 1 PER SH
TL,ENGINERSIN,Engineers India Ltd.,2025-12-04,,,2025-12-04,,,INTDIV - RE 1 PER SH
GS,GS071225C,GOI STRIPS C 071225,2025-12-04,,,,,,REDEMPTION
GS,GS121225C,GOI STRIPS C 121225,2025-12-10,,,,,,REDEMPTION
GS,GS151225C,GOI STRIPS C 151225,2025-12-11,,,,,,REDEMPTION
GS,GS171225C,GOI STRIPS C 171225,2025-12-15,,,,,,REDEMPTION
BE,HCC,Hindustan Construc Co.,2025-12-05,,,2025-12-05,,,RGTS 277:630PRM RS 11.50
BL,HCC,Hindustan Construc Co.,2025-12-05,,,2025-12-05,,,RGTS 277:630PRM RS 11.50
EQ,HCC,Hindustan Construc Co.,2025-12-05,,,2025-12-05,,,RGTS 277:630PRM RS 11.50
IQ,HCC,Hindustan Construc Co.,2025-12-05,,,2025-12-05,,,RGTS 277:630PRM RS 11.50
BE,HINDUNILVR,Hindustan Unilever Ltd,2025-12-05,,,2025-12-05,,,DEMERGER
BL,HINDUNILVR,Hindustan Unilever Ltd,2025-12-05,,,2025-12-05,,,DEMERGER
EQ,HINDUNILVR,Hindustan Unilever Ltd,2025-12-05,,,2025-12-05,,,DEMERGER
IQ,HINDUNILVR,Hindustan Unilever Ltd,2025-12-05,,,2025-12-05,,,DEMERGER
T0,HINDUNILVR,Hindustan Unilever Ltd,2025-12-05,,,2025-12-05,,,DEMERGER
TL,HINDUNILVR,Hindustan Unilever Ltd,2025-12-05,,,2025-12-05,,,DEMERGER
SL,INM,Interiors & More Limited,2025-12-05,,,2025-12-05,,,BONUS 1:1
SM,INM,Interiors & More Limited,2025-12-05,,,2025-12-05,,,BONUS 1:1
SQ,INM,Interiors & More Limited,2025-12-05,,,2025-12-05,,,BONUS 1:1
ST,INM,Interiors & More Limited,2025-12-05,,,2025-12-05,,,BONUS 1:1
BE,NURECA,Nureca Limited,2025-12-12,,,2025-12-12,,,BUY BACK
BL,NURECA,Nureca Limited,2025-12-12,,,2025-12-12,,,BUY BACK
EQ,NURECA,Nureca Limited,2025-12-12,,,2025-12-12,,,BUY BACK
IQ,NURECA,Nureca Limited,2025-12-12,,,2025-12-12,,,BUY BACK
BE,PATELENG,Patel Engineering Ltd.,2025-12-04,,,2025-12-04,,,RIGHTS 7:40 @PRM RS 26/-
BL,PATELENG,Patel Engineering Limited,2025-12-04,,,2025-12-04,,,RIGHTS 7:40 @PRM RS 26/-
EQ,PATELENG,Patel Engineering Limited,2025-12-04,,,2025-12-04,,,RIGHTS 7:40 @PRM RS 26/-
IQ,PATELENG,Patel Engineering Limited,2025-12-04,,,2025-12-04,,,RIGHTS 7:40 @PRM RS 26/-
GB,SGBDEC2512,2.50%GOLDBONDS2025 SR-XII,2025-12-16,,,,,,REDEMPTION
GB,SGBDEC25XI,2.50%GOLDBONDS 2025 SR-XI,2025-12-09,,,,,,REDEMPTION
BE,SIKKO,Sikko Industries Limited,2025-12-08,,,2025-12-08,,,BONUS 1:1
BL,SIKKO,Sikko Industries Limited,2025-12-08,,,2025-12-08,,,BONUS 1:1
EQ,SIKKO,Sikko Industries Limited,2025-12-08,,,2025-12-08,,,BONUS 1:1
IQ,SIKKO,Sikko Industries Limited,2025-12-08,,,2025-12-08,,,BONUS 1:1
BE,STEELCITY,Steel City Securities Lim,2025-12-11,,,2025-12-11,,,INTDIV - RE 1 PER SH
BL,STEELCITY,Steel City Securities Lim,2025-12-11,,,2025-12-11,,,INTDIV - RE 1 PER SH
EQ,STEELCITY,Steel City Securities Lim,2025-12-11,,,2025-12-11,,,INTDIV - RE 1 PER SH
IQ,STEELCITY,Steel City Securities Lim,2025-12-11,,,2025-12-11,,,INTDIV - RE 1 PER SH
BE,VLSFINANCE,VLS Finance Ltd.,2025-12-12,,,2025-12-12,,,BUY BACK
BL,VLSFINANCE,VLS Finance Ltd.,2025-12-12,,,2025-12-12,,,BUY BACK
EQ,VLSFINANCE,VLS Finance Ltd.,2025-12-12,,,2025-12-12,,,BUY BACK
IQ,VLSFINANCE,VLS Finance Ltd.,2025-12-12,,,2025-12-12,,,BUY BACK
