SYMBOL,SERIES,SECURITY,HIGH/LOW
21STCENMGM,EQ,21ST CENTURY MGMT SERVICE,H
AMEYA,SM,AMEYA PRECISION ENG LTD,H
ANIKINDS,EQ,ANIK INDUSTRIES LTD,H
ARSHIYA,BZ,ARSHIYA LIMITED,H
AURIGROW,EQ,AURI GROW INDIA LIMITED,H
COMPINFO,BZ,COMPUAGE INFOCOM LTD,H
DHARAN,BZ,DHARAN INFRA-EPC LIMITED,H
EASTSILK,BE,EASTERN SILK INDUSTRIES L,H
EQUIPPP,BE,EQUIPPP SOC IMP TECH LTD,H
FEL,BZ,FUTURE ENTERPRISES LTD,H
FLEXITUFF,EQ,FLEXITUFF VENTURES INT L,H
GATECHDVR,EQ,GACM TECHNOLOGIES LIMITED,H
GIRIRAJ,SM,GIRIRAJ CIVIL DEVP LTD,H
GML,SM,GALAXY MEDICARE LIMITED,H
GRAPHISAD,SM,GRAPHISADS LIMITED,H
GSTL,SM,GLOBESECURE TECHNO LTD,H
GURUNANAK,SM,GURUNANAK AGRICULTUR IN L,H
GVKPIL,BE,GVK POW. & INFRA LTD.,H
HNGSNGBEES,EQ,NIP IND ETF HANGSENG BEES,H
INDO-RE2,BE,INDOWIND ENERGY LTD,H
INFLUX,ST,INFLUX HEALTHTECH LIMITED,H
ISHANCH,EQ,ISHAN DYES N CHEMICALS L,H
JALAN,SM,JALAN TRANSOLU. INDIA LTD,H
JPASSOCIAT,BE,JAIPRAKASH ASSOCIATES LTD,H
KCK,ST,KCK INDUSTRIES LTD,H
KDL,SM,KORE DIGITAL LIMITED,H
MAFANG,EQ,MIRAEAMC - MAFANG,H
MAHKTECH,EQ,MIRAEAMC - MAHKTECH,H
MARINETRAN,SM,MARINETRANS INDIA LIMITED,H
MASPTOP50,EQ,MIRAEAMC - MASPTOP50,H
MEGASTAR,BE,MEGASTAR FOODS LIMITED,H
MIDWESTLTD,EQ,MIDWEST LIMITED,H
MILTON,SM,MILTON INDUSTRIES LIMITED,H
NEELAM,SM,NEELAM LINENS & GAR (I) L,H
NIKITA,ST,NIKITA GRENTEC RECYCL LTD,H
NIRMAN,SM,NIRMAN AGRI GENTICS LTD,H
ONELIFECAP,BE,ONELIFE CAP ADVISORS LTD,H
ONMOBILE,EQ,ONMOBILE GLOBAL LTD.,H
ORTEL,BZ,ORTEL COMMUNICATIONS LTD,H
ORTINGLOBE,EQ,ORTIN GLOBAL LIMITED,H
PRUDMOULI,EQ,PRUDENTIAL SUGAR CORPORAT,H
QUICKTOUCH,SM,QUICKTOUCH TECHNOLOGIES L,H
QVCEL,SM,QVC EXPORTS LIMITED,H
REFRACTORY,SM,REFRACTORY SHAPES LIMITED,H
RICHA,ST,RICHA INFO SYSTEMS LTD,H
SACHEEROME,ST,SACHEEROME LIMITED,H
SANWARIA,BZ,SANWARIA CONSUMER LIMITED,H
SECURKLOUD,BE,SECUREKLOUD TECH LIMITED,H
SETUINFRA,BZ,SETUBANDHAN INFRA LTD,H
SHANTHALA,ST,SHANTHALA FMCG PRODUCTS L,H
SHUBHLAXMI,ST,SHUBHLAXMI JEWEL ART LTD,H
SILGO,EQ,SILGO RETAIL LIMITED,H
SITINET,BZ,SITI NETWORKS LIMITED,H
SMLMAH,EQ,SML MAHINDRA LIMITED,H
SUPREMEENG,BZ,SUPREME ENGINEERING LTD,H
TGL,ST,TEERTH GOPICON LIMITED,H
TRANSWIND,SM,TRANSWIND INFRA LIMITED,H
UNITEDPOLY,BE,UNITED POLYFAB GUJ. LTD.,H
UWCSL,SM,ULTRA WIRING CONN SYS LTD,H
VCL,BE,VAXTEX COTFAB LIMITED,H
VERTEXPLUS,SM,VERTEXPLUS TECHNOLOGIES L,H
WHITEFORCE,SM,HAPPY SQUARE OUTSOURC S L,H
WINSOME,BZ,WINSOME YARNS LIMITED,H
1035UCL26,NA,SEC RE NCD 10.35% SR III,L
AAREYDRUGS,BE,AAREY DRUGS & PHARM LTD,L
ACCPL,ST,ACCRETION PHARMA LIMITED,L
AESTHETIK,SM,AESTHETIK ENGINEERS LTD,L
AHCL,BE,ANLON HEALTHCARE LIMITED,L
AILIMITED,SM,ABHISHEK INTEGRATIONS LTD,L
AIMTRON,ST,AIMTRON ELECTRONICS LTD,L
AKI,EQ,AKI INDIA LIMITED,L
ARSHIYA,BZ,ARSHIYA LIMITED,L
ASTRON,EQ,ASTRON PAPER BORD MIL LTD,L
BANKA,EQ,BANKA BIOLOO LIMITED,L
BEACON,ST,BEACON TRUSTEESHIP LTD,L
BILVYAPAR,BE,BIL VYAPAR LIMITED,L
C2C,SM,C2C ADVANCED SYSTEMS LTD,L
CADSYS,SM,CADSYS (INDIA) LIMITED,L
CAPTRUST,EQ,CAPITAL TRUST LIMITED,L
CBAZAAR,ST,NET AVENUE TECHNOLOGIES L,L
COMMITTED,ST,COMMITTED CARGO CARE LTD,L
COMPINFO,BZ,COMPUAGE INFOCOM LTD,L
CPS,SM,C P S SHAPERS LIMITED,L
CTE,EQ,CAMBRIDGE TECH ENTER LTD,L
CURAA,BE,CURA TECHNOLOGIES LIMITED,L
DENEERS,SM,DE NEERS TOOLS LIMITED,L
DHARAN,BZ,DHARAN INFRA-EPC LIMITED,L
DHTL,ST,DOCMODE HEALTH TECH LTD,L
DIGISPICE,BE,DIGISPICE TECHNOLOGIES LT,L
DYNAMIC,SM,DYNAMIC SRVCS & SEC LTD,L
EMAMIREAL,EQ,EMAMI REALTY LIMITED,L
ENERGYDEV,BE,ENERGY DEVE. CO.LTD,L
EXCEL,BE,EXCEL REALTY N INFRA LTD,L
FLEXITUFF,EQ,FLEXITUFF VENTURES INT L,L
FLFL,BZ,FUT LIFESTYLE FASH LTD,L
GANGAFORGE,EQ,GANGA FORGING LIMITED,L
GAYAHWS,BE,GAYATRI HIGHWAYS LIMITED,L
GCHOTELS,SM,GRAND CONTINENT HOTELS L,L
GCSL,BE,GRETEX CORPORATE SERVICES,L
GOENKA,BZ,GOENKA DIAMOND&JEWELS LTD,L
GOLDSTAR,SM,GOLDSTAR POWER LIMITED,L
HIRECT,EQ,HIND RECTIFIER LIMITED,L
HOMESFY,SM,HOMESFY REALTY LIMITED,L
IDEA,T0,VODAFONE IDEA LIMITED,L
IL&FSENGG,BZ,IL&FS ENG AND CONS CO LTD,L
IMPEXFERRO,BZ,IMPEX FERRO TECH LIMITED,L
INDIFRA,SM,INDIFRA LIMITED,L
INDO-RE2,BE,INDOWIND ENERGY LTD,L
IWARE,ST,IWARE SUPPLYCHAIN SER LTD,L
JALAN,SM,JALAN TRANSOLU. INDIA LTD,L
KCEIL,SM,KAY CEE ENERGY & INFRA L,L
KONSTELEC,SM,KONSTELEC ENGINEERS LTD,L
KSR,BE,KSR FOOTWEAR LIMITED,L
LCCINFOTEC,BE,LCC INFOTECH LTD,L
LOYALTEX,EQ,LOYAL TEXTILE MILLS LTD,L
MANGALAM,EQ,MANGALAM DRUG & CHEM LTD,L
MANOMAY,BE,MANOMAY TEX INDIA LTD,L
MANUGRAPH,EQ,MANUGRAPH INDIA LIMITED,L
MAXVOLT,ST,MAXVOLT ENERGY INDUS L,L
MCLEODRUSS,BE,MCLEOD RUSSEL INDIA LTD.,L
MCLOUD,EQ,MAGELLANIC CLOUD LIMITED,L
MEDIORG,SM,MEDICAMEN ORGANICS LTD,L
MEP,BZ,MEP INFRA. DEVELOPERS LTD,L
MOHITIND,EQ,MOHIT INDUSTRIES LTD,L
MONOPHARMA,SM,MONO PHARMACARE LIMITED,L
NEELAM,SM,NEELAM LINENS & GAR (I) L,L
NIBE,EQ,NIBE LIMITED,L
NIRAJISPAT,EQ,NIRAJ ISPAT IND LTD,L
OLAELEC,EQ,OLA ELECTRIC MOBILITY LTD,L
ONELIFECAP,BE,ONELIFE CAP ADVISORS LTD,L
ORTEL,BZ,ORTEL COMMUNICATIONS LTD,L
OSIAHYPER,BE,OSIA HYPER RETAIL LIMITED,L
PANACHE,BE,PANACHE DIGILIFE LIMITED,L
PERFECT,SZ,PERFECT INFRAENGINEER LTD,L
PRIZOR,SM,PRIZOR VIZTECH LIMITED,L
PRUDMOULI,EQ,PRUDENTIAL SUGAR CORPORAT,L
RAJRILTD,BE,RAJ RAYON INDUSTRIES LTD,L
SALSTEEL,BE,S.A.L. STEEL LTD.,L
SANCO,BZ,SANCO INDUSTRIES LIMITED,L
SETUINFRA,BZ,SETUBANDHAN INFRA LTD,L
SITINET,BZ,SITI NETWORKS LIMITED,L
SOUTHWEST,BE,SOUTH WEST PINNACLE LTD,L
SVPGLOB,BE,SVP GLOBAL TEXTILES LTD,L
TAC,SM,TAC INFOSEC LIMITED,L
TARAPUR,BE,TARAPUR TRANSFORMERS LTD,L
TECHLABS,SM,TRIDENT TECHLABS LIMITED,L
TECILCHEM,EQ,TECIL CHEMICALS,L
TEJASCARGO,SM,TEJAS CARGO INDIA LIMITED,L
TUNWAL,SM,TUNWAL E-MOTORS LIMITED,L
UNIHEALTH,ST,UNIHEALTH HOSPITALS LTD,L
VIAZ,ST,VIAZ TYRES LIMITED,L
VIPULLTD,EQ,VIPUL LIMITED,L
WAAREEINDO,BE,INDOSOLAR LIMITED,L
WEWIN,BE,WE WIN LIMITED,L
XELPMOC,BE,XELPMOC DESIGN & TECH LTD,L
YUDIZ,SM,YUDIZ SOLUTIONS LIMITED,L
