SECURITY,NEW,PREVIOUS,NEW_STATUS
ANONDITA MEDICARE LIMITED     ,685.45,675.80,H
ASL INDUSTRIES LIMITED        ,97.50,95.60,H
ECLERX SERVICES LTD           ,4959.00,4867.90,H
EMMVEE PHOTOVOLTAIC PWR L     ,248.40,241.34,H
GREENLEAF ENVIROTECH LTD      ,179.65,178.90,H
HITACHI ENERGY INDIA LTD      ,22840.00,22810.00,H
JAYKAY ENTERPRISES LTD        ,219.70,218.35,H
JIND POL INV & FIN CO LTD     ,1184.90,1135.00,H
M.V.K. AGRO FOOD PROD LTD     ,798.20,782.60,H
MEGA FLEX PLASTICS LTD        ,110.20,105.00,H
MINDSPACE BUSINESS P REIT     ,482.25,474.90,H
NATIONAL HIGHW INFRA TRUS     ,149.75,147.50,H
P S RAJ STEELS LIMITED        ,303.00,302.00,H
SUNLITE RECYCLING IND LTD     ,312.95,303.90,H
TANKUP ENGINEERS LIMITED      ,770.50,755.40,H
TRANSTEEL SEATING TECH L      ,167.95,147.10,H
VENUS REMEDIES LIMITED        ,799.80,763.40,H
3I INFOTECH LIMITED           ,16.53,16.65,L
ADANI ENTERPRISES LIMITED     ,337.00,406.00,L
ADVENT HOTELS INTERNATI L     ,194.85,201.35,L
ALCOKRAFT DISTILLERIE LTD     ,119.00,122.65,L
AONEAMC - AONETMMQ50          ,9.84,9.93,L
ASTRON PAPER BORD MIL LTD     ,6.16,6.49,L
BHADORA INDUSTRIES LTD        ,74.00,75.00,L
CAPITAL TRUST LIMITED         ,11.67,12.29,L
CEDAAR TEXTILE LIMITED        ,71.00,72.80,L
CHEMPLAST SANMAR LIMITED      ,280.00,282.20,L
CLASSIC ELECTRODE (IND) L     ,77.00,78.00,L
CLEAN SCIENCE & TECH LTD      ,884.30,890.20,L
CURIS LIFESCIENCES LTD        ,116.00,125.00,L
DEEPAK BUILDERS & ENG I L     ,124.12,128.50,L
DHANLAXMI CROP SCIENCE L      ,30.50,31.00,L
DIGITIDE SOLUTIONS LTD        ,134.99,135.05,L
DSPAMC - MSCIADD              ,30.45,30.54,L
ELLENBARRIE INDUS GASES L     ,369.10,374.00,L
EXCELSOFT TECHNOLOGIES L      ,98.50,102.30,L
FILATEX FASHIONS LIMITED      ,0.35,0.36,L
FUJIYAMA POWER SYSTEMS L      ,195.64,199.71,L
GANDHAR OIL REFINE IND L      ,127.25,128.48,L
GANGA FORGING LIMITED         ,2.78,2.98,L
GEM AROMATICS LIMITED         ,153.50,160.00,L
GK ENERGY LIMITED             ,145.40,150.88,L
GLOBALE TESSILE LIMITED       ,11.01,11.20,L
GLOTTIS LIMITED               ,60.00,63.10,L
GO FASHION INDIA LTD          ,493.00,501.00,L
HOMESFY REALTY LIMITED        ,172.05,175.60,L
IDENTICAL BRAINS STUDIO L     ,24.50,25.00,L
INDOGULF CROPSCIENCES LTD     ,82.11,83.98,L
INDOWIND ENERGY LTD           ,0.55,0.92,L
JALAN TRANSOLU. INDIA LTD     ,2.70,2.75,L
JAY BEE LAMINATIONS LTD       ,126.95,128.15,L
JAYKAY ENTERPRISES LTD        ,208.25,218.35,L
JIWANRAM SHEODUTTRA IND L     ,5.80,6.00,L
JNK INDIA LIMITED             ,236.00,240.01,L
JSW CEMENT LIMITED            ,107.39,110.33,L
KALPATARU LIMITED             ,328.00,332.00,L
KONSTELEC ENGINEERS LTD       ,52.25,53.00,L
KOTAKMAMC - CHEMICAL          ,28.38,28.45,L
KSR FOOTWEAR LIMITED          ,26.27,27.66,L
LAXMI DENTAL LIMITED          ,247.95,262.60,L
LOYAL TEXTILE MILLS LTD       ,207.09,210.00,L
MAGELLANIC CLOUD LIMITED      ,24.30,25.58,L
MAHESHWARI LOGISTICS LTD.     ,48.05,48.12,L
MANGAL ELECTRICAL IND L       ,375.05,379.70,L
MIRAEAMC - ENERGY             ,35.07,35.32,L
MIRAEAMC - SMALL250           ,16.57,16.58,L
MODIS NAVNIRMAN LTD           ,318.05,335.35,L
MONO PHARMACARE LIMITED       ,18.90,19.00,L
MOTILALAMC - MOENERGY         ,35.06,35.23,L
MOTILALAMC - MOIPO            ,47.56,47.85,L
MOTILALAMC - MOSERVICE        ,33.56,33.79,L
NEELAM LINENS & GAR (I) L     ,11.80,12.40,L
OLA ELECTRIC MOBILITY LTD     ,38.03,39.60,L
OPTIVALUE TEK CONSULT LTD     ,75.00,82.80,L
ORKLA INDIA LIMITED           ,602.30,618.00,L
OSWAL PUMPS LIMITED           ,518.40,521.75,L
PARAGON FINE S.C. LTD.        ,46.20,46.35,L
PARAMOUNT SPECIALI FORG L     ,29.10,29.50,L
PAUSHAK LIMITED               ,570.00,571.95,L
PRECISION METALIKS LTD        ,12.90,13.35,L
QUADRANT FUTURE TEK LTD       ,284.80,287.40,L
R K SWAMY LIMITED             ,112.00,113.90,L
RACE ECO CHAIN LIMITED        ,151.36,152.54,L
RAJOO ENGINEERS LIMITED       ,70.00,70.10,L
REXPRO ENTERPRISES LTD        ,57.60,59.25,L
SAATVIK GREEN ENERGY LTD      ,386.75,394.55,L
SAHAJ SOLAR LIMITED           ,162.00,164.40,L
SHEETAL COOL PRODUCTS LTD     ,195.35,199.97,L
SHILCHAR TECHNOLOGIES LTD     ,3860.10,3972.00,L
SHIVALIK RASAYAN LIMITED      ,385.00,395.50,L
SHRI HARE-KRI SPO IRON L      ,53.20,54.05,L
SITI NETWORKS LIMITED         ,0.33,0.34,L
SPENCER S RETAIL LIMITED      ,42.55,43.21,L
SRI LOTUS DEVLPRS N RTY L     ,162.62,165.00,L
SUDEEP PHARMA LIMITED         ,670.50,708.05,L
SUKHJIT STARCH & CHEM LTD     ,145.97,145.99,L
SULA VINEYARDS LIMITED        ,223.20,228.00,L
SUNTECH INFRA SOLUTIONS L     ,39.95,43.20,L
SUYOG TELEMATICS LIMITED      ,621.10,631.05,L
TRACXN TECHNOLOGIES LTD       ,42.80,43.63,L
TROM INDUSTRIES LIMITED       ,76.20,78.00,L
TSC INDIA LIMITED             ,52.05,53.10,L
UPDATER SERVICES LIMITED      ,177.06,178.62,L
URBAN COMPANY LIMITED         ,129.90,131.14,L
VALIANT LABORATORIES LTD      ,63.86,65.30,L
VIKRAM SOLAR LIMITED          ,249.45,255.50,L
VIPUL LIMITED                 ,7.38,7.58,L
VISHWARAJ SUGAR IND LTD       ,6.88,6.93,L
VMS TMT LIMITED               ,55.41,58.00,L
