SERIES,SYMBOL,SECURITY,RECORD_DT,BC_STRT_DT,BC_END_DT,EX_DT,ND_STRT_DT,ND_END_DT,PURPOSE
N0,12VCCL29B,VCCL 12% 2029,2025-11-19,,,2025-11-19,,,INTEREST PAYMENT
TB,182D201125,GOI TBILL 182D-20/11/25,2025-11-18,,,,,,REDEMPTION
TB,182D271125,GOI TBILL 182D-27/11/25,2025-11-25,,,,,,REDEMPTION
TB,364D211125,GOI TBILL 364D-21/11/25,2025-11-19,,,,,,REDEMPTION
TB,364D271125,GOI TBILL 364D-27/11/25,2025-11-25,,,,,,REDEMPTION
SG,532AS25,SDL AS 5.32% 2025,2025-11-21,,,,,,REDEMPTION
SG,532CG25,SDL CG 5.32% 2025,2025-11-21,,,,,,REDEMPTION
SG,53BR25,SDL BR 5.3% 2025,2025-11-21,,,,,,REDEMPTION
GS,662GS2051,GOI LOAN 6.62% 2051,2025-11-27,,,2025-11-27,,,INTEREST PAYMENT
SG,687RJ25,SDL RJ 6.87% 2025,2025-11-25,,,,,,REDEMPTION
SG,689TN25,SDL TN 6.89% 2025,2025-11-18,,,,,,REDEMPTION
N0,719LT34,LT 7.19% 2034,2025-11-20,,,2025-11-20,,,INTEREST PAYMENT
N0,760CIT38,CIT 7.60% 2038 Sr 2,2025-11-19,,,2025-11-19,,,PART REDEMPTION
N0,775CIT38,CIT 7.75% 2038,2025-11-19,,,2025-11-19,,,PART REDEMPTION
GS,815GS2026,GOI LOAN 8.15% 2026,2025-11-21,,,2025-11-21,,,INTEREST PAYMENT
NE,850CIFCL26,Sec Re NCD 8.50% Sr 3,2025-11-21,,,2025-11-21,,,INTEREST PAYMENT
UE,850CIFCL26,Sec Re NCD 8.50% Sr 3,2025-11-21,,,2025-11-21,,,INTEREST PAYMENT
NG,860CIFCL28,Sec Re NCD 8.60% Sr 5,2025-11-21,,,2025-11-21,,,INTEREST PAYMENT
UG,860CIFCL28,Sec Re NCD 8.60% Sr 5,2025-11-21,,,2025-11-21,,,INTEREST PAYMENT
NC,888IHFL25F,Sec Re NCD 8.40% Sr 1,2025-11-21,,,2025-11-21,,,INT PAYMNT/REDEMPTN
UC,888IHFL25F,Sec Re NCD 8.40% Sr 1,2025-11-21,,,2025-11-21,,,INT PAYMNT/REDEMPTN
MC,889SCFL27,SEC RE NCD 8.89% SR.VIII,2025-11-21,,,2025-11-21,,,INTEREST PAYMENT
YC,889SCFL27,SEC RE NCD 8.89% SR.VIII,2025-11-21,,,2025-11-21,,,INTEREST PAYMENT
N7,898LTF29,SeReNCD 8.98% Sr.VI Op2,2025-11-28,,,2025-11-28,,,INTEREST PAYMENT
U7,898LTF29,SeReNCD 8.98% Sr.VI Op2,2025-11-28,,,2025-11-28,,,INTEREST PAYMENT
ZM,89SCL24A,SEC RE NCD 8.70% SR.VIII,2025-11-18,,,2025-11-18,,,INTEREST PAYMENT
MI,903SFL28,Shriram Finance Limited,2025-11-26,,,2025-11-26,,,INTEREST PAYMENT
YI,903SFL28,Shriram Finance Limited,2025-11-26,,,2025-11-26,,,INTEREST PAYMENT
TB,91D201125,GOI TBILL 91D-20/11/25,2025-11-18,,,,,,REDEMPTION
TB,91D281125,GOI TBILL 91D-28/11/25,2025-11-26,,,,,,REDEMPTION
ZN,93SCL24A,SEC RE NCD 9.15% SR.VIII,2025-11-18,,,2025-11-18,,,INTEREST PAYMENT
N0,950ISF27,ISF 9.50% 2027,2025-11-20,,,2025-11-20,,,INTEREST PAYMENT
N0,985CCSP28,CCSPL 9.85% 2028 Sr 5,2025-11-19,,,2025-11-19,,,INTEREST PAYMENT
BE,AMRUTANJAN,Amrutajan Health Ltd,2025-11-18,,,2025-11-18,,,INTDIV - RE 1 PER SH
BL,AMRUTANJAN,Amrutajan Health Ltd,2025-11-18,,,2025-11-18,,,INTDIV - RE 1 PER SH
EQ,AMRUTANJAN,Amrutajan Health Ltd,2025-11-18,,,2025-11-18,,,INTDIV - RE 1 PER SH
BE,ASHOKLEY,ASHOK LEYLAND LTD,2025-11-18,,,2025-11-18,,,INTDIV - RE 1 PER SH
BL,ASHOKLEY,Ashok Leyland Ltd.,2025-11-18,,,2025-11-18,,,INTDIV - RE 1 PER SH
EQ,ASHOKLEY,Ashok Leyland Ltd.,2025-11-18,,,2025-11-18,,,INTDIV - RE 1 PER SH
IQ,ASHOKLEY,Ashok Leyland Ltd.,2025-11-18,,,2025-11-18,,,INTDIV - RE 1 PER SH
T0,ASHOKLEY,Ashok Leyland Ltd.,2025-11-18,,,2025-11-18,,,INTDIV - RE 1 PER SH
TL,ASHOKLEY,Ashok Leyland Ltd.,2025-11-18,,,2025-11-18,,,INTDIV - RE 1 PER SH
EQ,ASIANPAINT,Asian Paints Limited,2025-11-18,,,2025-11-18,,,INTDIV - RS 4.50 PER SH
BE,BANCOINDIA,Banco Products (I) Ltd,2025-11-19,,,2025-11-19,,,INTDIV - RS 7 PER SH
BL,BANCOINDIA,Banco Products (I) Ltd,2025-11-19,,,2025-11-19,,,INTDIV - RS 7 PER SH
EQ,BANCOINDIA,Banco Products (I) Ltd,2025-11-19,,,2025-11-19,,,INTDIV - RS 7 PER SH
IQ,BANCOINDIA,Banco Products (I) Ltd,2025-11-19,,,2025-11-19,,,INTDIV - RS 7 PER SH
IV,CAPINVIT,Capital Infra Trust,2025-11-19,,,2025-11-19,,,DISTRIBUTION - RS 3.25
BE,CARERATING,CARE Ratings Ltd,2025-11-19,,,2025-11-19,,,INTDIV - RS 8 PER SH
BL,CARERATING,CARE Ratings Ltd,2025-11-19,,,2025-11-19,,,INTDIV - RS 8 PER SH
EQ,CARERATING,CARE Ratings Ltd,2025-11-19,,,2025-11-19,,,INTDIV - RS 8 PER SH
IQ,CARERATING,CARE Ratings Ltd,2025-11-19,,,2025-11-19,,,INTDIV - RS 8 PER SH
ND,CIFCZC25,Sec Re NCD Sr 2,2025-11-21,,,2025-11-21,,,INT PAYMNT/REDEMPTN
UD,CIFCZC25,Sec Re NCD Sr 2,2025-11-21,,,2025-11-21,,,INT PAYMNT/REDEMPTN
BE,COCHINSHIP,Cochin Shipyard Limited,2025-11-18,,,2025-11-18,,,INTDIV - RS 4 PER SH
BL,COCHINSHIP,Cochin Shipyard Limited,2025-11-18,,,2025-11-18,,,INTDIV - RS 4 PER SH
EQ,COCHINSHIP,Cochin Shipyard Limited,2025-11-18,,,2025-11-18,,,INTDIV - RS 4 PER SH
IQ,COCHINSHIP,Cochin Shipyard Limited,2025-11-18,,,2025-11-18,,,INTDIV - RS 4 PER SH
T0,COCHINSHIP,Cochin Shipyard Limited,2025-11-18,,,2025-11-18,,,INTDIV - RS 4 PER SH
TL,COCHINSHIP,Cochin Shipyard Limited,2025-11-18,,,2025-11-18,,,INTDIV - RS 4 PER SH
EQ,CONCOR,Container Corp of India,2025-11-20,,,2025-11-20,,,INTDIV - RS 2.60 PER SH
BE,CPEDU,Career Point Edutech Ltd,2025-11-21,,,2025-11-21,,,INTDIV - RS 2.50 PER SH
BL,CPEDU,Career Point Edutech Ltd,2025-11-21,,,2025-11-21,,,INTDIV - RS 2.50 PER SH
EQ,CPEDU,Career Point Edutech Ltd,2025-11-21,,,2025-11-21,,,INTDIV - RS 2.50 PER SH
IQ,CPEDU,Career Point Edutech Ltd,2025-11-21,,,2025-11-21,,,INTDIV - RS 2.50 PER SH
SL,DCCL,Dar Credit & Capital Ltd,2025-11-21,,,2025-11-21,,,INTDIV - RE 0.50 PER SH
SM,DCCL,Dar Credit & Capital Ltd,2025-11-21,,,2025-11-21,,,INTDIV - RE 0.50 PER SH
SQ,DCCL,Dar Credit & Capital Ltd,2025-11-21,,,2025-11-21,,,INTDIV - RE 0.50 PER SH
ST,DCCL,Dar Credit & Capital Ltd,2025-11-21,,,2025-11-21,,,INTDIV - RE 0.50 PER SH
EQ,GABRIEL,Gabriel India Ltd,2025-11-21,,,2025-11-21,,,INTDIV - RS 1.90 PER SH
BE,HDFCAMC,HDFC AMC Limited,2025-11-26,,,2025-11-26,,,BONUS 1:1
BL,HDFCAMC,HDFC AMC Limited,2025-11-26,,,2025-11-26,,,BONUS 1:1
EQ,HDFCAMC,HDFC AMC Limited,2025-11-26,,,2025-11-26,,,BONUS 1:1
IQ,HDFCAMC,HDFC AMC Limited,2025-11-26,,,2025-11-26,,,BONUS 1:1
T0,HDFCAMC,HDFC AMC Limited,2025-11-26,,,2025-11-26,,,BONUS 1:1
TL,HDFCAMC,HDFC AMC Limited,2025-11-26,,,2025-11-26,,,BONUS 1:1
BE,HUDCO,Hsg & Urban Dev Corpn Ltd,2025-11-19,,,2025-11-19,,,INTDIV - RE 1 PER SH
BL,HUDCO,Hsg & Urban Dev Corpn Ltd,2025-11-19,,,2025-11-19,,,INTDIV - RE 1 PER SH
EQ,HUDCO,Hsg & Urban Dev Corpn Ltd,2025-11-19,,,2025-11-19,,,INTDIV - RE 1 PER SH
IQ,HUDCO,Hsg & Urban Dev Corpn Ltd,2025-11-19,,,2025-11-19,,,INTDIV - RE 1 PER SH
T0,HUDCO,Hsg & Urban Dev Corpn Ltd,2025-11-19,,,2025-11-19,,,INTDIV - RE 1 PER SH
TL,HUDCO,Hsg & Urban Dev Corpn Ltd,2025-11-19,,,2025-11-19,,,INTDIV - RE 1 PER SH
BE,INDOWIND,Indowind Energy Limited,2025-11-19,,,2025-11-19,,,RIGHTS 1:4@PRM RS 5.35/-
BL,INDOWIND,Indowind Energy Limited,2025-11-19,,,2025-11-19,,,RIGHTS 1:4@PRM RS 5.35/-
EQ,INDOWIND,Indowind Energy Limited,2025-11-19,,,2025-11-19,,,RIGHTS 1:4@PRM RS 5.35/-
IQ,INDOWIND,Indowind Energy Limited,2025-11-19,,,2025-11-19,,,RIGHTS 1:4@PRM RS 5.35/-
BE,INGERRAND,INGERSOLL-RAND INDIA LTD,2025-11-25,,,2025-11-25,,,INTDIV - RS 55 PER SH
BL,INGERRAND,Ingersoll Rand Ltd.,2025-11-25,,,2025-11-25,,,INTDIV - RS 55 PER SH
EQ,INGERRAND,Ingersoll Rand Ltd.,2025-11-25,,,2025-11-25,,,INTDIV - RS 55 PER SH
IQ,INGERRAND,Ingersoll Rand Ltd.,2025-11-25,,,2025-11-25,,,INTDIV - RS 55 PER SH
T0,INGERRAND,Ingersoll Rand Ltd.,2025-11-25,,,2025-11-25,,,INTDIV - RS 55 PER SH
TL,INGERRAND,Ingersoll Rand Ltd.,2025-11-25,,,2025-11-25,,,INTDIV - RS 55 PER SH
EQ,IRB,IRB Infrastructure Develo,2025-11-18,,,2025-11-18,,,INTDIV - RS 0.07 PER SH
IV,IRBINVIT,IRB InvIT Fund,2025-11-18,,,2025-11-18,,,DISTRIBUTION - RS 1.50
EQ,IRCTC,Indian Rail Tour Corp Ltd,2025-11-21,,,2025-11-21,,,INTDIV - RS 5 PER SH
BE,IVC,IL&FS Investment Managers,2025-11-21,,,2025-11-21,,,INTDIV - RS 0.50 PER SH
BL,IVC,IL&FS Investment Managers,2025-11-21,,,2025-11-21,,,INTDIV - RS 0.50 PER SH
EQ,IVC,IL&FS Investment Managers,2025-11-21,,,2025-11-21,,,INTDIV - RS 0.50 PER SH
IQ,IVC,IL&FS Investment Managers,2025-11-21,,,2025-11-21,,,INTDIV - RS 0.50 PER SH
EQ,JAMNAAUTO,Jamna Auto Ind Ltd,2025-11-19,,,2025-11-19,,,INTDIV - RE 1 PER SH
SL,KARNIKA,Karnika Industries Ltd,2025-11-20,,,2025-11-20,,,INTDIV - RE 0.10 PER SH
SM,KARNIKA,Karnika Industries Ltd,2025-11-20,,,2025-11-20,,,INTDIV - RE 0.10 PER SH
SQ,KARNIKA,Karnika Industries Ltd,2025-11-20,,,2025-11-20,,,INTDIV - RE 0.10 PER SH
ST,KARNIKA,Karnika Industries Ltd,2025-11-20,,,2025-11-20,,,INTDIV - RE 0.10 PER SH
BE,MANBA,Manba Finance Limited,2025-11-21,,,2025-11-21,,,INTDIV - RE 0.50 PER SH
BL,MANBA,Manba Finance Limited,2025-11-21,,,2025-11-21,,,INTDIV - RE 0.50 PER SH
EQ,MANBA,Manba Finance Limited,2025-11-21,,,2025-11-21,,,INTDIV - RE 0.50 PER SH
IQ,MANBA,Manba Finance Limited,2025-11-21,,,2025-11-21,,,INTDIV - RE 0.50 PER SH
BE,MANINFRA,Man Infra Ltd,2025-11-18,,,2025-11-18,,,INTDIV - RE 0.45 PER SH
BL,MANINFRA,Man Infra Ltd,2025-11-18,,,2025-11-18,,,INTDIV - RE 0.45 PER SH
EQ,MANINFRA,Man Infra Ltd,2025-11-18,,,2025-11-18,,,INTDIV - RE 0.45 PER SH
IQ,MANINFRA,Man Infra Ltd,2025-11-18,,,2025-11-18,,,INTDIV - RE 0.45 PER SH
BE,MRF,MRF Limited - Depo,2025-11-21,,,2025-11-21,,,INTDIV - RS 3 PER SH
BL,MRF,MRF Ltd.,2025-11-21,,,2025-11-21,,,INTDIV - RS 3 PER SH
EQ,MRF,MRF Ltd.,2025-11-21,,,2025-11-21,,,INTDIV - RS 3 PER SH
IQ,MRF,MRF Ltd.,2025-11-21,,,2025-11-21,,,INTDIV - RS 3 PER SH
T0,MRF,MRF Ltd.,2025-11-21,,,2025-11-21,,,INTDIV - RS 3 PER SH
TL,MRF,MRF Ltd.,2025-11-21,,,2025-11-21,,,INTDIV - RS 3 PER SH
BE,NATCOPHARM,Natco Pharma Limited,2025-11-20,,,2025-11-20,,,INTDIV - RS 1.50 PER SH
BL,NATCOPHARM,Natco Pharma Limited,2025-11-20,,,2025-11-20,,,INTDIV - RS 1.50 PER SH
EQ,NATCOPHARM,Natco Pharma Limited,2025-11-20,,,2025-11-20,,,INTDIV - RS 1.50 PER SH
IQ,NATCOPHARM,Natco Pharma Limited,2025-11-20,,,2025-11-20,,,INTDIV - RS 1.50 PER SH
T0,NATCOPHARM,Natco Pharma Limited,2025-11-20,,,2025-11-20,,,INTDIV - RS 1.50 PER SH
TL,NATCOPHARM,Natco Pharma Limited,2025-11-20,,,2025-11-20,,,INTDIV - RS 1.50 PER SH
EQ,NAUKRI,Info Edge (India) Limited,2025-11-21,,,2025-11-21,,,INTDIV - RS 2.40 PER SH
BE,NAVNETEDUL,Navneet Education Limited,2025-11-18,,,2025-11-18,,,INTDIV - RS 1.50 PER SH
BL,NAVNETEDUL,Navneet Education Limited,2025-11-18,,,2025-11-18,,,INTDIV - RS 1.50 PER SH
EQ,NAVNETEDUL,Navneet Education Limited,2025-11-18,,,2025-11-18,,,INTDIV - RS 1.50 PER SH
IQ,NAVNETEDUL,Navneet Education Limited,2025-11-18,,,2025-11-18,,,INTDIV - RS 1.50 PER SH
BE,NBCC,Nbcc (India) Ltd,2025-11-19,,,2025-11-19,,,INTDIV - RE 0.21 PER SH
BL,NBCC,Nbcc (India) Ltd,2025-11-19,,,2025-11-19,,,INTDIV - RE 0.21 PER SH
EQ,NBCC,Nbcc (India) Ltd,2025-11-19,,,2025-11-19,,,INTDIV - RE 0.21 PER SH
IQ,NBCC,Nbcc (India) Ltd,2025-11-19,,,2025-11-19,,,INTDIV - RE 0.21 PER SH
T0,NBCC,Nbcc (India) Ltd,2025-11-19,,,2025-11-19,,,INTDIV - RE 0.21 PER SH
TL,NBCC,Nbcc (India) Ltd,2025-11-19,,,2025-11-19,,,INTDIV - RE 0.21 PER SH
IV,NHIT,National Highw Infra Trus,2025-11-18,,,2025-11-18,,,DISTRIBUTION - RS 2.471
IV,NXT-INFRA,Nxt-Infra Trust,2025-11-19,,,2025-11-19,,,DISTRIBUTION - RS  3.3128
BE,OIL,Oil India Ltd,2025-11-21,,,2025-11-21,,,INTDIV - RS 3.50 PER SH
BL,OIL,Oil India Ltd,2025-11-21,,,2025-11-21,,,INTDIV - RS 3.50 PER SH
EQ,OIL,Oil India Ltd,2025-11-21,,,2025-11-21,,,INTDIV - RS 3.50 PER SH
IQ,OIL,Oil India Ltd,2025-11-21,,,2025-11-21,,,INTDIV - RS 3.50 PER SH
T0,OIL,Oil India Ltd,2025-11-21,,,2025-11-21,,,INTDIV - RS 3.50 PER SH
TL,OIL,Oil India Ltd,2025-11-21,,,2025-11-21,,,INTDIV - RS 3.50 PER SH
IV,OSEINTRUST,Oriental InfraTrust,2025-11-18,,,2025-11-18,,,DISTRIBUTION - RS 3.5325
BE,PAGEIND,Page Industries Limited,2025-11-19,,,2025-11-19,,,INTDIV - RS 125 PER SH
BL,PAGEIND,Page Industries Limited,2025-11-19,,,2025-11-19,,,INTDIV - RS 125 PER SH
EQ,PAGEIND,Page Industries Limited,2025-11-19,,,2025-11-19,,,INTDIV - RS 125 PER SH
IQ,PAGEIND,Page Industries Limited,2025-11-19,,,2025-11-19,,,INTDIV - RS 125 PER SH
T0,PAGEIND,Page Industries Limited,2025-11-19,,,2025-11-19,,,INTDIV - RS 125 PER SH
TL,PAGEIND,Page Industries Limited,2025-11-19,,,2025-11-19,,,INTDIV - RS 125 PER SH
BE,PFC,Power Finance Corporation,2025-11-26,,,2025-11-26,,,INTDIV - RS 3.65 PER SH
BL,PFC,Power Finance Corporation,2025-11-26,,,2025-11-26,,,INTDIV - RS 3.65 PER SH
EQ,PFC,Power Finance Corporation,2025-11-26,,,2025-11-26,,,INTDIV - RS 3.65 PER SH
IQ,PFC,Power Finance Corporation,2025-11-26,,,2025-11-26,,,INTDIV - RS 3.65 PER SH
T0,PFC,Power Finance Corporation,2025-11-26,,,2025-11-26,,,INTDIV - RS 3.65 PER SH
TL,PFC,Power Finance Corporation,2025-11-26,,,2025-11-26,,,INTDIV - RS 3.65 PER SH
BE,POLYPLEX,Polyplex Corporation Ltd.,2025-11-21,,,2025-11-21,,,INTDIV - RS 2 PER SH
BL,POLYPLEX,Polyplex Corporation Ltd.,2025-11-21,,,2025-11-21,,,INTDIV - RS 2 PER SH
EQ,POLYPLEX,Polyplex Corporation Ltd.,2025-11-21,,,2025-11-21,,,INTDIV - RS 2 PER SH
IQ,POLYPLEX,Polyplex Corporation Ltd.,2025-11-21,,,2025-11-21,,,INTDIV - RS 2 PER SH
BE,PPAP,PPAP Automotive Limited,2025-11-19,,,2025-11-19,,,INTDIV - RE 1 PER SH
BL,PPAP,PPAP Automotive Limited,2025-11-19,,,2025-11-19,,,INTDIV - RE 1 PER SH
EQ,PPAP,PPAP Automotive Limited,2025-11-19,,,2025-11-19,,,INTDIV - RE 1 PER SH
IQ,PPAP,PPAP Automotive Limited,2025-11-19,,,2025-11-19,,,INTDIV - RE 1 PER SH
EQ,PRECWIRE,Precision Wires India Ltd,2025-11-18,,,2025-11-18,,,INTDIV - RS 0.35 PER SH
BE,SCI,SHIPPING CORP OF INDIA LT,2025-11-19,,,2025-11-19,,,INTDIV - RS 3 PER SH
BL,SCI,Shipping Corp of India ,2025-11-19,,,2025-11-19,,,INTDIV - RS 3 PER SH
EQ,SCI,Shipping Corp of India ,2025-11-19,,,2025-11-19,,,INTDIV - RS 3 PER SH
IQ,SCI,Shipping Corp of India ,2025-11-19,,,2025-11-19,,,INTDIV - RS 3 PER SH
GB,SGBNOV258,2.50%GOLDBONDS2025SR-VIII,2025-11-18,,,,,,REDEMPTION
GB,SGBNOV25IX,2.50%GOLDBONDS 2025SR-IX,2025-11-25,,,,,,REDEMPTION
BE,SIKKO,Sikko Industries Limited,2025-11-27,,,2025-11-27,,,FVSPLT FRM RS 10 TO RE 1
BL,SIKKO,Sikko Industries Limited,2025-11-27,,,2025-11-27,,,FVSPLT FRM RS 10 TO RE 1
EQ,SIKKO,Sikko Industries Limited,2025-11-27,,,2025-11-27,,,FVSPLT FRM RS 10 TO RE 1
IQ,SIKKO,Sikko Industries Limited,2025-11-27,,,2025-11-27,,,FVSPLT FRM RS 10 TO RE 1
BE,SONATSOFTW,SONATSOFTW - Depo,2025-11-21,,,2025-11-21,,,INTDIV - RS 1.25 PER SH
BL,SONATSOFTW,Sonata Software Ltd,2025-11-21,,,2025-11-21,,,INTDIV - RS 1.25 PER SH
EQ,SONATSOFTW,Sonata Software Ltd,2025-11-21,,,2025-11-21,,,INTDIV - RS 1.25 PER SH
IQ,SONATSOFTW,Sonata Software Ltd,2025-11-21,,,2025-11-21,,,INTDIV - RS 1.25 PER SH
T0,SONATSOFTW,Sonata Software Ltd,2025-11-21,,,2025-11-21,,,INTDIV - RS 1.25 PER SH
TL,SONATSOFTW,Sonata Software Ltd,2025-11-21,,,2025-11-21,,,INTDIV - RS 1.25 PER SH
BE,SUNTV,Sun TV Network Limited,2025-11-20,,,2025-11-20,,,INTDIV - RS 3.75 PER SH
BL,SUNTV,Sun TV Network Limited,2025-11-20,,,2025-11-20,,,INTDIV - RS 3.75 PER SH
EQ,SUNTV,Sun TV Network Limited,2025-11-20,,,2025-11-20,,,INTDIV - RS 3.75 PER SH
IQ,SUNTV,Sun TV Network Limited,2025-11-20,,,2025-11-20,,,INTDIV - RS 3.75 PER SH
T0,SUNTV,Sun TV Network Limited,2025-11-20,,,2025-11-20,,,INTDIV - RS 3.75 PER SH
TL,SUNTV,Sun TV Network Limited,2025-11-20,,,2025-11-20,,,INTDIV - RS 3.75 PER SH
BE,TALBROAUTO,Talbros Automotive Compon,2025-11-20,,,2025-11-20,,,INTDIV - RE 0.20 PER SH
BL,TALBROAUTO,Talbros Automotive Compon,2025-11-20,,,2025-11-20,,,INTDIV - RE 0.20 PER SH
EQ,TALBROAUTO,Talbros Automotive Compon,2025-11-20,,,2025-11-20,,,INTDIV - RE 0.20 PER SH
IQ,TALBROAUTO,Talbros Automotive Compon,2025-11-20,,,2025-11-20,,,INTDIV - RE 0.20 PER SH
SL,UWCSL,Ultra Wiring Conn Sys Ltd,2025-11-21,,,2025-11-21,,,INTDIV - RE 0.50 PER SH
SM,UWCSL,Ultra Wiring Conn Sys Ltd,2025-11-21,,,2025-11-21,,,INTDIV - RE 0.50 PER SH
SQ,UWCSL,Ultra Wiring Conn Sys Ltd,2025-11-21,,,2025-11-21,,,INTDIV - RE 0.50 PER SH
ST,UWCSL,Ultra Wiring Conn Sys Ltd,2025-11-21,,,2025-11-21,,,INTDIV - RE 0.50 PER SH
BE,VENUSPIPES,Venus Pipes & Tubes Ltd,2025-11-18,,,2025-11-18,,,INTDIV - RE 0.50 PER SH
BL,VENUSPIPES,Venus Pipes & Tubes Ltd,2025-11-18,,,2025-11-18,,,INTDIV - RE 0.50 PER SH
EQ,VENUSPIPES,Venus Pipes & Tubes Ltd,2025-11-18,,,2025-11-18,,,INTDIV - RE 0.50 PER SH
IQ,VENUSPIPES,Venus Pipes & Tubes Ltd,2025-11-18,,,2025-11-18,,,INTDIV - RE 0.50 PER SH
SL,VGINFOTECH,Virtual Galaxy Infotech L,2025-11-21,,,2025-11-21,,,INTDIV - RE 1 PER SH
SM,VGINFOTECH,Virtual Galaxy Infotech L,2025-11-21,,,2025-11-21,,,INTDIV - RE 1 PER SH
SQ,VGINFOTECH,Virtual Galaxy Infotech L,2025-11-21,,,2025-11-21,,,INTDIV - RE 1 PER SH
ST,VGINFOTECH,Virtual Galaxy Infotech L,2025-11-21,,,2025-11-21,,,INTDIV - RE 1 PER SH
SM,VIVIANA,Viviana Power Tech Ltd,2025-11-19,,,2025-11-19,,,BONUS 3:5
BE,WEALTH,Wealth Frst Port. Mg. Ltd,2025-11-19,,,2025-11-19,,,INTDIV - RS 4 PER SH
BL,WEALTH,Wealth Frst Port. Mg. Ltd,2025-11-19,,,2025-11-19,,,INTDIV - RS 4 PER SH
EQ,WEALTH,Wealth Frst Port. Mg. Ltd,2025-11-19,,,2025-11-19,,,INTDIV - RS 4 PER SH
IQ,WEALTH,Wealth Frst Port. Mg. Ltd,2025-11-19,,,2025-11-19,,,INTDIV - RS 4 PER SH
BE,XTGLOBAL,Xtglobal Infotech Limited,2025-11-21,,,2025-11-21,,,INTDIV - RE 0.05 PER SH
BL,XTGLOBAL,Xtglobal Infotech Limited,2025-11-21,,,2025-11-21,,,INTDIV - RE 0.05 PER SH
EQ,XTGLOBAL,Xtglobal Infotech Limited,2025-11-21,,,2025-11-21,,,INTDIV - RE 0.05 PER SH
IQ,XTGLOBAL,Xtglobal Infotech Limited,2025-11-21,,,2025-11-21,,,INTDIV - RE 0.05 PER SH
