SECURITY,NEW,PREVIOUS,NEW_STATUS
AIMTRON ELECTRONICS LTD       ,994.00,977.60,H
ANAND RATHI SH N STK BR L     ,794.85,775.00,H
ANLON HEALTHCARE LIMITED      ,157.61,150.12,H
ANZEN IND ENE YLD PLU TRU     ,121.00,120.50,H
ASAHI INDIA GLASS LIMITED     ,1012.50,1005.00,H
AXISAMC - AXISBNKETF          ,607.20,605.73,H
BHARTI AIRTEL LIMITED         ,2159.00,2135.60,H
BILLIONBRAINS GARAGE VN L     ,193.80,178.23,H
CHANDAN HEALTHCARE LTD        ,358.00,355.00,H
CUBE HIGHWAYS TRUST           ,143.25,141.50,H
DIVINE HIRA JEWELLERS LTD     ,161.55,153.90,H
EMMVEE PHOTOVOLTAIC PWR L     ,227.71,217.00,H
HDFCAMC HDFCPSUBK             ,86.13,86.00,H
INDIAN BANK                   ,894.85,891.50,H
INFLUX HEALTHTECH LIMITED     ,218.30,208.00,H
JAIN RESOURCE RECYCLING L     ,461.00,457.95,H
LG BALAKRISHNAN & BROS        ,1907.30,1905.90,H
MAXVOLT ENERGY INDUS L        ,450.30,428.90,H
MEGA FLEX PLASTICS LTD        ,87.05,82.95,H
MIDWEST LIMITED               ,1319.70,1289.60,H
MIRAEAMC - BANKETF            ,599.51,598.32,H
MIRAEAMC - SMALL250           ,17.64,17.29,H
NIP IND ETF MIDCAP 150        ,239.00,237.34,H
OM FREIGHT FORWARDERS LTD     ,107.40,100.00,H
OSEL DEVICES LIMITED          ,713.95,703.00,H
PANSARI DEVELOPERS LTD        ,320.30,298.90,H
PHYSICSWALLAH LIMITED         ,161.99,109.00,H
PIRAMAL FINANCE LIMITED       ,1642.90,1564.70,H
PRICOL LIMITED                ,639.95,622.00,H
RHETAN TMT LIMITED            ,25.30,25.25,H
SACHEEROME LIMITED            ,322.00,313.95,H
SBI-ETF NIFTY BANK            ,604.73,603.30,H
SHREEJI GLOBAL FMCG LTD       ,107.20,105.00,H
SILVER TOUCH TECHNO LTD       ,866.00,849.25,H
STUDDS ACCESSORIES LTD        ,600.00,585.00,H
TANKUP ENGINEERS LIMITED      ,620.60,608.45,H
THYROCARE TECH LTD            ,1610.00,1608.90,H
TVS HOLDINGS LIMITED          ,16297.00,15844.00,H
UNIHEALTH HOSPITALS LTD       ,224.50,196.50,H
ACCURACY SHIPPING LIMITED     ,5.10,6.16,L
ADVENT HOTELS INTERNATI L     ,281.85,296.65,L
ANTHEM BIOSCIENCES LTD        ,656.60,664.05,L
ARC INSULATION & INSU LTD     ,87.00,90.00,L
ARSHIYA LIMITED               ,1.50,1.58,L
ARUNAYA ORGANICS LIMITED      ,20.00,20.20,L
ASTRON PAPER BORD MIL LTD     ,7.29,7.51,L
ATC ENERGIES SYSTEM LTD       ,38.00,40.55,L
AURO IMPEX & CHEMICALS L      ,39.50,42.50,L
BHADORA INDUSTRIES LTD        ,77.00,77.30,L
BLUE PEBBLE LIMITED           ,105.55,130.40,L
CAPITAL TRUST LIMITED         ,18.67,19.66,L
CHEMPLAST SANMAR LIMITED      ,325.25,333.85,L
CHOICEAMC - CHOICEGOLD        ,120.05,120.60,L
CURIS LIFESCIENCES LTD        ,128.00,133.95,L
DE NEERS TOOLS LIMITED        ,145.00,151.00,L
DIGIKORE STUDIOS LIMITED      ,68.00,70.25,L
DJ MEDIAPRINT & LOG LTD       ,66.98,67.60,L
ELLENBARRIE INDUS GASES L     ,417.60,430.35,L
EMMVEE PHOTOVOLTAIC PWR L     ,207.00,217.00,L
EXICOM TELE SYSTEMS LTD       ,126.00,130.10,L
FINBUD FINANCIAL SERV LTD     ,141.40,148.80,L
FISCHER MEDICAL VENTURE L     ,47.58,52.87,L
GEM AROMATICS LIMITED         ,178.50,183.00,L
GOYAL ALUMINIUMS LIMITED      ,6.71,6.75,L
GROWWAMC - GROWWMC150         ,220.10,221.05,L
HIGHWAY INFRASTRUCTURE L      ,68.10,68.20,L
HOMESFY REALTY LIMITED        ,175.90,185.15,L
IDENTICAL BRAINS STUDIO L     ,33.00,33.15,L
INDOGULF CROPSCIENCES LTD     ,95.26,97.99,L
INSPIRE FILMS LIMITED         ,13.85,14.15,L
INVENTURE GRO & SEC LTD       ,1.27,1.28,L
KAUSHALYA LOGISTICS LTD       ,40.60,40.65,L
MARKOLINES PAVEMENT TEC L     ,153.68,156.00,L
MASTER TRUST LIMITED          ,100.50,100.61,L
MONEYBOXX FINANCE LIMITED     ,137.15,138.50,L
MOVING MEDIA ENTER LTD        ,50.00,50.15,L
PARAGON FINE S.C. LTD.        ,48.10,49.00,L
PARAMOUNT SPECIALI FORG L     ,30.90,31.00,L
PHYSICSWALLAH LIMITED         ,137.35,109.00,L
PLAZA WIRES LIMITED           ,41.75,43.50,L
QUICKTOUCH TECHNOLOGIES L     ,31.10,32.50,L
RACE ECO CHAIN LIMITED        ,173.30,174.99,L
RAJOO ENGINEERS LIMITED       ,78.00,79.97,L
RAJSHREE POLYPACK LTD         ,17.65,18.15,L
RAMA TELECOM LIMITED          ,57.50,58.25,L
RAYMOND REALTY LIMITED        ,505.40,521.20,L
REXPRO ENTERPRISES LTD        ,68.00,69.00,L
ROLEX RINGS LIMITED           ,107.21,107.80,L
ROTO PUMPS LIMITED            ,58.00,61.50,L
SAMEERA AGRO AND INFRA L      ,12.95,13.20,L
SESHAASAI TECHNOLOGIES L      ,320.20,324.05,L
SHANKARA BLDG PRODUCT LTD     ,127.50,129.50,L
SHEEL BIOTECH LIMITED         ,73.30,74.00,L
SIDDHI COTSPIN LIMITED        ,29.70,29.85,L
SMC GLOBAL SECURITIES LTD     ,61.51,63.43,L
SONA MACHINERY LIMITED        ,55.65,60.00,L
STANLEY LIFESTYLES LTD        ,233.50,238.00,L
SUYOG TELEMATICS LIMITED      ,666.30,670.00,L
SWASTIK PIPE LIMITED          ,27.00,28.00,L
TARSONS PRODUCTS LIMITED      ,224.45,228.60,L
TIGER LOGISTICS (INDIA) L     ,39.00,39.60,L
UMA CONVERTER LIMITED         ,22.25,22.55,L
VIKRAM SOLAR LIMITED          ,309.00,310.05,L
VISHWARAJ SUGAR IND LTD       ,7.15,7.24,L
VMS TMT LIMITED               ,63.80,64.06,L
