SERIES,SYMBOL,SECURITY,RECORD_DT,BC_STRT_DT,BC_END_DT,EX_DT,ND_STRT_DT,ND_END_DT,PURPOSE
NV,1003SCL30A,SEC RE NCD 10.03% SR X,2026-02-23,,,2026-02-23,,,INTEREST PAYMENT
UV,1003SCL30A,SEC RE NCD 10.03% SR X,2026-02-23,,,2026-02-23,,,INTEREST PAYMENT
NA,1040NFL26,Sec Re NCD 10.40% Sr.II,2026-02-26,,,2026-02-26,,,INTEREST PAYMENT
UA,1040NFL26,Sec Re NCD 10.40% Sr.II,2026-02-26,,,2026-02-26,,,INTEREST PAYMENT
N6,1048IIFL27,IIFL Samasta10.48% 2027,2026-02-21,,,2026-02-20,,,INTEREST PAYMENT
U6,1048IIFL27,IIFL Samasta10.48% 2027,2026-02-21,,,2026-02-20,,,INTEREST PAYMENT
NC,1065NFL27,Sec Re NCD 10.65% Sr.IV,2026-02-26,,,2026-02-26,,,INTEREST PAYMENT
UC,1065NFL27,Sec Re NCD 10.65% Sr.IV,2026-02-26,,,2026-02-26,,,INTEREST PAYMENT
NB,1090NFL26,Sec Re NCD 10.90% Sr.III,2026-02-26,,,2026-02-26,,,INTEREST PAYMENT
UB,1090NFL26,Sec Re NCD 10.90% Sr.III,2026-02-26,,,2026-02-26,,,INTEREST PAYMENT
ND,1119NFL27,Sec Re NCD 11.19% Sr.V,2026-02-26,,,2026-02-26,,,INTEREST PAYMENT
UD,1119NFL27,Sec Re NCD 11.19% Sr.V,2026-02-26,,,2026-02-26,,,INTEREST PAYMENT
N0,116VCCL27A,VCCL 11.6% 2027 Sr A,2026-02-20,,,2026-02-20,,,INTEREST PAYMENT
N0,118VCCL27B,VCCL 11.8% 2027 Sr B,2026-02-20,,,2026-02-20,,,INTEREST PAYMENT
N0,119VCCL26,Vedika Credit 11.9% 2026,2026-02-25,,,2026-02-25,,,INTEREST PAYMENT
N0,1225DCCL27,DCCL 12.25% 2027 Sr IIA,2026-02-24,,,2026-02-24,,,INTEREST PAYMENT
TB,182D270226,GOI TBILL 182D-27/02/26,2026-02-25,,,,,,REDEMPTION
TB,364D270226,GOI TBILL 364D-27/02/26,2026-02-25,,,,,,REDEMPTION
SG,63PY26,SDL PY 6.3% 2026,2026-02-21,,,,,,REDEMPTION
NB,704NHAI26,Tax Free 7.04% Sr. IA,2026-02-20,,,,,,INT PAYMENT/REDEMPTN
UB,704NHAI26,Tax Free 7.04% Sr. IA,2026-02-20,,,,,,INT PAYMENT/REDEMPTN
NC,729NHAI26,Tax Free 7.29% Sr. IB,2026-02-20,,,,,,INT PAYMENT/REDEMPTION
UC,729NHAI26,Tax Free 7.29% Sr. IB,2026-02-20,,,,,,INT PAYMENT/REDEMPTION
N1,735PGCIL34,PGCL 7.35% 2034 Sr LXXVI,2026-02-25,,,2026-02-25,,,INTEREST PAYMENT
U1,735PGCIL34,PGCL 7.35% 2034 Sr LXXVI,2026-02-25,,,2026-02-25,,,INTEREST PAYMENT
N1,740EXIM29,EXIM 7.40% 2029 Sr Z02,2026-02-23,,,2026-02-23,,,INTEREST PAYMENT
U1,740EXIM29,EXIM 7.40% 2029 Sr Z02,2026-02-23,,,2026-02-23,,,INTEREST PAYMENT
N0,742SIDBI29,SIDBI 7.42% 2029 Sr VII,2026-02-25,,,2026-02-25,,,INTEREST PAYMENT
NA,755PFC27,PFC 7.55% 2027 Sr BS238,2026-02-25,,,2026-02-25,,,INTEREST PAYMENT
UA,755PFC27,PFC 7.55% 2027 Sr BS238,2026-02-25,,,2026-02-25,,,INTEREST PAYMENT
N0,764ABL34,Axis Bank 7.64% 2034 Sr7,2026-02-20,,,2026-02-20,,,INTEREST PAYMENT
N1,78ABCL33,ABCL 7.8% Sr V,2026-02-23,,,2026-02-23,,,INTEREST PAYMENT
U1,78ABCL33,ABCL 7.8% Sr V,2026-02-23,,,2026-02-23,,,INTEREST PAYMENT
GS,795GS2032,GOI LOAN 7.95% 2032,2026-02-27,,,2026-02-27,,,INTEREST PAYMENT
N2,795NIIF36,NIFL 7.95% 2036 Sr 7,2026-02-26,,,2026-02-26,,,INTEREST PAYMENT
U2,795NIIF36,NIFL 7.95% 2036 Sr 7,2026-02-26,,,2026-02-26,,,INTEREST PAYMENT
N7,801TCH28,Sec Red NCD 8.01% Sr.IV,2026-02-26,,,2026-02-26,,,INTEREST PAYMENT
U7,801TCH28,Sec Red NCD 8.01% Sr.IV,2026-02-26,,,2026-02-26,,,INTEREST PAYMENT
N8,81TCHF28,Sec Red NCD 8.10% Sr.IV,2026-02-26,,,2026-02-26,,,INTEREST PAYMENT
U8,81TCHF28,Sec Red NCD 8.10% Sr.IV,2026-02-26,,,2026-02-26,,,INTEREST PAYMENT
N5,8277SMF27,SICCL 8.277% 2027 Sr 107,2026-02-25,,,2026-02-25,,,INTEREST PAYMENT
U5,8277SMF27,SICCL 8.277% 2027 Sr 107,2026-02-25,,,2026-02-25,,,INTEREST PAYMENT
MB,843SCFL27,SEC RE NCD 8.43% SR.VIII,2026-02-20,,,2026-02-20,,,INTEREST PAYMENT
YB,843SCFL27,SEC RE NCD 8.43% SR.VIII,2026-02-20,,,2026-02-20,,,INTEREST PAYMENT
N0,850KGEL30,KGEL 8.50% 2030,2026-02-24,,,2026-02-24,,,INTPAYMENT/PART REDEMPTN
N0,879SCL30,SCL 8.7923% 2030 Sr I,2026-02-23,,,2026-02-23,,,INTEREST PAYMENT
N6,884LTF29,Se Re NCD 8.84% Sr.VI Op1,2026-02-26,,,2026-02-26,,,INTEREST PAYMENT
U6,884LTF29,Se Re NCD 8.84% Sr.VI Op1,2026-02-26,,,2026-02-26,,,INTEREST PAYMENT
N0,886SCL30,SCL 8.8570% 2030 Sr II,2026-02-23,,,2026-02-23,,,INTEREST PAYMENT
MC,889SCFL27,SEC RE NCD 8.89% SR.VIII,2026-02-20,,,2026-02-20,,,INTEREST PAYMENT
YC,889SCFL27,SEC RE NCD 8.89% SR.VIII,2026-02-20,,,2026-02-20,,,INTEREST PAYMENT
N7,898LTF29,SeReNCD 8.98% Sr.VI Op2,2026-02-26,,,2026-02-26,,,INTEREST PAYMENT
U7,898LTF29,SeReNCD 8.98% Sr.VI Op2,2026-02-26,,,2026-02-26,,,INTEREST PAYMENT
NM,902SCL26A,SEC RE NCD 9.02% SR V,2026-02-23,,,2026-02-23,,,INTEREST PAYMENT
UM,902SCL26A,SEC RE NCD 9.02% SR V,2026-02-23,,,2026-02-23,,,INTEREST PAYMENT
MI,903SFL28,Shriram Finance Limited,2026-02-24,,,2026-02-24,,,INTEREST PAYMENT
YI,903SFL28,Shriram Finance Limited,2026-02-24,,,2026-02-24,,,INTEREST PAYMENT
TB,91D260226,GOI TBILL 91D-26/02/26,2026-02-24,,,,,,REDEMPTION
N0,920ISF28B,ISF 9.20% 2028 Sr A,2026-02-25,,,2026-02-25,,,INTEREST PAYMENT
N9,925CAGL26,Sec Re NCD 9.25% Sr III,2026-02-20,,,2026-02-20,,,INTEREST PAYMENT
U9,925CAGL26,Sec Re NCD 9.25% Sr III,2026-02-20,,,2026-02-20,,,INTEREST PAYMENT
N0,925ISF29,ISF 9.25% 2029 Sr B,2026-02-25,,,2026-02-25,,,INTEREST PAYMENT
NY,925SCL25G,SEC RE NCD 9.8% SR XII,2026-02-23,,,2026-02-23,,,INTEREST PAYMENT
UY,925SCL25G,SEC RE NCD 9.8% SR XII,2026-02-23,,,2026-02-23,,,INTEREST PAYMENT
NS,925SCL28A,SEC RE NCD 9.25% SR VIII,2026-02-23,,,2026-02-23,,,INTEREST PAYMENT
US,925SCL28A,SEC RE NCD 9.25% SR VIII,2026-02-23,,,2026-02-23,,,INTEREST PAYMENT
N4,92LTF29,Se Re NCD 9.20% Sr.V Op1,2026-02-26,,,2026-02-26,,,INTEREST PAYMENT
U4,92LTF29,Se Re NCD 9.20% Sr.V Op1,2026-02-26,,,2026-02-26,,,INTEREST PAYMENT
N3,932AEL27,Sec Re NCD 9.32% Sr III,2026-02-24,,,2026-02-24,,,INTEREST PAYMENT
U3,932AEL27,Sec Re NCD 9.32% Sr III,2026-02-24,,,2026-02-24,,,INTEREST PAYMENT
N5,935LTF29,Se Re NCD 9.35% Sr.V Op2,2026-02-26,,,2026-02-26,,,INTEREST PAYMENT
U5,935LTF29,Se Re NCD 9.35% Sr.V Op2,2026-02-26,,,2026-02-26,,,INTEREST PAYMENT
NB,940CAGL27,Sec Re NCD 9.40% Sr V,2026-02-20,,,2026-02-20,,,INTEREST PAYMENT
UB,940CAGL27,Sec Re NCD 9.40% Sr V,2026-02-20,,,2026-02-20,,,INTEREST PAYMENT
NN,948SCL26A,SEC RE NCD 9.48% SR V,2026-02-23,,,2026-02-23,,,INTEREST PAYMENT
UN,948SCL26A,SEC RE NCD 9.48% SR V,2026-02-23,,,2026-02-23,,,INTEREST PAYMENT
N2,950BCIPL28,BCIPL 9.50% 2028,2026-02-20,,,2026-02-20,,,INTEREST/PART REDEMPTION
U2,950BCIPL28,BCIPL 9.50% 2028,2026-02-20,,,2026-02-20,,,INTEREST/PART REDEMPTION
N6,956AEL29,Sec Re NCD 9.56% Sr VI,2026-02-24,,,2026-02-24,,,INTEREST PAYMENT
U6,956AEL29,Sec Re NCD 9.56% Sr VI,2026-02-24,,,2026-02-24,,,INTEREST PAYMENT
N0,960SFL35,SFL 9.60% 2035,2026-02-20,,,2026-02-20,,,INTEREST PAYMENT
N0,965ISF28,ISF 9.65% 2028,2026-02-25,,,2026-02-25,,,INTEREST PAYMENT
NZ,965SCL25F,SEC RE NCD 10.25% SR XII,2026-02-23,,,2026-02-23,,,INTEREST PAYMENT
UZ,965SCL25F,SEC RE NCD 10.25% SR XII,2026-02-23,,,2026-02-23,,,INTEREST PAYMENT
ND,970CAGL28,Sec Re NCD 9.70% Sr VII,2026-02-20,,,2026-02-20,,,INTEREST PAYMENT
UD,970CAGL28,Sec Re NCD 9.70% Sr VII,2026-02-20,,,2026-02-20,,,INTEREST PAYMENT
NT,971SCL28A,SEC RE NCD 9.71% SR VIII,2026-02-23,,,2026-02-23,,,INTEREST PAYMENT
UT,971SCL28A,SEC RE NCD 9.71% SR VIII,2026-02-23,,,2026-02-23,,,INTEREST PAYMENT
N0,990IIFL26B,IIFL 9.90% 26 Op A,2026-02-23,,,,,,INT PAYMENT/REDEMPTION
BE,ALKEM,Alkem Laboratories Ltd.,2026-02-20,,,2026-02-20,,,INTDIV - RS 43 PER SH
BL,ALKEM,Alkem Laboratories Ltd.,2026-02-20,,,2026-02-20,,,INTDIV - RS 43 PER SH
EQ,ALKEM,Alkem Laboratories Ltd.,2026-02-20,,,2026-02-20,,,INTDIV - RS 43 PER SH
IQ,ALKEM,Alkem Laboratories Ltd.,2026-02-20,,,2026-02-20,,,INTDIV - RS 43 PER SH
T0,ALKEM,Alkem Laboratories Ltd.,2026-02-20,,,2026-02-20,,,INTDIV - RS 43 PER SH
TL,ALKEM,Alkem Laboratories Ltd.,2026-02-20,,,2026-02-20,,,INTDIV - RS 43 PER SH
BE,ANGELONE,Angel One Limited,2026-02-26,,,2026-02-26,,,FVSPLT FRM RS 10 TO RE 1
BL,ANGELONE,Angel One Limited,2026-02-26,,,2026-02-26,,,FVSPLT FRM RS 10 TO RE 1
EQ,ANGELONE,Angel One Limited,2026-02-26,,,2026-02-26,,,FVSPLT FRM RS 10 TO RE 1
IQ,ANGELONE,Angel One Limited,2026-02-26,,,2026-02-26,,,FVSPLT FRM RS 10 TO RE 1
T0,ANGELONE,Angel One Limited,2026-02-26,,,2026-02-26,,,FVSPLT FRM RS 10 TO RE 1
TL,ANGELONE,Angel One Limited,2026-02-26,,,2026-02-26,,,FVSPLT FRM RS 10 TO RE 1
BE,AQYLON,Aqylon Nexus Limited,2026-03-05,,,2026-03-05,,,FVSPLT FRM RS 10 TO RE 1
BL,AQYLON,Aqylon Nexus Limited,2026-03-05,,,2026-03-05,,,FVSPLT FRM RS 10 TO RE 1
EQ,AQYLON,Aqylon Nexus Limited,2026-03-05,,,2026-03-05,,,FVSPLT FRM RS 10 TO RE 1
IQ,AQYLON,Aqylon Nexus Limited,2026-03-05,,,2026-03-05,,,FVSPLT FRM RS 10 TO RE 1
BE,BBTC,Bombay Burmah Trading ,2026-02-20,,,2026-02-20,,,INTDIV - RS 17 PER SH
BL,BBTC,Bombay Burmah Trading ,2026-02-20,,,2026-02-20,,,INTDIV - RS 17 PER SH
EQ,BBTC,Bombay Burmah Trading ,2026-02-20,,,2026-02-20,,,INTDIV - RS 17 PER SH
IQ,BBTC,Bombay Burmah Trading ,2026-02-20,,,2026-02-20,,,INTDIV - RS 17 PER SH
T0,BBTC,Bombay Burmah Trading ,2026-02-20,,,2026-02-20,,,INTDIV - RS 17 PER SH
TL,BBTC,Bombay Burmah Trading ,2026-02-20,,,2026-02-20,,,INTDIV - RS 17 PER SH
BE,BHANDARI,Bhandari Hosiery Exp Ltd,2026-02-25,,,2026-02-25,,,RIGHTS 4:5 @PRM RS 1.56
BL,BHANDARI,Bhandari Hosiery Exp Ltd,2026-02-25,,,2026-02-25,,,RIGHTS 4:5 @PRM RS 1.56
EQ,BHANDARI,Bhandari Hosiery Exp Ltd,2026-02-25,,,2026-02-25,,,RIGHTS 4:5 @PRM RS 1.56
IQ,BHANDARI,Bhandari Hosiery Exp Ltd,2026-02-25,,,2026-02-25,,,RIGHTS 4:5 @PRM RS 1.56
SL,BRACEPORT,Brace Port Logistics Ltd,2026-02-20,,,2026-02-20,,,INTDIV - RE 0.85 PER SH
SM,BRACEPORT,Brace Port Logistics Ltd,2026-02-20,,,2026-02-20,,,INTDIV - RE 0.85 PER SH
SQ,BRACEPORT,Brace Port Logistics Ltd,2026-02-20,,,2026-02-20,,,INTDIV - RE 0.85 PER SH
ST,BRACEPORT,Brace Port Logistics Ltd,2026-02-20,,,2026-02-20,,,INTDIV - RE 0.85 PER SH
BE,CANTABIL,Cantabil Retail Ltd,2026-02-20,,,2026-02-20,,,INTDIV - RE 0.75 PER SH
BL,CANTABIL,Cantabil Retail Ltd,2026-02-20,,,2026-02-20,,,INTDIV - RE 0.75 PER SH
EQ,CANTABIL,Cantabil Retail Ltd,2026-02-20,,,2026-02-20,,,INTDIV - RE 0.75 PER SH
IQ,CANTABIL,Cantabil Retail Ltd,2026-02-20,,,2026-02-20,,,INTDIV - RE 0.75 PER SH
BE,DCW,DCW Ltd,2026-02-20,,,2026-02-20,,,INTDIV - RE 0.10 PER SH
BL,DCW,DCW Ltd,2026-02-20,,,2026-02-20,,,INTDIV - RE 0.10 PER SH
EQ,DCW,DCW Ltd,2026-02-20,,,2026-02-20,,,INTDIV - RE 0.10 PER SH
IQ,DCW,DCW Ltd,2026-02-20,,,2026-02-20,,,INTDIV - RE 0.10 PER SH
BE,DDEVPLSTIK,Ddev Plastiks Ind Ltd,2026-02-20,,,2026-02-20,,,INTDIV - RE 0.50 PER SH
BL,DDEVPLSTIK,Ddev Plastiks Ind Ltd,2026-02-20,,,2026-02-20,,,INTDIV - RE 0.50 PER SH
EQ,DDEVPLSTIK,Ddev Plastiks Ind Ltd,2026-02-20,,,2026-02-20,,,INTDIV - RE 0.50 PER SH
IQ,DDEVPLSTIK,Ddev Plastiks Ind Ltd,2026-02-20,,,2026-02-20,,,INTDIV - RE 0.50 PER SH
BE,FSL,Firstsource Solutions Lim,2026-02-20,,,2026-02-20,,,INTDIV - RS 5.50 PER SH
BL,FSL,Firstsource Solutions Lim,2026-02-20,,,2026-02-20,,,INTDIV - RS 5.50 PER SH
EQ,FSL,Firstsource Solutions Lim,2026-02-20,,,2026-02-20,,,INTDIV - RS 5.50 PER SH
IQ,FSL,Firstsource Solutions Lim,2026-02-20,,,2026-02-20,,,INTDIV - RS 5.50 PER SH
T0,FSL,Firstsource Solutions Lim,2026-02-20,,,2026-02-20,,,INTDIV - RS 5.50 PER SH
TL,FSL,Firstsource Solutions Lim,2026-02-20,,,2026-02-20,,,INTDIV - RS 5.50 PER SH
BE,HILTON,Hilton Metal Forging Limi,2026-02-24,,,2026-02-24,,,RIGHTS 29:60@PRM RS 6.68
BL,HILTON,Hilton Metal Forging Limi,2026-02-24,,,2026-02-24,,,RIGHTS 29:60@PRM RS 6.68
EQ,HILTON,Hilton Metal Forging Limi,2026-02-24,,,2026-02-24,,,RIGHTS 29:60@PRM RS 6.68
IQ,HILTON,Hilton Metal Forging Limi,2026-02-24,,,2026-02-24,,,RIGHTS 29:60@PRM RS 6.68
BE,INDNIPPON,India Nippon Elect Ltd,2026-02-20,,,2026-02-20,,,INTDIV - RS 15.50 PER SH
BL,INDNIPPON,India Nippon Elect Ltd,2026-02-20,,,2026-02-20,,,INTDIV - RS 15.50 PER SH
EQ,INDNIPPON,India Nippon Elect Ltd,2026-02-20,,,2026-02-20,,,INTDIV - RS 15.50 PER SH
IQ,INDNIPPON,India Nippon Elect Ltd,2026-02-20,,,2026-02-20,,,INTDIV - RS 15.50 PER SH
BE,IRCTC,Indian Rail Tour Corp Ltd,2026-02-20,,,2026-02-20,,,INTDIV - RS 3.50 PER SH
BL,IRCTC,Indian Rail Tour Corp Ltd,2026-02-20,,,2026-02-20,,,INTDIV - RS 3.50 PER SH
EQ,IRCTC,Indian Rail Tour Corp Ltd,2026-02-20,,,2026-02-20,,,INTDIV - RS 3.50 PER SH
IQ,IRCTC,Indian Rail Tour Corp Ltd,2026-02-20,,,2026-02-20,,,INTDIV - RS 3.50 PER SH
T0,IRCTC,Indian Rail Tour Corp Ltd,2026-02-20,,,2026-02-20,,,INTDIV - RS 3.50 PER SH
TL,IRCTC,Indian Rail Tour Corp Ltd,2026-02-20,,,2026-02-20,,,INTDIV - RS 3.50 PER SH
BE,KIRLOSENG,Kirloskar Oil Eng Ltd,2026-02-20,,,2026-02-20,,,INTDIV - RS 2.50 PER SH
BL,KIRLOSENG,Kirloskar Oil Eng Ltd,2026-02-20,,,2026-02-20,,,INTDIV - RS 2.50 PER SH
EQ,KIRLOSENG,Kirloskar Oil Eng Ltd,2026-02-20,,,2026-02-20,,,INTDIV - RS 2.50 PER SH
IQ,KIRLOSENG,Kirloskar Oil Eng Ltd,2026-02-20,,,2026-02-20,,,INTDIV - RS 2.50 PER SH
T0,KIRLOSENG,Kirloskar Oil Eng Ltd,2026-02-20,,,2026-02-20,,,INTDIV - RS 2.50 PER SH
TL,KIRLOSENG,Kirloskar Oil Eng Ltd,2026-02-20,,,2026-02-20,,,INTDIV - RS 2.50 PER SH
BE,NAUKRI,Info Edge (India) Limited,2026-02-20,,,2026-02-20,,,INTDIV - RS 2.40 PER SH
BL,NAUKRI,Info Edge (India) Limited,2026-02-20,,,2026-02-20,,,INTDIV - RS 2.40 PER SH
EQ,NAUKRI,Info Edge (India) Limited,2026-02-20,,,2026-02-20,,,INTDIV - RS 2.40 PER SH
IQ,NAUKRI,Info Edge (India) Limited,2026-02-20,,,2026-02-20,,,INTDIV - RS 2.40 PER SH
T0,NAUKRI,Info Edge (India) Limited,2026-02-20,,,2026-02-20,,,INTDIV - RS 2.40 PER SH
TL,NAUKRI,Info Edge (India) Limited,2026-02-20,,,2026-02-20,,,INTDIV - RS 2.40 PER SH
BE,NBCC,Nbcc (India) Ltd,2026-02-25,,,2026-02-25,,,INTDIV - RE 0.12 PER SH
BL,NBCC,Nbcc (India) Ltd,2026-02-25,,,2026-02-25,,,INTDIV - RE 0.12 PER SH
EQ,NBCC,Nbcc (India) Ltd,2026-02-25,,,2026-02-25,,,INTDIV - RE 0.12 PER SH
IQ,NBCC,Nbcc (India) Ltd,2026-02-25,,,2026-02-25,,,INTDIV - RE 0.12 PER SH
T0,NBCC,Nbcc (India) Ltd,2026-02-25,,,2026-02-25,,,INTDIV - RE 0.12 PER SH
TL,NBCC,Nbcc (India) Ltd,2026-02-25,,,2026-02-25,,,INTDIV - RE 0.12 PER SH
BE,NCLIND,NCL Industries Limited,2026-02-21,,,2026-02-20,,,INTDIV - RS 1.50 PER SH
BL,NCLIND,NCL Industries Limited,2026-02-21,,,2026-02-20,,,INTDIV - RS 1.50 PER SH
EQ,NCLIND,NCL Industries Limited,2026-02-21,,,2026-02-20,,,INTDIV - RS 1.50 PER SH
IQ,NCLIND,NCL Industries Limited,2026-02-21,,,2026-02-20,,,INTDIV - RS 1.50 PER SH
BE,PFC,Power Finance Corporation,2026-02-20,,,2026-02-20,,,INTDIV - RS 4 PER SH
BL,PFC,Power Finance Corporation,2026-02-20,,,2026-02-20,,,INTDIV - RS 4 PER SH
EQ,PFC,Power Finance Corporation,2026-02-20,,,2026-02-20,,,INTDIV - RS 4 PER SH
IQ,PFC,Power Finance Corporation,2026-02-20,,,2026-02-20,,,INTDIV - RS 4 PER SH
T0,PFC,Power Finance Corporation,2026-02-20,,,2026-02-20,,,INTDIV - RS 4 PER SH
TL,PFC,Power Finance Corporation,2026-02-20,,,2026-02-20,,,INTDIV - RS 4 PER SH
BE,PIIND,PI Industries Ltd,2026-02-23,,,2026-02-23,,,INTDIV - RS 5 PER SH
BL,PIIND,PI Industries Ltd,2026-02-23,,,2026-02-23,,,INTDIV - RS 5 PER SH
EQ,PIIND,PI Industries Ltd,2026-02-23,,,2026-02-23,,,INTDIV - RS 5 PER SH
IQ,PIIND,PI Industries Ltd,2026-02-23,,,2026-02-23,,,INTDIV - RS 5 PER SH
T0,PIIND,PI Industries Ltd,2026-02-23,,,2026-02-23,,,INTDIV - RS 5 PER SH
TL,PIIND,PI Industries Ltd,2026-02-23,,,2026-02-23,,,INTDIV - RS 5 PER SH
BE,PTC,PTC India Limited,2026-02-20,,,2026-02-20,,,INTDIV - RS 3 PER SH
BL,PTC,PTC India Limited,2026-02-20,,,2026-02-20,,,INTDIV - RS 3 PER SH
BZ,PTC,PTC India Limited,2026-02-20,,,2026-02-20,,,INTDIV - RS 3 PER SH
EQ,PTC,PTC India Limited,2026-02-20,,,2026-02-20,,,INTDIV - RS 3 PER SH
IQ,PTC,PTC India Limited,2026-02-20,,,2026-02-20,,,INTDIV - RS 3 PER SH
BE,RACLGEAR,RACL Geartech Limited,2026-02-20,,,2026-02-20,,,INTDIV - RS 1.50 PER SH
BL,RACLGEAR,RACL Geartech Limited,2026-02-20,,,2026-02-20,,,INTDIV - RS 1.50 PER SH
EQ,RACLGEAR,RACL Geartech Limited,2026-02-20,,,2026-02-20,,,INTDIV - RS 1.50 PER SH
IQ,RACLGEAR,RACL Geartech Limited,2026-02-20,,,2026-02-20,,,INTDIV - RS 1.50 PER SH
BE,RCF,RASHTRIYA CHEMICALS & FER,2026-02-20,,,2026-02-20,,,INTDIV - RE 1 PER SH
BL,RCF,Rashtriya Chem Fert Ltd.,2026-02-20,,,2026-02-20,,,INTDIV - RE 1 PER SH
EQ,RCF,Rashtriya Chem Fert Ltd.,2026-02-20,,,2026-02-20,,,INTDIV - RE 1 PER SH
IQ,RCF,Rashtriya Chem Fert Ltd.,2026-02-20,,,2026-02-20,,,INTDIV - RE 1 PER SH
BE,SENCO,Senco Gold Limited,2026-02-20,,,2026-02-20,,,INTDIV - RE 0.75 PER SH
BL,SENCO,Senco Gold Limited,2026-02-20,,,2026-02-20,,,INTDIV - RE 0.75 PER SH
EQ,SENCO,Senco Gold Limited,2026-02-20,,,2026-02-20,,,INTDIV - RE 0.75 PER SH
IQ,SENCO,Senco Gold Limited,2026-02-20,,,2026-02-20,,,INTDIV - RE 0.75 PER SH
BE,SIL,STANDARD INDUSTRIES LTD.,2026-02-20,,,2026-02-20,,,INTDIV - RE 0.55 PER SH
BL,SIL,Standard Industries Limit,2026-02-20,,,2026-02-20,,,INTDIV - RE 0.55 PER SH
EQ,SIL,Standard Industries Limit,2026-02-20,,,2026-02-20,,,INTDIV - RE 0.55 PER SH
IQ,SIL,Standard Industries Limit,2026-02-20,,,2026-02-20,,,INTDIV - RE 0.55 PER SH
BE,SJVN,SJVN Ltd,2026-02-20,,,2026-02-20,,,INTDIV - RS 1.15 PER SH
BL,SJVN,SJVN Ltd,2026-02-20,,,2026-02-20,,,INTDIV - RS 1.15 PER SH
EQ,SJVN,SJVN Ltd,2026-02-20,,,2026-02-20,,,INTDIV - RS 1.15 PER SH
IQ,SJVN,SJVN Ltd,2026-02-20,,,2026-02-20,,,INTDIV - RS 1.15 PER SH
T0,SJVN,SJVN Ltd,2026-02-20,,,2026-02-20,,,INTDIV - RS 1.15 PER SH
TL,SJVN,SJVN Ltd,2026-02-20,,,2026-02-20,,,INTDIV - RS 1.15 PER SH
BE,UNIDT,United Drilling Tools Ltd,2026-02-20,,,2026-02-20,,,INTDIV - RE 0.60 PER SH
BL,UNIDT,United Drilling Tools Ltd,2026-02-20,,,2026-02-20,,,INTDIV - RE 0.60 PER SH
EQ,UNIDT,United Drilling Tools Ltd,2026-02-20,,,2026-02-20,,,INTDIV - RE 0.60 PER SH
IQ,UNIDT,United Drilling Tools Ltd,2026-02-20,,,2026-02-20,,,INTDIV - RE 0.60 PER SH
BE,WEL,Wonder Electricals Ltd,2026-02-20,,,2026-02-20,,,INTDIV - RE 0.10 PER SH
BL,WEL,Wonder Electricals Ltd,2026-02-20,,,2026-02-20,,,INTDIV - RE 0.10 PER SH
EQ,WEL,Wonder Electricals Ltd,2026-02-20,,,2026-02-20,,,INTDIV - RE 0.10 PER SH
IQ,WEL,Wonder Electricals Ltd,2026-02-20,,,2026-02-20,,,INTDIV - RE 0.10 PER SH
