SYMBOL,SERIES,SECURITY,HIGH/LOW
667GS2035,GS,GOI LOAN  6.67% 2035,H
AAKASH,EQ,AAKASH EXPLORATION SER L,H
AAREYDRUGS,EQ,AAREY DRUGS & PHARM LTD,H
ABINFRA,EQ,A B INFRABUILD LIMITED,H
AGARWALFT,SM,AGARWAL FLOAT GLASS I LTD,H
AMCL,ST,ANB METAL CAST LIMITED,H
ANSALAPI,BZ,ANSAL PROP & INFRA LTD,H
AUSL,SM,ADITYA ULTRA STEEL LTD,H
BALCO,SM,SOLVE PLASTIC PRODUCTS L,H
BIKEWO,ST,BIKEWO GREEN TECH LIMITED,H
BLUECHIP,EQ,BLUE CHIP INDIA LIMITED,H
BOHRAIND,BE,BOHRA INDUSTRIES LIMITED,H
BONLON,BE,BONLON INDUSTRIES LIMITED,H
CEREBRAINT,BZ,CEREBRA INT TECH LTD,H
COOLCAPS,SM,COOL CAPS INDUSTRIES LTD,H
DCMSIL,BE,DCM SHRIRAM INTERNATNL L,H
DHARAN,BZ,DHARAN INFRA-EPC LIMITED,H
DHRUV,EQ,DHRUV CONSULTANCY SER LTD,H
DSFCL,BE,DCM SHRIRAM FINE CHEM LTD,H
EASTSILK,BE,EASTERN SILK INDUSTRIES L,H
EBGNG,EQ,GNG ELECTRONICS LIMITED,H
EPACKPEB,EQ,EPACK PREFAB TECHN LTD,H
ESCONET,SM,ESCONET TECHNOLOGIES LTD,H
FALCONTECH,SM,FALCON TECHNOPROJ IND LTD,H
FEL,BZ,FUTURE ENTERPRISES LTD,H
GAYAHWS,EQ,GAYATRI HIGHWAYS LIMITED,H
GJL,ST,GROVER JEWELLS LIMITED,H
GLOBAL,BE,GLOBAL EDUCATION LIMITED,H
GOLDSTAR,SM,GOLDSTAR POWER LIMITED,H
GRETEX,SM,GRETEX INDUSTRIES LTD.,H
GSLSU,BE,GLOBAL SURFACES LIMITED,H
HMT,BZ,HMT LTD -,H
HNGSNGBEES,EQ,NIP IND ETF HANGSENG BEES,H
HRHNEXT,SM,HRH NEXT SERVICES LIMITED,H
ISHAN,SM,ISHAN INTERNATIONAL LTD,H
ITALIANE,SM,ITALIAN EDIBLES LIMITED,H
KAYTEX,SM,KAYTEX FABRICS LIMITED,H
KSHITIJPOL,EQ,KSHITIJ POLYLINE LIMITED,H
LAKPRE,BZ,LAKSHMI PRE SCRE LTD,H
LANCORHOL,BE,LANCOR HOLDINGS LIMITED,H
LCCINFOTEC,BE,LCC INFOTECH LTD,H
MADHUCON,EQ,MADHUCON PROJECTS LTD.,H
MAFANG,EQ,MIRAEAMC - MAFANG,H
MAHKTECH,EQ,MIRAEAMC - MAHKTECH,H
MAXVOLT,ST,MAXVOLT ENERGY INDUS L,H
MTEDUCARE,BE,MT EDUCARE LTD,H
NAVKARURB,BE,NAVKAR URBANSTRUCTURE LTD,H
NEWJAISA,SM,NEWJAISA TECHNOLOGIES LTD,H
NIFTY100EW,EQ,KOTAKMAMC - NIFTY100EW,H
ORTEL,BZ,ORTEL COMMUNICATIONS LTD,H
ORTINGLOBE,BE,ORTIN GLOBAL LIMITED,H
OSIAHYPER,EQ,OSIA HYPER RETAIL LIMITED,H
PERFECT,SZ,PERFECT INFRAENGINEER LTD,H
PRABHA,EQ,PRABHA ENERGY LIMITED,H
PRAXIS,EQ,PRAXIS HOME RETAIL LTD,H
PULZ,SM,PULZ ELECTRONICS LIMITED,H
QUICKTOUCH,SM,QUICKTOUCH TECHNOLOGIES L,H
ROLLT,BE,ROLLATAINERS LIMITED,H
SADBHAV,EQ,SADBHAV ENGINEERING LTD,H
SADHNANIQ,EQ,SADHANA NITROCHEM LIMITED,H
SANCO,BZ,SANCO INDUSTRIES LIMITED,H
SECURKLOUD,BE,SECUREKLOUD TECH LIMITED,H
SELMC,BE,SEL MANUFACTURING CO LTD,H
SETUINFRA,BZ,SETUBANDHAN INFRA LTD,H
SHUBHLAXMI,ST,SHUBHLAXMI JEWEL ART LTD,H
SITINET,BZ,SITI NETWORKS LIMITED,H
SOUTHWEST,BE,SOUTH WEST PINNACLE LTD,H
SUPREMEENG,BZ,SUPREME ENGINEERING LTD,H
TCIFINANCE,BE,TCIFINANCELTD-ROLL SETT,H
TECHLABS,SM,TRIDENT TECHLABS LIMITED,H
TERASOFT,EQ,TERA SOFTWARE LIMITED,H
TGL,ST,TEERTH GOPICON LIMITED,H
TPHQ,EQ,TEAMO PRODUCTIONS HQ LTD,H
TREEHOUSE,EQ,TREE HOUSE EDU LTD,H
UEL,EQ,UJAAS ENERGY LIMITED,H
VEEKAYEM,SM,VEEKAYEM FASH & APP LTD,H
VIJAYPD,ST,VIJAYPD CEUTICAL LIMITED,H
VIJIFIN,EQ,VIJI FINANCE LIMITED,H
VISASTEEL,EQ,VISA STEEL LIMITED,H
VIVIMEDLAB,EQ,VIVIMED LABS LIMITED,H
VLEGOV,EQ,VL E GOV AND IT SOL LTD,H
WINSOME,BZ,WINSOME YARNS LIMITED,H
YUDIZ,SM,YUDIZ SOLUTIONS LIMITED,H
21STCENMGM,EQ,21ST CENTURY MGMT SERVICE,L
ANONDITA,ST,ANONDITA MEDICARE LIMITED,L
AQYLON,BE,AQYLON NEXUS LIMITED,L
ARVEE,BE,ARVEE LABORATORIES I LTD,L
ARVINDPORT,SM,ARVIND PORT AND INFRA LTD,L
AURIGROW,BE,AURI GROW INDIA LIMITED,L
AXISCADES,EQ,AXISCADES TECH LTD,L
BALCO,SM,SOLVE PLASTIC PRODUCTS L,L
BIOPOL,ST,BIOPOL CHEMICALS LIMITED,L
BOHRAIND,BE,BOHRA INDUSTRIES LIMITED,L
BONLON,BE,BONLON INDUSTRIES LIMITED,L
CADSYS,SM,CADSYS (INDIA) LIMITED,L
CKKRETAIL,SM,C K K RETAIL MART LIMITED,L
COASTCORP,BE,COASTAL CORPORATION LTD,L
COOLCAPS,SM,COOL CAPS INDUSTRIES LTD,L
DHARAN,BZ,DHARAN INFRA-EPC LIMITED,L
DHTL,ST,DOCMODE HEALTH TECH LTD,L
DIRL,SM,DHANUKA INFRA REALTY LTD,L
DPEL,ST,DIVINE POWER ENERGY LTD,L
DSFCL,BE,DCM SHRIRAM FINE CHEM LTD,L
EXCELLENT,ST,EXCELLENT WIRES N PACK L,L
FELDVR,BZ,FUTURE ENTERPRISES LTD,L
FMNL,EQ,FUTURE MKT NETWORKS LTD,L
FRESHARA,ST,FRESHARA AGRO EXPORTS LTD,L
GANESHIN,SM,GANESH INFRAWORLD LIMITED,L
GAYAHWS,EQ,GAYATRI HIGHWAYS LIMITED,L
GIRIRAJ,ST,GIRIRAJ CIVIL DEVP LTD,L
GLFL,EQ,GUJARAT LEASE FINANCING L,L
GOLDENTOBC,BZ,GOLDEN TOBACCO LIMITED,L
GRAPHISAD,ST,GRAPHISADS LIMITED,L
HOMESFY,SM,HOMESFY REALTY LIMITED,L
JFLLIFE,SM,JFL LIFE SCIENCES LIMITED,L
JITFINFRA,EQ,JITF INFRALOGISTICS LTD,L
KARNIKA,ST,KARNIKA INDUSTRIES LTD,L
KESORAMIND,BE,KESORAM INDUSTRIES LTD,L
KODYTECH,ST,KODY TECHNOLAB LIMITED,L
LAKPRE,BZ,LAKSHMI PRE SCRE LTD,L
LAXMICOT,BE,LAXMI COTSPIN LIMITED,L
LOTUSEYE,EQ,LOTUS EYE HOSP & INST L,L
MAL,SM,MANGALAM ALLOYS LIMITED,L
MARUSHIKA,ST,MARUSHIKA TECHNOLOGY LTD,L
MEP,BZ,MEP INFRA. DEVELOPERS LTD,L
MIEL,SM,MANGLAM INFRA & ENG LTD,L
NECLIFE,BE,NECTAR LIFESCIENCES LTD.,L
NEELAM,SM,NEELAM LINENS & GAR (I) L,L
NIRAJISPAT,BE,NIRAJ ISPAT IND LTD,L
NIRMAN,SM,NIRMAN AGRI GENTICS LTD,L
OMKARCHEM,BZ,OMKAR SPL CHEM LTD,L
ORTEL,BZ,ORTEL COMMUNICATIONS LTD,L
PARASPETRO,BE,PARAS PETROFILS LTD.,L
PIGL,EQ,POWER INSTRUMENT (G) LTD,L
POLYSIL,ST,POLYSIL IRRIGATION SYST L,L
PRESSTONIC,ST,PRESSTONIC ENGINEERING L,L
RAJRILTD,BE,RAJ RAYON INDUSTRIES LTD,L
RELINFRA,BE,RELIANCE INFRASTRUCTU LTD,L
S&SPOWER,BE,S&S POWER SWITCHGEARS,L
SANWARIA,BZ,SANWARIA CONSUMER LIMITED,L
SATIPOLY,SM,SATI POLY PLAST LIMITED,L
SCPL,BE,SHEETAL COOL PRODUCTS LTD,L
SEYAIND,BE,SEYA INDUSTRIES LIMITED,L
SHIVAUM,EQ,SHIV AUM STEELS LIMITED,L
SHRENIK,BZ,SHRENIK LIMITED,L
SHUBHLAXMI,ST,SHUBHLAXMI JEWEL ART LTD,L
SIKKO,EQ,SIKKO INDUSTRIES LIMITED,L
SILGOPP,E1,SILGO RS.5 PPD UP,L
SITINET,BZ,SITI NETWORKS LIMITED,L
SMLMAH,EQ,SML MAHINDRA LIMITED,L
SOCL,SM,SUNDREX OIL COMPANY LTD,L
SOMATEX,BE,SOMA TEXTILEI NDUSTRIES L,L
SONUINFRA,SM,SONU INFRATECH LIMITED,L
SPRL,SM,SP REFRACTORIES LIMITED,L
STALL-RE,BE,STALLION FLUOROCHEM LTD,L
STALLION,EQ,STALLION IND FLUOROCHEM L,L
SUPREMEENG,BZ,SUPREME ENGINEERING LTD,L
SYNOPTICS,SM,SYNOPTICS TECHNOLOGIES L,L
TAPIFRUIT,SM,TAPI FRUIT PROCESSING LTD,L
TARAPUR,EQ,TARAPUR TRANSFORMERS LTD,L
TECHERA,SM,TECHERA ENGINEER (IND) L,L
TIJARIA,BE,TIJARIA POLYPIPES LTD,L
UNITEDPOLY,EQ,UNITED POLYFAB GUJ. LTD.,L
VILINBIO,ST,VILIN BIO MED LIMITED,L
VISAMAN,ST,VISAMAN GLOBAL SALES LTD,L
WINSOME,BZ,WINSOME YARNS LIMITED,L
