SECURITY,NEW,PREVIOUS,NEW_STATUS
ADIT BIRL SUN LIF AMC LTD     ,921.00,918.00,H
BIRLASLAMC - ABSLMSCIN        ,30.41,30.38,H
BONLON INDUSTRIES LIMITED     ,47.52,45.26,H
CEINSYS TECH LIMITED          ,1061.70,1041.40,H
DCM SHRIRAM INTERNATNL L      ,60.43,57.56,H
EPW INDIA LIMITED             ,126.00,123.50,H
GROVER JEWELLS LIMITED        ,141.60,134.90,H
HAPPY FORGINGS LIMITED        ,1370.00,1339.00,H
HITACHI ENERGY INDIA LTD      ,23998.00,23717.00,H
ICICIPRAMC - PSUBANKICI       ,98.67,97.85,H
INDUS INFRA TRUST             ,124.98,124.50,H
IWARE SUPPLYCHAIN SER LTD     ,275.00,269.65,H
KOTAKMAMC - NIFTY100EW        ,41.41,36.20,H
MANAV INFRA PROJECTS LTD      ,45.00,43.90,H
MEGA FLEX PLASTICS LTD        ,129.00,127.55,H
PARIN ENTERPRISES LIMITED     ,722.95,720.00,H
R&B DENIMS LIMITED            ,193.32,190.50,H
REX PIPES AND CABLES LTD      ,204.95,204.75,H
SAKAR HEALTHCARE LIMITED      ,543.50,504.70,H
SHANKARA BUILDPRO LIMITED     ,1046.95,1024.40,H
STALLION FLUOROCHEM LTD       ,30.00,43.72,H
TAMILNAD MERCA BANK LTD       ,715.50,708.50,H
AFCONS INFRASTRUCTURE LTD     ,315.40,319.00,L
AKSHAR SPINTEX LIMITED        ,0.45,0.46,L
ALLCARGO LOGISTICS LTD        ,8.62,8.65,L
ASHWINI CONTAINER MOVER L     ,120.00,127.90,L
ATAM VALVES LIMITED           ,65.25,66.10,L
AURI GROW INDIA LIMITED       ,0.29,0.30,L
AWFIS SPACE SOLUTIONS LTD     ,298.95,305.05,L
AWL AGRI BUSINESS LIMITED     ,194.79,199.09,L
BELLA CASA FASH AND RET L     ,283.00,289.85,L
BEST AGROLIFE LIMITED         ,17.61,17.96,L
BIOPOL CHEMICALS LIMITED      ,89.55,94.20,L
BIRLASLAMC - ABSLMSCIN        ,30.09,30.38,L
BODHI TREE MULTIMEDIA LTD     ,6.66,7.11,L
BONLON INDUSTRIES LIMITED     ,43.00,45.26,L
CASH UR DRIVE MARKETING L     ,113.50,114.20,L
CEINSYS TECH LIMITED          ,1000.10,1002.00,L
CELLO WORLD LIMITED           ,441.00,448.00,L
CLEAN SCIENCE & TECH LTD      ,707.15,732.00,L
CONCORD ENVIRO SYSTEMS L      ,338.00,340.00,L
CYIENT DLM LIMITED            ,334.75,344.55,L
DCM SHRIRAM FINE CHEM LTD     ,40.74,42.88,L
DEV INFO TECHNOLOGY LTD       ,25.90,26.01,L
DHANUKA INFRA REALTY LTD      ,14.75,15.50,L
DHARAN INFRA-EPC LIMITED      ,0.14,0.15,L
DHRUV CONSULTANCY SER LTD     ,22.22,23.98,L
DIGITIDE SOLUTIONS LTD        ,105.06,105.25,L
DREAMFOLKS SERVICES LTD       ,84.70,86.30,L
DSPAMC - FLEXIADD             ,9.93,9.96,L
ECOS (INDIA) MOB & HOSP L     ,157.46,160.98,L
FILATEX FASHIONS LIMITED      ,0.23,0.25,L
GANESH CONSUMER PRODUCT L     ,181.10,183.72,L
GANGA BATH FITTINGS LTD       ,17.90,18.05,L
GROWWAMC - GROWWRLTY          ,8.07,8.31,L
HEXAWARE TECHNOLOGIES LTD     ,514.20,521.55,L
MANOJ VAIBHAV GEM N JEW L     ,158.10,160.50,L
MARUSHIKA TECHNOLOGY LTD      ,108.30,114.00,L
MAXPOSURE LIMITED             ,33.25,33.50,L
MEGHMANI ORGANICS LIMITED     ,51.53,51.60,L
MEP INFRA. DEVELOPERS LTD     ,1.11,1.13,L
OLA ELECTRIC MOBILITY LTD     ,26.30,27.30,L
PERFECT INFRAENGINEER LTD     ,2.60,2.65,L
PICTUREPOST STUDIOS LTD       ,8.05,8.15,L
PLADA INFOTECH SERVICES L     ,11.65,12.20,L
PRESSTONIC ENGINEERING L      ,4.40,5.25,L
ROUTE MOBILE LIMITED          ,512.00,521.00,L
SAMEERA AGRO AND INFRA L      ,10.30,10.40,L
SELLOWRAP INDUSTRIES LTD      ,64.25,66.20,L
SICAL LOGISTICS LIMITED       ,66.00,67.00,L
SOLVE PLASTIC PRODUCTS L      ,20.35,21.40,L
STALLION FLUOROCHEM LTD       ,26.24,43.72,L
SUNDREX OIL COMPANY LTD       ,26.60,27.25,L
SYSTEMATIX CORP SERVICE L     ,74.40,77.62,L
UMA EXPORTS LIMITED           ,29.00,30.00,L
VAISHALI PHARMA LIMITED       ,7.30,7.40,L
VEDANT FASHIONS LIMITED       ,419.00,425.00,L
VIKRAN ENGINEERING LTD        ,72.65,74.13,L
WEWORK INDIA MANAGEMENT L     ,530.00,536.00,L
