SERIES,SYMBOL,SECURITY,RECORD_DT,BC_STRT_DT,BC_END_DT,EX_DT,ND_STRT_DT,ND_END_DT,PURPOSE
NV,1003SCL30A,SEC RE NCD 10.03% SR X,2025-10-27,,,2025-10-27,,,INT PAYMNT/PART REDEMPTN
UV,1003SCL30A,SEC RE NCD 10.03% SR X,2025-10-27,,,2025-10-27,,,INT PAYMNT/PART REDEMPTN
NR,1015SCL28,SEC RE NCD 10.15% SR VII,2025-10-27,,,2025-10-27,,,INT PAYMNT/PART REDEMPTN
UR,1015SCL28,SEC RE NCD 10.15% SR VII,2025-10-27,,,2025-10-27,,,INT PAYMNT/PART REDEMPTN
UA,1040NFL26,Sec Re NCD 10.40% Sr.II,2025-10-29,,,2025-10-29,,,INTEREST PAYMENT
NU,1050SCL30,SEC RE NCD 10.5% SR IX,2025-10-27,,,2025-10-27,,,INT PAYMNT/PART REDEMPTN
UU,1050SCL30,SEC RE NCD 10.5% SR IX,2025-10-27,,,2025-10-27,,,INT PAYMNT/PART REDEMPTN
UC,1065NFL27,Sec Re NCD 10.65% Sr.IV,2025-10-29,,,2025-10-29,,,INTEREST PAYMENT
NW,1075SCL33B,SEC RE NCD 10.25% SR XI,2025-10-27,,,2025-10-27,,,INT PAYMNT/PART REDEMPTN
UW,1075SCL33B,SEC RE NCD 10.25% SR XI,2025-10-27,,,2025-10-27,,,INT PAYMNT/PART REDEMPTN
U5,10CAGL27,Sec Re NCD 10% Sr. V,2025-10-31,,,2025-10-31,,,INTEREST PAYMENT
N0,119VCCL26,Vedika Credit 11.9% 2026,2025-10-28,,,2025-10-28,,,INTEREST PAYMENT
N0,12AFIL28,AFIL 12% 2028,2025-11-01,,,2025-10-31,,,INTEREST PAYMENT
N0,12VCCL28,VCCL 12% 2028,2025-11-01,,,2025-10-31,,,INTEREST PAYMENT
TB,182D311025,GOI TBILL 182D-31/10/25,2025-10-29,,,,,,REDEMPTION
BE,360ONE,360 ONE WAM LIMITED,2025-10-27,,,2025-10-27,,,INTDIV - RS 6 PER SH
BL,360ONE,360 ONE WAM LIMITED,2025-10-27,,,2025-10-27,,,INTDIV - RS 6 PER SH
EQ,360ONE,360 ONE WAM LIMITED,2025-10-27,,,2025-10-27,,,INTDIV - RS 6 PER SH
IQ,360ONE,360 ONE WAM LIMITED,2025-10-27,,,2025-10-27,,,INTDIV - RS 6 PER SH
T0,360ONE,360 ONE WAM LIMITED,2025-10-27,,,2025-10-27,,,INTDIV - RS 6 PER SH
TL,360ONE,360 ONE WAM LIMITED,2025-10-27,,,2025-10-27,,,INTDIV - RS 6 PER SH
TB,364D301025,GOI TBILL 364D-30/10/25,2025-10-28,,,,,,REDEMPTION
N0,776FEDB34,FEDB 7.76% 2034 Sr 1,2025-10-28,,,2025-10-28,,,INTEREST PAYMENT
N1,78ABCL33,ABCL 7.8% Sr V,2025-10-27,,,2025-10-27,,,INTEREST PAYMENT
U1,78ABCL33,ABCL 7.8% Sr V,2025-10-27,,,2025-10-27,,,INTEREST PAYMENT
U7,801TCH28,Sec Red NCD 8.01% Sr.IV,2025-10-29,,,2025-10-29,,,INTEREST PAYMENT
U8,81TCHF28,Sec Red NCD 8.10% Sr.IV,2025-10-29,,,2025-10-29,,,INTEREST PAYMENT
N0,850CIFL34,CIFL 8.50% 2034 Sr 649,2025-10-27,,,2025-10-27,,,INTEREST PAYMENT
UG,852LTF27,SeReNCD 8.52% Sr.VII OpI,2025-10-31,,,2025-10-31,,,INTEREST PAYMENT
UH,87LTF27,SeReNCD 8.70% Sr.VII OpII,2025-10-31,,,2025-10-31,,,INTEREST PAYMENT
U6,884LTF29,Se Re NCD 8.84% Sr.VI Op1,2025-10-29,,,2025-10-29,,,INTEREST PAYMENT
NG,888SCL25,SEC RE NCD 8.88% SR II,2025-10-27,,,,,,INT PAYMENT/REDEMPTN
UG,888SCL25,SEC RE NCD 8.88% SR II,2025-10-27,,,,,,INT PAYMENT/REDEMPTN
U7,898LTF29,SeReNCD 8.98% Sr.VI Op2,2025-10-29,,,2025-10-29,,,INTEREST PAYMENT
NM,902SCL26A,SEC RE NCD 9.02% SR V,2025-10-27,,,2025-10-27,,,INT PAYMNT/PART REDEMPTN
UM,902SCL26A,SEC RE NCD 9.02% SR V,2025-10-27,,,2025-10-27,,,INT PAYMNT/PART REDEMPTN
MI,903SFL28,Shriram Finance Limited,2025-10-27,,,2025-10-27,,,INTEREST PAYMENT
YI,903SFL28,Shriram Finance Limited,2025-10-27,,,2025-10-27,,,INTEREST PAYMENT
TB,91D301025,GOI TBILL 91D-30/10/25,2025-10-28,,,,,,REDEMPTION
NH,925SCL25A,SEC RE NCD 9.25% SR II,2025-10-27,,,,,,INT PAYMENT/REDEMPTN
UH,925SCL25A,SEC RE NCD 9.25% SR II,2025-10-27,,,,,,INT PAYMENT/REDEMPTN
NY,925SCL25G,SEC RE NCD 9.8% SR XII,2025-10-27,,,2025-10-27,,,INT PAYMNT/PART REDEMPTN
UY,925SCL25G,SEC RE NCD 9.8% SR XII,2025-10-27,,,2025-10-27,,,INT PAYMNT/PART REDEMPTN
NE,925SCL25Z,SEC RE NCD 9.25% SR I,2025-10-27,,,,,,INT PAYMENT/REDEMPTION
UE,925SCL25Z,SEC RE NCD 9.25% SR I,2025-10-27,,,,,,INT PAYMENT/REDEMPTION
NS,925SCL28A,SEC RE NCD 9.25% SR VIII,2025-10-27,,,2025-10-27,,,INT PAYMNT/PART REDEMPTN
US,925SCL28A,SEC RE NCD 9.25% SR VIII,2025-10-27,,,2025-10-27,,,INT PAYMNT/PART REDEMPTN
NK,940SCL26A,SEC RE NCD 9.4% SR IV,2025-10-27,,,2025-10-27,,,INT PAYMNT/PART REDEMPTN
UK,940SCL26A,SEC RE NCD 9.4% SR IV,2025-10-27,,,2025-10-27,,,INT PAYMNT/PART REDEMPTN
NN,948SCL26A,SEC RE NCD 9.48% SR V,2025-10-27,,,2025-10-27,,,INT PAYMNT/PART REDEMPTN
UN,948SCL26A,SEC RE NCD 9.48% SR V,2025-10-27,,,2025-10-27,,,INT PAYMNT/PART REDEMPTN
NF,965SCL25A,SEC RE NCD 9.65% SR I,2025-10-27,,,,,,INTEREST PAYMNT/REDEMPTN
UF,965SCL25A,SEC RE NCD 9.65% SR I,2025-10-27,,,,,,INTEREST PAYMNT/REDEMPTN
NZ,965SCL25F,SEC RE NCD 10.25% SR XII,2025-10-27,,,2025-10-27,,,INT PAYMNT/PART REDEMPTN
UZ,965SCL25F,SEC RE NCD 10.25% SR XII,2025-10-27,,,2025-10-27,,,INT PAYMNT/PART REDEMPTN
NQ,965SCL28A,SEC RE NCD 9.65% SR VII,2025-10-27,,,2025-10-27,,,INT PAYMNT/PART REDEMPTN
UQ,965SCL28A,SEC RE NCD 9.65% SR VII,2025-10-27,,,2025-10-27,,,INT PAYMNT/PART REDEMPTN
NT,971SCL28A,SEC RE NCD 9.71% SR VIII,2025-10-27,,,2025-10-27,,,INT PAYMNT/PART REDEMPTN
UT,971SCL28A,SEC RE NCD 9.71% SR VIII,2025-10-27,,,2025-10-27,,,INT PAYMNT/PART REDEMPTN
N0,975ISF28,ISF 9.75% NCD 2028,2025-11-01,,,2025-10-31,,,INTEREST PAYMENT
N0,975PCPL27,PCPL 9.75% 2027,2025-11-02,,,2025-10-31,,,INTEREST PAYMENT
NX,980SCL33,SEC RE NCD 10.75% SR XI,2025-10-27,,,2025-10-27,,,INT PAYMNT/PART REDEMPTN
UX,980SCL33,SEC RE NCD 10.75% SR XI,2025-10-27,,,2025-10-27,,,INT PAYMNT/PART REDEMPTN
NL,990SCL26A,SEC RE NCD 9.9% SR IV,2025-10-27,,,2025-10-27,,,INT PAYMNT/PART REDEMPTN
UL,990SCL26A,SEC RE NCD 9.9% SR IV,2025-10-27,,,2025-10-27,,,INT PAYMNT/PART REDEMPTN
BE,BEML,BEML Limited,2025-11-03,,,2025-11-03,,,FVSPLT FRM RS 10 TO RS 5
BL,BEML,BEML Limited,2025-11-03,,,2025-11-03,,,FVSPLT FRM RS 10 TO RS 5
EQ,BEML,BEML Limited,2025-11-03,,,2025-11-03,,,FVSPLT FRM RS 10 TO RS 5
IQ,BEML,BEML Limited,2025-11-03,,,2025-11-03,,,FVSPLT FRM RS 10 TO RS 5
T0,BEML,BEML Limited,2025-11-03,,,2025-11-03,,,FVSPLT FRM RS 10 TO RS 5
TL,BEML,BEML Limited,2025-11-03,,,2025-11-03,,,FVSPLT FRM RS 10 TO RS 5
BE,CENTRALBK,Central Bank of India,2025-10-27,,,2025-10-27,,,INTDIV - RE 0.20 PER SH
BL,CENTRALBK,Central Bank of India,2025-10-27,,,2025-10-27,,,INTDIV - RE 0.20 PER SH
EQ,CENTRALBK,Central Bank of India,2025-10-27,,,2025-10-27,,,INTDIV - RE 0.20 PER SH
IQ,CENTRALBK,Central Bank of India,2025-10-27,,,2025-10-27,,,INTDIV - RE 0.20 PER SH
T0,CENTRALBK,Central Bank of India,2025-10-27,,,2025-10-27,,,INTDIV - RE 0.20 PER SH
TL,CENTRALBK,Central Bank of India,2025-10-27,,,2025-10-27,,,INTDIV - RE 0.20 PER SH
BE,CESC,CESC - Depo,2025-10-27,,,2025-10-27,,,INTDIV - RS 6 PER SH
BL,CESC,CESC Ltd.,2025-10-27,,,2025-10-27,,,INTDIV - RS 6 PER SH
EQ,CESC,CESC Ltd.,2025-10-27,,,2025-10-27,,,INTDIV - RS 6 PER SH
IQ,CESC,CESC Ltd.,2025-10-27,,,2025-10-27,,,INTDIV - RS 6 PER SH
T0,CESC,CESC Ltd.,2025-10-27,,,2025-10-27,,,INTDIV - RS 6 PER SH
TL,CESC,CESC Ltd.,2025-10-27,,,2025-10-27,,,INTDIV - RS 6 PER SH
BE,CRISIL,CRISIL Limited,2025-10-27,,,2025-10-27,,,INTDIV - RS 16 PER SH
BL,CRISIL,CRISIL Limited,2025-10-27,,,2025-10-27,,,INTDIV - RS 16 PER SH
EQ,CRISIL,CRISIL Limited,2025-10-27,,,2025-10-27,,,INTDIV - RS 16 PER SH
IQ,CRISIL,CRISIL Limited,2025-10-27,,,2025-10-27,,,INTDIV - RS 16 PER SH
T0,CRISIL,CRISIL Limited,2025-10-27,,,2025-10-27,,,INTDIV - RS 16 PER SH
TL,CRISIL,CRISIL Limited,2025-10-27,,,2025-10-27,,,INTDIV - RS 16 PER SH
BE,DHANI,Dhani Services Limited,2025-10-28,,,,,,MERGER
BL,DHANI,Dhani Services Limited,2025-10-28,,,,,,MERGER
EQ,DHANI,Dhani Services Limited,2025-10-28,,,,,,MERGER
IQ,DHANI,Dhani Services Limited,2025-10-28,,,,,,MERGER
BE,GEEKAYWIRE,Geekay Wires Limited,2025-10-30,,,2025-10-30,,,FVSPLT FRM RS 2 TO RE 1
BL,GEEKAYWIRE,Geekay Wires Limited,2025-10-30,,,2025-10-30,,,FVSPLT FRM RS 2 TO RE 1
EQ,GEEKAYWIRE,Geekay Wires Limited,2025-10-30,,,2025-10-30,,,FVSPLT FRM RS 2 TO RE 1
IQ,GEEKAYWIRE,Geekay Wires Limited,2025-10-30,,,2025-10-30,,,FVSPLT FRM RS 2 TO RE 1
BE,IEL,Indiabulls Ent Ltd,2025-10-28,,,,,,MERGER
BL,IEL,Indiabulls Ent Ltd,2025-10-28,,,,,,MERGER
EQ,IEL,Indiabulls Ent Ltd,2025-10-28,,,,,,MERGER
IQ,IEL,Indiabulls Ent Ltd,2025-10-28,,,,,,MERGER
BE,INFY,Infosys Limited,2025-10-27,,,2025-10-27,,,INTDIV - RS 23 PER SH
BL,INFY,Infosys Limited,2025-10-27,,,2025-10-27,,,INTDIV - RS 23 PER SH
EQ,INFY,Infosys Limited,2025-10-27,,,2025-10-27,,,INTDIV - RS 23 PER SH
IQ,INFY,Infosys Limited,2025-10-27,,,2025-10-27,,,INTDIV - RS 23 PER SH
T0,INFY,Infosys Limited,2025-10-27,,,2025-10-27,,,INTDIV - RS 23 PER SH
TL,INFY,Infosys Limited,2025-10-27,,,2025-10-27,,,INTDIV - RS 23 PER SH
BE,LAURUSLABS,Laurus Labs Limited,2025-10-31,,,2025-10-31,,,INTDIV - RE 0.80 PER SH
BL,LAURUSLABS,Laurus Labs Limited,2025-10-31,,,2025-10-31,,,INTDIV - RE 0.80 PER SH
EQ,LAURUSLABS,Laurus Labs Limited,2025-10-31,,,2025-10-31,,,INTDIV - RE 0.80 PER SH
IQ,LAURUSLABS,Laurus Labs Limited,2025-10-31,,,2025-10-31,,,INTDIV - RE 0.80 PER SH
T0,LAURUSLABS,Laurus Labs Limited,2025-10-31,,,2025-10-31,,,INTDIV - RE 0.80 PER SH
TL,LAURUSLABS,Laurus Labs Limited,2025-10-31,,,2025-10-31,,,INTDIV - RE 0.80 PER SH
BE,LTTS,L&T Technology Ser. Ltd.,2025-10-27,,,2025-10-27,,,INTDIV - RS 18 PER SH
BL,LTTS,L&T Technology Ser. Ltd.,2025-10-27,,,2025-10-27,,,INTDIV - RS 18 PER SH
EQ,LTTS,L&T Technology Ser. Ltd.,2025-10-27,,,2025-10-27,,,INTDIV - RS 18 PER SH
IQ,LTTS,L&T Technology Ser. Ltd.,2025-10-27,,,2025-10-27,,,INTDIV - RS 18 PER SH
T0,LTTS,L&T Technology Ser. Ltd.,2025-10-27,,,2025-10-27,,,INTDIV - RS 18 PER SH
TL,LTTS,L&T Technology Ser. Ltd.,2025-10-27,,,2025-10-27,,,INTDIV - RS 18 PER SH
BE,PCBL,PCBL Chemical Limited,2025-10-27,,,2025-10-27,,,INTDIV - RS 6 PER SH
BL,PCBL,PCBL Chemical Limited,2025-10-27,,,2025-10-27,,,INTDIV - RS 6 PER SH
EQ,PCBL,PCBL Chemical Limited,2025-10-27,,,2025-10-27,,,INTDIV - RS 6 PER SH
IQ,PCBL,PCBL Chemical Limited,2025-10-27,,,2025-10-27,,,INTDIV - RS 6 PER SH
T0,PCBL,PCBL Chemical Limited,2025-10-27,,,2025-10-27,,,INTDIV - RS 6 PER SH
TL,PCBL,PCBL Chemical Limited,2025-10-27,,,2025-10-27,,,INTDIV - RS 6 PER SH
BE,RECLTD,Rural Electrification Cor,2025-10-27,,,2025-10-27,,,INTDIV - RS 4.60 PER SH
BL,RECLTD,Rural Electrification Cor,2025-10-27,,,2025-10-27,,,INTDIV - RS 4.60 PER SH
EQ,RECLTD,Rural Electrification Cor,2025-10-27,,,2025-10-27,,,INTDIV - RS 4.60 PER SH
IQ,RECLTD,Rural Electrification Cor,2025-10-27,,,2025-10-27,,,INTDIV - RS 4.60 PER SH
T0,RECLTD,Rural Electrification Cor,2025-10-27,,,2025-10-27,,,INTDIV - RS 4.60 PER SH
TL,RECLTD,Rural Electrification Cor,2025-10-27,,,2025-10-27,,,INTDIV - RS 4.60 PER SH
NI,SCLZC25C,SEC RE NCD SR III,2025-10-27,,,,,,INT PAYMENT/REDEMPTN
UI,SCLZC25C,SEC RE NCD SR III,2025-10-27,,,,,,INT PAYMENT/REDEMPTN
NJ,SCLZC25D,SEC RE NCD SR III,2025-10-27,,,,,,INT PAYMENT/REDEMPTN
UJ,SCLZC25D,SEC RE NCD SR III,2025-10-27,,,,,,INT PAYMENT/REDEMPTN
GB,SGBOCT25V,2.50% GOLDBONDS2025SR-V,2025-10-28,,,,,,REDEMPTION
BE,TANLA,Tanla Platforms Limited,2025-10-27,,,2025-10-27,,,INTDIV - RS 6 PER SH
BL,TANLA,Tanla Platforms Limited,2025-10-27,,,2025-10-27,,,INTDIV - RS 6 PER SH
EQ,TANLA,Tanla Platforms Limited,2025-10-27,,,2025-10-27,,,INTDIV - RS 6 PER SH
IQ,TANLA,Tanla Platforms Limited,2025-10-27,,,2025-10-27,,,INTDIV - RS 6 PER SH
