SECURITY,NEW,PREVIOUS,NEW_STATUS
ADITYA BIRLA CAPITAL LTD.     ,311.90,311.80,H
ADVANCE AGROLIFE LIMITED      ,154.00,147.90,H
AMBER ENTERPRISES (I) LTD     ,8520.50,8497.00,H
ANONDITA MEDICARE LIMITED     ,490.15,475.20,H
ANZEN IND ENE YLD PLU TRU     ,120.50,120.00,H
ARFIN INDIA LIMITED           ,54.00,53.00,H
ASAHI INDIA GLASS LIMITED     ,956.00,951.00,H
AXISAMC - AXISBPSETF          ,14.50,14.00,H
B.A.G.CONVERGENCE LIMITED     ,128.00,125.00,H
BHARTI AIRTEL LIMITED         ,2094.00,2067.00,H
C P S SHAPERS LIMITED         ,927.20,883.05,H
CANARA ROBECO AMC LIMITED     ,353.40,339.00,H
CHOLAMANDALAM IN & FIN CO     ,1782.00,1760.05,H
CUMMINS INDIA LTD             ,4324.00,4205.60,H
ECLERX SERVICES LTD           ,4830.00,4640.00,H
EDELAMC - EBBETF0433          ,1305.17,1288.86,H
ELPHI WORLD MONEY LTD         ,31.90,51.26,H
EPACK PREFAB TECHN LTD        ,280.00,278.00,H
EURO PRATIK SALES LIMITED     ,299.59,297.30,H
FABTECH TECHNOLOGIES LTD      ,234.00,214.80,H
GARUDA CONSTRUCT N ENG L      ,230.70,229.99,H
GUJARAT THEMIS BIOSYN LTD     ,479.00,465.00,H
HBL ENGINEERING LTD           ,997.50,963.90,H
HDFCAMC HDFCPSUBK             ,81.81,81.65,H
IFB AGRO INDUSTRIES LTD       ,1289.15,1188.00,H
INDIGRID INFRASTRUCT TRST     ,173.87,173.79,H
INDUS INFRA TRUST             ,120.89,120.84,H
IWARE SUPPLYCHAIN SER LTD     ,168.65,160.65,H
JAIN RESOURCE RECYCLING L     ,413.66,404.40,H
MAHAMAYA STEEL INDS LTD       ,595.50,594.60,H
MAHENDRA REALTO & INFRA L     ,80.00,76.10,H
MAN COAT METAL & IND LTD      ,182.82,182.00,H
MEGASOFT LTD                  ,185.43,176.89,H
MIRAEAMC - BANKPSU            ,80.74,79.99,H
NORBEN TEA &EXPORTS LTD       ,60.31,57.44,H
OM FREIGHT FORWARDERS LTD     ,100.00,99.04,H
PRIME CABLE INDUSTRIES L      ,101.45,100.00,H
PSP PROJECTS LIMITED          ,947.95,846.00,H
PURPLE UNITED SALES LTD       ,535.35,518.05,H
S.A.L. STEEL LTD.             ,37.07,36.50,H
SBIAMC - SBIETFPB             ,295.00,294.38,H
SEJAL GLASS LIMITED           ,987.35,940.60,H
SENORES PHARMACEUTICALS L     ,784.20,772.00,H
SHRI AHIMSA NATURALS LTD      ,251.65,246.95,H
SHRINGAR HOU OF MANGALS L     ,217.40,217.00,H
SOMA TEXTILEI NDUSTRIES L     ,114.63,109.18,H
SWAN DEFENCE N HEVY IND L     ,736.45,701.40,H
TATA MOTORS PASS VEH LTD      ,411.40,408.50,H
TERA SOFTWARE LIMITED         ,508.20,493.75,H
TVS ELECTRONICS LTD           ,739.35,691.90,H
UTIAMC - UTISENSETF           ,942.00,940.00,H
VOLER CAR LIMITED             ,249.90,242.00,H
VST TILLERS TRACTORS LTD      ,5847.00,5780.00,H
WAAREE RENEWABLE TECH LTD     ,1358.00,1338.00,H
WELSPUN INV & COMM LTD        ,1424.00,1325.90,H
ASPIRE & INNOVATIVE ADV L     ,19.60,19.70,L
ASTRON PAPER BORD MIL LTD     ,10.01,10.02,L
CAPITAL TRUST LIMITED         ,23.51,24.50,L
CAPITAL TRUST LTD             ,4.22,4.42,L
DJ MEDIAPRINT & LOG LTD       ,84.00,86.99,L
ELPHI WORLD MONEY LTD         ,30.75,51.26,L
EPPELTONE ENGINEERS LTD       ,164.00,166.00,L
GANESH CONSUMER PRODUCT L     ,277.50,279.15,L
GEM AROMATICS LIMITED         ,224.47,224.49,L
GLOBESECURE TECHNO LTD        ,6.80,7.00,L
INDIAN EMULSIFERS LTD         ,22.00,23.35,L
INSPIRE FILMS LIMITED         ,15.05,15.20,L
IVALUE INFOSOLUTIONS LTD      ,250.70,257.00,L
JARO INS OF TEC MG N RE L     ,624.05,640.00,L
JAY BEE LAMINATIONS LTD       ,173.25,175.60,L
MARSHALL MACHINES LTD         ,4.28,4.51,L
MAXPOSURE LIMITED             ,48.30,49.60,L
MEDISTEP HEALTHCARE LTD       ,27.05,27.60,L
MIDWEST LIMITED               ,1102.50,1129.10,L
PERFECT INFRAENGINEER LTD     ,3.80,4.00,L
QUADRANT FUTURE TEK LTD       ,356.25,356.50,L
R K SWAMY LIMITED             ,131.32,132.20,L
SANCO INDUSTRIES LIMITED      ,1.76,1.78,L
SHEEL BIOTECH LIMITED         ,76.00,77.50,L
SIDDHI COTSPIN LIMITED        ,33.30,33.50,L
SKIL INFRASTRUCTURE LTD.      ,1.18,1.25,L
SPENCER S RETAIL LIMITED      ,50.40,50.51,L
SWASTIK PIPE LIMITED          ,28.30,28.90,L
TEERTH GOPICON LIMITED        ,44.05,44.80,L
TRUALT BIOENERGY LIMITED      ,441.10,452.00,L
TSC INDIA LIMITED             ,56.00,58.30,L
VMS TMT LIMITED               ,69.05,69.26,L
