SERIES,SYMBOL,SECURITY,RECORD_DT,BC_STRT_DT,BC_END_DT,EX_DT,ND_STRT_DT,ND_END_DT,PURPOSE
17,980SCL34,SEC RE NCD 9.80% SR XII,11/09/2025, , ,11/09/2025, , ,INTEREST PAYMENT         
18,1025SCL34,SEC RE NCD 10.25% SR XII,11/09/2025, , ,11/09/2025, , ,INTEREST PAYMENT         
AW,902SCL26I,SEC RE NCD 9.02% SR V,12/09/2025, , ,12/09/2025, , ,INTEREST PAYMENT         
AX,948SCL26I,SEC RE NCD 9.48% SR V,12/09/2025, , ,12/09/2025, , ,INTEREST PAYMENT         
BA,925SCL28I,SEC RE NCD 9.25% SR VIII,12/09/2025, , ,12/09/2025, , ,INTEREST PAYMENT         
BC,971SCL28I,SEC RE NCD 9.71% SR VIII,12/09/2025, , ,12/09/2025, , ,INTEREST PAYMENT         
BD,925SCL25F,SEC RE NCD 9.25% SR I,11/09/2025, , , , , ,INT PAYMENT/REDEMPTION   
BE,RHIM,RHI MAGNESITA INDIA LTD,12/09/2025, , ,12/09/2025, , ,DIV - RS 2.50 PER SH     
BE,POCL,Pondy Oxides & Chem Ltd,11/09/2025, , ,11/09/2025, , ,DIV - RS 3.50 PER SH     
BE,TNPL,TAMILNADU NEWSPRT & PAPER,11/09/2025, , ,11/09/2025, , ,DIV - RS 3 PER SH        
BE,TVTODAY,TV TODAY NETWORK LTD,11/09/2025, , ,11/09/2025, , ,DIV - RS 3 PER SH        
BE,IRCON,Ircon International Ltd,11/09/2025, , ,11/09/2025, , ,DIV - RE 1 PER SH        
BE,SOMANYCERA,Somany Ceramics Limited,11/09/2025, , ,11/09/2025, , ,DIV - RS 3 PER SH        
BE,UTTAMSUGAR,Uttam Sugar Mills Limited,12/09/2025, , ,12/09/2025, , ,DIV - RS 2.50 PER SH     
BE,DPSCLTD,DPSC Limited,12/09/2025, , ,12/09/2025, , ,DIV - RE 0.05 PER SH     
BE,GRSE,Garden Reach Ship,12/09/2025, , ,12/09/2025, , ,DIV - RS 4.90 PER SH     
BE,TATVA,Tatva Chin Pharm Chem Ltd,12/09/2025, , ,12/09/2025, , ,DIV - RE 1 PER SH        
BE,JTLIND,JTL INDUSTRIES LIMITED,12/09/2025, , ,12/09/2025, , ,DIV - RE 0.125 PER SH    
BE,MASTEK,MASTEK - Depo,12/09/2025, , ,12/09/2025, , ,DIV - RS 16 PER SH       
BE,REMSONSIND,Remsons Industries Ltd,12/09/2025, , ,12/09/2025, , ,DIV - RE 0.30 PER SH     
BE,EVERESTIND,Everest Industries Limite,12/09/2025, , ,12/09/2025, , ,DIV - RS 2.50 PER SH     
BE,KPEL,K.P. Energy Limited,12/09/2025, , ,12/09/2025, , ,DIV - RE 0.10 PER SH     
BE,VSSL,Vardhman Spc Steel Ltd,12/09/2025, , ,12/09/2025, , ,DIV - RS 3 PER SH        
BE,HBLENGINE,HBL Engineering Ltd,12/09/2025, , ,12/09/2025, , ,DIV - RE 1 PER SH        
BE,HEIDELBERG,HeidelbergCement (I) Ltd,12/09/2025, , ,12/09/2025, , ,DIV - RS 7 PER SH        
BE,FCL,Fineotex Chemical Limited,13/09/2025, , ,12/09/2025, , ,DIV - RE 0.40 PER SH     
BE,RUSHIL,Rushil Decor Limited,13/09/2025, , ,12/09/2025, , ,DIV - RE 0.10 PER SH     
BE,CSLFINANCE,CSL Finance Limited,13/09/2025, , ,12/09/2025, , ,DIV - RS 3 PER SH        
BE,PKTEA,The P K Tea Prod Co Ltd,13/09/2025, , ,12/09/2025, , ,DIV - RE 1 PER SH        
BE,DOMS,DOMS Industries Limited,15/09/2025, , ,15/09/2025, , ,DIV - RS 3.15 PER SH     
BE,SOTL,Savita Oil Technologies L,15/09/2025, , ,15/09/2025, , ,DIV - RS 4 PER SH        
BE,PATANJALI,Patanjali Foods Limited,11/09/2025, , ,11/09/2025, , ,BONUS 2:1                
BE,VLSFINANCE,VLS Finance Ltd.,12/09/2025, , ,12/09/2025, , ,DIV - RS 1.50 PER SH     
BE,MANBA,Manba Finance Limited,12/09/2025, , ,12/09/2025, , ,DIV - RE 0.25 PER SH     
BE,SUNFLAG,Sunflag Iron And Steel Co,12/09/2025, , ,12/09/2025, , ,DIV - RE 0.75 PER SH     
BE,MARINE,Marine Electrical (I) Ltd,12/09/2025, , ,12/09/2025, , ,DIV - RS 0.30 PER SH     
BE,SALONA,Salona Cotspin Ltd.,12/09/2025, , ,12/09/2025, , ,DIV - RE 1 PER SH        
BE,RESPONIND,Responsive Industries Ltd,12/09/2025, , ,12/09/2025, , ,DIV - RS 0.10 PER SH     
BE,MAMATA,Mamata Machinery Limited,12/09/2025, , ,12/09/2025, , ,DIV - RE 0.50 PER SH     
BE,GIPCL,GUJARAT INDUSTRIES POWER,12/09/2025, , ,12/09/2025, , ,DIV - RS 4.09 PER SH     
BE,CORALFINAC,Coral India Finance Hsg,12/09/2025, , ,12/09/2025, , ,DIV - RE 0.40  PER SH    
BE,SANGHVIMOV,Sanghvi Movers Ltd.,12/09/2025, , ,12/09/2025, , ,DIV - RS 2 PER SH        
BE,FISCHER,Fischer Medical Venture L,12/09/2025, , ,12/09/2025, , ,FVSPLT FRM RS 10 TO RE 1 
BE,KNRCON,KNR Constructions Limited,15/09/2025, , ,15/09/2025, , ,DIV - RE 0.25 PER SH     
BE,POLYPLEX,Polyplex Corporation Ltd.,15/09/2025, , ,15/09/2025, , ,DIV - RS 4.50 PER SH     
BE,NPST,Network People Srv Tech L,12/09/2025, , ,12/09/2025, , ,DIV - RS 2 PER SH        
BE,COCHINSHIP,Cochin Shipyard Limited,12/09/2025, , ,12/09/2025, , ,DIV - RS 2.25 PER SH     
BE,VTL,Vardhman Textiles Limited,12/09/2025, , ,12/09/2025, , ,DIV - RS 5 PER SH        
BE,VHL,Vardhman Holdings Limited,12/09/2025, , ,12/09/2025, , ,DIV - RS 5 PER SH        
BE,ALICON,Alicon Castalloy Limited,15/09/2025, , ,15/09/2025, , ,DIV - RS 3 PER SH        
BE,LANDMARK,Landmark Cars Limited,15/09/2025, , ,15/09/2025, , ,DIV - RE 0.50 PER SH     
BE,LUXIND,Lux Industries Limited,15/09/2025, , ,15/09/2025, , ,DIV - RS 2 PER SH        
BE,AARTIPHARM,Aarti Pharmalabs Limited,15/09/2025, , ,15/09/2025, , ,DIV - RS 2.50 PER SH     
BE,GODFRYPHLP,Godfrey Phillips-Depo,16/09/2025, , ,16/09/2025, , ,BONUS 2:1                
BE,BECTORFOOD,Mrs Bectors Food Spe Ltd,12/09/2025, , ,12/09/2025, , ,DIV - RS 3 PER SH        
BE,JAGSNPHARM,Jagsonpal Pharma Ltd.,12/09/2025, , ,12/09/2025, , ,DIV - RS 2.50 PER SH     
BE,TFCILTD,Tourism Finance Corp ,19/09/2025, , ,19/09/2025, , ,FVSPLT FRM RS 10 TO RS 2 
BE,ADANIPOWER,Adani Power Limited,22/09/2025, , ,22/09/2025, , ,FVSPLT FRM RS 10 TO RS 2 
BE,AMNPLST,Amines & Plasticizers Ltd,12/09/2025, , ,12/09/2025, , ,DIV - RE 0.50 PER SH     
BE,EMMBI,Emmbi Industries Ltd,13/09/2025, , ,12/09/2025, , ,DIV - RE 0.30 PER SH     
BE,TALBROAUTO,Talbros Automotive Compon,12/09/2025, , ,12/09/2025, , ,DIV - RE 0.50  PER SH    
BE,KPIGREEN,KPI Green Energy Limited,12/09/2025, , ,12/09/2025, , ,DIV - RE 0.20 PER SH     
BE,VARDHACRLC,Vardhman Acrylics Ltd,12/09/2025, , ,12/09/2025, , ,DIV - RS 1.50 PER SH     
BE,BHARATRAS,Bharat Rasayan Ltd,12/09/2025, , ,12/09/2025, , ,DIV - RS 1.50 PER SH     
BE,SBGLP,Suratwwala Bus Group Ltd,12/09/2025, , ,12/09/2025, , ,DIV - RS 0.10 PER SH     
BE,LINCOLN,Lincoln Pharma Ltd,12/09/2025, , ,12/09/2025, , ,DIV - RS 1.80 PER SH     
BE,SUBROS,Subros Ltd,11/09/2025, , ,11/09/2025, , ,DIV - RS 2.60 PER SH     
BE,CENTURYPLY,Century Plyboards (India),11/09/2025, , ,11/09/2025, , ,DIV - RE 1 PER SH        
BE,CGCL,Money Matters F S Limited,11/09/2025, , ,11/09/2025, , ,DIV - RE 0.20 PER SH     
BE,DATAMATICS,Datamatics Global Ser.Ltd,11/09/2025, , ,11/09/2025, , ,DIV - RS 5 PER SH        
BE,GULPOLY,Gulshan Polyols Limited,11/09/2025, , ,11/09/2025, , ,DIV - RE 0.30 PER SH     
BE,EDELWEISS,Edelweiss Fin Serv Ltd,11/09/2025, , ,11/09/2025, , ,DIV - RS 1.50 PER SH     
BE,SANGAMIND,Sangam (India) Ltd.,12/09/2025, , ,12/09/2025, , ,DIV - RS 2 PER SH        
BE,TEXINFRA,Texmaco Infra & Holdg Ltd,12/09/2025, , ,12/09/2025, , ,DIV - RE 0.15 PER SH     
BE,IVC,IL&FS Investment Managers,12/09/2025, , ,12/09/2025, , ,DIV - RE 0.28 PER SH     
BE,VADILALIND,Vadilal Industries Ltd,12/09/2025, , ,12/09/2025, , ,DIV - RS 21 PER SH       
BE,RELIABLE,Reliable Data Service Ltd,12/09/2025, , ,12/09/2025, , ,DIV - RE 0.04 PER SH     
BE,MCLOUD,Magellanic Cloud Limited,12/09/2025, , ,12/09/2025, , ,DIV - RE 0.03  PER SH    
BE,KAJARIACER,Kajaria Ceramics Ltd,12/09/2025, , ,12/09/2025, , ,DIV - RS 4 PER SH        
BE,CAPLIPOINT,Caplin Point Lab Ltd.,12/09/2025, , ,12/09/2025, , ,DIV - RS 3 PER SH        
BE,PYRAMID,Pyramid Technoplast Ltd,12/09/2025, , ,12/09/2025, , ,DIV - RE 0.50 PER SH     
BE,KRSNAA,Krsnaa Diagnostics Ltd,12/09/2025, , ,12/09/2025, , ,DIV - RS 2.75 PER SH     
BE,BEPL,Bhansal Engg PolyLtd-Depo,12/09/2025, , ,12/09/2025, , ,DIV - RE 1 PER SH        
BE,ZODIAC,Zodiac Energy Limited,12/09/2025, , ,12/09/2025, , ,DIV - RS 0.75 PER SH     
BE,GLENMARK,Glenmark Pharma Ltd,15/09/2025, , ,15/09/2025, , ,DIV - RS 2.50 PER SH     
BE,PHOENIXLTD,The Phoenix Mills Limited,15/09/2025, , ,15/09/2025, , ,DIV - RS 2.50 PER SH     
BE,IGL,Indraprastha Gas Limited,15/09/2025, , ,15/09/2025, , ,DIV - RS 1.50 PER SH     
BE,NDTV,NDTV Ltd,12/09/2025, , ,12/09/2025, , ,RIGHTS 3:4 @ PRM RS 78/- 
BE,SUPERHOUSE,Superhouse Limited,15/09/2025, , ,15/09/2025, , ,DIV - RS 0.80 PER SH     
BE,INTERARCH,Interarch Bldng Soltn Ltd,15/09/2025, , ,15/09/2025, , ,DIV - RS 12.50 PER SH    
BE,DDEVPLSTIK,Ddev Plastiks Ind Ltd,15/09/2025, , ,15/09/2025, , ,DIV - RS 1.75 PER SH     
BE,ZYDUSWELL,Zydus Wellness Limited,18/09/2025, , ,18/09/2025, , ,FVSPLT FRM RS 10 TO RS 2 
BE,SANDHAR,Sandhar Technologies Ltd,12/09/2025, , ,12/09/2025, , ,DIV - RS 3.50 PER SH     
BE,TECHNOE,Techno Elec & Eng Co. Ltd,12/09/2025, , ,12/09/2025, , ,DIV - RS 9 PER SH        
BE,GALLANTT,Gallantt Ispat Limited,12/09/2025, , ,12/09/2025, , ,DIV - RS 1.25 PER SH     
BF,965SCL25E,SEC RE NCD 9.65% SR I,11/09/2025, , , , , ,INT PAYMENT/REDEMPTION   
BH,SCL25A,SEC RE NCD SR III,11/09/2025, , , , , ,INT PAYMENT/REDEMPTION   
BI,SCL25B,SEC RE NCD SR III,11/09/2025, , , , , ,INT PAYMENT/REDEMPTION   
BR,965SCL28C,SEC RE NCD 9.65% SR VII,11/09/2025, , ,11/09/2025, , ,INT PAYMNT/PART REDEMPTN 
BS,925SCL28C,SEC RE NCD 10.15% SR VII,11/09/2025, , ,11/09/2025, , ,INT PAYMNT/PART REDEMPTN 
BU,971SCL28C,SEC RE NCD 9.25% SR VIII,11/09/2025, , ,11/09/2025, , ,INTEREST/PART REDEMPTION 
BV,10SCL30A,SEC RE NCD 9.71% SR VIII,11/09/2025, , ,11/09/2025, , ,INTEREST/PART REDEMPTION 
BW,1003SCL30,SEC RE NCD 10.00% SR IX,11/09/2025, , ,11/09/2025, , ,INTEREST/PART REDEMPTION 
BX,957SCL30,SEC RE NCD 10.50% SR IX,11/09/2025, , ,11/09/2025, , ,INTEREST/PART REDEMPTION 
D1,MOTHERSON,Samvardhana Motherson Int,14/09/2025, , ,12/09/2025, , ,INTEREST PAYMENT         
EQ,TATVA,Tatva Chin Pharm Chem Ltd,12/09/2025, , ,12/09/2025, , ,DIV - RE 1 PER SH        
EQ,JTLIND,JTL INDUSTRIES LIMITED,12/09/2025, , ,12/09/2025, , ,DIV - RE 0.125 PER SH    
EQ,MASTEK,Mastek Ltd,12/09/2025, , ,12/09/2025, , ,DIV - RS 16 PER SH       
EQ,REMSONSIND,Remsons Industries Ltd,12/09/2025, , ,12/09/2025, , ,DIV - RE 0.30 PER SH     
EQ,HBLENGINE,HBL Engineering Ltd,12/09/2025, , ,12/09/2025, , ,DIV - RE 1 PER SH        
EQ,EVERESTIND,Everest Industries Limite,12/09/2025, , ,12/09/2025, , ,DIV - RS 2.50 PER SH     
EQ,KPEL,K.P. Energy Limited,12/09/2025, , ,12/09/2025, , ,DIV - RE 0.10 PER SH     
EQ,VSSL,Vardhman Spc Steel Ltd,12/09/2025, , ,12/09/2025, , ,DIV - RS 3 PER SH        
EQ,HEIDELBERG,HeidelbergCement (I) Ltd,12/09/2025, , ,12/09/2025, , ,DIV - RS 7 PER SH        
EQ,FCL,Fineotex Chemical Limited,13/09/2025, , ,12/09/2025, , ,DIV - RE 0.40 PER SH     
EQ,RUSHIL,Rushil Decor Limited,13/09/2025, , ,12/09/2025, , ,DIV - RE 0.10 PER SH     
EQ,CSLFINANCE,CSL Finance Limited,13/09/2025, , ,12/09/2025, , ,DIV - RS 3 PER SH        
EQ,PKTEA,The P K Tea Prod Co Ltd,13/09/2025, , ,12/09/2025, , ,DIV - RE 1 PER SH        
EQ,DOMS,DOMS Industries Limited,15/09/2025, , ,15/09/2025, , ,DIV - RS 3.15 PER SH     
EQ,SOTL,Savita Oil Technologies L,15/09/2025, , ,15/09/2025, , ,DIV - RS 4 PER SH        
EQ,PATANJALI,Patanjali Foods Limited,11/09/2025, , ,11/09/2025, , ,BONUS 2:1                
EQ,VLSFINANCE,VLS Finance Ltd.,12/09/2025, , ,12/09/2025, , ,DIV - RS 1.50 PER SH     
EQ,MANBA,Manba Finance Limited,12/09/2025, , ,12/09/2025, , ,DIV - RE 0.25 PER SH     
EQ,SUNFLAG,Sunflag Iron And Steel Co,12/09/2025, , ,12/09/2025, , ,DIV - RE 0.75 PER SH     
EQ,MARINE,Marine Electrical (I) Ltd,12/09/2025, , ,12/09/2025, , ,DIV - RS 0.30 PER SH     
EQ,SALONA,Salona Cotspin Ltd.,12/09/2025, , ,12/09/2025, , ,DIV - RE 1 PER SH        
EQ,RESPONIND,Responsive Industries Ltd,12/09/2025, , ,12/09/2025, , ,DIV - RS 0.10 PER SH     
EQ,MAMATA,Mamata Machinery Limited,12/09/2025, , ,12/09/2025, , ,DIV - RE 0.50 PER SH     
EQ,CORALFINAC,Coral India Fin & Hous Lt,12/09/2025, , ,12/09/2025, , ,DIV - RE 0.40  PER SH    
EQ,GIPCL,Gujarat Ind Power Ltd,12/09/2025, , ,12/09/2025, , ,DIV - RS 4.09 PER SH     
EQ,SANGHVIMOV,Sanghvi Movers Ltd.,12/09/2025, , ,12/09/2025, , ,DIV - RS 2 PER SH        
EQ,FISCHER,Fischer Medical Venture L,12/09/2025, , ,12/09/2025, , ,FVSPLT FRM RS 10 TO RE 1 
EQ,KNRCON,KNR Constructions Limited,15/09/2025, , ,15/09/2025, , ,DIV - RE 0.25 PER SH     
EQ,POLYPLEX,Polyplex Corporation Ltd.,15/09/2025, , ,15/09/2025, , ,DIV - RS 4.50 PER SH     
EQ,NPST,Network People Srv Tech L,12/09/2025, , ,12/09/2025, , ,DIV - RS 2 PER SH        
EQ,COCHINSHIP,Cochin Shipyard Limited,12/09/2025, , ,12/09/2025, , ,DIV - RS 2.25 PER SH     
EQ,VTL,Vardhman Textiles Limited,12/09/2025, , ,12/09/2025, , ,DIV - RS 5 PER SH        
EQ,VHL,Vardhman Holdings Limited,12/09/2025, , ,12/09/2025, , ,DIV - RS 5 PER SH        
EQ,ALICON,Alicon Castalloy Limited,15/09/2025, , ,15/09/2025, , ,DIV - RS 3 PER SH        
EQ,LANDMARK,Landmark Cars Limited,15/09/2025, , ,15/09/2025, , ,DIV - RE 0.50 PER SH     
EQ,LUXIND,Lux Industries Limited,15/09/2025, , ,15/09/2025, , ,DIV - RS 2 PER SH        
EQ,AARTIPHARM,Aarti Pharmalabs Limited,15/09/2025, , ,15/09/2025, , ,DIV - RS 2.50 PER SH     
EQ,GODFRYPHLP,Godfrey Phillips Ltd.,16/09/2025, , ,16/09/2025, , ,BONUS 2:1                
EQ,BECTORFOOD,Mrs Bectors Food Spe Ltd,12/09/2025, , ,12/09/2025, , ,DIV - RS 3 PER SH        
EQ,JAGSNPHARM,Jagsonpal Pharma Ltd.,12/09/2025, , ,12/09/2025, , ,DIV - RS 2.50 PER SH     
EQ,TFCILTD,Tourism Finance Corp ,19/09/2025, , ,19/09/2025, , ,FVSPLT FRM RS 10 TO RS 2 
EQ,ADANIPOWER,Adani Power Limited,22/09/2025, , ,22/09/2025, , ,FVSPLT FRM RS 10 TO RS 2 
EQ,SUBROS,Subros Ltd,11/09/2025, , ,11/09/2025, , ,DIV - RS 2.60 PER SH     
EQ,AMNPLST,Amines & Plasticizers Ltd,12/09/2025, , ,12/09/2025, , ,DIV - RE 0.50 PER SH     
EQ,EMMBI,Emmbi Industries Ltd,13/09/2025, , ,12/09/2025, , ,DIV - RE 0.30 PER SH     
EQ,TALBROAUTO,Talbros Automotive Compon,12/09/2025, , ,12/09/2025, , ,DIV - RE 0.50  PER SH    
EQ,KPIGREEN,KPI Green Energy Limited,12/09/2025, , ,12/09/2025, , ,DIV - RE 0.20 PER SH     
EQ,VARDHACRLC,Vardhman Acrylics Limited,12/09/2025, , ,12/09/2025, , ,DIV - RS 1.50 PER SH     
EQ,BHARATRAS,Bharat Rasayan Ltd,12/09/2025, , ,12/09/2025, , ,DIV - RS 1.50 PER SH     
EQ,SBGLP,Suratwwala Bus Group Ltd,12/09/2025, , ,12/09/2025, , ,DIV - RS 0.10 PER SH     
EQ,LINCOLN,Lincoln Pharma Ltd,12/09/2025, , ,12/09/2025, , ,DIV - RS 1.80 PER SH     
EQ,NDTV,New Delhi Television Limi,12/09/2025, , ,12/09/2025, , ,RIGHTS 3:4 @ PRM RS 78/- 
EQ,CENTURYPLY,Century Plyboards (India),11/09/2025, , ,11/09/2025, , ,DIV - RE 1 PER SH        
EQ,CGCL,Money Matters F S Limited,11/09/2025, , ,11/09/2025, , ,DIV - RE 0.20 PER SH     
EQ,DATAMATICS,Datamatics Global Ser.Ltd,11/09/2025, , ,11/09/2025, , ,DIV - RS 5 PER SH        
EQ,GULPOLY,Gulshan Polyols Limited,11/09/2025, , ,11/09/2025, , ,DIV - RE 0.30 PER SH     
EQ,EDELWEISS,Edelweiss Fin Serv Ltd,11/09/2025, , ,11/09/2025, , ,DIV - RS 1.50 PER SH     
EQ,SANGAMIND,Sangam (India) Ltd.,12/09/2025, , ,12/09/2025, , ,DIV - RS 2 PER SH        
EQ,TEXINFRA,Texmaco Infra & Holdg Ltd,12/09/2025, , ,12/09/2025, , ,DIV - RE 0.15 PER SH     
EQ,IVC,IL&FS Investment Managers,12/09/2025, , ,12/09/2025, , ,DIV - RE 0.28 PER SH     
EQ,VADILALIND,Vadilal Industries Ltd,12/09/2025, , ,12/09/2025, , ,DIV - RS 21 PER SH       
EQ,RELIABLE,Reliable Data Service Ltd,12/09/2025, , ,12/09/2025, , ,DIV - RE 0.04 PER SH     
EQ,SANDHAR,Sandhar Technologies Ltd,12/09/2025, , ,12/09/2025, , ,DIV - RS 3.50 PER SH     
EQ,MCLOUD,Magellanic Cloud Limited,12/09/2025, , ,12/09/2025, , ,DIV - RE 0.03  PER SH    
EQ,KAJARIACER,Kajaria Ceramics Ltd,12/09/2025, , ,12/09/2025, , ,DIV - RS 4 PER SH        
EQ,CAPLIPOINT,Caplin Point Lab Ltd.,12/09/2025, , ,12/09/2025, , ,DIV - RS 3 PER SH        
EQ,PYRAMID,Pyramid Technoplast Ltd,12/09/2025, , ,12/09/2025, , ,DIV - RE 0.50 PER SH     
EQ,KRSNAA,Krsnaa Diagnostics Ltd,12/09/2025, , ,12/09/2025, , ,DIV - RS 2.75 PER SH     
EQ,BEPL,Bhansali Eng. Polymers Lt,12/09/2025, , ,12/09/2025, , ,DIV - RE 1 PER SH        
EQ,RHIM,RHI MAGNESITA INDIA LTD,12/09/2025, , ,12/09/2025, , ,DIV - RS 2.50 PER SH     
EQ,ZODIAC,Zodiac Energy Limited,12/09/2025, , ,12/09/2025, , ,DIV - RS 0.75 PER SH     
EQ,GLENMARK,Glenmark Pharma Ltd,15/09/2025, , ,15/09/2025, , ,DIV - RS 2.50 PER SH     
EQ,PHOENIXLTD,The Phoenix Mills Limited,15/09/2025, , ,15/09/2025, , ,DIV - RS 2.50 PER SH     
EQ,IGL,Indraprastha Gas Limited,15/09/2025, , ,15/09/2025, , ,DIV - RS 1.50 PER SH     
EQ,SUPERHOUSE,Superhouse Limited,15/09/2025, , ,15/09/2025, , ,DIV - RS 0.80 PER SH     
EQ,INTERARCH,Interarch Bldng Soltn Ltd,15/09/2025, , ,15/09/2025, , ,DIV - RS 12.50 PER SH    
EQ,DDEVPLSTIK,Ddev Plastiks Ind Ltd,15/09/2025, , ,15/09/2025, , ,DIV - RS 1.75 PER SH     
EQ,ZYDUSWELL,Zydus Wellness Limited,18/09/2025, , ,18/09/2025, , ,FVSPLT FRM RS 10 TO RS 2 
EQ,TECHNOE,Techno Elec & Eng Co. Ltd,12/09/2025, , ,12/09/2025, , ,DIV - RS 9 PER SH        
EQ,GALLANTT,Gallantt Ispat Limited,12/09/2025, , ,12/09/2025, , ,DIV - RS 1.25 PER SH     
EQ,POCL,Pondy Oxides & Chem Ltd,11/09/2025, , ,11/09/2025, , ,DIV - RS 3.50 PER SH     
EQ,TNPL,Tamil Nadu Newsprint ,11/09/2025, , ,11/09/2025, , ,DIV - RS 3 PER SH        
EQ,TVTODAY,TV Today Network Limited,11/09/2025, , ,11/09/2025, , ,DIV - RS 3 PER SH        
EQ,IRCON,Ircon International Ltd,11/09/2025, , ,11/09/2025, , ,DIV - RE 1 PER SH        
EQ,SOMANYCERA,Somany Ceramics Limited,11/09/2025, , ,11/09/2025, , ,DIV - RS 3 PER SH        
EQ,UTTAMSUGAR,Uttam Sugar Mills Limited,12/09/2025, , ,12/09/2025, , ,DIV - RS 2.50 PER SH     
EQ,DPSCLTD,DPSC Limited,12/09/2025, , ,12/09/2025, , ,DIV - RE 0.05 PER SH     
EQ,GRSE,Garden Reach Ship,12/09/2025, , ,12/09/2025, , ,DIV - RS 4.90 PER SH     
GS,597GS2025,GOI LOAN 5.97% 2025,23/09/2025, , , , , ,REDEMPTION               
GS,82GS2025,GOI LOAN 8.20% 2025,22/09/2025, , , , , ,REDEMPTION               
GS,GS150925C,GOI STRIPS C 150925,11/09/2025, , , , , ,REDEMPTION               
GS,GS200925C,GOI STRIPS C 200925,18/09/2025, , , , , ,REDEMPTION               
M2,888SCL25B,SEC RE NCD 8.88% SR II,12/09/2025, , ,12/09/2025, , ,INTEREST PAYMENT         
M2,960IIFL30,IIFL 9.60% Tr I Sr VIII,15/09/2025, , ,15/09/2025, , ,INTEREST PAYMENT         
M3,925SCL25B,SEC RE NCD 9.25% SR II,12/09/2025, , ,12/09/2025, , ,INTEREST PAYMENT         
M8,948SCL26B,SEC RE NCD 9.48% SR V,12/09/2025, , ,12/09/2025, , ,INTEREST PAYMENT         
MD,971SCL28B,SEC RE NCD 9.25% SR VIII,12/09/2025, , ,12/09/2025, , ,INTEREST PAYMENT         
MF,H1158D46DG,HDFCAMC - H1158D46DG,25/09/2025, , , , , ,REDEMPTION               
MF,H1158D46RD,HDFCAMC - H1158D46RD,25/09/2025, , , , , ,REDEMPTION               
MF,H1158D46RG,HDFCAMC - H1158D46RG,25/09/2025, , , , , ,REDEMPTION               
MF,H1158D46RQ,HDFCAMC - H1158D46RQ,25/09/2025, , , , , ,REDEMPTION               
MF,H1158D46DD,HDFCAMC - H1158D46DD,25/09/2025, , , , , ,REDEMPTION               
MF,H1158D46DQ,HDFCAMC - H1158D46DQ,25/09/2025, , , , , ,REDEMPTION               
MG,980SCL33D,SEC RE NCD 9.71% SR VIII,12/09/2025, , ,12/09/2025, , ,INTEREST PAYMENT         
MI,875SCL23A,SEC RE NCD 10.03% SR X,12/09/2025, , ,12/09/2025, , ,INTEREST PAYMENT         
ML,980SCL33B,SEC RE NCD 9.8% SR XII,12/09/2025, , ,12/09/2025, , ,INTEREST PAYMENT         
MM,835SCL23B,SEC RE NCD 10.25% SR XII,12/09/2025, , ,12/09/2025, , ,INTEREST PAYMENT         
MP,888SCL26,SEC RE NCD 8.88% SR II,11/09/2025, , ,11/09/2025, , ,INTEREST PAYMENT         
MQ,925SCL26B,SEC RE NCD 9.25% SR II,11/09/2025, , ,11/09/2025, , ,INTEREST PAYMENT         
MU,902SCL27,SEC RE NCD 9.02% SR V,11/09/2025, , ,11/09/2025, , ,INTEREST PAYMENT         
MV,948SCL27,SEC RE NCD 9.48% SR V,11/09/2025, , ,11/09/2025, , ,INTEREST PAYMENT         
MW,957ICCL25,Shriram Finance Limited,15/09/2025, , ,15/09/2025, , ,INTEREST PAYMENT         
MZ,925SCL29,SEC RE NCD 9.25% SR VIII,11/09/2025, , ,11/09/2025, , ,INTEREST PAYMENT         
N0,75GFL28,GFL 7.5% 28 Sr D2 STRPPI,14/09/2025, , ,12/09/2025, , ,INTEREST PAYMENT         
N0,975SIPL29,SIIPL 9.75% 2029 Sr IV,15/09/2025, , ,15/09/2025, , ,INT PAYMNT/PART REDEMPTN 
N0,975SIPL27,Shrem Infra 9.75% 2027,15/09/2025, , ,15/09/2025, , ,INT PAYMNT/PART REDEMPTN 
N0,925IIFL32,IIFL 9.25% Sr D33 OP B,15/09/2025, , ,15/09/2025, , ,INTEREST PAYMENT         
N0,935TSI34,TSI 9.35% 34 Sr I-H,15/09/2025, , ,15/09/2025, , ,INTEREST PAYMENT         
N0,935TSIIC33,TSIIC 9.35% 2033 Sr 1- G,15/09/2025, , ,15/09/2025, , ,INTEREST PAYMENT         
N0,PCPL27,PCPL 6 M MIBOR-OIS 2027,15/09/2025, , ,15/09/2025, , ,INTEREST PAYMENT         
N0,71ABHFL27,ABHFL 7.1104% 2027 Sr D1,15/09/2025, , ,15/09/2025, , ,INTEREST PAYMENT         
N0,GFL26,TBILL LKD RESET 26 Sr C2,12/09/2025, , ,12/09/2025, , ,INTEREST PAYMENT         
N0,79SHFL27,SHFL 7.9% 2027 Sr 343,11/09/2025, , ,11/09/2025, , ,INTEREST PAYMENT         
N0,AAFS28,AAFS Market linked 2028,12/09/2025, , ,12/09/2025, , ,INTPAYMENT/PART REDEMPTN 
N0,935TSIIC28,TSIIC 9.35% 2028 Sr I- B,15/09/2025, , ,15/09/2025, , ,INTEREST PAYMENT         
N0,935TSI32,TSI 9.35% 32 Sr I-F,15/09/2025, , ,15/09/2025, , ,INTEREST PAYMENT         
N0,935TSI27,TSI 9.35% 27 Sr I-A,15/09/2025, , ,15/09/2025, , ,INTEREST PAYMENT         
N0,935TSI31,TSI 9.35% 31 Sr I-E,15/09/2025, , ,15/09/2025, , ,INTEREST PAYMENT         
N0,935TSI29,TSI 9.35% 29 Sr I-C,15/09/2025, , ,15/09/2025, , ,INTEREST PAYMENT         
N0,12VCCL29A,VCCL12% 2029,13/09/2025, , ,12/09/2025, , ,INTEREST PAYMENT         
N0,1278VCCL25,VCCL 12.78% 2025,13/09/2025, , ,12/09/2025, , ,INTEREST PAYMENT         
N0,818TFSIL27,TFSIL 8.1841% 27 Sr S48,14/09/2025, , ,12/09/2025, , ,INTEREST PAYMENT         
N0,10IIFL26,IIFL Samasta 10% 2026,13/09/2025, , ,12/09/2025, , ,INTPAYMENT/PART REDEMPTN 
N0,102CCSP27A,CCSP 10.20% 2027 Sr 03,11/09/2025, , ,11/09/2025, , ,INT PAYMNT/PART REDEMPTN 
N0,135VCCL25,VCCL 13.50% 2025,11/09/2025, , , , , ,INT PAYMENT/REDEMPTION   
N0,734SIDBI29,SIDBI 7.34% 2029 Sr III,11/09/2025, , ,11/09/2025, , ,INTEREST PAYMENT         
N0,98VFPL28,VFPL 9.80% 2028 Sr 17,11/09/2025, , ,11/09/2025, , ,INTEREST PAYMENT         
N0,935TSI30,TSI 9.35% 30 Sr I-D,15/09/2025, , ,15/09/2025, , ,INTEREST PAYMENT         
N0,810NIT40,NIT 8.10% 2040 Sr 1,12/09/2025, , ,12/09/2025, , ,INTEREST PAYMENT         
N1,1025SCL34Z,Sammaan Capital Limited,12/09/2025, , ,12/09/2025, , ,INTEREST PAYMENT         
N1,888SCL26X,Sammaan Capital Limited,12/09/2025, , ,12/09/2025, , ,INTEREST PAYMENT         
N1,925SCL26W,Sammaan Capital Limited,12/09/2025, , ,12/09/2025, , ,INTEREST PAYMENT         
N1,98SCL34Z,Sammaan Capital Limited,12/09/2025, , ,12/09/2025, , ,INTEREST PAYMENT         
N1,925SCL29S,Sammaan Capital Limited,12/09/2025, , ,12/09/2025, , ,INTEREST PAYMENT         
N1,1003SCL31P,Sammaan Capital Limited,12/09/2025, , ,12/09/2025, , ,INTEREST PAYMENT         
N1,902SCL27Q,Sammaan Capital Limited,12/09/2025, , ,12/09/2025, , ,INTEREST PAYMENT         
N1,971SCL29T,Sammaan Capital Limited,12/09/2025, , ,12/09/2025, , ,INTEREST PAYMENT         
N1,89IHFL29,IIFL Home Finance Limited,15/09/2025, , ,15/09/2025, , ,INTEREST PAYMENT         
N1,948SCL27R,Sammaan Capital Limited,12/09/2025, , ,12/09/2025, , ,INTEREST PAYMENT         
N1,1025SCL33A,SEC RE NCD 10.25% SR XI,11/09/2025, , ,11/09/2025, , ,INTEREST/PART REDEMPTION 
N2,1075SCL33A,SEC RE NCD 10.75% SR XI,11/09/2025, , ,11/09/2025, , ,INT PAYMNT/PART REDEMPTN 
N3,980SCL33A,SEC RE NCD 9.80% SR XII,11/09/2025, , ,11/09/2025, , ,INT PAYMNT/PART REDEMPTN 
N4,888SCL25E,SEC RE NCD 10.25% SR XII,11/09/2025, , ,11/09/2025, , ,INT PAYMNT/PART REDEMPTN 
N4,770NABAR27,NABARD 7.70% 2027 Sr 25A,12/09/2025, , ,12/09/2025, , ,INTEREST PAYMENT         
N4,897MOFSL29,Sec Re NCD 8.97% Sr V,15/09/2025, , ,15/09/2025, , ,INTEREST PAYMENT         
N5,925SCL25,SEC RE NCD 9.25% SR II,11/09/2025, , , , , ,INT PAYMENT/REDEMPTION   
N6,93MOFSL34,Sec Re NCD 9.30% Sr VII,15/09/2025, , ,15/09/2025, , ,INTEREST PAYMENT         
N6,940SCL26,SEC RE NCD 9.40% SR IV,11/09/2025, , ,11/09/2025, , ,INT PAYMNT/PART REDEMPTN 
N7,1050UCL25,Sec Red NCD 10.50% Sr.III,11/09/2025, , , , , ,INT PAYMENT/REDEMPTION   
N7,990SCL26,SEC RE NCD 9.90% SR IV,11/09/2025, , ,11/09/2025, , ,INTEREST/PART REDEMPTION 
N8,902SCL26,SEC RE NCD 9.02% SR V,11/09/2025, , ,11/09/2025, , ,INT PAYMNT/PART REDEMPTN 
N9,885SCL26,SEC RED NCD 8.85% SR. VI,11/09/2025, , ,11/09/2025, , ,INTEREST PAYMENT         
N9,9TCAP28,UnSeReNCD9.00%SrIIICI&II,12/09/2025, , ,12/09/2025, , ,INTEREST PAYMENT         
N9,948SCL26,SEC RE NCD 9.48% SR V,11/09/2025, , ,11/09/2025, , ,INT PAYMNT/PART REDEMPTN 
NA,910TCAP28,UnSeReNCD9.1%SrIIICIII&IV,12/09/2025, , ,12/09/2025, , ,INTEREST PAYMENT         
NA,9SCL26BA,SEC RED NCD 9.0% SR. VI,11/09/2025, , ,11/09/2025, , ,INTEREST PAYMENT         
NB,105UCL2026,Sec Re NCD 10.5% Sr IV,12/09/2025, , ,12/09/2025, , ,INTEREST PAYMENT         
NC,888SCL25D,SEC RE NCD 9.57% SR X,11/09/2025, , ,11/09/2025, , ,INT PAYMNT/PART REDEMPTN 
ND,9SCL26B,UNS RED NCD 9.0% SR. IX,11/09/2025, , ,11/09/2025, , ,INTEREST PAYMENT         
ND,980SCL33C,SEC RE NCD 10.03% SR X,11/09/2025, , ,11/09/2025, , ,INTEREST/PART REDEMPTION 
NE,915SCL26,UNS RED NCD 9.15% SR.IX,11/09/2025, , ,11/09/2025, , ,INTEREST PAYMENT         
NF,96IIFL28A,Sec Re NCD 9% Sr.VI,15/09/2025, , ,15/09/2025, , ,INTEREST PAYMENT         
NL,842IIFL26,Sec Re NCD 9% Sr.VI,15/09/2025, , ,15/09/2025, , ,INTEREST PAYMENT         
NS,865IIFL28,Sec Re NCD 9% Sr.VI,15/09/2025, , ,15/09/2025, , ,INTEREST PAYMENT         
NZ,935IIFL28,IIFL 9.35% Tr I Sr V,15/09/2025, , ,15/09/2025, , ,INTEREST PAYMENT         
NZ,865IFL28,Sec Re NCD 9% Sr.VI,15/09/2025, , ,15/09/2025, , ,INTEREST PAYMENT         
S1,MOTHERSON,Samvardhana Motherson Int,14/09/2025, , ,12/09/2025, , ,INTEREST PAYMENT         
SG,605AS25,SDL AS 6.05% 2025,12/09/2025, , , , , ,REDEMPTION               
SM,TUNWAL,Tunwal E-Motors Limited,12/09/2025, , ,12/09/2025, , ,DIV - RE 0.10 PER SH     
SM,INM,Interiors & More Limited,12/09/2025, , ,12/09/2025, , ,DIV - RE 0.75 PER SH     
SM,ITALIANE,Italian Edibles Limited,12/09/2025, , ,12/09/2025, , ,DIV - RE 0.10 PER SH     
SM,KRISHNADEF,Krishna Def and Ald Ind L,12/09/2025, , ,12/09/2025, , ,DIV - RE 0.50 PER SH     
SM,HOLMARC,Holmarc Opto Mechatro L,13/09/2025, , ,12/09/2025, , ,DIV - RE 0.40 PER SH     
SM,BLUEPEBBLE,Blue Pebble Limited,15/09/2025, , ,15/09/2025, , ,DIV - RS 0.50 PER SH     
SQ,HOLMARC,Holmarc Opto Mechatro L,13/09/2025, , ,12/09/2025, , ,DIV - RE 0.40 PER SH     
SQ,ITALIANE,Italian Edibles Limited,12/09/2025, , ,12/09/2025, , ,DIV - RE 0.10 PER SH     
SQ,INM,Interiors & More Limited,12/09/2025, , ,12/09/2025, , ,DIV - RE 0.75 PER SH     
SQ,KRISHNADEF,Krishna Def and Ald Ind L,12/09/2025, , ,12/09/2025, , ,DIV - RE 0.50 PER SH     
SQ,BLUEPEBBLE,Blue Pebble Limited,15/09/2025, , ,15/09/2025, , ,DIV - RS 0.50 PER SH     
SQ,TUNWAL,Tunwal E-Motors Limited,12/09/2025, , ,12/09/2025, , ,DIV - RE 0.10 PER SH     
ST,BLUEPEBBLE,Blue Pebble Limited,15/09/2025, , ,15/09/2025, , ,DIV - RS 0.50 PER SH     
ST,INM,Interiors & More Limited,12/09/2025, , ,12/09/2025, , ,DIV - RE 0.75 PER SH     
ST,ITALIANE,Italian Edibles Limited,12/09/2025, , ,12/09/2025, , ,DIV - RE 0.10 PER SH     
ST,HOLMARC,Holmarc Opto Mechatro L,13/09/2025, , ,12/09/2025, , ,DIV - RE 0.40 PER SH     
ST,KRISHNADEF,Krishna Def and Ald Ind L,12/09/2025, , ,12/09/2025, , ,DIV - RE 0.50 PER SH     
ST,TUNWAL,Tunwal E-Motors Limited,12/09/2025, , ,12/09/2025, , ,DIV - RE 0.10 PER SH     
U1,902SCL27Q,Sammaan Capital Limited,12/09/2025, , ,12/09/2025, , ,INTEREST PAYMENT         
U1,1025SCL34Z,Sammaan Capital Limited,12/09/2025, , ,12/09/2025, , ,INTEREST PAYMENT         
U1,1025SCL33A,SEC RE NCD 10.25% SR XI,11/09/2025, , ,11/09/2025, , ,INTEREST/PART REDEMPTION 
U1,89IHFL29,IIFL Home Finance Limited,15/09/2025, , ,15/09/2025, , ,INTEREST PAYMENT         
U1,888SCL26X,Sammaan Capital Limited,12/09/2025, , ,12/09/2025, , ,INTEREST PAYMENT         
U1,925SCL29S,Sammaan Capital Limited,12/09/2025, , ,12/09/2025, , ,INTEREST PAYMENT         
U1,1003SCL31P,Sammaan Capital Limited,12/09/2025, , ,12/09/2025, , ,INTEREST PAYMENT         
U1,948SCL27R,Sammaan Capital Limited,12/09/2025, , ,12/09/2025, , ,INTEREST PAYMENT         
U1,98SCL34Z,Sammaan Capital Limited,12/09/2025, , ,12/09/2025, , ,INTEREST PAYMENT         
U1,925SCL26W,Sammaan Capital Limited,12/09/2025, , ,12/09/2025, , ,INTEREST PAYMENT         
U1,971SCL29T,Sammaan Capital Limited,12/09/2025, , ,12/09/2025, , ,INTEREST PAYMENT         
U2,1075SCL33A,SEC RE NCD 10.75% SR XI,11/09/2025, , ,11/09/2025, , ,INT PAYMNT/PART REDEMPTN 
U3,980SCL33A,SEC RE NCD 9.80% SR XII,11/09/2025, , ,11/09/2025, , ,INT PAYMNT/PART REDEMPTN 
U4,888SCL25E,SEC RE NCD 10.25% SR XII,11/09/2025, , ,11/09/2025, , ,INT PAYMNT/PART REDEMPTN 
U4,770NABAR27,NABARD 7.70% 2027 Sr 25A,12/09/2025, , ,12/09/2025, , ,INTEREST PAYMENT         
U4,897MOFSL29,Sec Re NCD 8.97% Sr V,15/09/2025, , ,15/09/2025, , ,INTEREST PAYMENT         
U5,925SCL25,SEC RE NCD 9.25% SR II,11/09/2025, , , , , ,INT PAYMENT/REDEMPTION   
U6,93MOFSL34,Sec Re NCD 9.30% Sr VII,15/09/2025, , ,15/09/2025, , ,INTEREST PAYMENT         
U6,940SCL26,SEC RE NCD 9.40% SR IV,11/09/2025, , ,11/09/2025, , ,INT PAYMNT/PART REDEMPTN 
U7,990SCL26,SEC RE NCD 9.90% SR IV,11/09/2025, , ,11/09/2025, , ,INTEREST/PART REDEMPTION 
U7,1050UCL25,Sec Red NCD 10.50% Sr.III,11/09/2025, , , , , ,INT PAYMENT/REDEMPTION   
U8,902SCL26,SEC RE NCD 9.02% SR V,11/09/2025, , ,11/09/2025, , ,INT PAYMNT/PART REDEMPTN 
U9,885SCL26,SEC RED NCD 8.85% SR. VI,11/09/2025, , ,11/09/2025, , ,INTEREST PAYMENT         
U9,9TCAP28,UnSeReNCD9.00%SrIIICI&II,12/09/2025, , ,12/09/2025, , ,INTEREST PAYMENT         
U9,948SCL26,SEC RE NCD 9.48% SR V,11/09/2025, , ,11/09/2025, , ,INT PAYMNT/PART REDEMPTN 
UA,9SCL26BA,SEC RED NCD 9.0% SR. VI,11/09/2025, , ,11/09/2025, , ,INTEREST PAYMENT         
UA,910TCAP28,UnSeReNCD9.1%SrIIICIII&IV,12/09/2025, , ,12/09/2025, , ,INTEREST PAYMENT         
UB,105UCL2026,Sec Re NCD 10.5% Sr IV,12/09/2025, , ,12/09/2025, , ,INTEREST PAYMENT         
UC,888SCL25D,SEC RE NCD 9.57% SR X,11/09/2025, , ,11/09/2025, , ,INT PAYMNT/PART REDEMPTN 
UD,9SCL26B,UNS RED NCD 9.0% SR. IX,11/09/2025, , ,11/09/2025, , ,INTEREST PAYMENT         
UD,980SCL33C,SEC RE NCD 10.03% SR X,11/09/2025, , ,11/09/2025, , ,INTEREST/PART REDEMPTION 
UE,915SCL26,UNS RED NCD 9.15% SR.IX,11/09/2025, , ,11/09/2025, , ,INTEREST PAYMENT         
UF,96IIFL28A,Sec Re NCD 9% Sr.VI,15/09/2025, , ,15/09/2025, , ,INTEREST PAYMENT         
UL,842IIFL26,Sec Re NCD 9% Sr.VI,15/09/2025, , ,15/09/2025, , ,INTEREST PAYMENT         
US,865IIFL28,Sec Re NCD 9% Sr.VI,15/09/2025, , ,15/09/2025, , ,INTEREST PAYMENT         
UZ,865IFL28,Sec Re NCD 9% Sr.VI,15/09/2025, , ,15/09/2025, , ,INTEREST PAYMENT         
UZ,935IIFL28,IIFL 9.35% Tr I Sr V,15/09/2025, , ,15/09/2025, , ,INTEREST PAYMENT         
Y2,960IIFL30,IIFL 9.60% Tr I Sr VIII,15/09/2025, , ,15/09/2025, , ,INTEREST PAYMENT         
Y2,888SCL25B,SEC RE NCD 8.88% SR II,12/09/2025, , ,12/09/2025, , ,INTEREST PAYMENT         
Y3,925SCL25B,SEC RE NCD 9.25% SR II,12/09/2025, , ,12/09/2025, , ,INTEREST PAYMENT         
Y8,948SCL26B,SEC RE NCD 9.48% SR V,12/09/2025, , ,12/09/2025, , ,INTEREST PAYMENT         
YD,971SCL28B,SEC RE NCD 9.25% SR VIII,12/09/2025, , ,12/09/2025, , ,INTEREST PAYMENT         
YG,980SCL33D,SEC RE NCD 9.71% SR VIII,12/09/2025, , ,12/09/2025, , ,INTEREST PAYMENT         
YI,875SCL23A,SEC RE NCD 10.03% SR X,12/09/2025, , ,12/09/2025, , ,INTEREST PAYMENT         
YL,980SCL33B,SEC RE NCD 9.8% SR XII,12/09/2025, , ,12/09/2025, , ,INTEREST PAYMENT         
YM,835SCL23B,SEC RE NCD 10.25% SR XII,12/09/2025, , ,12/09/2025, , ,INTEREST PAYMENT         
YP,888SCL26,SEC RE NCD 8.88% SR II,11/09/2025, , ,11/09/2025, , ,INTEREST PAYMENT         
YQ,925SCL26B,SEC RE NCD 9.25% SR II,11/09/2025, , ,11/09/2025, , ,INTEREST PAYMENT         
YU,902SCL27,SEC RE NCD 9.02% SR V,11/09/2025, , ,11/09/2025, , ,INTEREST PAYMENT         
YV,948SCL27,SEC RE NCD 9.48% SR V,11/09/2025, , ,11/09/2025, , ,INTEREST PAYMENT         
YW,957ICCL25,Shriram Finance Limited,15/09/2025, , ,15/09/2025, , ,INTEREST PAYMENT         
YZ,925SCL29,SEC RE NCD 9.25% SR VIII,11/09/2025, , ,11/09/2025, , ,INTEREST PAYMENT         
Z0,971SCL29,SEC RE NCD 9.71% SR VIII,11/09/2025, , ,11/09/2025, , ,INTEREST PAYMENT         
Z3,957SCL31,SEC RE NCD 9.57% SR X,11/09/2025, , ,11/09/2025, , ,INTEREST PAYMENT         
Z4,1003SCFL31,SEC RE NCD 10.03% SR X,11/09/2025, , ,11/09/2025, , ,INTEREST PAYMENT         
Z5,931SFL26,Shriram Finance Limited,15/09/2025, , ,15/09/2025, , ,INTEREST PAYMENT         
Z7,980SCL34,SEC RE NCD 9.80% SR XII,11/09/2025, , ,11/09/2025, , ,INTEREST PAYMENT         
Z8,1025SCL34,SEC RE NCD 10.25% SR XII,11/09/2025, , ,11/09/2025, , ,INTEREST PAYMENT         
ZF,875SFL27,Shriram Finance Limited,15/09/2025, , ,15/09/2025, , ,INTEREST PAYMENT         

