SYMBOL,SERIES,SECURITY,HIGH/LOW,INDEX FLAG
21STCENMGM,EQ,21ST CENTURY MGMT SERVICE,H
AGNI,ST,AGNI GREEN POWER LTD,H
AGUL,SM,A G UNIVERSAL LIMITED,H
AKANKSHA,SM,AKANKSHA POWER N INFRA L,H
AKIKO,ST,AKIKO GLOBAL SERVICES L,H
ALPSINDUS,BE,ALPS INDUSTRIES LTD.,H
ANKITMETAL,BZ,ANKIT MET & POW LTD,H
ARSHIYA,BZ,ARSHIYA LIMITED,H
ARVEE,EQ,ARVEE LABORATORIES I LTD,H
BAFNAPH,EQ,BAFNA PHARMACEUTICALS LTD,H
BAJEL,EQ,BAJEL PROJECTS LIMITED,H
BANKA,EQ,BANKA BIOLOO LIMITED,H
BGRENERGY,BE,BGR ENERGY SYSTEMS LTD,H
BROOKS,EQ,BROOKS LAB LIMITED,H
CAMLINFINE,EQ,CAMLIN FINE SCIENCES LTD,H
CONTI,SM,CONTINENTAL SEED CHEM LTD,H
CYBERMEDIA,EQ,CYBER MEDIA (INDIA) LTD.,H
DPEL,SM,DIVINE POWER ENERGY LTD,H
E2E,EQ,E2E NETWORKS LIMITED,H
ELECTHERM,EQ,ELECTROTHERM (I) LTD.,H
ESFL,SM,ESSEN SPECIALITY FILMS L,H
FEL,BZ,FUTURE ENTERPRISES LTD,H
FELDVR,BZ,FUTURE ENTERPRISES LTD,H
FORGEAUTO,ST,FORGE AUTO INTERNATION L,H
FSC,BZ,FUTURE SUPP CHAIN SOL LTD,H
GATECHDVR,BE,GACM TECHNOLOGIES LIMITED,H
GAYAHWS,BE,GAYATRI HIGHWAYS LIMITED,H
GAYAPROJ,BZ,GAYATRI PROJECTS LTD,H
GENSOL,BE,GENSOL ENGINEERING LTD,H
GLFL,BE,GUJARAT LEASE FINANCING L,H
GOENKA,BZ,GOENKA DIAMOND&JEWELS LTD,H
GPECO,ST,GP ECO SOLUTIONS INDIA L,H
GREENPANEL,EQ,GREENPANEL INDUSTRIES LTD,H
GVKPIL,BE,GVK POW. & INFRA LTD.,H
HMT,BZ,HMT LTD -,H
HOACFOODS,SM,HOAC FOODS INDIA LIMITED,H
HRHNEXT,SM,HRH NEXT SERVICES LIMITED,H
HYBRIDFIN,BE,HYBRID FINANCIAL SERVICE,H
INDIFRA,SM,INDIFRA LIMITED,H
INDOCO,EQ,INDOCO REMEDIES LTD.,H
INDOTHAI,BE,INDO THAI SEC LTD,H
INNOMET,SM,INNOMET ADVANCED MATERI L,H
INNOVANA,BE,INNOVANA THINKLABS LTD,H
IZMO,BE,IZMO LIMITED,H
JAINIK,ST,JAINIK POWER CABLES LTD,H
K2INFRA,SM,K2 INFRAGEN LIMITED,H
KAVDEFENCE,EQ,KAVVERI DFS & WIR TEC LTD,H
KINGFA,BE,KINGFA SCI & TEC IND LTD.,H
KORE,SM,JAY JALARAM TECHNO LTD,H
KREBSBIO,EQ,KREBS BIOCHEMICALS & IND,H
MADHUCON,EQ,MADHUCON PROJECTS LTD.,H
MAFANG,EQ,MIRAEAMC - MAFANG,H
MAHKTECH,EQ,MIRAEAMC - MAHKTECH,H
MARINE,EQ,MARINE ELECTRICAL (I) LTD,H
MASPTOP50,EQ,MIRAEAMC - MASPTOP50,H
MEGAFLEX,SM,MEGA FLEX PLASTICS LTD,H
MKPL,BE,M K PROTEINS LIMITED,H
MSPL,EQ,MSP STEEL & POWER LTD.,H
MTEDUCARE,BE,MT EDUCARE LTD,H
NDTV,EQ,NDTV LTD,H
NECLIFE,BE,NECTAR LIFESCIENCES LTD.,H
NIRAJISPAT,BE,NIRAJ ISPAT IND LTD,H
NIRMAN,SM,NIRMAN AGRI GENTICS LTD,H
NITIRAJ,EQ,NITIRAJ ENGINEERS LTD,H
ODIGMA,EQ,ODIGMA CONSULTANCY SOL L,H
OMKARCHEM,BZ,OMKAR SPL CHEM LTD,H
ORIENTALTL,BE,ORIENTAL TRIMEX LTD,H
OSIAHYPER,BE,OSIA HYPER RETAIL LIMITED,H
PAR,BE,PAR DRUGS AND CHEM LTD,H
PPSL,ST,PICTUREPOST STUDIOS LTD,H
PRIZOR,ST,PRIZOR VIZTECH LIMITED,H
PROLIFE,ST,PROLIFE INDUSTRIES LTD,H
QUADPRO,SM,QUADPRO ITES LIMITED,H
RBMINFRA,ST,RBM INFRACON LIMITED,H
RELIABLE,BE,RELIABLE DATA SERVICE LTD,H
RELTD,EQ,RAVINDRA ENERGY LIMITED,H
RUSHIL,EQ,RUSHIL DECOR LIMITED,H
SAAKSHI,ST,SAAKSHI MEDTEC N PANELS L,H
SAHAJ,SZ,SAHAJ FASHIONS LIMITED,H
SANWARIA,BZ,SANWARIA CONSUMER LIMITED,H
SEJALLTD,EQ,SEJAL GLASS LIMITED,H
SGBFEB27,GB,2.50%GOLDBONDS2027SR-VI,H
SIGACHI,EQ,SIGACHI INDUSTRIES LTD,H
SITINET,BZ,SITI NETWORKS LIMITED,H
SPCENET,EQ,SPACENET ENTERS IND LTD,H
STUDIOLSD,SM,STUDIO LSD LIMITED,H
SWELECTES,EQ,SWELECT ENERGY SYS LTD,H
SYNCOMF,EQ,SYNCOM FORMU (I) LTD,H
SYNOPTICS,SM,SYNOPTICS TECHNOLOGIES L,H
TBI,SM,TBI CORN LIMITED,H
TIL,EQ,TIL LTD,H
USASEEDS,ST,UPSURGE SEEDS OF AGRI LTD,H
VERTEXPLUS,SM,VERTEXPLUS TECHNOLOGIES L,H
VIAZ,SM,VIAZ TYRES LIMITED,H
VISASTEEL,BE,VISA STEEL LIMITED,H
VLEGOV,EQ,VL E GOV AND IT SOL LTD,H
WINSOME,BZ,WINSOME YARNS LIMITED,H
ZODIAC,BE,ZODIAC ENERGY LIMITED,H
AGNI,ST,AGNI GREEN POWER LTD,L
AGUL,SM,A G UNIVERSAL LIMITED,L
AMANTA,BE,AMANTA HEALTHCARE LIMITED,L
AMJUMBO,SM,A AND M JUMBO BAGS LTD,L
ANONDITA,ST,ANONDITA MEDICARE LIMITED,L
ANSALAPI,BZ,ANSAL PROP & INFRA LTD,L
BILVYAPAR,BE,BIL VYAPAR LIMITED,L
BLUECOAST,BE,BLUE COAST HOTELS LIMITED,L
BVCL,BE,BARAK VALLEY CEM. LTD.,L
CALSOFTPP,X1,CALSOFT RS.2.50 PPD UP,L
CEREBRAINT,BZ,CEREBRA INT TECH LTD,L
CPEDU,BE,CAREER POINT EDUTECH LTD,L
CURAA,BE,CURA TECHNOLOGIES LIMITED,L
CURRENT,ST,CURRENT INFRAPROJECTS LTD,L
ENSER,ST,ENSER COMMUNICATIONS LTD,L
GRETEX,SM,GRETEX INDUSTRIES LTD.,L
HAVISHA,BE,SRI HAVISHA HOSP & INFR L,L
HOACFOODS,SM,HOAC FOODS INDIA LIMITED,L
IMPEXFERRO,BZ,IMPEX FERRO TECH LIMITED,L
INFLUX,ST,INFLUX HEALTHTECH LIMITED,L
ITTL,ST,INNOVATIVE TYRE & TUBE LT,L
JALAN,SM,JALAN TRANSOLU. INDIA LTD,L
KAUSHALYA,BE,KAUSHALYA INFRA DEV LTD.,L
KCEIL,SM,KAY CEE ENERGY & INFRA L,L
KEEPLEARN,BE,DSJ KEEP LEARNING LTD,L
KHAITANLTD,EQ,KHAITAN (INDIA)LTD.,L
LAL,EQ,LORENZINI APPARELS LTD,L
LGHL,EQ,LAXMI GOLDORNA HOUSE LTD,L
LOTUSEYE,BE,LOTUS EYE HOSP & INST L,L
MANDEEP,SM,MANDEEP AUTO INDUSTRIES L,L
MIEL,ST,MANGLAM INFRA & ENG LTD,L
MORARJEE,BZ,MORARJEE TEXTILES LIMITED,L
NACLIND,BE,NACL INDUSTRIES LIMITED,L
NIRAJISPAT,BE,NIRAJ ISPAT IND LTD,L
NOIDATOLL,BE,NOIDA TOLL BRIDGE CO LTD,L
OMKARCHEM,BZ,OMKAR SPL CHEM LTD,L
OPTIVALUE,ST,OPTIVALUE TEK CONSULT LTD,L
ORCHASP,EQ,ORCHASP LIMITED,L
ORTEL,BZ,ORTEL COMMUNICATIONS LTD,L
PARSVNATH,BE,PARSVNATH DEVELOPER LTD,L
PERFECT,SZ,PERFECT INFRAENGINEER LTD,L
PRECISION,SM,PRECISION METALIKS LTD,L
PREMIER,BE,PREMIER LIMITED,L
PURPLEUTED,ST,PURPLE UNITED SALES LTD,L
RELIABLE,BE,RELIABLE DATA SERVICE LTD,L
SABAR,ST,SABAR FLEX INDIA LIMITED,L
SAIFL,ST,SAMEERA AGRO AND INFRA L,L
SANCO,BZ,SANCO INDUSTRIES LIMITED,L
SANWARIA,BZ,SANWARIA CONSUMER LIMITED,L
SARVES-RE,BE,SARVESHWAR FOODS LIMITED,L
SATIPOLY,SM,SATI POLY PLAST LIMITED,L
SGBDEC26,GB,2.50%GOLDBONDS2026SR-IV,L
SHIVASHRIT,ST,SHIVASHRIT FOODS LIMITED,L
SHIVAUM,SM,SHIV AUM STEELS LIMITED,L
SITINET,BZ,SITI NETWORKS LIMITED,L
SNEHAA,ST,SNEHAA ORGANICS LIMITED,L
SPCENET,EQ,SPACENET ENTERS IND LTD,L
STLNETWORK,BE,STL NETWORKS LIMITED,L
STUDIOLSD,SM,STUDIO LSD LIMITED,L
SUMEETINDS,BE,SUMEET IND LIMITED,L
TGL,SM,TEERTH GOPICON LIMITED,L
THESL,SM,THINKING HATS ENTER SOL L,L
TIRUPATI,SM,SHREE TIRUPATI BALAJEE,L
TNTELE,BE,TAMILNADU TELECOMMUNICATI,L
URAVIDEF,EQ,URAVI DEFENCE &TECH LTD,L
VASA,SM,VASA RETAIL & OVERSEA LTD,L
VEEKAYEM,SM,VEEKAYEM FASH & APP LTD,L
WINSOME,BZ,WINSOME YARNS LIMITED,L
ZUARI,EQ,ZUARI AGRO CHEMICALS LTD,L
