SECURITY,NEW,PREVIOUS,NEW_STATUS
FORTIS HEALTHCARE LTD,977,971,H
JAYASWAL NECO INDUSTR LTD,68.5,65.5,H
MEGASOFT LTD,165.6,161,H
E2E NETWORKS LIMITED,3428.2,3265,H
2.50%GOLDBONDS2029SR-IV,12150.1,12100,H
2.50%GOLDBONDS2027SR-VI,13365,12300,H
ACTIVE INFRASTRUCTURES L,183.1,181.4,H
CUBE HIGHWAYS TRUST,133,132,H
QUALITY POWER ELEC EQUP L,977,976.85,H
INNOVANA THINKLABS LTD,562.2,555.5,H
TANKUP ENGINEERS LIMITED,402.8,394.95,H
MOTILALAMC - MOMGF,148.7,148.64,H
AMANTA HEALTHCARE LIMITED,149,148.83,H
GOI TBILL 364D-30/07/26,95,93.97,H
GOI TBILL 364D-07/05/26,96.25,95.83,H
VISAMAN GLOBAL SALES LTD,106,102.5,H
GOI TBILL 364D-22/01/26,97.9,97.33,H
FORGE AUTO INTERNATION L,164.55,157,H
GOI TBILL 364D-12/03/26,97.15,96.64,H
SPUNWEB NONWOVEN LIMITED,166,165.8,H
DHARAN INFRA-EPC LIMITED,0.5,0.49,H
S.A.L. STEEL LTD.,30.8,30.45,H
INDIGRID INFRASTRUCT TRST,170.65,170.13,H
MANGALAM WORLDWIDE LTD,230,217.65,H
VIAZ TYRES LIMITED,97.5,92.9,H
APRAMEYA ENGINEERING LTD,295,264,H
SEC RE NCD 9.9% SR IV,1048.89,1039.8,H
ENVIROTECH SYSTEMS LTD,173,164,H
AKIKO GLOBAL SERVICES L,225.8,215.05,H
GOI TBILL 182D-13/11/25,99.02,99,H
GOI TBILL 364D-25/06/26,95.55,95,H
GOI TBILL 364D-10/04/26,96.7,96.16,H
TAPI FRUIT PROCESSING LTD,92.95,57.4,H
GOI TBILL 182D-06/11/25,99.11,99,H
INFLUX HEALTHTECH LIMITED,200,144.75,H
STEL HOLDINGS LIMITED,530,514.2,H
MIRAEAMC - MAFANG,165.51,165.48,H
2.50%GOLDBONDS2026SR-II,12050,11800,H
DSPAMC - DSPGOLDETF,109.26,107.93,H
ZERODHAAMC - GOLDCASE,17.78,17.71,H
WAAREE ENERGIES LIMITED,3777,3743,H
SEJAL GLASS LIMITED,616.65,587.3,H
KINGFA SCI & TEC IND LTD.,4732.6,4530,H
HOAC FOODS INDIA LIMITED,246.35,246.2,H
ICICIPRAMC - EVIETF,32.66,32.08,H
SDL GJ 7.62% 2028,101.65,101.27,H
GOI TBILL 91D-06/11/25,99.16,99.15,H
M.V.K. AGRO FOOD PROD LTD,392.1,384.45,H
GOI TBILL 182D-20/11/25,98.9,98.44,H
GOI TBILL 364D-14/05/26,96.15,95.35,H
GOI TBILL 182D-27/11/25,98.8,98.3,H
ZYDUS WELLNESS LIMITED,2566,2517,H
LE TRAVENUES TECHNOLOGY L,324.55,306,H
ACME SOLAR HOLDINGS LTD,318,315,H
TEJAS CARGO INDIA LIMITED,327,320,H
PICCADILY AGRO INDUSTRI L,744,700,H
SWAN CORP LIMITED,476.9,465.95,H
PANACHE DIGILIFE LIMITED,285,278,H
DIVINE POWER ENERGY LTD,191.45,168,H
AONEAMC - AONETOTAL,12.41,12.34,H
POLYSIL IRRIGATION SYST L,197.8,193.95,H
INTERIORS & MORE LIMITED,615,609,H
SDL UP 7.75% 2033,99.85,99.42,H
GOI TBILL 91D-04/12/25,98.75,98.6,H
PRAMARA PROMOTIONS LTD,270,269.45,H
SHEKHAWATI INDUSTRIES LTD,25.65,25.13,H
GOI TBILL 364D-06/08/26,94.9,94.75,H
FISCHER MEDICAL VENTURE L,1194.4,1168,H
GOI TBILL 364D-01/05/26,96.4,96.3,H
ANLON HEALTHCARE LIMITED,111.4,106.64,H
INDIAN BANK,701.85,696,H
SEC RE NCD 8.50% SR.IV,1021,1020.7,H
KANDARP DG SMART BPO LTD,116.5,111.15,H
ATLANTAA LIMITED,46.54,44.1,H
KOTAKMAMC - QUALITY30,21.49,21.38,H
VERTIS INFRASTRUCTURE TST,103.42,103,H
AONEAMC - AONEGOLD,10.55,10.35,H
GOI TBILL 182D-19/02/26,97.45,96.81,H
2.50%GOLDBONDS2025SR-VIII,11607.75,11550,H
GOI LOAN  7.06% 2028,105.6,105.49,H
GOI TBILL 364D-13/11/25,99,98.69,H
SDL GJ 7.4% 2027,102.15,102,H
2.50%GOLDBONDS2030SR-I,13000,12900,H
GOI TBILL 182D-23/10/25,99.27,99.26,H
SCL 9.25% 2026 SR II,984,978.89,H
PARTH ELEC & ENG LTD,288.6,288,H
ARFIN INDIA LIMITED,43,42.24,H
KAVVERI DFS & WIR TEC LTD,99.26,94.54,H
TROM INDUSTRIES LIMITED,96.8,97.55,L
MEDICAMEN BIOTECH LIMITED,339.95,341.7,L
CLASSIC ELECTRODE (IND) L,80.5,82.45,L
SEC RE NCD 9.90% SR IV,322,670.35,L
EASY TRIP PLANNERS LTD,8.18,8.29,L
SNEHAA ORGANICS LIMITED,94.45,99.4,L
PERFECT INFRAENGINEER LTD,4.8,5.05,L
TRUCAP FINANCE LIMITED,11.65,12.07,L
SARVESHWAR FOODS LIMITED,0.22,0.25,L
MOVING MEDIA ENTER LTD,65.5,65.95,L
PATEL RETAIL LIMITED,255.25,258,L
ASPIRE & INNOVATIVE ADV L,23.1,23.4,L
LAXMI DENTAL LIMITED,310.55,313.2,L
WELSPUN INV & COMM LTD,1000,1005,L
GSM FOILS LTD,45.1,45.15,L
ROCKINGDEALS CIRCU ECO L,188,195.05,L
TEERTH GOPICON LIMITED,64.15,67.5,L
SMARTEN POWER SYSTEMS LTD,88,91.25,L
OLA ELECTRIC MOBILITY LTD,56.56,57.13,L
OPTIVALUE TEK CONSULT LTD,97.5,101.7,L
PATANJALI FOODS LIMITED,589.5,1169.95,L
AFFORD ROBO & AUTO LTD,238,241.85,L
PATIL AUTOMATION LIMITED,200,201,L
EMKAY TAP & CUT. TOOL LTD,157.15,161.05,L
EFC (I) LIMITED,302.05,315,L
STUDIO LSD LIMITED,19,21.1,L
CURRENT INFRAPROJECTS LTD,123.05,129.5,L
SEC RE NCD 9.61% SR.VI,480,500,L
ZEAL GLOBAL SERVICES LTD,112.5,113,L
UMA CONVERTER LIMITED,23.1,23.3,L
TEAM INDIA GUARANTY LTD,254.8,255,L
EPPELTONE ENGINEERS LTD,186,188,L
ANDHRA CEMENTS LIMITED,94.1,95.56,L

