SYMBOL,SERIES,SECURITY,HIGH/LOW,INDEX FLAG
1018GS2026,GS,GOI LOAN 10.18% 2026,H
747AP32,SG,SDL AP 7.47% 2032,H
772GS2055,GS,GOI LOAN 7.72% 2055,H
AKIKO,ST,AKIKO GLOBAL SERVICES L,H
ANSALAPI,BZ,ANSAL PROP & INFRA LTD,H
ASIANHOTNR,EQ,ASIAN HOTELS (NORTH) LTD,H
ASTRON,EQ,ASTRON PAPER BORD MIL LTD,H
BASILIC,SM,BASILIC FLY STUDIO LTD,H
BBOX,EQ,BLACK BOX LIMITED,H
BGLOBAL,BZ,BHARATIYA GLOBAL INFO LTD,H
BGRENERGY,BE,BGR ENERGY SYSTEMS LTD,H
BLSE,EQ,BLS E-SERVICES LIMITED,H
BRNL,EQ,BHARAT ROAD NETWORK LTD,H
BROOKS,EQ,BROOKS LAB LIMITED,H
CCCL,EQ,CONS. CONST. CONSORT LTD,H
CEREBRAINT,BZ,CEREBRA INT TECH LTD,H
CMICABLES,BZ,CMI LIMITED,H
COFFEEDAY,BE,COFFEE DAY ENTERPRISE LTD,H
DESTINY,SM,DESTINY LOGISTICS & I LTD,H
DHTL,SM,DOCMODE HEALTH TECH LTD,H
DRSCARGO,SM,DRS CARGO MOVERS LIMITED,H
EASTSILK,BE,EASTERN SILK INDUSTRIES L,H
ESCONET,SM,ESCONET TECHNOLOGIES LTD,H
FEL,BZ,FUTURE ENTERPRISES LTD,H
FELDVR,BZ,FUTURE ENTERPRISES LTD,H
FELIX,SM,FELIX INDUSTRIES LTD.,H
FLFL,BZ,FUT LIFESTYLE FASH LTD,H
FSC,BZ,FUTURE SUPP CHAIN SOL LTD,H
GAYAHWS,BE,GAYATRI HIGHWAYS LIMITED,H
GAYAPROJ,BZ,GAYATRI PROJECTS LTD,H
GFSTEELS,BE,GRAND FOUNDRY LTD,H
GINNIFILA,BE,GINNIFILAMENTS LTD.,H
GLFL,EQ,GUJARAT LEASE FINANCING L,H
GTECJAINX,EQ,G-TEC JAINX EDUCATION LTD,H
HECPROJECT,EQ,HEC INFRA PROJECTS LTD,H
HNGSNGBEES,EQ,NIP IND ETF HANGSENG BEES,H
HVAX,SM,HVAX TECHNOLOGIES LIMITED,H
ICDSLTD,EQ,ICDS LTD,H
INDORAMA,EQ,INDO RAMA SYNTHETICS LTD,H
ISHAN,SM,ISHAN INTERNATIONAL LTD,H
ISHANCH,BE,ISHAN DYES N CHEMICALS L,H
JAKHARIA,ST,JAKHARIA FABRIC LIMITED,H
KAVDEFENCE,BE,KAVVERI DFS & WIR TEC LTD,H
KCEIL,SM,KAY CEE ENERGY & INFRA L,H
KCK,SM,KCK INDUSTRIES LTD,H
KERNEX,EQ,KERNEX MICROSYS(I) LTD,H
KORE,SM,JAY JALARAM TECHNO LTD,H
KOTHARIPRO,EQ,KOTHARI PRODUCTS LTD,H
LCCINFOTEC,EQ,LCC INFOTECH LTD,H
LOYALTEX,BE,LOYAL TEXTILE MILLS LTD,H
MAFANG,EQ,MIRAEAMC - MAFANG,H
MAHKTECH,EQ,MIRAEAMC - MAHKTECH,H
MANAV,SM,MANAV INFRA PROJECTS LTD,H
MANUGRAPH,BE,MANUGRAPH INDIA LIMITED,H
MASPTOP50,EQ,MIRAEAMC - MASPTOP50,H
MEP,BZ,MEP INFRA. DEVELOPERS LTD,H
NAMOEWASTE,SM,NAMO EWASTE MANAGEMENT L,H
NARMADA,EQ,NARMADA AGROBASE LIMITED,H
NIBE,EQ,NIBE LIMITED,H
NOIDATOLL,BE,NOIDA TOLL BRIDGE CO LTD,H
ORCHASP,EQ,ORCHASP LIMITED,H
ORIANA,SM,ORIANA POWER LIMITED,H
PRABHA,EQ,PRABHA ENERGY LIMITED,H
PREMIER,BE,PREMIER LIMITED,H
PRIZOR,ST,PRIZOR VIZTECH LIMITED,H
PURPLEUTED,ST,PURPLE UNITED SALES LTD,H
QUINTEGRA,BE,QUINTEGRA SOLUTIONS LTD.,H
RBMINFRA,SM,RBM INFRACON LIMITED,H
RHFL,BE,RELIANCE HOME FINANCE LTD,H
RICHA,SM,RICHA INFO SYSTEMS LTD,H
RVTH,EQ,REVATHI EQUIPMENT INDIA L,H
SAIFL,SM,SAMEERA AGRO AND INFRA L,H
SANWARIA,BZ,SANWARIA CONSUMER LIMITED,H
SEJALLTD,EQ,SEJAL GLASS LIMITED,H
SHAHALLOYS,EQ,SHAH ALLOYS LIMITED,H
SHYAMTEL,EQ,SHYAM TELECOM LIMITED,H
SIMBHALS,BE,SIMBHAOLI SUGARS LTD.,H
SITINET,BZ,SITI NETWORKS LIMITED,H
SOMATEX,BE,SOMA TEXTILEI NDUSTRIES L,H
SPCENET,EQ,SPACENET ENTERS IND LTD,H
SPECTSTM,SM,SPECTRUM TALENT MGMT LTD,H
SURANAT&P,EQ,SURANA TELECOM AND POW LT,H
SUULD,BZ,SUUMAYA INDUSTRIES LTD,H
SWANDEF,BE,SWAN DEFENCE N HEVY IND L,H
TAKE,EQ,TAKE SOLUTIONS LTD,H
TECHD,ST,TECHD CYBERSECURITY LTD,H
TECHERA,SM,TECHERA ENGINEER (IND) L,H
THESL,SM,THINKING HATS ENTER SOL L,H
TRANSWIND,SM,TRANSWIND INFRA LIMITED,H
TRU,EQ,TRUCAP FINANCE LIMITED,H
UNITECH,BZ,UNITECH LIMITED,H
UNIVAFOODS,BE,UNIVA FOODS LIMITED,H
V2RETAIL,EQ,V2 RETAIL LIMITED,H
VASCONEQ,EQ,VASCON ENGINEERS LTD,H
VIJIFIN,BE,VIJI FINANCE LIMITED,H
VINEETLAB,EQ,VINEET LABORATORIES LTD,H
VIVIDHA,EQ,VISAGAR POLYTEX LTD,H
WAAREEINDO,BE,INDOSOLAR LIMITED,H
ABMINTLLTD,BE,ABM INTERNATIONAL LTD,L
AHCL,BE,ANLON HEALTHCARE LIMITED,L
AISL,SM,ANI INTEGRATED SERV LTD.,L
ANKITMETAL,BZ,ANKIT MET & POW LTD,L
ARSHIYA,BZ,ARSHIYA LIMITED,L
ASPIRE,SM,ASPIRE & INNOVATIVE ADV L,L
ASTRON,EQ,ASTRON PAPER BORD MIL LTD,L
BIKEWO,SM,BIKEWO GREEN TECH LIMITED,L
BLUECHIP,BE,BLUE CHIP INDIA LIMITED,L
BLUECOAST,BE,BLUE COAST HOTELS LIMITED,L
C2C,ST,C2C ADVANCED SYSTEMS LTD,L
CALSOFTPP,X1,CALSOFT RS.2.50 PPD UP,L
CAMLINFINE,EQ,CAMLIN FINE SCIENCES LTD,L
COUNCODOS,EQ,COUNTRY CONDO S LIMITED,L
CYBERPP,X1,CYBERMEDIA RS.5 PPD UP,L
DYNAMIC,SM,DYNAMIC SRVCS & SEC LTD,L
E2E,EQ,E2E NETWORKS LIMITED,L
EDUCOMP,BZ,EDUCOMP SOLUTIONS LTD,L
ESFL,SM,ESSEN SPECIALITY FILMS L,L
ESSARSHPNG,EQ,ESSAR SHIPPING LTD,L
FMNL,EQ,FUTURE MKT NETWORKS LTD,L
GATECH,EQ,GACM TECHNOLOGIES LIMITED,L
GATECHDVR,BE,GACM TECHNOLOGIES LIMITED,L
GENSOL,BE,GENSOL ENGINEERING LTD,L
GML,ST,GALAXY MEDICARE LIMITED,L
GPECO,ST,GP ECO SOLUTIONS INDIA L,L
GSTL,SM,GLOBESECURE TECHNO LTD,L
GVKPIL,BE,GVK POW. & INFRA LTD.,L
HAVISHA,BE,SRI HAVISHA HOSP & INFR L,L
HILTON,EQ,HILTON METAL FORGING LTD,L
HOLMARC,SM,HOLMARC OPTO MECHATRO L,L
INNOMET,SM,INNOMET ADVANCED MATERI L,L
INTENTECH,BE,INTENSE TECHNOLOGIES LTD,L
ITTL,ST,INNOVATIVE TYRE & TUBE LT,L
IZMO,BE,IZMO LIMITED,L
JALAN,SM,JALAN TRANSOLU. INDIA LTD,L
JPASSOCIAT,BE,JAIPRAKASH ASSOCIATES LTD,L
JSWHL,EQ,JSW HOLDINGS LIMITED,L
KANDARP,ST,KANDARP DG SMART BPO LTD,L
KARMAENG,EQ,KARMA ENERGY LIMITED,L
KEEPLEARN,EQ,DSJ KEEP LEARNING LTD,L
KESORAMIND,EQ,KESORAM INDUSTRIES LTD,L
KTL,SZ,KALAHRIDHAAN TRENDZ LTD,L
MAGSON,SM,MAGSON RETAIL AND DIST L,L
MANORG,EQ,MANGALAM ORGANICS LIMITED,L
MARSHALL,BZ,MARSHALL MACHINES LTD,L
MEDIORG,SM,MEDICAMEN ORGANICS LTD,L
MONOLITH,ST,MONOLITHISCH INDIA LTD,L
MORARJEE,BZ,MORARJEE TEXTILES LIMITED,L
NACLIND,BE,NACL INDUSTRIES LIMITED,L
NEWJAISA,ST,NEWJAISA TECHNOLOGIES LTD,L
NIRMAN,SM,NIRMAN AGRI GENTICS LTD,L
ODIGMA,BE,ODIGMA CONSULTANCY SOL L,L
ORTEL,BZ,ORTEL COMMUNICATIONS LTD,L
OSIAHYPER,BE,OSIA HYPER RETAIL LIMITED,L
PIGL,BE,POWER INSTRUMENT (G) LTD,L
PPAP,BE,PPAP AUTOMOTIVE LIMITED,L
PPSL,ST,PICTUREPOST STUDIOS LTD,L
PRECISION,SM,PRECISION METALIKS LTD,L
PRECOT,BE,PRECOT LIMITED,L
PRIMECAB,ST,PRIME CABLE INDUSTRIES L,L
PROLIFE,SM,PROLIFE INDUSTRIES LTD,L
RAJRILTD,BE,RAJ RAYON INDUSTRIES LTD,L
REFRACTORY,SM,REFRACTORY SHAPES LIMITED,L
RHFL,BE,RELIANCE HOME FINANCE LTD,L
RISHABH,BE,RISHABH INSTRUMENTS LTD,L
SABTNL,BE,SRI ADHIKARI BRO TELE N L,L
SAIFL,SM,SAMEERA AGRO AND INFRA L,L
SANCO,BZ,SANCO INDUSTRIES LIMITED,L
SANWARIA,BZ,SANWARIA CONSUMER LIMITED,L
SETCO,EQ,SETCO AUTOMOTIVE LTD,L
SETUINFRA,BZ,SETUBANDHAN INFRA LTD,L
SHANKARA,BE,SHANKARA BLDG PRODUCT LTD,L
SICALLOG,BE,SICAL LOGISTICS LIMITED,L
SIDDHICOTS,ST,SIDDHI COTSPIN LIMITED,L
SITINET,BZ,SITI NETWORKS LIMITED,L
SKIL,BZ,SKIL INFRASTRUCTURE LTD.,L
SKMEGGPROD,BE,SKM EGG PROD-ROLL SETT,L
SUMEETINDS,BE,SUMEET IND LIMITED,L
SUPREMEENG,BE,SUPREME ENGINEERING LTD,L
SUULD,BZ,SUUMAYA INDUSTRIES LTD,L
TARAPUR,EQ,TARAPUR TRANSFORMERS LTD,L
TECHLABS,SM,TRIDENT TECHLABS LIMITED,L
TFL,EQ,TRANSWARRANTY FIN. LTD.,L
TGL,SM,TEERTH GOPICON LIMITED,L
THOMASCOTT,EQ,THOMAS SCOTT (INDIA) LTD,L
TIMESCAN,ST,TIMESCAN LOGISTICS IND L,L
TPHQ,EQ,TEAMO PRODUCTIONS HQ LTD,L
TRU,EQ,TRUCAP FINANCE LIMITED,L
TVVISION,EQ,TV VISION LIMITED,L
UEL,BE,UJAAS ENERGY LIMITED,L
UNITEDPOLY,BE,UNITED POLYFAB GUJ. LTD.,L
URAVIDEF,EQ,URAVI DEFENCE &TECH LTD,L
VELS,SM,VELS FILM INTERNATIONAL L,L
VISAKAIND,BE,VISAKA INDUSTRIES LTD,L
VISASTEEL,BE,VISA STEEL LIMITED,L
VLEGOV,EQ,VL E GOV AND IT SOL LTD,L
VMSTMT,BE,VMS TMT LIMITED,L
VSCL,SM,VADIVARHE SPCLTY CHEM LTD,L
WALPAR,SM,WALPAR NUTRITIONS LIMITED,L
WINSOME,BZ,WINSOME YARNS LIMITED,L
YAARI,BE,YAARI DIGI INT SER LTD,L
ZENTEC,EQ,ZEN TECHNOLOGIES LIMITED,L
ZUARI,EQ,ZUARI AGRO CHEMICALS LTD,L
