SECURITY,NEW,PREVIOUS,NEW_STATUS
TATA INVESTMENT CORP LTD,9128,9099.5,H
TANKUP ENGINEERS LIMITED,489.35,481.1,H
2.5%GOLDBONDS2028SR-III,12231,12089.99,H
2.50%GOLDBONDS2029SR-IV,12332,12249.99,H
2.50%GOLDBONDS2029SR-XI,12800,12700,H
ACTIVE INFRASTRUCTURES L,185.5,183.1,H
MIRAEAMC - MAGOLDETF,113.19,111.92,H
DESTINY LOGISTICS & I LTD,120.6,120,H
PRAMARA PROMOTIONS LTD,286.75,187.95,H
HP TELECOM INDIA LIMITED,275,266.1,H
E2E NETWORKS LIMITED,3570,3486.3,H
SEC RE NCD SR III,1075.25,1066.9,H
DIVINE HIRA JEWELLERS LTD,93,92.4,H
MOTILALAMC - MON50EQUAL,33.8,33.6,H
TAURIAN MPS LIMITED,339.7,325.6,H
SDL KA 7.7% 2033,100.45,100.33,H
VIVIANA POWER TECH LTD,1714.95,1705,H
SUPREME PETROCHEM LIMITED,979,941.95,H
TATAAML-TATSILV,14.4,13.85,H
2.5%GOLDBONDS2028SR-VIII,13499.99,12900,H
2.50%GOLDBONDS2028SR-VI,12390,12245,H
2.50% GOLDBONDS2025SR-VII,12190,12010,H
MINDSPACE BUSINESS P REIT,461.99,459.9,H
LE MERITE EXPORTS LIMITED,433.5,422,H
BIRLASLAMC - SILVER,148,141.14,H
SHRIRAM PIST. & RING LTD,2745,2728.9,H
DR AGARWALS HEALTH CARE L,510,499.45,H
GROWWAMC - GROWWSLVR,148,146.6,H
ASL INDUSTRIES LIMITED,63.75,62.5,H
SEC RE NCD 9.90% SR IV,986.78,950,H
V2 RETAIL LIMITED,2074.4,2015,H
2.50%GOLDBONDS2028SR-IV,12220,12106,H
SUMEET IND LIMITED,179,175.4,H
GROWWAMC - GROWWGOLD,113.97,112.8,H
2.50%GOLDBONDS2025 SR-XII,12008.84,11700,H
GOI TBILL 182D-06/11/25,99.12,99.11,H
SDL UP 7.81% 2032,102.18,100.2,H
USHA MARTIN LTD.,481.9,454.3,H
AXISAMC - AXISILVER,146,139.16,H
2.50%GOLDBONDS2027SR-VI,12400,12222,H
2.50%GOLDBONDS2028SR-II,12244,12099.98,H
2.50%GOLDBONDS2028SR-V,12599.98,12480.02,H
AAREY DRUGS & PHARM LTD,82,80.95,H
M.V.K. AGRO FOOD PROD LTD,496.75,487.05,H
MOTILALAMC - MONQ50,100.3,94.89,H
PARIN ENTERPRISES LIMITED,528.3,524,H
ARIHANT ACADEMY LIMITED,435,419,H
DSPAMC - DSPGOLDETF,114.5,113.86,H
GOI TBILL 91D-06/11/25,99.4,99.35,H
TVS ELECTRONICS LTD,680,671.65,H
SUBROS LIMITED,1213.7,1179.7,H
2.50% GOLDBONDS2025SR-III,12455,12000,H
2.50%GOLDBONDS2028SR-X,12200,12100,H
RACL GEARTECH LIMITED,1196.5,1174,H
SBIAMC - SBISILVER,142.99,141.3,H
NEXUS SELECT TRUST,168.19,166.25,H
MAXVOLT ENERGY INDUS L,278.4,274.8,H
TECHERA ENGINEER (IND) L,256,243.85,H
MIRAEAMC - MASILVER,142.29,138.09,H
KAVVERI DFS & WIR TEC LTD,147.74,140.71,H
SDL AP 7.47% 2032,99.75,95,H
SDL BR 7.85% 2032,101.8,99,H
LUMAX INDUSTRIES LTD,4989,4899,H
LUMAX AUTO TECH LTD,1337.9,1320.9,H
ICICIPRAMC - ICICISILVE,146.1,139,H
UTIAMC - SILVERETF,142.5,136.99,H
2.5%GOLDBONDS2029SR-VII,12451.95,12300,H
2.50%GOLDBONDS2028SR-VIII,12230,12193.6,H
2.50%GOLDBONDS2029SR-VIII,12945,12600,H
PANACHE DIGILIFE LIMITED,414,404.12,H
STALLION IND FLUOROCHEM L,241.15,220.98,H
POLYSIL IRRIGATION SYST L,250.55,245.65,H
SEC RE NCD SR. IV,1305,1302,H
ANB METAL CAST LIMITED,294.85,246.7,H
MOTILALAMC - MOSILVER,144.74,141,H
INDIAN BANK,727.95,722,H
KOTAKMAMC - KOTAKSILVE,142.7,135.48,H
SWAN DEFENCE N HEVY IND L,605.95,577.1,H
2.50%GOLDBONDS2027SR-I,12300,12221.3,H
2.50%GOLDBONDS2029SR-IX,12296.99,12250,H
2.50%GOLDBONDS2032SR-IV,14998,14900,H
360ONEAMC - SILVER360,146.98,139.23,H
HDFCAMC - HDFCSILVER,142.7,133.89,H
MIRAEAMC - MAHKTECH,29.23,28.99,H
IZMO LIMITED,1374.7,1348.7,H
ZERODHAAMC - SILVERCASE,14.84,14.4,H
UMIYA BUILDCON LIMITED,91,90.24,H
INDOSOLAR LIMITED,531.95,506.65,H
SEC RE NCD SR VI,1129,1128.16,H
NIPPONAMC - NETFSILVER,139.37,133.47,H
DSPAMC - DSPSILVETF,140.2,134.2,H
UNIONAMC - UNIONGOLD,116.8,116,H
VOLER CAR LIMITED,230,214.5,H
SEC RE NCD SR II,1125,1119,H
GOI TBILL 91D-09/10/25,101.62,99.52,H
DRS CARGO MOVERS LIMITED,43.55,39.6,H
TECHD CYBERSECURITY LTD,491.25,467.9,H
VIPUL LIMITED,9.37,9.4,L
TIMESCAN LOGISTICS IND L,47.2,49.6,L
CYBERMEDIA RS.5 PPD UP,8.42,8.87,L
TAX FREE 7.29% SR. IB,1009,1015,L
CEDAAR TEXTILE LIMITED,92.55,95.1,L
CREDO BRANDS MARKETING L,105,106.05,L
SUNTECH INFRA SOLUTIONS L,54.5,55.9,L
KAYTEX FABRICS LIMITED,91.15,99,L
TROM INDUSTRIES LIMITED,91.8,95.35,L
SKIL INFRASTRUCTURE LTD.,1.47,1.55,L
EURO PRATIK SALES LIMITED,225,233.55,L
MANGALAM WORLDWIDE LTD,222,223.9,L
SHANKARA BLDG PRODUCT LTD,207.75,218.65,L
SHRADHA INFRAPROJECTS LTD,2.55,2.7,L
EASY TRIP PLANNERS LTD,7.97,8.13,L
CAPITAL TRUST LIMITED,38.9,40.33,L
REMUS PHARMACEUTICALS L,725.3,760,L
DJ MEDIAPRINT & LOG LTD,90.99,93,L
DREAMFOLKS SERVICES LTD,99.3,101.4,L
GAJANAND INTERNATIONAL L,11.55,11.75,L
AGS TRANSACT TECH LTD,3.88,3.95,L
8.30% TAX FREE NCD,1032,1035.35,L
VL E GOV AND IT SOL LTD,28.21,28.75,L
NECTAR LIFESCIENCES LTD.,14.4,14.42,L
ON DOOR CONCEPTS LIMITED,139,143,L
SIDDHI COTSPIN LIMITED,78,82.1,L
VEDANT FASHIONS LIMITED,687.1,693.5,L
TRUCAP FINANCE LIMITED,9.92,10.45,L
PRO FX TECH LIMITED,91.9,95,L
LEXUS GRANITO (INDIA) LTD,26.2,27.26,L
GANESH HOUSING LIMITED,831,832.2,L
ESPRIT STONES LIMITED,78,79.5,L
ANTELOPUS SELAN ENRGY LTD,544.05,545.1,L
ALL TIME PLASTICS LIMITED,257.85,261.25,L
GK ENERGY LIMITED,155.16,165,L
REGAAL RESOURCES LIMITED,87.61,89,L
ANJANI PORTLAND CEM LTD,130,131,L
ANUH PHARMA LIMITED,82.01,82.2,L
ATC ENERGIES SYSTEM LTD,47.8,54.4,L
DE NEERS TOOLS LIMITED,160.3,170,L
GE POWER INDIA LIMITED,321,325.25,L
SPECTRUM ELECTRIC IND LTD,1333.1,1350,L
ZERODHAAMC - SML100CASE,9.89,9.9,L
SG FINSERVE LIMITED,339.9,347.2,L
KALAHRIDHAAN TRENDZ LTD,4.8,5.05,L
SEC RE NCD 9.80% SR.V,320,370,L
SEC RE NCD 10.15% SR VII,729,730,L
LLOYD RE.0.50 PPD UP,38.85,39.7,L
NEW DELHI TELEVISION LTD,20.75,23.1,L
VAKRANGEE LIMITED,8.03,8.15,L
NAZARA TECHNOLOGIES LTD,263.8,277.6,L
SWASTIK PIPE LIMITED,29.85,30.3,L
R M DRIP & SPRINK SYS LTD,72.1,74.45,L
GRETEX CORPORATE SERVICES,247.25,252.95,L
NEPHRO CARE INDIA LIMITED,133.55,139.7,L
GALAXY MEDICARE LIMITED,34.15,35.95,L
GEM AROMATICS LIMITED,230.1,240,L
GLOBAL SURFACES LIMITED,89.51,90.25,L
PRAXIS HOME RETAIL LTD,11.59,11.64,L
OLA ELECTRIC MOBILITY LTD,53.1,53.56,L
BOHRA INDUSTRIES LIMITED,22.69,23.02,L
MARSHALL MACHINES LTD,5.27,5.55,L
SNEHAA ORGANICS LIMITED,87.1,91.95,L
AMANTA HEALTHCARE LIMITED,133.71,135.2,L
COFORGE LIMITED,1525,1531.7,L
RAJOO ENGINEERS LIMITED,82.91,83.93,L
RAYMOND REALTY LIMITED,585.15,602.05,L
VISHNU PRAKASH R PUNGLI L,91.72,92.51,L
CHEMBOND CHEMICAL LIMITED,162.03,164,L
ELLENBARRIE INDUS GASES L,477.3,485,L
AFFORD ROBO & AUTO LTD,221,238,L
RISHABH INSTRUMENTS LTD,377.65,390.5,L
SHIVASHRIT FOODS LIMITED,123.15,124,L
OPTIVALUE TEK CONSULT LTD,97.25,97.3,L
ROTO PUMPS LIMITED,75,76.05,L
HARDWYN INDIA LIMITED,11.9,12.5,L
R K SWAMY LIMITED,142,144.56,L
PARAMOUNT SPECIALI FORG L,35.5,37,L
REFRACTORY SHAPES LIMITED,48.45,49.15,L
NAHAR CAP & FIN.,279.25,280,L
ORTIN GLOBAL LIMITED,11.17,11.4,L
SAVY INFRA AND LOGI LTD,121,130.1,L
AEROFLEX ENTERPRISES LTD,82.8,83,L
ENSER COMMUNICATIONS LTD,20.35,20.45,L
SEC RE NCD SR VI,1005.2,1033.71,L
VALIANT ORGANICS LIMITED,325,330,L
HIGHWAY INFRASTRUCTURE L,79.57,80,L
VMS TMT LIMITED,85.42,89.92,L
AXITA COTTON LIMITED,8.65,8.7,L
INTEGRA ESSENTIA LIMITED,1.77,1.8,L
MANGAL ELECTRICAL IND L,456,461,L
DIGITIDE SOLUTIONS LTD,157.29,158.1,L
GLOBE CIVIL PROJECTS LTD,69.71,69.81,L
ACCENT MICROCELL LIMITED,242,243,L
SAMEERA AGRO AND INFRA L,14.45,15.2,L
SATTVA ENGINEERING CSTN L,102.1,102.15,L
URAVI DEFENCE &TECH LTD,221.8,233.45,L
AEROFLEX NEU LIMITED,80.12,82.2,L
ANDHRA CEMENTS LIMITED,85.73,87.48,L
SEC RE NCD 10.5% SR IX,900,900.3,L
VIGOR PLAST INDIA LIMITED,84,86.2,L

