SECURITY,NEW,PREVIOUS,NEW_STATUS
ADITYA INFOTECH LIMITED       ,1589.90,1544.20,H
ANAND RATHI SH N STK BR L     ,619.00,593.90,H
ANB METAL CAST LIMITED        ,319.70,314.00,H
ANONDITA MEDICARE LIMITED     ,669.90,638.00,H
ARFIN INDIA LIMITED           ,57.00,56.00,H
ASL INDUSTRIES LIMITED        ,90.25,88.50,H
C P S SHAPERS LIMITED         ,1095.00,1085.00,H
CANARA HSBC LIFE INS CO L     ,128.20,125.99,H
CCL PRODUCTS (I) LTD          ,1074.40,1034.50,H
CHAMAN METALLICS LIMITED      ,183.90,180.00,H
CHOICEAMC - CHOICEGOLD        ,122.18,120.02,H
COMMERCIAL SYN BAGS LTD       ,163.95,162.95,H
CSB BANK LIMITED              ,447.00,445.60,H
DHARIWALCORP LIMITED          ,328.90,303.00,H
DIVINE HIRA JEWELLERS LTD     ,127.50,124.50,H
DSPAMC - DSPPSBKETF           ,86.57,85.97,H
DYNAMATIC TECHNOLOGIES        ,9208.50,9082.90,H
GRAND FOUNDRY LTD             ,10.72,10.21,H
HBL ENGINEERING LTD           ,1122.00,1033.65,H
HOAC FOODS INDIA LIMITED      ,309.20,299.00,H
ICICIPRAMC-ICICIFIN           ,32.69,32.66,H
INDIAN METALS & FERRO         ,1351.00,1275.00,H
INTERARCH BLDNG SOLTN LTD     ,2762.60,2616.00,H
JAIN RESOURCE RECYCLING L     ,418.40,413.66,H
JAYESH LOGISTICS LIMITED      ,123.40,121.95,H
KNOWLEDGE MARINE & EN W L     ,2939.10,2859.00,H
L&T FINANCE LIMITED           ,308.25,305.40,H
LE MERITE EXPORTS LIMITED     ,509.80,506.00,H
LENSKART SOLUTIONS LTD        ,413.75,402.00,H
LG BALAKRISHNAN & BROS        ,1905.90,1849.00,H
LUMAX AUTO TECH LTD           ,1424.80,1337.90,H
M AND B ENGINEERING LTD       ,535.90,524.85,H
M.V.K. AGRO FOOD PROD LTD     ,604.50,580.00,H
MAHAMAYA STEEL INDS LTD       ,696.80,663.65,H
MAXVOLT ENERGY INDUS L        ,394.00,356.00,H
MIRAEAMC - BANKPSU            ,84.58,84.44,H
N R VANDANA TEX IND LTD       ,63.80,63.50,H
NEULAND LAB LTD.              ,19747.00,18100.00,H
PARIN ENTERPRISES LIMITED     ,590.00,566.55,H
PIRAMAL FINANCE LIMITED       ,1389.10,1323.00,H
PRICOL LIMITED                ,612.50,598.80,H
S.A.L. STEEL LTD.             ,42.52,41.69,H
SBI LIFE INSURANCE CO LTD     ,2017.90,2004.00,H
SHRI AHIMSA NATURALS LTD      ,280.10,266.80,H
SILVER TOUCH TECHNO LTD       ,849.25,848.00,H
SUNLITE RECYCLING IND LTD     ,273.95,265.80,H
SWAN DEFENCE N HEVY IND L     ,939.80,895.05,H
TEJAS CARGO INDIA LIMITED     ,346.65,330.15,H
THANGAMAYIL JEWELLERY LTD     ,3424.70,3389.30,H
TORRENT PHARMACEUTICALS L     ,3835.10,3787.90,H
USHA MARTIN LTD.              ,497.10,488.35,H
V MARC INDIA LIMITED          ,749.30,630.00,H
VINTAGE COFFEE N BVRGS L      ,173.99,173.76,H
ADITYA BIRLA LIFES BRAN L     ,127.98,128.73,L
AMANTA HEALTHCARE LIMITED     ,118.00,118.63,L
ANTHEM BIOSCIENCES LTD        ,668.40,686.00,L
ASPIRE & INNOVATIVE ADV L     ,16.85,17.00,L
ASTRON PAPER BORD MIL LTD     ,9.02,9.40,L
BAWEJA STUDIOS LIMITED        ,40.40,41.00,L
BHADORA INDUSTRIES LTD        ,80.00,83.25,L
CHEMBOND CHEMICAL LIMITED     ,145.21,149.12,L
CHETANA EDUCATION LIMITED     ,66.00,67.50,L
CHOICEAMC - CHOICEGOLD        ,120.60,120.02,L
CLEAN SCIENCE & TECH LTD      ,926.70,930.30,L
CREDO BRANDS MARKETING L      ,97.54,105.00,L
DIGITIDE SOLUTIONS LTD        ,144.91,145.58,L
DJ MEDIAPRINT & LOG LTD       ,79.05,79.70,L
DUDIGITAL GLOBAL LIMITED      ,30.00,30.05,L
FINKURVE FINANCIAL SERV L     ,104.01,105.00,L
FUTURE ENTERPRISES LTD        ,0.39,0.40,L
GEM AROMATICS LIMITED         ,198.05,210.23,L
GENSOL ENGINEERING LTD        ,26.84,28.22,L
GO FASHION INDIA LTD          ,597.00,624.00,L
GREENLEAF ENVIROTECH LTD      ,111.00,119.65,L
HIGHWAY INFRASTRUCTURE L      ,71.50,73.00,L
JHS SVENDGAARD RETAIL V L     ,29.01,30.75,L
JSW CEMENT LIMITED            ,124.50,125.07,L
JTL INDUSTRIES LIMITED        ,57.68,58.82,L
KALANA ISPAT LIMITED          ,26.00,27.00,L
KAUSHALYA LOGISTICS LTD       ,44.35,47.30,L
LENSKART SOLUTIONS LTD        ,356.10,402.00,L
MARSHALL MACHINES LTD         ,3.85,4.06,L
MONEYBOXX FINANCE LIMITED     ,141.11,148.00,L
MOVING MEDIA ENTER LTD        ,54.00,58.00,L
MUKKA PROTEINS LIMITED        ,23.95,24.10,L
MUSIC BROADCAST LIMITED       ,6.75,6.78,L
NET AVENUE TECHNOLOGIES L     ,3.25,3.30,L
ORKLA INDIA LIMITED           ,672.05,692.55,L
PAKKA LIMITED                 ,110.20,117.40,L
PAVNA INDUSTRIES LIMITED      ,29.75,32.35,L
PICTUREPOST STUDIOS LTD       ,10.85,11.15,L
PLAZA WIRES LIMITED           ,44.60,45.00,L
R K SWAMY LIMITED             ,121.51,122.00,L
RACE ECO CHAIN LIMITED        ,198.00,201.83,L
ROCKINGDEALS CIR ECO LTD      ,26.35,43.85,L
SALASAR EXTERIOR CONT LTD     ,5.15,5.40,L
SAPPHIRE FOODS INDIA LTD      ,264.05,267.25,L
SHEETAL COOL PRODUCTS LTD     ,221.35,226.00,L
SIDDHI COTSPIN LIMITED        ,32.00,32.50,L
SPENCER S RETAIL LIMITED      ,45.90,46.82,L
SRI LOTUS DEVLPRS N RTY L     ,171.96,172.10,L
STANLEY LIFESTYLES LTD        ,253.15,256.00,L
STUDDS ACCESSORIES LTD        ,545.50,557.00,L
SUKHJIT STARCH & CHEM LTD     ,159.20,159.39,L
SURAJ LIMITED                 ,273.35,275.05,L
SUYOG TELEMATICS LIMITED      ,715.00,721.65,L
TARSONS PRODUCTS LIMITED      ,269.00,269.05,L
TATA CAPITAL LIMITED          ,318.35,319.05,L
TRACXN TECHNOLOGIES LTD       ,45.90,47.32,L
UPDATER SERVICES LIMITED      ,191.23,198.01,L
URBAN COMPANY LIMITED         ,131.14,139.64,L
VEDANT FASHIONS LIMITED       ,623.10,633.00,L
VISHWAS AGRI SEEDS LTD        ,47.00,47.50,L
VL E GOV AND IT SOL LTD       ,19.17,20.18,L
WINNY IMMIGRA & EDU SER L     ,59.50,64.00,L
