SECURITY,NEW,PREVIOUS,NEW_STATUS
MIRAEAMC - MAGOLDETF,119.4,117.5,H
2.5%GOLDBONDS2028SR-III,13236.99,12949.98,H
2.50%GOLDBONDS 2025SR-IX,13421,12980,H
2.50%GOLDBONDS2029SR-IV,13250,13095,H
2.50%GOLDBONDS2029SR-XI,13393.45,13290,H
GOI TBILL 364D-16/10/25,99.49,99.46,H
TAURIAN MPS LIMITED,388,339.7,H
DRS CARGO MOVERS LIMITED,50.3,47.95,H
2.50%GOLDBONDS2026SR-I,13579.5,13500,H
2.50%GOLDBONDS2026SR-III,13185.53,12990,H
VIVIANA POWER TECH LTD,1809.95,1800,H
SHRIRAM PIST. & RING LTD,2785,2768.8,H
NETWEB TECH INDIA LTD,4479,4425.7,H
BIRLASLAMC - SILVER,163.15,150.55,H
2.5%GOLDBONDS2028SR-VIII,14300,13899.98,H
2.50%GOLDBONDS2027SR-VII,13700,13160,H
2.50%GOLDBONDS2028SR-VI,13499.99,12988.99,H
2.50%GOLDBONDS2029SR-XII,13250,12969.99,H
2.50%GOLDBONDS2031SR-I,14799,14489.99,H
2.50%GOLDBONDS2031SR-IV,14787.99,14499.99,H
TATAAML-TATSILV,15.42,14.69,H
EDELAMC - EGOLD,122.7,120.85,H
GROWWAMC - GROWWSLVR,158,148.7,H
VISAMAN GLOBAL SALES LTD,123.3,121.15,H
INFIBEAM RE.0.5 PPD UP,12.89,11.5,H
GOI TBILL 91D-18/12/25,98.77,98.55,H
UCL 10.39% SR II,1040,1034,H
GOI TBILL 182D-19/03/26,97.48,97,H
VIJAYPD CEUTICAL LIMITED,37.65,36.75,H
INDRAPRASTHA MEDICAL CORP,624.7,573.7,H
SUNDARAM FINANCE HOLD LTD,660,653,H
2.50%GOLDBONDS2025 SR-XII,12900,12750,H
PRIZOR VIZTECH LIMITED,362,345.55,H
2.5%GOLDBONDS2029SR-II,13250,13040,H
2.5%GOLDBONDS2029SR-III,13284,13248.98,H
2.50%GOLDBONDS2028SR-IV,13218,12949.99,H
2.50%GOLDBONDS2028SR-VII,13300,13099,H
2.50%GOLDBONDS2029SR-X,13249.97,13099.99,H
GROWWAMC - GROWWGOLD,120.58,119.47,H
GOI TBILL 364D-10/04/26,97.18,96.7,H
GOI TBILL 182D-13/11/25,99.31,99.11,H
SUBA HOTELS LIMITED,169.95,161.9,H
MOTILALAMC - MONQ50,104.31,103.88,H
KOTAK GOLD ETF,102.65,101.37,H
M.V.K. AGRO FOOD PROD LTD,544.9,537.55,H
AXISAMC - AXISILVER,159.5,151,H
ARIHANT ACADEMY LIMITED,525.8,524.85,H
BGR ENERGY SYSTEMS LTD,304.39,289.9,H
ATLANTAA LIMITED,64.65,59.84,H
2.5%GOLDBONDS2029SR-I,13289.99,13100,H
2.50%GOLDBONDS2027SR-VI,13229,12898.99,H
2.50%GOLDBONDS2028SR-II,13234.99,13048.23,H
2.50%GOLDBONDS2028SR-V,13289.98,12999,H
2.50%GOLDBONDS2031SR-II,15030,14775,H
HDFC GOLD ETF,105.1,103.51,H
DSPAMC - DSPGOLDETF,121,119.24,H
GOI TBILL 182D-12/03/26,97.3,97.2,H
BHARAT SEATS LIMITED,225.79,215.64,H
ARFIN INDIA LIMITED,50,49.54,H
NILA SPACES LIMITED,18.84,18.06,H
2.50% GOLDBONDS2025SR-III,12585,12525,H
PROZONE REALTY LIMITED,60,59.55,H
SHRINGAR HOU OF MANGALS L,210.5,208.6,H
YATHARTH HOSP & TRA C S L,843.7,819.95,H
2.5%GOLDBONDS2029SR-VI,13362.97,13324.99,H
2.50%GOLDBONDS2027SR-II,13000,12975.01,H
2.50%GOLDBONDS2031SR-III,15094,15000,H
TIRUPATI FORGE LIMITED,47.38,46,H
DIVINE POWER ENERGY LTD,258,249,H
IWARE SUPPLYCHAIN SER LTD,157.65,150.15,H
MIRAEAMC - MASILVER,153,150,H
SBIAMC - SBISILVER,155.01,147.55,H
BLUESTONE JEWEL LFSTL LTD,728.8,707.8,H
GOI TBILL 364D-08/01/26,98.17,97.58,H
TECHD CYBERSECURITY LTD,783.95,715.8,H
SCL 9.71% SR VIII,1000,984,H
IFB AGRO INDUSTRIES LTD,1020,925,H
GABRIEL INDIA LTD,1388,1345,H
2.50% GOLDBONDS2025SR-IV,12827.31,12450,H
MOSCHIP TECHNOLOGIES LTD,288.45,286.77,H
POLYSIL IRRIGATION SYST L,277.7,272.3,H
UTIAMC - SILVERETF,154.99,147.68,H
STALLION IND FLUOROCHEM L,321.95,298.1,H
SEC RE NCD SR.VI,1283,1282.35,H
INTERIORS & MORE LIMITED,651.25,650,H
2.5%GOLDBONDS2029SR-VII,13389,13178.99,H
2.50%GOLDBONDS2028SR-I,13650,13640,H
2.50%GOLDBONDS2028SR-VIII,13199.99,12999.99,H
2.50%GOLDBONDS2029SR-V,13500,13245,H
2.50%GOLDBONDS2029SR-VIII,13900,13290,H
ICICI PRUDENTIAL GOLD ETF,105.7,104.3,H
ICICIPRAMC - ICICISILVE,156.6,151.5,H
MOTILALAMC - MOSILVER,154.86,150.07,H
ONECLICK LOGISTICS IND L,284,282,H
UNS RED NCD SR. X,2130,2075,H
MATRIX GEO SOLUTIONS LTD,118.15,112.75,H
MRF LTD,160150,156400,H
MAHAMAYA STEEL INDS LTD,514,504.2,H
KOTAKMAMC - KOTAKSILVE,153.9,146.5,H
ATHER ENERGY LIMITED,679,639.9,H
2.50%GOLDBONDS2027SR-I,13299.95,12949.99,H
2.50%GOLDBONDS2029SR-IX,13265,13000,H
2.50%GOLDBONDS2030SR-X,13990,13899,H
HDFCAMC - HDFCSILVER,151.5,144.99,H
2.50%GOLDBONDS2027SR-IV,13380,13000,H
EDELAMC - ESILVER,155.92,150.99,H
PANACHE DIGILIFE LIMITED,472.15,457.5,H
GOI TBILL 364D-04/12/25,99,98.98,H
ZERODHAAMC - LTGILTCASE,30.45,30.41,H
ZERODHAAMC - SILVERCASE,17,15.57,H
APMD 9.30% 2031 STRPP E,103342.25,103200,H
SAATVIK GREEN ENERGY LTD,506,465,H
INDOSOLAR LIMITED,678.75,646.45,H
AONEAMC - AONEGOLD,11.52,11.48,H
AGS TRANSACT TECH LTD,4.57,4.36,H
CENTURY EXTRUSIONS LTD,33.5,31,H
MUTHOOT FINANCE LIMITED,3274.1,3257.9,H
MIRAEAMC - MASPTOP50,69.24,68.89,H
ASTER DM HEALTHCARE LTD.,706,679.7,H
NIPPONAMC - NETFSILVER,152.93,144.25,H
INOX GREEN ENERGY SER LTD,240.15,225.17,H
2.50%GOLDBONDS2028SR-IX,13330,13100,H
2.50%GOLDBONDS2030SR-I,14298.98,14050,H
2.50%GOLDBONDS2030SR-IX,13785,13599,H
DSPAMC - DSPSILVETF,150,145.15,H
ISHAN DYES N CHEMICALS L,74.5,72.95,H
JYOTI GLOBAL PLAST LTD,72.1,63.35,H
GOI TBILL 364D-11/12/25,98.9,98.4,H
UNIONAMC - UNIONGOLD,125.9,119.2,H
CALSOFT RS.2.50 PPD UP,5.1,4.87,H
SEC RE NCD 8.50% SR 3,1051,1050,H
KAUSHALYA LOGISTICS LTD,52.2,55.25,L
WINNY IMMIGRA & EDU SER L,71,71.4,L
SUNTECH INFRA SOLUTIONS L,49,50.5,L
M AND B ENGINEERING LTD,370,373.5,L
TRUALT BIOENERGY LIMITED,490,500,L
KAYTEX FABRICS LIMITED,88.2,90,L
SHANKARA BLDG PRODUCT LTD,152.73,160.77,L
SOLARWORLD ENERGY SOL LTD,295.35,302,L
JINKUSHAL INDUSTRIES LTD,106.17,109.79,L
3I INFOTECH LTD,1.56,2.61,L
FABTECH TECHNOLOGIES LTD,173.28,182.4,L
EASY TRIP PLANNERS LTD,7.93,7.96,L
HOMESFY REALTY LIMITED,200.45,202.55,L
REMUS PHARMACEUTICALS L,663.1,681.3,L
BOND 8.10% PA TAX FREE S2,1028.6,1029,L
ON DOOR CONCEPTS LIMITED,135.05,136.05,L
SDL TS 7.44% 2045,92.61,94.5,L
CLASSIC ELECTRODE (IND) L,84.45,85.55,L
ARUNAYA ORGANICS LIMITED,21.85,22.05,L
SIDDHI COTSPIN LIMITED,57.4,60.4,L
RELIANCE HOME FINANCE LTD,3.7,3.76,L
3I INFOTECH LIMITED,19.5,19.66,L
VEDANT FASHIONS LIMITED,680,684.4,L
LAKSHYA POWERTECH LIMITED,120,124,L
SDL TS 7.44% 2053,93,95,L
GALAXY MEDICARE LIMITED,21.45,22.55,L
DANGEE DUMS LIMITED,4.03,4.05,L
ANUH PHARMA LIMITED,80.75,80.9,L
SPECTRUM ELECTRIC IND LTD,1268.1,1274.1,L
CP CAPITAL LIMITED,122.97,124.01,L
REGAAL RESOURCES LIMITED,87.15,87.25,L
ONYX BIOTEC LIMITED,40.5,41.3,L
CURRENT INFRAPROJECTS LTD,134,135,L
A B COTSPIN INDIA LIMITED,426.3,427,L
BAFNA PHARMACEUTICALS LTD,165.79,165.87,L
DEV ACCELERATOR LIMITED,49.41,49.51,L
BOHRA INDUSTRIES LIMITED,20.75,21.22,L
R M DRIP & SPRINK SYS LTD,69.1,70,L
SWAN CORP LIMITED,438.25,444,L
OLA ELECTRIC MOBILITY LTD,51,51.9,L
SHIVALIK RASAYAN LIMITED,418,425,L
BAWEJA STUDIOS LIMITED,43,44,L
INDIAN EMULSIFIERS LTD,124,125,L
VISHNU PRAKASH R PUNGLI L,89.2,91.5,L
COHANCE LIFESCIENCES LTD,856,856.3,L
FISCHER MEDICAL VENTURE L,96.52,100,L
SHREEJI SHIPPING GLOBAL L,222.07,225,L
TIGER LOGISTICS (INDIA) L,44.11,45.05,L
PATIL AUTOMATION LIMITED,166,170,L
NATURAL CAPSULES LIMITED,227.1,233.95,L
BMW VENTURES LIMITED,60.34,63.52,L
GURUNANAK AGRICULTUR IN L,46.45,48.9,L
MCON RASAYAN INDIA LTD,57.5,59.35,L
PARAMOUNT SPECIALI FORG L,34.25,35.1,L
PATTECH FITWELL TUB COM L,113.45,115.75,L
REFRACTORY SHAPES LIMITED,40.05,41.8,L
VALIANT ORGANICS LIMITED,318,320,L
COOL CAPS INDUSTRIES LTD,3.1,3.4,L
CLEAN SCIENCE & TECH LTD,1049.1,1055,L
AXITA COTTON LIMITED,8.5,8.55,L
INTEGRA ESSENTIA LIMITED,1.7,1.72,L
7.60% TAX FREE NCD,1137.2,1150.3,L
MANGAL ELECTRICAL IND L,446,449,L
TEAM INDIA GUARANTY LTD,245.9,249.8,L
HANDSON GBL MNGMNT LTD,70.61,71.35,L
SATTVA ENGINEERING CSTN L,90,90.2,L
SESHAASAI TECHNOLOGIES L,400.1,400.4,L
JARO INS OF TEC MG N RE L,675.5,688.3,L

