SERIES,SYMBOL,SECURITY,RECORD_DT,BC_STRT_DT,BC_END_DT,EX_DT,ND_STRT_DT,ND_END_DT,PURPOSE
NV,1003SCL30A,SEC RE NCD 10.03% SR X,2026-01-27,,,2026-01-27,,,INTEREST PAYMENT
UV,1003SCL30A,SEC RE NCD 10.03% SR X,2026-01-27,,,2026-01-27,,,INTEREST PAYMENT
N5,10CAGL27,Sec Re NCD 10% Sr. V,2026-02-02,,,2026-02-02,,,INTEREST PAYMENT
U5,10CAGL27,Sec Re NCD 10% Sr. V,2026-02-02,,,2026-02-02,,,INTEREST PAYMENT
N0,116VCCL26,VCCL 11.6% 2026 Sr A,2026-01-30,,,2026-01-30,,,INTEREST PAYMENT
N0,1180VCCL26,VCCL 11.80% 2026 Sr B,2026-01-30,,,2026-01-30,,,INTEREST PAYMENT
N0,119VCCL26,Vedika Credit 11.9% 2026,2026-01-28,,,2026-01-28,,,INTEREST PAYMENT
N0,1225DCCL27,DCCL 12.25% 2027 Sr IIA,2026-01-27,,,2026-01-27,,,INTEREST PAYMENT
N0,12VCCL27A,VCCL 12% 2027 Sr C,2026-01-30,,,2026-01-30,,,INTEREST PAYMENT
N0,12VCCL28,VCCL 12% 2028,2026-02-01,,,2026-01-30,,,INTEREST PAYMENT
TB,182D290126,GOI TBILL 182D-29/01/26,2026-01-27,,,,,,REDEMPTION
TB,364D290126,GOI TBILL 364D-29/01/26,2026-01-27,,,,,,REDEMPTION
N0,745EXIM28,EXIM 7.45% 2028 Sr Z01,2026-01-27,,,2026-01-27,,,INTEREST PAYMENT
N2,768SIDB27,SIDBI 7.68% 2027 Sr VIII,2026-01-28,,,2026-01-28,,,INTEREST PAYMENT
U2,768SIDB27,SIDBI 7.68% 2027 Sr VIII,2026-01-28,,,2026-01-28,,,INTEREST PAYMENT
N0,774LIC28,LIC 7.74% 2028 Tr 445,2026-01-27,,,2026-01-27,,,INTEREST PAYMENT
N1,78ABCL33,ABCL 7.8% Sr V,2026-01-27,,,2026-01-27,,,INTEREST PAYMENT
U1,78ABCL33,ABCL 7.8% Sr V,2026-01-27,,,2026-01-27,,,INTEREST PAYMENT
N0,820CIFL28,CIFL 8.20% 2028 Sr 651,2026-02-02,,,2026-02-02,,,INTEREST PAYMENT
N0,840MCSL31,MCSL 8.40% 2031 Sr BD,2026-02-01,,,2026-01-30,,,PART REDEMPTION
N0,879SCL30,SCL 8.7923% 2030 Sr I,2026-01-27,,,2026-01-27,,,INTEREST PAYMENT
NM,902SCL26A,SEC RE NCD 9.02% SR V,2026-01-27,,,2026-01-27,,,INTEREST PAYMENT
UM,902SCL26A,SEC RE NCD 9.02% SR V,2026-01-27,,,2026-01-27,,,INTEREST PAYMENT
MI,903SFL28,Shriram Finance Limited,2026-01-27,,,2026-01-27,,,INTEREST PAYMENT
YI,903SFL28,Shriram Finance Limited,2026-01-27,,,2026-01-27,,,INTEREST PAYMENT
TB,91D290126,GOI TBILL 91D-29/01/26,2026-01-27,,,,,,REDEMPTION
NY,925SCL25G,SEC RE NCD 9.8% SR XII,2026-01-27,,,2026-01-27,,,INTEREST PAYMENT
UY,925SCL25G,SEC RE NCD 9.8% SR XII,2026-01-27,,,2026-01-27,,,INTEREST PAYMENT
NS,925SCL28A,SEC RE NCD 9.25% SR VIII,2026-01-27,,,2026-01-27,,,INTEREST PAYMENT
US,925SCL28A,SEC RE NCD 9.25% SR VIII,2026-01-27,,,2026-01-27,,,INTEREST PAYMENT
NN,948SCL26A,SEC RE NCD 9.48% SR V,2026-01-27,,,2026-01-27,,,INTEREST PAYMENT
UN,948SCL26A,SEC RE NCD 9.48% SR V,2026-01-27,,,2026-01-27,,,INTEREST PAYMENT
NZ,965SCL25F,SEC RE NCD 10.25% SR XII,2026-01-27,,,2026-01-27,,,INTEREST PAYMENT
UZ,965SCL25F,SEC RE NCD 10.25% SR XII,2026-01-27,,,2026-01-27,,,INTEREST PAYMENT
NT,971SCL28A,SEC RE NCD 9.71% SR VIII,2026-01-27,,,2026-01-27,,,INTEREST PAYMENT
UT,971SCL28A,SEC RE NCD 9.71% SR VIII,2026-01-27,,,2026-01-27,,,INTEREST PAYMENT
N0,975ISF28,ISF 9.75% NCD 2028,2026-02-01,,,2026-01-30,,,INTEREST PAYMENT
BE,ADVANIHOTR,Advani Hot.& Res.(I) Ltd,2026-01-30,,,2026-01-30,,,INTDIV - RE 1 PER SH
BL,ADVANIHOTR,Advani Hotels & Resorts (,2026-01-30,,,2026-01-30,,,INTDIV - RE 1 PER SH
EQ,ADVANIHOTR,Advani Hotels & Resorts (,2026-01-30,,,2026-01-30,,,INTDIV - RE 1 PER SH
IQ,ADVANIHOTR,Advani Hotels & Resorts (,2026-01-30,,,2026-01-30,,,INTDIV - RE 1 PER SH
BE,BPCL,BHARAT PETROLEUM CORP  LT,2026-02-02,,,2026-02-02,,,INTDIV - RS 10 PER SH
BL,BPCL,Bharat Petroleum Ltd,2026-02-02,,,2026-02-02,,,INTDIV - RS 10 PER SH
EQ,BPCL,Bharat Petroleum Ltd,2026-02-02,,,2026-02-02,,,INTDIV - RS 10 PER SH
IQ,BPCL,Bharat Petroleum Ltd,2026-02-02,,,2026-02-02,,,INTDIV - RS 10 PER SH
T0,BPCL,Bharat Petroleum Ltd,2026-02-02,,,2026-02-02,,,INTDIV - RS 10 PER SH
TL,BPCL,Bharat Petroleum Ltd,2026-02-02,,,2026-02-02,,,INTDIV - RS 10 PER SH
BE,CAMS,Computer Age Mngt Ser Ltd,2026-01-30,,,2026-01-30,,,INTDIV - RS 3.50 PER SH
BL,CAMS,Computer Age Mngt Ser Ltd,2026-01-30,,,2026-01-30,,,INTDIV - RS 3.50 PER SH
EQ,CAMS,Computer Age Mngt Ser Ltd,2026-01-30,,,2026-01-30,,,INTDIV - RS 3.50 PER SH
IQ,CAMS,Computer Age Mngt Ser Ltd,2026-01-30,,,2026-01-30,,,INTDIV - RS 3.50 PER SH
T0,CAMS,Computer Age Mngt Ser Ltd,2026-01-30,,,2026-01-30,,,INTDIV - RS 3.50 PER SH
TL,CAMS,Computer Age Mngt Ser Ltd,2026-01-30,,,2026-01-30,,,INTDIV - RS 3.50 PER SH
BE,COFORGE,Coforge Limited,2026-01-31,,,2026-01-30,,,INTDIV - RS 4 PER SH
BL,COFORGE,Coforge Limited,2026-01-31,,,2026-01-30,,,INTDIV - RS 4 PER SH
EQ,COFORGE,Coforge Limited,2026-01-31,,,2026-01-30,,,INTDIV - RS 4 PER SH
IQ,COFORGE,Coforge Limited,2026-01-31,,,2026-01-30,,,INTDIV - RS 4 PER SH
T0,COFORGE,Coforge Limited,2026-01-31,,,2026-01-30,,,INTDIV - RS 4 PER SH
TL,COFORGE,Coforge Limited,2026-01-31,,,2026-01-30,,,INTDIV - RS 4 PER SH
BE,ENRIN,Siemens Energy India Ltd,2026-01-30,,,2026-01-30,,,DIV - RS 4 PER SH
BL,ENRIN,Siemens Energy India Ltd,2026-01-30,,,2026-01-30,,,DIV - RS 4 PER SH
EQ,ENRIN,Siemens Energy India Ltd,2026-01-30,,,2026-01-30,,,DIV - RS 4 PER SH
IQ,ENRIN,Siemens Energy India Ltd,2026-01-30,,,2026-01-30,,,DIV - RS 4 PER SH
BE,GANDHAR,Gandhar Oil Refine Ind L,2026-01-30,,,2026-01-30,,,INTDIV - RE 0.75 PER SH
BL,GANDHAR,Gandhar Oil Refine Ind L,2026-01-30,,,2026-01-30,,,INTDIV - RE 0.75 PER SH
EQ,GANDHAR,Gandhar Oil Refine Ind L,2026-01-30,,,2026-01-30,,,INTDIV - RE 0.75 PER SH
IQ,GANDHAR,Gandhar Oil Refine Ind L,2026-01-30,,,2026-01-30,,,INTDIV - RE 0.75 PER SH
BE,GENUSPOWER,GENUS POWER INFRASTRU LTD,2026-02-06,,,2026-02-06,,,DEMERGER
BL,GENUSPOWER,Genus Power Infrastru Ltd,2026-02-06,,,2026-02-06,,,DEMERGER
EQ,GENUSPOWER,Genus Power Infrastru Ltd,2026-02-06,,,2026-02-06,,,DEMERGER
IQ,GENUSPOWER,Genus Power Infrastru Ltd,2026-02-06,,,2026-02-06,,,DEMERGER
T0,GENUSPOWER,Genus Power Infrastru Ltd,2026-02-06,,,2026-02-06,,,DEMERGER
TL,GENUSPOWER,Genus Power Infrastru Ltd,2026-02-06,,,2026-02-06,,,DEMERGER
BE,GODREJCP,Godrej Cons Products Ltd ,2026-01-30,,,2026-01-30,,,INTDIV - RS 5 PER SH
BL,GODREJCP,Godrej Cons Products Ltd ,2026-01-30,,,2026-01-30,,,INTDIV - RS 5 PER SH
EQ,GODREJCP,Godrej Cons Products Ltd ,2026-01-30,,,2026-01-30,,,INTDIV - RS 5 PER SH
IQ,GODREJCP,Godrej Cons Products Ltd ,2026-01-30,,,2026-01-30,,,INTDIV - RS 5 PER SH
T0,GODREJCP,Godrej Cons Products Ltd ,2026-01-30,,,2026-01-30,,,INTDIV - RS 5 PER SH
TL,GODREJCP,Godrej Cons Products Ltd ,2026-01-30,,,2026-01-30,,,INTDIV - RS 5 PER SH
BE,IIFL,IIFL Finance Limited,2026-01-29,,,2026-01-29,,,INTDIV - RS 4 PER SH
BL,IIFL,IIFL Finance Limited,2026-01-29,,,2026-01-29,,,INTDIV - RS 4 PER SH
EQ,IIFL,IIFL Finance Limited,2026-01-29,,,2026-01-29,,,INTDIV - RS 4 PER SH
IQ,IIFL,IIFL Finance Limited,2026-01-29,,,2026-01-29,,,INTDIV - RS 4 PER SH
T0,IIFL,IIFL Finance Limited,2026-01-29,,,2026-01-29,,,INTDIV - RS 4 PER SH
TL,IIFL,IIFL Finance Limited,2026-01-29,,,2026-01-29,,,INTDIV - RS 4 PER SH
BE,IMPAL,Ind Motor Part & Acc Ltd,2026-01-29,,,2026-01-29,,,INTDIV - RS 10 PER SH
BL,IMPAL,India Motor Parts and Acc,2026-01-29,,,2026-01-29,,,INTDIV - RS 10 PER SH
EQ,IMPAL,India Motor Parts and Acc,2026-01-29,,,2026-01-29,,,INTDIV - RS 10 PER SH
IQ,IMPAL,India Motor Parts and Acc,2026-01-29,,,2026-01-29,,,INTDIV - RS 10 PER SH
BE,INNOVACAP,Innova Captab Limited,2026-01-30,,,2026-01-30,,,INTDIV - RS 2 PER SH
BL,INNOVACAP,Innova Captab Limited,2026-01-30,,,2026-01-30,,,INTDIV - RS 2 PER SH
EQ,INNOVACAP,Innova Captab Limited,2026-01-30,,,2026-01-30,,,INTDIV - RS 2 PER SH
IQ,INNOVACAP,Innova Captab Limited,2026-01-30,,,2026-01-30,,,INTDIV - RS 2 PER SH
BE,JSL,Jindal Stainless Limited,2026-01-29,,,2026-01-29,,,INTDIV - RE 1 PER SH
BL,JSL,Jindal Stainless Limited,2026-01-29,,,2026-01-29,,,INTDIV - RE 1 PER SH
EQ,JSL,Jindal Stainless Limited,2026-01-29,,,2026-01-29,,,INTDIV - RE 1 PER SH
IQ,JSL,Jindal Stainless Limited,2026-01-29,,,2026-01-29,,,INTDIV - RE 1 PER SH
T0,JSL,Jindal Stainless Limited,2026-01-29,,,2026-01-29,,,INTDIV - RE 1 PER SH
TL,JSL,Jindal Stainless Limited,2026-01-29,,,2026-01-29,,,INTDIV - RE 1 PER SH
BE,KEI,KEI Industries Limited,2026-01-28,,,2026-01-28,,,INTDIV - RS 4.50 PER SH
BL,KEI,KEI Industries Limited,2026-01-28,,,2026-01-28,,,INTDIV - RS 4.50 PER SH
EQ,KEI,KEI Industries Limited,2026-01-28,,,2026-01-28,,,INTDIV - RS 4.50 PER SH
IQ,KEI,KEI Industries Limited,2026-01-28,,,2026-01-28,,,INTDIV - RS 4.50 PER SH
T0,KEI,KEI Industries Limited,2026-01-28,,,2026-01-28,,,INTDIV - RS 4.50 PER SH
TL,KEI,KEI Industries Limited,2026-01-28,,,2026-01-28,,,INTDIV - RS 4.50 PER SH
BE,KIRLPNU,Kirloskar Pneumatic Com L,2026-01-30,,,2026-01-30,,,INTDIV - RS 3.50 PER SH
BL,KIRLPNU,Kirloskar Pneumatic Com L,2026-01-30,,,2026-01-30,,,INTDIV - RS 3.50 PER SH
EQ,KIRLPNU,Kirloskar Pneumatic Com L,2026-01-30,,,2026-01-30,,,INTDIV - RS 3.50 PER SH
IQ,KIRLPNU,Kirloskar Pneumatic Com L,2026-01-30,,,2026-01-30,,,INTDIV - RS 3.50 PER SH
T0,KIRLPNU,Kirloskar Pneumatic Com L,2026-01-30,,,2026-01-30,,,INTDIV - RS 3.50 PER SH
TL,KIRLPNU,Kirloskar Pneumatic Com L,2026-01-30,,,2026-01-30,,,INTDIV - RS 3.50 PER SH
BE,KPEL,K.P. Energy Limited,2026-01-28,,,2026-01-28,,,INTDIV - RE 0.20 PER SH
BL,KPEL,K.P. Energy Limited,2026-01-28,,,2026-01-28,,,INTDIV - RE 0.20 PER SH
EQ,KPEL,K.P. Energy Limited,2026-01-28,,,2026-01-28,,,INTDIV - RE 0.20 PER SH
IQ,KPEL,K.P. Energy Limited,2026-01-28,,,2026-01-28,,,INTDIV - RE 0.20 PER SH
BE,KPIGREEN,KPI Green Energy Limited,2026-01-28,,,2026-01-28,,,INTDIV - RE 0.20 PER SH
BL,KPIGREEN,KPI Green Energy Limited,2026-01-28,,,2026-01-28,,,INTDIV - RE 0.20 PER SH
EQ,KPIGREEN,KPI Green Energy Limited,2026-01-28,,,2026-01-28,,,INTDIV - RE 0.20 PER SH
IQ,KPIGREEN,KPI Green Energy Limited,2026-01-28,,,2026-01-28,,,INTDIV - RE 0.20 PER SH
T0,KPIGREEN,KPI Green Energy Limited,2026-01-28,,,2026-01-28,,,INTDIV - RE 0.20 PER SH
TL,KPIGREEN,KPI Green Energy Limited,2026-01-28,,,2026-01-28,,,INTDIV - RE 0.20 PER SH
BE,KSOLVES,Ksolves India Limited,2026-01-27,,,2026-01-27,,,INTDIV - RS 5 PER SH
BL,KSOLVES,Ksolves India Limited,2026-01-27,,,2026-01-27,,,INTDIV - RS 5 PER SH
EQ,KSOLVES,Ksolves India Limited,2026-01-27,,,2026-01-27,,,INTDIV - RS 5 PER SH
IQ,KSOLVES,Ksolves India Limited,2026-01-27,,,2026-01-27,,,INTDIV - RS 5 PER SH
E1,LLOYDSENPP,LLOYD Rs.0.50 ppd up,2026-01-28,,,,,,FSTFINCL RS 16 PR SH
X1,LLOYDSENPP,LLOYD Rs.0.50 ppd up,2026-01-28,,,,,,FSTFINCL RS 16 PR SH
BE,MASTEK,MASTEK - Depo,2026-01-30,,,2026-01-30,,,INTDIV - RS 8 PER SH
BL,MASTEK,Mastek Ltd,2026-01-30,,,2026-01-30,,,INTDIV - RS 8 PER SH
EQ,MASTEK,Mastek Ltd,2026-01-30,,,2026-01-30,,,INTDIV - RS 8 PER SH
IQ,MASTEK,Mastek Ltd,2026-01-30,,,2026-01-30,,,INTDIV - RS 8 PER SH
BE,MATRIMONY,Matrimony.Com Limited,2026-01-30,,,2026-01-30,,,BUY BACK
BL,MATRIMONY,Matrimony.Com Limited,2026-01-30,,,2026-01-30,,,BUY BACK
EQ,MATRIMONY,Matrimony.Com Limited,2026-01-30,,,2026-01-30,,,BUY BACK
IQ,MATRIMONY,Matrimony.Com Limited,2026-01-30,,,2026-01-30,,,BUY BACK
BE,ORIENTELEC,Orient Electric Limited,2026-01-29,,,2026-01-29,,,INTDIV - RE 0.75 PER SH
BL,ORIENTELEC,Orient Electric Limited,2026-01-29,,,2026-01-29,,,INTDIV - RE 0.75 PER SH
EQ,ORIENTELEC,Orient Electric Limited,2026-01-29,,,2026-01-29,,,INTDIV - RE 0.75 PER SH
IQ,ORIENTELEC,Orient Electric Limited,2026-01-29,,,2026-01-29,,,INTDIV - RE 0.75 PER SH
BE,PERSISTENT,Persistent Systems Ltd,2026-01-27,,,2026-01-27,,,INTDIV - RS 22 PER SH
BL,PERSISTENT,Persistent Systems Ltd,2026-01-27,,,2026-01-27,,,INTDIV - RS 22 PER SH
EQ,PERSISTENT,Persistent Systems Ltd,2026-01-27,,,2026-01-27,,,INTDIV - RS 22 PER SH
IQ,PERSISTENT,Persistent Systems Ltd,2026-01-27,,,2026-01-27,,,INTDIV - RS 22 PER SH
T0,PERSISTENT,Persistent Systems Ltd,2026-01-27,,,2026-01-27,,,INTDIV - RS 22 PER SH
TL,PERSISTENT,Persistent Systems Ltd,2026-01-27,,,2026-01-27,,,INTDIV - RS 22 PER SH
SL,PRESSTONIC,Presstonic Engineering L,2026-01-29,,,2026-01-29,,,RIGHTS 1:1 @ PRM RS 25/-
SM,PRESSTONIC,Presstonic Engineering L,2026-01-29,,,2026-01-29,,,RIGHTS 1:1 @ PRM RS 25/-
SQ,PRESSTONIC,Presstonic Engineering L,2026-01-29,,,2026-01-29,,,RIGHTS 1:1 @ PRM RS 25/-
ST,PRESSTONIC,Presstonic Engineering L,2026-01-29,,,2026-01-29,,,RIGHTS 1:1 @ PRM RS 25/-
BE,SHANTIGEAR,Shanthi Gears Ltd,2026-01-29,,,2026-01-29,,,INTDIV - RS 3 PER SH
BL,SHANTIGEAR,Shanthi Gears Ltd,2026-01-29,,,2026-01-29,,,INTDIV - RS 3 PER SH
EQ,SHANTIGEAR,Shanthi Gears Ltd,2026-01-29,,,2026-01-29,,,INTDIV - RS 3 PER SH
IQ,SHANTIGEAR,Shanthi Gears Ltd,2026-01-29,,,2026-01-29,,,INTDIV - RS 3 PER SH
BE,SONACOMS,Sona BLW Precision Frgs L,2026-01-30,,,2026-01-30,,,INTDIV - RS 1.60 PER SH
BL,SONACOMS,Sona BLW Precision Frgs L,2026-01-30,,,2026-01-30,,,INTDIV - RS 1.60 PER SH
EQ,SONACOMS,Sona BLW Precision Frgs L,2026-01-30,,,2026-01-30,,,INTDIV - RS 1.60 PER SH
IQ,SONACOMS,Sona BLW Precision Frgs L,2026-01-30,,,2026-01-30,,,INTDIV - RS 1.60 PER SH
T0,SONACOMS,Sona BLW Precision Frgs L,2026-01-30,,,2026-01-30,,,INTDIV - RS 1.60 PER SH
TL,SONACOMS,Sona BLW Precision Frgs L,2026-01-30,,,2026-01-30,,,INTDIV - RS 1.60 PER SH
BE,SRF,SRF Limited-Depo,2026-01-27,,,2026-01-27,,,INTDIV - RS 5 PER SH
BL,SRF,SRF Ltd.,2026-01-27,,,2026-01-27,,,INTDIV - RS 5 PER SH
EQ,SRF,SRF Ltd.,2026-01-27,,,2026-01-27,,,INTDIV - RS 5 PER SH
IQ,SRF,SRF Ltd.,2026-01-27,,,2026-01-27,,,INTDIV - RS 5 PER SH
T0,SRF,SRF Ltd.,2026-01-27,,,2026-01-27,,,INTDIV - RS 5 PER SH
TL,SRF,SRF Ltd.,2026-01-27,,,2026-01-27,,,INTDIV - RS 5 PER SH
BE,UNITDSPR,United Spirits Limited,2026-01-27,,,2026-01-27,,,INTDIV - RS 6 PER SH
BL,UNITDSPR,United Spirits Limited,2026-01-27,,,2026-01-27,,,INTDIV - RS 6 PER SH
EQ,UNITDSPR,United Spirits Limited,2026-01-27,,,2026-01-27,,,INTDIV - RS 6 PER SH
IQ,UNITDSPR,United Spirits Limited,2026-01-27,,,2026-01-27,,,INTDIV - RS 6 PER SH
T0,UNITDSPR,United Spirits Limited,2026-01-27,,,2026-01-27,,,INTDIV - RS 6 PER SH
TL,UNITDSPR,United Spirits Limited,2026-01-27,,,2026-01-27,,,INTDIV - RS 6 PER SH
BE,WENDT,Wendt (India) Ltd.,2026-01-28,,,2026-01-28,,,INTDIV - RS 20 PER SH
BL,WENDT,Wendt (India) Limited,2026-01-28,,,2026-01-28,,,INTDIV - RS 20 PER SH
EQ,WENDT,Wendt (India) Ltd.,2026-01-28,,,2026-01-28,,,INTDIV - RS 20 PER SH
IQ,WENDT,Wendt (India) Ltd.,2026-01-28,,,2026-01-28,,,INTDIV - RS 20 PER SH
BE,WIPRO,WIPRO LTD,2026-01-27,,,2026-01-27,,,INTDIV - RS 6 PER SH
BL,WIPRO,Wipro Ltd,2026-01-27,,,2026-01-27,,,INTDIV - RS 6 PER SH
EQ,WIPRO,Wipro Ltd,2026-01-27,,,2026-01-27,,,INTDIV - RS 6 PER SH
IQ,WIPRO,Wipro Ltd,2026-01-27,,,2026-01-27,,,INTDIV - RS 6 PER SH
T0,WIPRO,Wipro Ltd,2026-01-27,,,2026-01-27,,,INTDIV - RS 6 PER SH
TL,WIPRO,Wipro Ltd,2026-01-27,,,2026-01-27,,,INTDIV - RS 6 PER SH
BE,ZENSARTECH,Zensar Technologies LDepo,2026-01-29,,,2026-01-29,,,INTDIV - RS 2.40 PER SH
BL,ZENSARTECH,Zensar Technologies -Depo,2026-01-29,,,2026-01-29,,,INTDIV - RS 2.40 PER SH
EQ,ZENSARTECH,Zensar Technologies -Depo,2026-01-29,,,2026-01-29,,,INTDIV - RS 2.40 PER SH
IQ,ZENSARTECH,Zensar Technologies -Depo,2026-01-29,,,2026-01-29,,,INTDIV - RS 2.40 PER SH
T0,ZENSARTECH,Zensar Technologies -Depo,2026-01-29,,,2026-01-29,,,INTDIV - RS 2.40 PER SH
TL,ZENSARTECH,Zensar Technologies -Depo,2026-01-29,,,2026-01-29,,,INTDIV - RS 2.40 PER SH
