SYMBOL,SERIES,SECURITY,HIGH/LOW
83GS2040,GS,GOI LOAN 8.30% 2040,H
ACCPL,ST,ACCRETION PHARMA LIMITED,H
AEGISVOPAK,EQ,AEGIS VOPAK TERMINALS LTD,H
AHIMSA,ST,AHIMSA INDUSTRIES LTD.,H
AMEYA,SM,AMEYA PRECISION ENG LTD,H
ANTELOPUS,EQ,ANTELOPUS SELAN ENRGY LTD,H
ASMS,EQ,BARTRONICS INDIA LIMITED,H
BGLOBAL,BZ,BHARATIYA GLOBAL INFO LTD,H
BHAGYANGR,BE,BHAGYANAGAR INDIA LIMITED,H
BORANA,BE,BORANA WEAVES LIMITED,H
CADSYS,SM,CADSYS (INDIA) LIMITED,H
COMPINFO,BZ,COMPUAGE INFOCOM LTD,H
CPS,ST,C P S SHAPERS LIMITED,H
CURAA,BE,CURA TECHNOLOGIES LIMITED,H
DHARAN,BZ,DHARAN INFRA-EPC LIMITED,H
DOLPHIN,EQ,DOLPHIN OFF ENT (IND) L,H
ESFL,SM,ESSEN SPECIALITY FILMS L,H
EUROTEXIND,BE,EUROTEX IND & EXPORTS LTD,H
EXCEL,EQ,EXCEL REALTY N INFRA LTD,H
EXIMROUTES,ST,EXIM ROUTES LIMITED,H
FCONSUMER,BZ,FUTURE CONSUMER LIMITED,H
FEL,BZ,FUTURE ENTERPRISES LTD,H
FLFL,BZ,FUT LIFESTYLE FASH LTD,H
GANESHIN,SM,GANESH INFRAWORLD LIMITED,H
GATECHDVR,EQ,GACM TECHNOLOGIES LIMITED,H
GAYAPROJ,BZ,GAYATRI PROJECTS LTD,H
GENSOL,BZ,GENSOL ENGINEERING LTD,H
GFSTEELS,BE,GRAND FOUNDRY LTD,H
GLFL,BE,GUJARAT LEASE FINANCING L,H
GOLDENTOBC,BZ,GOLDEN TOBACCO LIMITED,H
GOYALALUM,BE,GOYAL ALUMINIUMS LIMITED,H
GRCL,SM,GAYATRI RUBB AND CHEM LTD,H
GURUNANAK,SM,GURUNANAK AGRICULTUR IN L,H
HNGSNGBEES,EQ,NIP IND ETF HANGSENG BEES,H
HYBRIDFIN,EQ,HYBRID FINANCIAL SERVICE,H
IL&FSENGG,BZ,IL&FS ENG AND CONS CO LTD,H
IMPEXFERRO,BZ,IMPEX FERRO TECH LIMITED,H
JAINAM,SM,JAINAM FER ALLOYS (I) LTD,H
KDL,ST,KORE DIGITAL LIMITED,H
KODYTECH,ST,KODY TECHNOLAB LIMITED,H
KSR,BE,KSR FOOTWEAR LIMITED,H
LCCINFOTEC,BE,LCC INFOTECH LTD,H
LOTUSEYE,EQ,LOTUS EYE HOSP & INST L,H
MAFANG,EQ,MIRAEAMC - MAFANG,H
MAHKTECH,EQ,MIRAEAMC - MAHKTECH,H
MASPTOP50,EQ,MIRAEAMC - MASPTOP50,H
MIDWESTLTD,EQ,MIDWEST LIMITED,H
MTEDUCARE,BE,MT EDUCARE LTD,H
NEELAM,SM,NEELAM LINENS & GAR (I) L,H
NEUEON,BE,NEUEON CORPORATION LTD,H
NIRMAN,SM,NIRMAN AGRI GENTICS LTD,H
NOIDATOLL,EQ,NOIDA TOLL BRIDGE CO LTD,H
NRVANDANA,ST,N R VANDANA TEX IND LTD,H
OAL,EQ,ORIENTAL AROMATICS LTD,H
PREMIER,BE,PREMIER LIMITED,H
PURPLEUTED,SM,PURPLE UNITED SALES LTD,H
RCOM,BE,RELIANCE COMMUNICATIONS L,H
RELIABLE,BE,RELIABLE DATA SERVICE LTD,H
ROCKINGDCE,ST,ROCKINGDEALS CIRCU ECO L,H
SABAR,ST,SABAR FLEX INDIA LIMITED,H
SALSTEEL,BE,S.A.L. STEEL LTD.,H
SAMBHAAV,BE,SAMBHAAV MEDIA LTD,H
SANWARIA,BZ,SANWARIA CONSUMER LIMITED,H
SEMAC,EQ,SEMAC CONSTRUCTION LTD,H
SETUINFRA,BZ,SETUBANDHAN INFRA LTD,H
SHANTHALA,ST,SHANTHALA FMCG PRODUCTS L,H
SHRENIK,BZ,SHRENIK LIMITED,H
SICALLOG,BE,SICAL LOGISTICS LIMITED,H
SILGO-RE1,BE,SILGO RETAIL LTD,H
SITINET,BZ,SITI NETWORKS LIMITED,H
SKIL,BZ,SKIL INFRASTRUCTURE LTD.,H
SOTAC,SM,SOTAC PHARMACEUTICALS LTD,H
SPECTSTM,SM,SPECTRUM TALENT MGMT LTD,H
SUNLITE,ST,SUNLITE RECYCLING IND LTD,H
SWANDEF,BE,SWAN DEFENCE N HEVY IND L,H
TECHERA,SM,TECHERA ENGINEER (IND) L,H
TICL,BE,TWAMEV CONS AND INFRA LTD,H
VENUSREM,BE,VENUS REMEDIES LIMITED,H
VERITAAS,SM,VERITAAS ADVERTISING LTD,H
VIJIFIN,EQ,VIJI FINANCE LIMITED,H
VILINBIO,ST,VILIN BIO MED LIMITED,H
VIVIMEDLAB,EQ,VIVIMED LABS LIMITED,H
VSCL,ST,VADIVARHE SPCLTY CHEM LTD,H
WINSOME,BZ,WINSOME YARNS LIMITED,H
21STCENMGM,EQ,21ST CENTURY MGMT SERVICE,L
699TN32,SG,SDL TN 6.99% 2032,L
ABAN,BE,ABAN OFFSHORE LTD.,L
AILIMITED,SM,ABHISHEK INTEGRATIONS LTD,L
ANSALAPI,BZ,ANSAL PROP & INFRA LTD,L
ARFIN,EQ,ARFIN INDIA LIMITED,L
ARHAM,ST,ARHAM TECHNOLOGIES LTD,L
ARMOUR,ST,ARMOUR SECURITY (INDIA) L,L
ARSHIYA,BZ,ARSHIYA LIMITED,L
ASTRON,EQ,ASTRON PAPER BORD MIL LTD,L
AURIGROW,BE,AURI GROW INDIA LIMITED,L
AUSL,SM,ADITYA ULTRA STEEL LTD,L
AUSOMENT,BE,AUSOM ENTERPRISE LIMITED,L
AVANA,ST,AVANA ELECTROSYSTEMS LTD,L
AVROIND,BE,AVRO INDIA LIMITED,L
BANKA,EQ,BANKA BIOLOO LIMITED,L
BESTAGRO,BE,BEST AGROLIFE LIMITED,L
BFUTILITIE,BZ,BF UTILITIES LIMITED,L
BGLOBAL,BZ,BHARATIYA GLOBAL INFO LTD,L
BGRENERGY,EQ,BGR ENERGY SYSTEMS LTD,L
BLUECHIP,BE,BLUE CHIP INDIA LIMITED,L
BLUECOAST,EQ,BLUE COAST HOTELS LIMITED,L
BULKCORP,SM,BULKCORP INTERNATIONAL L,L
CAPTRUST,EQ,CAPITAL TRUST LIMITED,L
CEREBRAINT,BZ,CEREBRA INT TECH LTD,L
CMICABLES,BZ,CMI LIMITED,L
CMRSL,SM,CYBER MEDIA RES & SER LTD,L
COMPINFO,BZ,COMPUAGE INFOCOM LTD,L
CTE,EQ,CAMBRIDGE TECH ENTER LTD,L
CURAA,BE,CURA TECHNOLOGIES LIMITED,L
DENEERS,SM,DE NEERS TOOLS LIMITED,L
DHARAN,BZ,DHARAN INFRA-EPC LIMITED,L
DIL,BZ,DEBOCK INDUSTRIES LIMITED,L
DIVYADHAN,SM,DIVYADHAN RECYCLING IND L,L
DRONE,SM,DRONE DESTINATION LIMITED,L
DRSCARGO,SM,DRS CARGO MOVERS LIMITED,L
EASTSILK,BE,EASTERN SILK INDUSTRIES L,L
EDUCOMP,BZ,EDUCOMP SOLUTIONS LTD,L
ENERGYDEV,BE,ENERGY DEVE. CO.LTD,L
EPACKPEB,EQ,EPACK PREFAB TECHN LTD,L
EQUIPPP,BE,EQUIPPP SOC IMP TECH LTD,L
EUROTEXIND,BE,EUROTEX IND & EXPORTS LTD,L
FCONSUMER,BZ,FUTURE CONSUMER LIMITED,L
FEL,BZ,FUTURE ENTERPRISES LTD,L
FISCHER,EQ,FISCHER MEDICAL VENTURE L,L
FLEXITUFF,EQ,FLEXITUFF VENTURES INT L,L
FMNL,EQ,FUTURE MKT NETWORKS LTD,L
GAYAHWS,EQ,GAYATRI HIGHWAYS LIMITED,L
GOLDSTAR,SM,GOLDSTAR POWER LIMITED,L
GSTL,ST,GLOBESECURE TECHNO LTD,L
HARDWYN,BE,HARDWYN INDIA LIMITED,L
HVAX,SM,HVAX TECHNOLOGIES LIMITED,L
IFBAGRO,EQ,IFB AGRO INDUSTRIES LTD,L
IFBIND,EQ,IFB INDUSTRIES LTD,L
IL&FSENGG,BZ,IL&FS ENG AND CONS CO LTD,L
IMPEXFERRO,BZ,IMPEX FERRO TECH LIMITED,L
ITTL,ST,INNOVATIVE TYRE & TUBE LT,L
JAINIK,SM,JAINIK POWER CABLES LTD,L
JALAN,ST,JALAN TRANSOLU. INDIA LTD,L
JPASSOCIAT,BE,JAIPRAKASH ASSOCIATES LTD,L
KAVDEFENCE,EQ,KAVVERI DFS & WIR TEC LTD,L
KCK,SM,KCK INDUSTRIES LTD,L
KSR,BE,KSR FOOTWEAR LIMITED,L
LATTEYS,BE,LATTEYS INDUSTRIES LTD,L
LCCINFOTEC,BE,LCC INFOTECH LTD,L
MADHUCON,EQ,MADHUCON PROJECTS LTD.,L
MANAKALUCO,BE,MANAK ALUMINIUM CO. LTD.,L
MANGALAM,BE,MANGALAM DRUG & CHEM LTD,L
MARINETRAN,ST,MARINETRANS INDIA LIMITED,L
MASTER,SM,MASTER COMPONENTS LIMITED,L
MAXVOLT,ST,MAXVOLT ENERGY INDUS L,L
MEESHO,EQ,MEESHO LIMITED,L
MEP,BZ,MEP INFRA. DEVELOPERS LTD,L
MIRCELECTR,EQ,MIRC ELECTRONICS LTD,L
MODIRUBBER,EQ,MODI RUBBER LTD,L
MONOPHARMA,SM,MONO PHARMACARE LIMITED,L
MORARJEE,BZ,MORARJEE TEXTILES LIMITED,L
MTEDUCARE,BE,MT EDUCARE LTD,L
MVKAGRO,SM,M.V.K. AGRO FOOD PROD LTD,L
NAVKARURB,BE,NAVKAR URBANSTRUCTURE LTD,L
NEWJAISA,SM,NEWJAISA TECHNOLOGIES LTD,L
ONESOURCE,EQ,ONESOURCE SPECL PHARMA L,L
ORTEL,BZ,ORTEL COMMUNICATIONS LTD,L
OWAIS,SM,OWAIS METAL & MINERAL,L
PANACHE,EQ,PANACHE DIGILIFE LIMITED,L
PANSARI,BE,PANSARI DEVELOPERS LTD,L
PIGL,EQ,POWER INSTRUMENT (G) LTD,L
POLYSIL,ST,POLYSIL IRRIGATION SYST L,L
PRAXIS,EQ,PRAXIS HOME RETAIL LTD,L
PRECISION,SM,PRECISION METALIKS LTD,L
QUADPRO,SM,QUADPRO ITES LIMITED,L
QUICKTOUCH,SM,QUICKTOUCH TECHNOLOGIES L,L
QUINTEGRA,BE,QUINTEGRA SOLUTIONS LTD.,L
RELINFRA,BE,RELIANCE INFRASTRUCTU LTD,L
REXPIPES,SM,REX PIPES AND CABLES LTD,L
ROCKPP,X1,ROCKINGDCE RS.5 PPD UP,L
SABTNL,BE,SRI ADHIKARI BRO TELE N L,L
SAHAJ,SZ,SAHAJ FASHIONS LIMITED,L
SANGANI,SM,SANGANI HOSPITALS LIMITED,L
SATECH,ST,S A TECH SOFTWARE INDIA L,L
SATIPOLY,SM,SATI POLY PLAST LIMITED,L
SETCO,EQ,SETCO AUTOMOTIVE LTD,L
SETUINFRA,BZ,SETUBANDHAN INFRA LTD,L
SEYAIND,BE,SEYA INDUSTRIES LIMITED,L
SHRENIK,BZ,SHRENIK LIMITED,L
SITINET,BZ,SITI NETWORKS LIMITED,L
SMLMAH,EQ,SML MAHINDRA LIMITED,L
SPECTSTM,SM,SPECTRUM TALENT MGMT LTD,L
SPRL,ST,SP REFRACTORIES LIMITED,L
STALLION,EQ,STALLION IND FLUOROCHEM L,L
SUPREMEENG,BZ,SUPREME ENGINEERING LTD,L
SWANDEF,BE,SWAN DEFENCE N HEVY IND L,L
TAKE,BE,TAKE SOLUTIONS LTD,L
TANKUP,ST,TANKUP ENGINEERS LIMITED,L
TARAPUR,EQ,TARAPUR TRANSFORMERS LTD,L
TCIFINANCE,BE,TCIFINANCELTD-ROLL SETT,L
TECHLABS,SM,TRIDENT TECHLABS LIMITED,L
TERASOFT,EQ,TERA SOFTWARE LIMITED,L
THESL,SM,THINKING HATS ENTER SOL L,L
TIMESCAN,SM,TIMESCAN LOGISTICS IND L,L
TNTELE,EQ,TAMILNADU TELECOMMUNICATI,L
TPHQ,EQ,TEAMO PRODUCTIONS HQ LTD,L
TVSELECT,BE,TVS ELECTRONICS LTD,L
UEL,BE,UJAAS ENERGY LIMITED,L
UNIHEALTH,ST,UNIHEALTH HOSPITALS LTD,L
UNITEDPOLY,BE,UNITED POLYFAB GUJ. LTD.,L
VCL,BE,VAXTEX COTFAB LIMITED,L
VHLTD,BE,VICEROY HOTELS LIMITED,L
VICTORYEV,ST,VICTORY ELEC VEHICL INT L,L
VIESL,ST,VISION INFRA EQUIP SOL L,L
VINEET-RE,BE,VINEET LABORATORIES LTD,L
VISASTEEL,EQ,VISA STEEL LIMITED,L
VLEGOV,EQ,VL E GOV AND IT SOL LTD,L
WAAREEINDO,BE,INDOSOLAR LIMITED,L
WINSOME,BZ,WINSOME YARNS LIMITED,L
WOL3D,ST,WOL 3D INDIA LIMITED,L
ZENITHSTL,EQ,ZENITH STEEL PIP IND LTD,L
