SECURITY,NEW,PREVIOUS,NEW_STATUS
360ONEAMC - SILVER360         ,333.98,331.42,H
AXISAMC - AXISILVER           ,332.99,323.91,H
BANDHANAMC - SILVERBND        ,343.69,336.21,H
BORANA WEAVES LIMITED         ,345.10,335.00,H
CHOICEAMC - CHOICEGOLD        ,160.00,159.90,H
DHARIWALCORP LIMITED          ,396.00,392.70,H
DSPAMC - DSPSILVETF           ,333.99,311.50,H
EDELAMC - EGOLD               ,162.75,161.65,H
HDFCAMC - HDFCSILVER          ,329.40,319.90,H
ICICIPRAMC - ICICISILVE       ,344.75,330.05,H
KANDARP DG SMART BPO LTD      ,160.00,156.00,H
KOTAKMAMC - KOTAKSILVE        ,334.75,309.99,H
MOTILALAMC - MOSILVER         ,335.00,315.98,H
NEUEON CORPORATION LTD        ,8.90,8.48,H
NIPPONAMC - NETFSILVER        ,321.48,312.00,H
SAWALIYA FOOD PRODUCTS L      ,326.10,324.95,H
SBIAMC - SBISILVER            ,331.80,321.61,H
SILGO RETAIL LTD              ,11.59,8.28,H
UTIAMC-SILVERBETA             ,327.99,317.73,H
ZERODHAAMC - SILVERCASE       ,34.70,33.00,H
3I INFOTECH LIMITED           ,14.40,14.50,L
AARTECH SOLONICS LIMITED      ,44.00,45.72,L
ADITYA BIRLA FASHION & RT     ,59.80,61.20,L
ADITYA BIRLA LIFES BRAN L     ,100.86,102.25,L
ADVAIT ENRGY TRANSITION L     ,1351.00,1366.80,L
ADVENT HOTELS INTERNATI L     ,167.77,168.41,L
AEQUS LIMITED                 ,132.06,132.14,L
AEROFLEX NEU LIMITED          ,66.15,67.00,L
AFCONS INFRASTRUCTURE LTD     ,328.15,331.25,L
AFFORD ROBO & AUTO LTD        ,157.53,160.62,L
AGS TRANSACT TECH LTD         ,3.68,3.70,L
AKME FINTRADE (INDIA) LTD     ,4.89,4.95,L
ALGOQUANT FINTECH LIMITED     ,60.10,61.00,L
ALL TIME PLASTICS LIMITED     ,221.60,222.00,L
ALLCARGO LOGISTICS LTD        ,8.97,9.00,L
ANMOL INDIA LIMITED           ,11.36,11.66,L
ANTHEM BIOSCIENCES LTD        ,586.00,587.10,L
ANUH PHARMA LIMITED           ,69.27,70.38,L
ARC INSULATION & INSU LTD     ,60.00,62.00,L
ARISINFRA SOLUTIONS LTD       ,100.25,103.75,L
ARKADE DEVELOPERS LIMITED     ,108.51,110.35,L
ARMOUR SECURITY (INDIA) L     ,39.15,41.20,L
ARVIND PORT AND INFRA LTD     ,31.05,31.80,L
ASTRON PAPER BORD MIL LTD     ,4.73,4.75,L
ATAM VALVES LIMITED           ,70.00,71.21,L
ATLANTA ELECTRICALS LTD       ,707.60,715.10,L
AUTHUM INVEST & INFRA LTD     ,498.00,516.50,L
AVANA ELECTROSYSTEMS LTD      ,68.50,72.10,L
AWL AGRI BUSINESS LIMITED     ,204.12,205.42,L
BAJAJ HOUSING FINANCE LTD     ,87.50,88.14,L
BANSAL WIRE INDUSTRIES L      ,252.30,262.40,L
BCL INDUSTRIES LIMITED        ,26.76,27.35,L
BEW ENGINEERING LIMITED       ,94.00,97.00,L
BHARAT COKING COAL LTD        ,35.09,36.15,L
BRAINBEES SOLUTIONS LTD       ,254.50,257.40,L
CANARA ROBECO AMC LIMITED     ,245.00,249.70,L
CLASSIC ELECTRODE (IND) L     ,57.00,57.95,L
DAM CAPITAL ADVISORS LTD      ,167.07,177.40,L
DCM SHRIRAM IND LTD           ,37.17,38.77,L
DEBOCK INDUSTRIES LIMITED     ,1.30,1.32,L
DEEPAK BUILDERS & ENG I L     ,91.11,92.10,L
DELAPLEX LIMITED              ,107.10,115.00,L
DELTA AUTOCORP LIMITED        ,38.10,38.25,L
DENTA WATER N INFRA SOL L     ,251.00,251.25,L
DHRUV CONSULTANCY SER LTD     ,38.10,38.55,L
DIGIDRIVE DISTRIBUTORS L      ,21.50,22.50,L
DIGIKORE STUDIOS LIMITED      ,61.25,62.00,L
DIGITIDE SOLUTIONS LTD        ,105.70,108.25,L
DIVYADHAN RECYCLING IND L     ,22.60,23.75,L
DMCC SPECIALITY CHEMICALS     ,207.50,213.00,L
DRC SYSTEMS INDIA LIMITED     ,14.62,14.75,L
DRONE DESTINATION LIMITED     ,50.55,52.00,L
DSPAMC - MIDCAPADD            ,20.88,20.90,L
DSPAMC - NEXT50ADD            ,66.07,66.10,L
DSPAMC - SMALLADD             ,15.24,15.30,L
E TO E TRANS INFRA LTD        ,215.00,224.30,L
EASY TRIP PLANNERS LTD        ,6.12,6.32,L
ECOLINE EXIM LIMITED          ,115.00,118.00,L
EDELAMC - ESENSEX             ,81.29,81.38,L
EFC (I) LIMITED               ,219.80,238.00,L
ELEGANZ INTERIORS LIMITED     ,75.50,79.05,L
ELLENBARRIE INDUS GASES L     ,247.95,248.00,L
EMA PARTNERS INDIA LTD        ,79.25,81.00,L
EMERALD TYRE MANUF LTD        ,94.00,95.35,L
ENSER COMMUNICATIONS LTD      ,13.00,13.35,L
ENVIRO INFRA ENGINEERS L      ,163.21,166.28,L
EPACK PREFAB TECHN LTD        ,174.90,179.32,L
EXCELSOFT TECHNOLOGIES L      ,69.50,70.80,L
EXICOM TELE SYSTEMS LTD       ,96.56,99.59,L
FABTECH TECHNOLOGIES LTD      ,155.16,157.01,L
FINKURVE FINANCIAL SERV L     ,76.60,80.60,L
FISCHER MEDICAL VENTURE L     ,33.94,35.10,L
FLYSBS AVIATION LIMITED       ,380.00,382.50,L
FUTURE CONSUMER LIMITED       ,0.37,0.38,L
GAJANAND INTERNATIONAL L      ,9.00,9.15,L
GANESH BENZOPLAST LIMITED     ,70.21,71.55,L
GANESH CONSUMER PRODUCT L     ,188.30,190.80,L
GK ENERGY LIMITED             ,112.52,118.14,L
GLOBAL SURFACES LIMITED       ,79.00,80.56,L
GLOTTIS LIMITED               ,51.10,51.97,L
GNG ELECTRONICS LIMITED       ,239.00,248.45,L
GREENCHEF APPLIANCES LTD      ,46.50,47.00,L
GROWWAMC - GROWWMC150         ,206.60,208.63,L
GROWWAMC - GROWWRLTY          ,8.31,8.49,L
HALDER VENTURE LIMITED        ,267.10,269.01,L
HAPPY SQUARE OUTSOURC S L     ,49.00,52.30,L
HDB FINANCIAL SERVICES L      ,687.30,694.00,L
HIGHWAY INFRASTRUCTURE L      ,49.50,50.11,L
HMA AGRO INDUSTRIES LTD       ,25.04,25.45,L
HP ADHESIVES LIMITED          ,36.45,36.98,L
IKIO TECHNOLOGIES LIMITED     ,143.75,147.50,L
INDEGENE LIMITED              ,455.60,470.10,L
INDIQUBE SPACES LIMITED       ,184.66,186.00,L
INDOGULF CROPSCIENCES LTD     ,64.50,64.71,L
INVICTA DIAGNOSTIC LTD        ,63.50,64.00,L
IRM ENERGY LIMITED            ,230.45,235.00,L
IVALUE INFOSOLUTIONS LTD      ,219.30,222.50,L
JAY BEE LAMINATIONS LTD       ,83.10,87.00,L
JAYKAY ENTERPRISES LTD        ,150.61,151.55,L
JINKUSHAL INDUSTRIES LTD      ,66.08,72.25,L
JUNIPER HOTELS LIMITED        ,213.00,220.05,L
K.P. ENERGY LIMITED           ,285.50,290.15,L
KALPATARU LIMITED             ,320.80,325.40,L
KAMDHENU VENTURES LIMITED     ,5.68,5.70,L
KAY CEE ENERGY & INFRA L      ,112.05,115.05,L
KONSTELEC ENGINEERS LTD       ,38.50,41.00,L
KONTOR SPACE LIMITED          ,55.80,58.00,L
KRITIKA WIRES LIMITED         ,6.12,6.34,L
LAMOSAIC INDIA LIMITED        ,24.50,28.30,L
LAXMI DENTAL LIMITED          ,197.30,205.05,L
LAXMI INDIA FINANCE LTD       ,85.87,92.61,L
LAXMI ORGANIC INDUS LTD       ,135.62,137.99,L
LIBAS CONSU PRODUCTS LTD      ,9.56,9.80,L
M AND B ENGINEERING LTD       ,291.00,296.15,L
MANGAL ELECTRICAL IND L       ,284.85,293.10,L
MANOJ VAIBHAV GEM N JEW L     ,161.00,162.61,L
MARCO CABLE & CONDUCTOR L     ,31.00,31.35,L
MEDI ASSIST HEALTH SER L      ,405.05,413.80,L
MEGHMANI ORGANICS LIMITED     ,55.02,55.21,L
MIRAEAMC - INTERNET           ,12.47,12.71,L
MIRAEAMC - SMALL250           ,15.13,15.27,L
MIRAEAMC - TOP20              ,9.24,9.30,L
MONO PHARMACARE LIMITED       ,10.35,10.85,L
MOTILALAMC - MOENERGY         ,33.00,33.02,L
MOTILALAMC - MOINFRA          ,55.43,55.50,L
MOTILALAMC - MOIPO            ,41.19,41.66,L
MOTILALAMC - MOREALTY         ,74.39,75.58,L
MOTILALAMC - MOTOUR           ,75.11,75.86,L
MOTISONS JEWELLERS LTD        ,10.62,10.96,L
MUNISH FORGE LIMITED          ,72.00,80.85,L
NANDAN DENIM LIMITED          ,2.77,2.80,L
NATURAL CAPSULES LIMITED      ,154.99,160.00,L
NEPHRO CARE INDIA LIMITED     ,99.00,99.05,L
NIPPONAMC - LIQGRWBEES        ,995.55,1001.14,L
NOVA AGRITECH LIMITED         ,32.13,33.00,L
NUVAMA WEALTH MANAGE LTD      ,1234.00,1324.60,L
ONE MOBIKWIK SYSTEMS LTD      ,190.62,196.50,L
ONESOURCE SPECL PHARMA L      ,1146.00,1209.95,L
ORKLA INDIA LIMITED           ,565.95,585.00,L
OSWAL PUMPS LIMITED           ,386.35,395.60,L
PACE DIGITEK LIMITED          ,160.21,160.25,L
PAKKA LIMITED                 ,85.17,88.75,L
PARAGON FINE S.C. LTD.        ,34.10,36.20,L
PARAMOUNT SPECIALI FORG L     ,25.50,25.55,L
PARKHOTELS                    ,116.85,120.02,L
PATIL AUTOMATION LIMITED      ,151.50,153.05,L
PAUSHAK LIMITED               ,509.10,515.30,L
PRAXIS HOME RETAIL LTD        ,7.32,7.69,L
PRECISION METALIKS LTD        ,9.05,9.50,L
PREMIER ROADLINES LIMITED     ,52.55,64.00,L
PRIMO CHEMICALS LIMITED       ,19.90,20.00,L
PROTEAN EGOV TECHNO LTD       ,597.90,607.65,L
PURV FLEXIPACK LIMITED        ,67.00,69.00,L
QUADPRO ITES LIMITED          ,2.15,2.25,L
RACE ECO CHAIN LIMITED        ,98.25,102.94,L
RADIANT CASH MGMT SER LTD     ,43.96,44.40,L
RAYMOND REALTY LIMITED        ,407.80,408.40,L
REDTAPE LIMITED               ,107.53,110.89,L
REGAAL RESOURCES LIMITED      ,60.50,62.68,L
RELIANCE CHEMOTEX IND LTD     ,114.00,120.70,L
ROUTE MOBILE LIMITED          ,561.00,596.35,L
ROX HI TECH LIMITED           ,34.00,34.50,L
RUDRA GLOBAL INFRA PROD L     ,18.30,20.10,L
RUSHIL DECOR LIMITED          ,19.28,19.57,L
SAHAJ FASHIONS LIMITED        ,4.45,4.65,L
SAI SILKS (KALAMANDIR) L      ,109.52,111.80,L
SAMBHV STEEL TUBES LTD        ,81.42,82.48,L
SAPPHIRE FOODS INDIA LTD      ,179.45,183.10,L
SARASWATI SAREE DEPOT LTD     ,66.25,67.01,L
SARTHAK METALS LIMITED        ,66.00,66.50,L
SAT KARTAR SHOPPING LTD       ,124.00,130.05,L
SATI POLY PLAST LIMITED       ,40.40,42.00,L
SCODA TUBES LIMITED           ,127.20,130.00,L
SELLOWRAP INDUSTRIES LTD      ,66.65,70.00,L
SESHAASAI TECHNOLOGIES L      ,231.05,232.00,L
SHANKARA BUILDPRO LIMITED     ,636.00,651.05,L
SHEELA FOAM LIMITED           ,506.45,512.00,L
SHILCHAR TECHNOLOGIES LTD     ,2852.50,2890.00,L
SHIVALIK RASAYAN LIMITED      ,305.05,311.80,L
SHREE TIRUPATI BALAJEE L      ,33.30,34.27,L
SHYAM DHANI INDUSTRIES L      ,86.00,88.00,L
SIGACHI INDUSTRIES LTD        ,19.40,21.92,L
SIKKO INDUSTRIES LIMITED      ,3.95,4.00,L
SONA MACHINERY LIMITED        ,37.65,39.00,L
SPENCER S RETAIL LIMITED      ,30.01,30.25,L
SPUNWEB NONWOVEN LIMITED      ,107.30,110.00,L
SRIVARI SPICES N FOODS L      ,93.75,97.00,L
STANDARD ENGNG TCNLGY LTD     ,111.00,120.35,L
STL NETWORKS LIMITED          ,18.00,18.13,L
STUDDS ACCESSORIES LTD        ,480.60,484.50,L
SUBEX LTD                     ,8.84,9.14,L
SULA VINEYARDS LIMITED        ,184.90,191.05,L
SUNDARAM CLAYTON LIMITED      ,1112.80,1150.10,L
SUPREME HOLDIN N HOSP I L     ,56.00,56.23,L
SURAJ ESTATE DEVELOPERS L     ,209.30,209.95,L
SYSTEMATIX CORP SERVICE L     ,78.00,80.25,L
TARSONS PRODUCTS LIMITED      ,193.61,195.30,L
TATA MOTORS PASS VEH LTD      ,335.90,335.95,L
TINNA RUBBER AND INFR LTD     ,635.50,650.00,L
TRACXN TECHNOLOGIES LTD       ,31.95,33.21,L
TROM INDUSTRIES LIMITED       ,63.15,67.90,L
TRUALT BIOENERGY LIMITED      ,310.20,318.05,L
TVS SUPPLY CHAIN SOL L        ,92.16,93.10,L
UMA CONVERTER LIMITED         ,18.80,19.00,L
UNIMECH AEROSPACE N MFG L     ,807.05,846.35,L
UPDATER SERVICES LIMITED      ,150.04,152.51,L
URBAN COMPANY LIMITED         ,116.58,120.97,L
UTKARSH SMALL FIN BANK L      ,13.31,13.42,L
VALIANT LABORATORIES LTD      ,56.90,57.34,L
VEDANT FASHIONS LIMITED       ,477.35,479.00,L
VICTORY ELEC VEHICL INT L     ,23.00,24.20,L
VIDYA WIRES LIMITED           ,44.06,44.37,L
VIKRAM SOLAR LIMITED          ,188.25,191.00,L
VINEET LABORATORIES LTD       ,0.62,0.65,L
VISHNU PRAKASH R PUNGLI L     ,42.82,43.25,L
VISHWARAJ SUGAR IND LTD       ,5.91,6.01,L
VIYASH SCIENTIFIC LIMITED     ,200.16,202.10,L
VL E GOV AND IT SOL LTD       ,13.92,15.23,L
VRAJ IRON AND STEEL LTD       ,119.00,120.10,L
WEWORK INDIA MANAGEMENT L     ,555.60,570.10,L
WISE TRAVEL INDIA LIMITED     ,113.00,113.60,L
XTGLOBAL INFOTECH LIMITED     ,25.20,26.56,L
YUDIZ SOLUTIONS LIMITED       ,24.65,25.50,L
ZEAL GLOBAL SERVICES LTD      ,73.15,76.30,L
ZERODHAAMC - SML100CASE       ,9.17,9.21,L
