SYMBOL,SERIES,SECURITY,HIGH/LOW
AKI,EQ,AKI INDIA LIMITED,H
AKSHAR,BE,AKSHAR SPINTEX LIMITED,H
AMCL,ST,ANB METAL CAST LIMITED,H
ARHAM,ST,ARHAM TECHNOLOGIES LTD,H
ARSHIYA,BZ,ARSHIYA LIMITED,H
ARVINDPORT,SM,ARVIND PORT AND INFRA LTD,H
ASPIRE,SM,ASPIRE & INNOVATIVE ADV L,H
ATLANTAA,BE,ATLANTAA LIMITED,H
BASILIC,SM,BASILIC FLY STUDIO LTD,H
BBOX,EQ,BLACK BOX LIMITED,H
BESTAGRO,EQ,BEST AGROLIFE LIMITED,H
BOHRAIND,EQ,BOHRA INDUSTRIES LIMITED,H
C2C,ST,C2C ADVANCED SYSTEMS LTD,H
CALSOFTPP,E1,CALSOFT RS.2.50 PPD UP,H
CAPTRUST,EQ,CAPITAL TRUST LIMITED,H
CBAZAAR,SM,NET AVENUE TECHNOLOGIES L,H
CONTI,SM,CONTINENTAL SEED CHEM LTD,H
CTE,EQ,CAMBRIDGE TECH ENTER LTD,H
DHARAN,BZ,DHARAN INFRA-EPC LIMITED,H
DHARIWAL,ST,DHARIWALCORP LIMITED,H
DRONE,SM,DRONE DESTINATION LIMITED,H
EMKAY,BE,EMKAY GLOBAL FIN SERV LTD,H
FEL,BZ,FUTURE ENTERPRISES LTD,H
FLEXITUFF,EQ,FLEXITUFF VENTURES INT L,H
GATECH,EQ,GACM TECHNOLOGIES LIMITED,H
GATECHDVR,EQ,GACM TECHNOLOGIES LIMITED,H
GCHOTELS,ST,GRAND CONTINENT HOTELS L,H
GIRIRAJ,SM,GIRIRAJ CIVIL DEVP LTD,H
GRETEX,SM,GRETEX INDUSTRIES LTD.,H
GSMFOILS,SM,GSM FOILS LIMITED,H
GSTL,SM,GLOBESECURE TECHNO LTD,H
GUJRAFFIA,BE,GUJARAT RAFFIA INDUST LTD,H
GVKPIL,BE,GVK POW. & INFRA LTD.,H
HOLMARC,SM,HOLMARC OPTO MECHATRO L,H
HYBRIDFIN,BE,HYBRID FINANCIAL SERVICE,H
IL&FSENGG,BZ,IL&FS ENG AND CONS CO LTD,H
INDOUS,EQ,INDO US BIOTECH LTD,H
INFLUX,ST,INFLUX HEALTHTECH LIMITED,H
INFOBEAN,EQ,INFOBEANS TECHNO. LTD.,H
INFOMEDIA,EQ,INFOMEDIA PRESS LIMITED,H
INNOMET,SM,INNOMET ADVANCED MATERI L,H
IRIS,EQ,IRIS BUSINESS SERV LTD,H
ISHAN,SM,ISHAN INTERNATIONAL LTD,H
ISHANCH,BE,ISHAN DYES N CHEMICALS L,H
ITTL,ST,INNOVATIVE TYRE & TUBE LT,H
IWARE,ST,IWARE SUPPLYCHAIN SER LTD,H
KDL,SM,KORE DIGITAL LIMITED,H
KINGFA,BE,KINGFA SCI & TEC IND LTD.,H
KIOCL,EQ,KIOCL LIMITED,H
KONSTELEC,SM,KONSTELEC ENGINEERS LTD,H
LATTEYS,BE,LATTEYS INDUSTRIES LTD,H
LCCINFOTEC,EQ,LCC INFOTECH LTD,H
LPDC,EQ,LANDMARK PR.DEV.CO.LTD,H
MADHUCON,EQ,MADHUCON PROJECTS LTD.,H
MAHKTECH,EQ,MIRAEAMC - MAHKTECH,H
MAXVOLT,ST,MAXVOLT ENERGY INDUS L,H
MAYASHEEL,ST,MAYASHEEL VENTURES LTD,H
MEGASOFT,BE,MEGASOFT LTD,H
MEP,BZ,MEP INFRA. DEVELOPERS LTD,H
MIRCELECTR,BE,MIRCELECTR-DEPO,H
MSPL,EQ,MSP STEEL & POWER LTD.,H
NACLIND,EQ,NACL INDUSTRIES LIMITED,H
NAGREEKCAP,BE,NAGREEKA CAP & INFR.LTD,H
NAVKARURB,EQ,NAVKAR URBANSTRUCTURE LTD,H
NIBE,EQ,NIBE LIMITED,H
NURECA,BE,NURECA LIMITED,H
ORCHASP,BE,ORCHASP LIMITED,H
ORICONENT,BE,ORICON ENTERPRISES LTD,H
OWAIS,SM,OWAIS METAL & MINERAL,H
PANSARI,EQ,PANSARI DEVELOPERS LTD,H
PNC,BE,PRITISH NANDY COMMUNICATI,H
RELINFRA,BE,RELIANCE INFRASTRUCTU LTD,H
RESPONIND,EQ,RESPONSIVE INDUSTRIES LTD,H
RUCHINFRA,EQ,RUCHI INFRASTRUCTURE LTD,H
SADBHAV,EQ,SADBHAV ENGINEERING LTD,H
SADHNANIQ,BE,SADHANA NITROCHEM LIMITED,H
SANWARIA,BZ,SANWARIA CONSUMER LIMITED,H
SAVY,SM,SAVY INFRA AND LOGI LTD,H
SETCO,EQ,SETCO AUTOMOTIVE LTD,H
SETUINFRA,BZ,SETUBANDHAN INFRA LTD,H
SHRIAHIMSA,ST,SHRI AHIMSA NATURALS LTD,H
SHUBHLAXMI,SM,SHUBHLAXMI JEWEL ART LTD,H
SIDDHICOTS,SM,SIDDHI COTSPIN LIMITED,H
SITINET,BZ,SITI NETWORKS LIMITED,H
SOTAC,SM,SOTAC PHARMACEUTICALS LTD,H
SUNLITE,ST,SUNLITE RECYCLING IND LTD,H
SUPREMEENG,BZ,SUPREME ENGINEERING LTD,H
SVPGLOB,EQ,SVP GLOBAL TEXTILES LTD,H
TAURIAN,ST,TAURIAN MPS LIMITED,H
TERASOFT,BE,TERA SOFTWARE LIMITED,H
TREJHARA,BE,TREJHARA SOLUTIONS LTD,H
UNIHEALTH,ST,UNIHEALTH HOSPITALS LTD,H
UNITEDPOLY,BE,UNITED POLYFAB GUJ. LTD.,H
VCL,EQ,VAXTEX COTFAB LIMITED,H
VISASTEEL,BE,VISA STEEL LIMITED,H
VITAL,SM,VITAL CHEMTECH LIMITED,H
VLEGOV,EQ,VL E GOV AND IT SOL LTD,H
VOLERCAR,ST,VOLER CAR LIMITED,H
WINSOME,BZ,WINSOME YARNS LIMITED,H
YUDIZ,SM,YUDIZ SOLUTIONS LIMITED,H
1035UCL26,NA,SEC RE NCD 10.35% SR III,L
21STCENMGM,EQ,21ST CENTURY MGMT SERVICE,L
744TS51A,SG,SDL TS 7.44% 2051,L
ANSALAPI,BZ,ANSAL PROP & INFRA LTD,L
ARISTO,SM,ARISTO BIO T AND LIFESC L,L
BILVYAPAR,BE,BIL VYAPAR LIMITED,L
BOSS,SM,BOSS PACKAGING SOLU LTD,L
BULKCORP,SM,BULKCORP INTERNATIONAL L,L
CADSYS,SM,CADSYS (INDIA) LIMITED,L
CAPTRUST,EQ,CAPITAL TRUST LIMITED,L
COMMITTED,ST,COMMITTED CARGO CARE LTD,L
COMPINFO,BZ,COMPUAGE INFOCOM LTD,L
CURAA,BE,CURA TECHNOLOGIES LIMITED,L
DHTL,ST,DOCMODE HEALTH TECH LTD,L
DIVINEHIRA,ST,DIVINE HIRA JEWELLERS LTD,L
GCHOTELS,ST,GRAND CONTINENT HOTELS L,L
ICDSLTD,BE,ICDSLTD,L
K2INFRA,SM,K2 INFRAGEN LIMITED,L
KARNIKA,ST,KARNIKA INDUSTRIES LTD,L
LANCORHOL,BE,LANCOR HOLDINGS LIMITED,L
LRRPL,SM,LEAD REC AND RUB PROD LTD,L
MANGALAM,EQ,MANGALAM DRUG & CHEM LTD,L
MCLOUD,EQ,MAGELLANIC CLOUD LIMITED,L
MEDIORG,SM,MEDICAMEN ORGANICS LTD,L
MEP,BZ,MEP INFRA. DEVELOPERS LTD,L
MORARJEE,BZ,MORARJEE TEXTILES LIMITED,L
NDLVENTURE,BE,NDL VENTURES LIMITED,L
NEELAM,SM,NEELAM LINENS & GAR (I) L,L
NEWJAISA,ST,NEWJAISA TECHNOLOGIES LTD,L
NIKITA,ST,NIKITA GRENTEC RECYCL LTD,L
NIRMAN,SM,NIRMAN AGRI GENTICS LTD,L
PENTAGON,ST,PENTAGON RUBBER LIMITED,L
PRAXIS,BE,PRAXIS HOME RETAIL LTD,L
PULZ,SM,PULZ ELECTRONICS LIMITED,L
RAJRILTD,BE,RAJ RAYON INDUSTRIES LTD,L
RICHA,ST,RICHA INFO SYSTEMS LTD,L
ROLTA,BZ,ROLTA INDIA LTD,L
SACHEEROME,ST,SACHEEROME LIMITED,L
SAMAY,ST,SAMAY PROJECT SERVICES L,L
SAMBHAAV,BE,SAMBHAAV MEDIA LTD,L
SECURKLOUD,BE,SECUREKLOUD TECH LIMITED,L
SICALLOG,BE,SICAL LOGISTICS LIMITED,L
SITINET,BZ,SITI NETWORKS LIMITED,L
SPRL,ST,SP REFRACTORIES LIMITED,L
STALLION,BE,STALLION IND FLUOROCHEM L,L
SUMEETINDS,BE,SUMEET IND LIMITED,L
SUNLITE,ST,SUNLITE RECYCLING IND LTD,L
SUPREMEENG,BZ,SUPREME ENGINEERING LTD,L
SUPREMEINF,BZ,SUPREME INFRA. LTD,L
SYNOPTICS,SM,SYNOPTICS TECHNOLOGIES L,L
TAURIAN,ST,TAURIAN MPS LIMITED,L
TECHLABS,SM,TRIDENT TECHLABS LIMITED,L
TECILCHEM,BE,TECIL CHEMICALS,L
TGL,SM,TEERTH GOPICON LIMITED,L
VIJIFIN,EQ,VIJI FINANCE LIMITED,L
WINSOME,BZ,WINSOME YARNS LIMITED,L
XELPMOC,BE,XELPMOC DESIGN & TECH LTD,L
