SECURITY,NEW,PREVIOUS,NEW_STATUS
ADITYA BIRLA CAPITAL LTD.     ,350.80,346.80,H
ANLON HEALTHCARE LIMITED      ,167.00,165.40,H
ASL INDUSTRIES LIMITED        ,91.95,90.25,H
AXISAMC - AXISBNKETF          ,612.64,610.63,H
CAPILLARY TECHNO INDIA L      ,798.95,750.30,H
CONNPLEX CINEMAS LIMITED      ,255.00,253.00,H
DHARIWALCORP LIMITED          ,353.65,336.85,H
EXCELSOFT TECHNOLOGIES L      ,142.59,120.00,H
HOAC FOODS INDIA LIMITED      ,380.00,369.50,H
ICICIPRAMC-ICICIFIN           ,32.81,32.77,H
IWARE SUPPLYCHAIN SER LTD     ,239.45,228.05,H
JAYESH LOGISTICS LIMITED      ,164.95,156.00,H
L&T FINANCE LIMITED           ,308.80,308.25,H
LUMAX AUTO TECH LTD           ,1524.00,1494.70,H
M.V.K. AGRO FOOD PROD LTD     ,723.10,708.95,H
MAX FINANCIAL SERV LTD        ,1740.80,1729.90,H
MIRAEAMC - BANKETF            ,604.39,602.55,H
MULTI COMMODITY EXCHANGE      ,10311.00,9975.00,H
NIPPONAMC - NETFAUTO          ,293.00,287.31,H
NORBEN TEA &EXPORTS LTD       ,71.40,70.32,H
POLYSIL IRRIGATION SYST L     ,329.75,323.40,H
PRAMARA PROMOTIONS LTD        ,362.95,359.00,H
PTC INDUSTRIES LIMITED        ,18597.00,18043.00,H
RENOL POLYCHEM LIMITED        ,147.00,146.20,H
SBI-ETF NIFTY BANK            ,609.55,608.03,H
SHREEJI GLOBAL FMCG LTD       ,123.65,119.50,H
TANKUP ENGINEERS LIMITED      ,697.95,684.30,H
TVS INFRASTRUCTURE TRUST      ,110.00,109.00,H
UNIHEALTH HOSPITALS LTD       ,372.00,354.30,H
VDEAL SYSTEM LIMITED          ,257.00,240.00,H
ADANI ENTERPRISES LIMITED     ,481.00,508.10,L
ANSAL PROP & INFRA LTD        ,3.33,3.35,L
ANUH PHARMA LIMITED           ,76.60,77.01,L
BCL INDUSTRIES LIMITED        ,33.97,34.00,L
BEW ENGINEERING LIMITED       ,110.65,114.00,L
CAPITAL TRUST LIMITED         ,13.70,14.43,L
CHEMPLAST SANMAR LIMITED      ,286.80,287.00,L
DHANLAXMI CROP SCIENCE L      ,31.00,33.00,L
DIVYADHAN RECYCLING IND L     ,30.00,31.20,L
EXCELSOFT TECHNOLOGIES L      ,125.13,120.00,L
GURUNANAK AGRICULTUR IN L     ,27.00,28.90,L
ICICIPRAMC - ICICIQTY30       ,18.00,18.01,L
INDO US BIOTECH LTD           ,109.50,110.10,L
JNK INDIA LIMITED             ,249.10,249.30,L
JSW CEMENT LIMITED            ,115.51,115.65,L
KABRA JEWELS LIMITED          ,84.00,86.10,L
KAYTEX FABRICS LIMITED        ,75.80,77.00,L
KONTOR SPACE LIMITED          ,58.00,58.40,L
LAXMI DENTAL LIMITED          ,280.00,281.80,L
MAGELLANIC CLOUD LIMITED      ,36.96,42.49,L
MAHESHWARI LOGISTICS LTD.     ,48.12,48.99,L
MOS UTILITY LIMITED           ,23.00,23.25,L
NANDAN DENIM LIMITED          ,3.04,3.05,L
NEELAM LINENS & GAR (I) L     ,15.15,15.95,L
PRITI INTERNATIONAL LTD       ,54.50,56.00,L
REGAAL RESOURCES LIMITED      ,79.91,82.41,L
REXPRO ENTERPRISES LTD        ,59.25,60.05,L
SAATVIK GREEN ENERGY LTD      ,412.00,413.25,L
SADHANA NITROCHEM LIMITED     ,5.59,5.84,L
SARASWATI SAREE DEPOT LTD     ,80.01,80.10,L
SHILCHAR TECHNOLOGIES LTD     ,4122.00,4150.00,L
SHIVALIK RASAYAN LIMITED      ,395.80,397.05,L
SITI NETWORKS LIMITED         ,0.37,0.38,L
SNEHAA ORGANICS LIMITED       ,76.10,77.00,L
SONA MACHINERY LIMITED        ,52.00,52.35,L
SUKHJIT STARCH & CHEM LTD     ,145.99,146.50,L
SULA VINEYARDS LIMITED        ,232.05,232.20,L
TSC INDIA LIMITED             ,53.15,55.00,L
USHA FINANCIAL SERVICES L     ,38.50,39.15,L
VERITAAS ADVERTISING LTD      ,51.35,54.00,L
