SERIES,SYMBOL,SECURITY,RECORD_DT,BC_STRT_DT,BC_END_DT,EX_DT,ND_STRT_DT,ND_END_DT,PURPOSE
Z4,1003SCFL31,SEC RE NCD 10.03% SR X,2025-11-11,,,2025-11-11,,,INTEREST PAYMENT
N1,1003SCL31A,Sec Re NCD 10.03% Sr X,2025-11-10,,,2025-11-10,,,INTEREST PAYMENT
U1,1003SCL31A,Sec Re NCD 10.03% Sr X,2025-11-10,,,2025-11-10,,,INTEREST PAYMENT
N1,1015UCL26,Sec Re NCD 10.15% Sr I,2025-11-09,,,2025-11-07,,,INTEREST PAYMENT
U1,1015UCL26,Sec Re NCD 10.15% Sr I,2025-11-09,,,2025-11-07,,,INTEREST PAYMENT
NF,1015UCL27,UCL 10.15% Sr III,2025-11-09,,,2025-11-07,,,INTEREST PAYMENT
UF,1015UCL27,UCL 10.15% Sr III,2025-11-09,,,2025-11-07,,,INTEREST PAYMENT
N0,1025PATE28,PATE 10.25% 2028,2025-11-10,,,2025-11-10,,,INTEREST PAYMENT
18,1025SCL34,SEC RE NCD 10.25% SR XII,2025-11-11,,,2025-11-11,,,INTEREST PAYMENT
Z8,1025SCL34,SEC RE NCD 10.25% SR XII,2025-11-11,,,2025-11-11,,,INTEREST PAYMENT
N1,1025SCL34B,Sec Re NCD 10.25% Sr XII,2025-11-10,,,2025-11-10,,,INTEREST PAYMENT
U1,1025SCL34B,Sec Re NCD 10.25% Sr XII,2025-11-10,,,2025-11-10,,,INTEREST PAYMENT
N1,1025UCL26A,Sec Re NCD 10.25% Sr II,2025-11-09,,,2025-11-07,,,INTEREST PAYMENT
U1,1025UCL26A,Sec Re NCD 10.25% Sr II,2025-11-09,,,2025-11-07,,,INTEREST PAYMENT
NG,1025UCL27A,UCL 10.25% Sr IV,2025-11-09,,,2025-11-07,,,INTEREST PAYMENT
UG,1025UCL27A,UCL 10.25% Sr IV,2025-11-09,,,2025-11-07,,,INTEREST PAYMENT
N1,1040UCL27B,Sec Re NCD 10.40% Sr III,2025-11-09,,,2025-11-07,,,INTEREST PAYMENT
U1,1040UCL27B,Sec Re NCD 10.40% Sr III,2025-11-09,,,2025-11-07,,,INTEREST PAYMENT
NH,1050UCL28,UCL 10.50% Sr V,2025-11-09,,,2025-11-07,,,INTEREST PAYMENT
UH,1050UCL28,UCL 10.50% Sr V,2025-11-09,,,2025-11-07,,,INTEREST PAYMENT
BV,10SCL30A,SEC RE NCD 9.71% SR VIII,2025-11-11,,,2025-11-11,,,INTEREST PAYMENT
ND,10UCL26,UCL 10.00% Sr I,2025-11-09,,,2025-11-07,,,INTEREST PAYMENT
UD,10UCL26,UCL 10.00% Sr I,2025-11-09,,,2025-11-07,,,INTEREST PAYMENT
N0,115VCCL27,VCCL 11.5% 2027 Sr II,2025-11-08,,,2025-11-07,,,INTEREST PAYMENT
N0,1190VCCL26,VCCL 11.90% 2026,2025-11-10,,,2025-11-10,,,INTEREST PAYMENT
N0,12AFIL27,AFIL 12% 2027 Sr 1,2025-11-07,,,2025-11-07,,,INTEREST PAYMENT
N0,12VCCL29C,VCCL 12% 2029 Sr I,2025-11-08,,,2025-11-07,,,INTEREST PAYMENT
TB,182D131125,GOI TBILL 182D-13/11/25,2025-11-11,,,,,,REDEMPTION
TB,182D201125,GOI TBILL 182D-20/11/25,2025-11-18,,,,,,REDEMPTION
TB,364D131125,GOI TBILL 364D-13/11/25,2025-11-11,,,,,,REDEMPTION
TB,364D211125,GOI TBILL 364D-21/11/25,2025-11-19,,,,,,REDEMPTION
SG,532AS25,SDL AS 5.32% 2025,2025-11-21,,,,,,REDEMPTION
SG,532CG25,SDL CG 5.32% 2025,2025-11-21,,,,,,REDEMPTION
SG,53BR25,SDL BR 5.3% 2025,2025-11-21,,,,,,REDEMPTION
SG,689TN25,SDL TN 6.89% 2025,2025-11-18,,,,,,REDEMPTION
SG,694TN25,SDL TN 6.94% 2025,2025-11-11,,,,,,REDEMPTION
N0,722UCL34,UCL 7.22% 2034,2025-11-11,,,2025-11-11,,,INTEREST PAYMENT
GS,761GS2030,GOI LOAN 7.61% 2030,2025-11-07,,,2025-11-07,,,INTEREST PAYMENT
N0,788MFL28,MF 7.88% 2028 Option I,2025-11-07,,,2025-11-07,,,INTEREST PAYMENT
N0,805MFL27,MFL 8.05% 2027,2025-11-10,,,2025-11-10,,,INTEREST PAYMENT
N0,815GIL29,GIL 8.15% 2029 Sr 02,2025-11-07,,,2025-11-07,,,INTEREST PAYMENT
GS,824GS2033,GOI LOAN 8.24% 2033,2025-11-07,,,2025-11-07,,,INTEREST PAYMENT
NW,850SCL25A,UNSE RE NCD 9.35% SR.X,2025-11-10,,,2025-11-10,,,INTEREST PAYMENT
UW,850SCL25A,UNSE RE NCD 9.35% SR.X,2025-11-10,,,2025-11-10,,,INTEREST PAYMENT
N0,860GFL27,GFL 8.60% 2027 Sr C1,2025-11-10,,,2025-11-10,,,INTEREST PAYMENT
NY,866SFIL23A,Sec Re NCD 9.57% Sr.VIII,2025-11-10,,,2025-11-10,,,INTEREST PAYMENT
UY,866SFIL23A,Sec Re NCD 9.57% Sr.VIII,2025-11-10,,,2025-11-10,,,INTEREST PAYMENT
NC,888SCL25D,SEC RE NCD 9.57% SR X,2025-11-11,,,2025-11-11,,,INTEREST PAYMENT
UC,888SCL25D,SEC RE NCD 9.57% SR X,2025-11-11,,,2025-11-11,,,INTEREST PAYMENT
N4,888SCL25E,SEC RE NCD 10.25% SR XII,2025-11-11,,,2025-11-11,,,INTEREST PAYMENT
U4,888SCL25E,SEC RE NCD 10.25% SR XII,2025-11-11,,,2025-11-11,,,INTEREST PAYMENT
MP,888SCL26,SEC RE NCD 8.88% SR II,2025-11-11,,,2025-11-11,,,INTEREST PAYMENT
YP,888SCL26,SEC RE NCD 8.88% SR II,2025-11-11,,,2025-11-11,,,INTEREST PAYMENT
NZ,890SFIL23A,Sec Re NCD 10.03% Sr.VIII,2025-11-10,,,2025-11-10,,,INTEREST PAYMENT
UZ,890SFIL23A,Sec Re NCD 10.03% Sr.VIII,2025-11-10,,,2025-11-10,,,INTEREST PAYMENT
N8,902SCL26,SEC RE NCD 9.02% SR V,2025-11-11,,,2025-11-11,,,INTEREST PAYMENT
U8,902SCL26,SEC RE NCD 9.02% SR V,2025-11-11,,,2025-11-11,,,INTEREST PAYMENT
MU,902SCL27,SEC RE NCD 9.02% SR V,2025-11-11,,,2025-11-11,,,INTEREST PAYMENT
YU,902SCL27,SEC RE NCD 9.02% SR V,2025-11-11,,,2025-11-11,,,INTEREST PAYMENT
N1,902SCL27C,Sec Re NCD 9.02% Sr V,2025-11-10,,,2025-11-10,,,INTEREST PAYMENT
U1,902SCL27C,Sec Re NCD 9.02% Sr V,2025-11-10,,,2025-11-10,,,INTEREST PAYMENT
TB,91D131125,GOI TBILL 91D-13/11/25,2025-11-11,,,,,,REDEMPTION
TB,91D201125,GOI TBILL 91D-20/11/25,2025-11-18,,,,,,REDEMPTION
MQ,925SCL26B,SEC RE NCD 9.25% SR II,2025-11-11,,,2025-11-11,,,INTEREST PAYMENT
YQ,925SCL26B,SEC RE NCD 9.25% SR II,2025-11-11,,,2025-11-11,,,INTEREST PAYMENT
N1,925SCL26F,Sec Re NCD 9.25% Sr II,2025-11-10,,,2025-11-10,,,INTEREST PAYMENT
U1,925SCL26F,Sec Re NCD 9.25% Sr II,2025-11-10,,,2025-11-10,,,INTEREST PAYMENT
AM,925SCL28,SEC RE NCD 9.25% SR.VIII,2025-11-10,,,2025-11-10,,,INTEREST PAYMENT
MZ,925SCL29,SEC RE NCD 9.25% SR VIII,2025-11-11,,,2025-11-11,,,INTEREST PAYMENT
YZ,925SCL29,SEC RE NCD 9.25% SR VIII,2025-11-11,,,2025-11-11,,,INTEREST PAYMENT
N1,925SCL29C,Sec Re NCD 9.25% Sr VIII,2025-11-10,,,2025-11-10,,,INTEREST PAYMENT
U1,925SCL29C,Sec Re NCD 9.25% Sr VIII,2025-11-10,,,2025-11-10,,,INTEREST PAYMENT
,931SFIL26A,SeReNCD8.75%SrVICI&II,2025-11-10,,,2025-11-10,,,INTEREST PAYMENT
UA,931SFIL26A,SeReNCD8.75%SrVICI&II,2025-11-10,,,2025-11-10,,,INTEREST PAYMENT
NV,935SCL28,UNSE RE NCD 8.89% SR.X,2025-11-10,,,2025-11-10,,,INTEREST PAYMENT
UV,935SCL28,UNSE RE NCD 8.89% SR.X,2025-11-10,,,2025-11-10,,,INTEREST PAYMENT
N9,948SCL26,SEC RE NCD 9.48% SR V,2025-11-11,,,2025-11-11,,,INTEREST PAYMENT
U9,948SCL26,SEC RE NCD 9.48% SR V,2025-11-11,,,2025-11-11,,,INTEREST PAYMENT
AI,948SCL26D,SEC RE NCD 9.48% SR.V,2025-11-10,,,2025-11-10,,,INTEREST PAYMENT
MV,948SCL27,SEC RE NCD 9.48% SR V,2025-11-11,,,2025-11-11,,,INTEREST PAYMENT
YV,948SCL27,SEC RE NCD 9.48% SR V,2025-11-11,,,2025-11-11,,,INTEREST PAYMENT
N1,948SCL27D,Sec Re NCD 9.48% Sr V,2025-11-10,,,2025-11-10,,,INTEREST PAYMENT
U1,948SCL27D,Sec Re NCD 9.48% Sr V,2025-11-10,,,2025-11-10,,,INTEREST PAYMENT
N0,950ISF27A,ISF 9.50% 2027,2025-11-07,,,2025-11-07,,,INTEREST PAYMENT
N0,950ISF27C,ISF 9.50% 2027,2025-11-08,,,2025-11-07,,,INTEREST PAYMENT
Z3,957SCL31,SEC RE NCD 9.57% SR X,2025-11-11,,,2025-11-11,,,INTEREST PAYMENT
NB,96SFIL24A,SeReNCD8.84%SrVICIII&IV,2025-11-10,,,2025-11-10,,,INTEREST PAYMENT
UB,96SFIL24A,SeReNCD8.84%SrVICIII&IV,2025-11-10,,,2025-11-10,,,INTEREST PAYMENT
AN,971SCL28,SEC RE NCD 9.71% SR.VIII,2025-11-10,,,2025-11-10,,,INTEREST PAYMENT
BU,971SCL28C,SEC RE NCD 9.25% SR VIII,2025-11-11,,,2025-11-11,,,INTEREST PAYMENT
Z0,971SCL29,SEC RE NCD 9.71% SR VIII,2025-11-11,,,2025-11-11,,,INTEREST PAYMENT
N1,971SCL29B,Sammaan Capital Limited,2025-11-10,,,2025-11-10,,,INTEREST PAYMENT
U1,971SCL29B,Sammaan Capital Limited,2025-11-10,,,2025-11-10,,,INTEREST PAYMENT
NT,975SCL28,SEC RE NCD 8.89% SR.VIII,2025-11-10,,,2025-11-10,,,INTEREST PAYMENT
UT,975SCL28,SEC RE NCD 8.89% SR.VIII,2025-11-10,,,2025-11-10,,,INTEREST PAYMENT
N3,980SCL33A,SEC RE NCD 9.80% SR XII,2025-11-11,,,2025-11-11,,,INTEREST PAYMENT
U3,980SCL33A,SEC RE NCD 9.80% SR XII,2025-11-11,,,2025-11-11,,,INTEREST PAYMENT
ND,980SCL33C,SEC RE NCD 10.03% SR X,2025-11-11,,,2025-11-11,,,INTEREST PAYMENT
UD,980SCL33C,SEC RE NCD 10.03% SR X,2025-11-11,,,2025-11-11,,,INTEREST PAYMENT
17,980SCL34,SEC RE NCD 9.80% SR XII,2025-11-11,,,2025-11-11,,,INTEREST PAYMENT
Z7,980SCL34,SEC RE NCD 9.80% SR XII,2025-11-11,,,2025-11-11,,,INTEREST PAYMENT
N1,980SCL34B,Sec Re NCD 9.80% Sr XII,2025-11-10,,,2025-11-10,,,INTEREST PAYMENT
U1,980SCL34B,Sec Re NCD 9.80% Sr XII,2025-11-10,,,2025-11-10,,,INTEREST PAYMENT
NU,98SFIL26,Sec Re NCD 9.80% Sr.V,2025-11-10,,,2025-11-10,,,INTEREST PAYMENT
UU,98SFIL26,Sec Re NCD 9.80% Sr.V,2025-11-10,,,2025-11-10,,,INTEREST PAYMENT
N0,98VFPL28,VFPL 9.80% 2028 Sr 17,2025-11-11,,,2025-11-11,,,INTEREST PAYMENT
N0,990CCSP27,CCSPL 9.90% 2027 Sr 02,2025-11-11,,,2025-11-11,,,INTEREST PAYMENT
BE,ACLGATI,Allcargo Gati Limited,2025-11-12,,,2025-11-12,,,MERGER
BL,ACLGATI,Allcargo Gati Limited,2025-11-12,,,2025-11-12,,,MERGER
EQ,ACLGATI,Allcargo Gati Limited,2025-11-12,,,2025-11-12,,,MERGER
IQ,ACLGATI,Allcargo Gati Limited,2025-11-12,,,2025-11-12,,,MERGER
BE,AJANTPHARM,Ajanta Pharma Ltd,2025-11-10,,,2025-11-10,,,INTDIV - RS 28 PER SH
BL,AJANTPHARM,Ajanta Pharma Ltd,2025-11-10,,,2025-11-10,,,INTDIV - RS 28 PER SH
EQ,AJANTPHARM,Ajanta Pharma Ltd,2025-11-10,,,2025-11-10,,,INTDIV - RS 28 PER SH
IQ,AJANTPHARM,Ajanta Pharma Ltd,2025-11-10,,,2025-11-10,,,INTDIV - RS 28 PER SH
T0,AJANTPHARM,Ajanta Pharma Ltd,2025-11-10,,,2025-11-10,,,INTDIV - RS 28 PER SH
TL,AJANTPHARM,Ajanta Pharma Ltd,2025-11-10,,,2025-11-10,,,INTDIV - RS 28 PER SH
BE,ALLCARGO, Allcargo Logistics Ltd,2025-11-12,,,2025-11-12,,,DEMERGER
BL,ALLCARGO, Allcargo Logistics Ltd,2025-11-12,,,2025-11-12,,,DEMERGER
EQ,ALLCARGO, Allcargo Logistics Ltd,2025-11-12,,,2025-11-12,,,DEMERGER
IQ,ALLCARGO, Allcargo Logistics Ltd,2025-11-12,,,2025-11-12,,,DEMERGER
SL,APS,Australian Prem Solar I L,2025-11-07,,,2025-11-07,,,INTDIV - RE 0.10 PER SH
SM,APS,Australian Prem Solar I L,2025-11-07,,,2025-11-07,,,INTDIV - RE 0.10 PER SH
SQ,APS,Australian Prem Solar I L,2025-11-07,,,2025-11-07,,,INTDIV - RE 0.10 PER SH
ST,APS,Australian Prem Solar I L,2025-11-07,,,2025-11-07,,,INTDIV - RE 0.10 PER SH
BE,APTUS,Aptus Value Hsg Fin I Ltd,2025-11-07,,,2025-11-07,,,INTDIV - RS 2 PER SH
BL,APTUS,Aptus Value Hsg Fin I Ltd,2025-11-07,,,2025-11-07,,,INTDIV - RS 2 PER SH
EQ,APTUS,Aptus Value Hsg Fin I Ltd,2025-11-07,,,2025-11-07,,,INTDIV - RS 2 PER SH
IQ,APTUS,Aptus Value Hsg Fin I Ltd,2025-11-07,,,2025-11-07,,,INTDIV - RS 2 PER SH
T0,APTUS,Aptus Value Hsg Fin I Ltd,2025-11-07,,,2025-11-07,,,INTDIV - RS 2 PER SH
TL,APTUS,Aptus Value Hsg Fin I Ltd,2025-11-07,,,2025-11-07,,,INTDIV - RS 2 PER SH
BE,ASTRAL,Astral Limited,2025-11-11,,,2025-11-11,,,INTDIV - RS 1.50 PER SH
BL,ASTRAL,Astral Limited,2025-11-11,,,2025-11-11,,,INTDIV - RS 1.50 PER SH
EQ,ASTRAL,Astral Limited,2025-11-11,,,2025-11-11,,,INTDIV - RS 1.50 PER SH
IQ,ASTRAL,Astral Limited,2025-11-11,,,2025-11-11,,,INTDIV - RS 1.50 PER SH
T0,ASTRAL,Astral Limited,2025-11-11,,,2025-11-11,,,INTDIV - RS 1.50 PER SH
TL,ASTRAL,Astral Limited,2025-11-11,,,2025-11-11,,,INTDIV - RS 1.50 PER SH
BE,AURIONPRO,Aurionpro Soln. Ltd.,2025-11-10,,,2025-11-10,,,INTDIV - RE 1 PER SH
BL,AURIONPRO,Aurionpro Solutions Limit,2025-11-10,,,2025-11-10,,,INTDIV - RE 1 PER SH
EQ,AURIONPRO,Aurionpro Solutions Limit,2025-11-10,,,2025-11-10,,,INTDIV - RE 1 PER SH
IQ,AURIONPRO,Aurionpro Solutions Limit,2025-11-10,,,2025-11-10,,,INTDIV - RE 1 PER SH
BE,BALKRISIND,BALKRISHNA IND. LTD,2025-11-07,,,2025-11-07,,,INTDIV - RS 4 PER SH
BL,BALKRISIND,Balkrishna Ind. Ltd,2025-11-07,,,2025-11-07,,,INTDIV - RS 4 PER SH
EQ,BALKRISIND,Balkrishna Ind. Ltd,2025-11-07,,,2025-11-07,,,INTDIV - RS 4 PER SH
IQ,BALKRISIND,Balkrishna Ind. Ltd,2025-11-07,,,2025-11-07,,,INTDIV - RS 4 PER SH
T0,BALKRISIND,Balkrishna Ind. Ltd,2025-11-07,,,2025-11-07,,,INTDIV - RS 4 PER SH
TL,BALKRISIND,Balkrishna Ind. Ltd,2025-11-07,,,2025-11-07,,,INTDIV - RS 4 PER SH
RR,BIRET,Brookfield India RET,2025-11-08,,,2025-11-07,,,DISTRIBUTION - RS 5.25
RT,BIRET,Brookfield India RET,2025-11-08,,,2025-11-07,,,DISTRIBUTION - RS 5.25
BE,BPCL,BHARAT PETROLEUM CORP  LT,2025-11-07,,,2025-11-07,,,INTDIV - RS 7.50 PER SH
BL,BPCL,Bharat Petroleum Ltd,2025-11-07,,,2025-11-07,,,INTDIV - RS 7.50 PER SH
EQ,BPCL,Bharat Petroleum Ltd,2025-11-07,,,2025-11-07,,,INTDIV - RS 7.50 PER SH
IQ,BPCL,Bharat Petroleum Ltd,2025-11-07,,,2025-11-07,,,INTDIV - RS 7.50 PER SH
T0,BPCL,Bharat Petroleum Ltd,2025-11-07,,,2025-11-07,,,INTDIV - RS 7.50 PER SH
TL,BPCL,Bharat Petroleum Ltd,2025-11-07,,,2025-11-07,,,INTDIV - RS 7.50 PER SH
BE,CAMS,Computer Age Mngt Ser Ltd,2025-11-07,,,2025-11-07,,,INTDIV - RS 14 PER SH
BL,CAMS,Computer Age Mngt Ser Ltd,2025-11-07,,,2025-11-07,,,INTDIV - RS 14 PER SH
EQ,CAMS,Computer Age Mngt Ser Ltd,2025-11-07,,,2025-11-07,,,INTDIV - RS 14 PER SH
IQ,CAMS,Computer Age Mngt Ser Ltd,2025-11-07,,,2025-11-07,,,INTDIV - RS 14 PER SH
T0,CAMS,Computer Age Mngt Ser Ltd,2025-11-07,,,2025-11-07,,,INTDIV - RS 14 PER SH
TL,CAMS,Computer Age Mngt Ser Ltd,2025-11-07,,,2025-11-07,,,INTDIV - RS 14 PER SH
BE,CHALET,Chalet Hotels Limited,2025-11-11,,,2025-11-11,,,DIV - RE 1 PER SH
BL,CHALET,Chalet Hotels Limited,2025-11-11,,,2025-11-11,,,DIV - RE 1 PER SH
EQ,CHALET,Chalet Hotels Limited,2025-11-11,,,2025-11-11,,,DIV - RE 1 PER SH
IQ,CHALET,Chalet Hotels Limited,2025-11-11,,,2025-11-11,,,DIV - RE 1 PER SH
T0,CHALET,Chalet Hotels Limited,2025-11-11,,,2025-11-11,,,DIV - RE 1 PER SH
TL,CHALET,Chalet Hotels Limited,2025-11-11,,,2025-11-11,,,DIV - RE 1 PER SH
BE,CHAMBLFERT,CHAMBAL FERTILIZERS LTD,2025-11-11,,,2025-11-11,,,INTDIV - RS 5 PER SH
BL,CHAMBLFERT,Chambal Fertilizers Ltd.,2025-11-11,,,2025-11-11,,,INTDIV - RS 5 PER SH
EQ,CHAMBLFERT,Chambal Fertilizers Ltd.,2025-11-11,,,2025-11-11,,,INTDIV - RS 5 PER SH
IQ,CHAMBLFERT,Chambal Fertilizers Ltd.,2025-11-11,,,2025-11-11,,,INTDIV - RS 5 PER SH
T0,CHAMBLFERT,Chambal Fertilizers Ltd.,2025-11-11,,,2025-11-11,,,INTDIV - RS 5 PER SH
TL,CHAMBLFERT,Chambal Fertilizers Ltd.,2025-11-11,,,2025-11-11,,,INTDIV - RS 5 PER SH
BE,DABUR,DABUR INDIA LTD,2025-11-07,,,2025-11-07,,,INTDIV - RS 2.75 PER SH
BL,DABUR,Dabur India Ltd.,2025-11-07,,,2025-11-07,,,INTDIV - RS 2.75 PER SH
EQ,DABUR,Dabur India Ltd.,2025-11-07,,,2025-11-07,,,INTDIV - RS 2.75 PER SH
IQ,DABUR,Dabur India Ltd.,2025-11-07,,,2025-11-07,,,INTDIV - RS 2.75 PER SH
T0,DABUR,Dabur India Ltd.,2025-11-07,,,2025-11-07,,,INTDIV - RS 2.75 PER SH
TL,DABUR,Dabur India Ltd.,2025-11-07,,,2025-11-07,,,INTDIV - RS 2.75 PER SH
RR,EMBASSY,Embassy Office Parks REIT,2025-11-08,,,2025-11-07,,,DISTRIBUTION - RS 6.51
RT,EMBASSY,Embassy Office Parks REIT,2025-11-08,,,2025-11-07,,,DISTRIBUTION - RS 6.51
E1,FUSIONPP,Fusion Finance Limited,2025-11-11,,,2025-11-11,,,FSTFINCL RS 65 PR SH
X1,FUSIONPP,Fusion Finance Limited,2025-11-11,,,2025-11-11,,,FSTFINCL RS 65 PR SH
BE,GHCL,GHCL Limited,2025-11-14,,,2025-11-14,,,BUY BACK
BL,GHCL,GHCL Limited,2025-11-14,,,2025-11-14,,,BUY BACK
EQ,GHCL,GHCL Limited,2025-11-14,,,2025-11-14,,,BUY BACK
IQ,GHCL,GHCL Limited,2025-11-14,,,2025-11-14,,,BUY BACK
BE,GODFRYPHLP,Godfrey Phillips-Depo,2025-11-10,,,2025-11-10,,,INTDIV - RS 17 PER SH
BL,GODFRYPHLP,Godfrey Phillips Ltd.,2025-11-10,,,2025-11-10,,,INTDIV - RS 17 PER SH
EQ,GODFRYPHLP,Godfrey Phillips Ltd.,2025-11-10,,,2025-11-10,,,INTDIV - RS 17 PER SH
IQ,GODFRYPHLP,Godfrey Phillips Ltd.,2025-11-10,,,2025-11-10,,,INTDIV - RS 17 PER SH
T0,GODFRYPHLP,Godfrey Phillips Ltd.,2025-11-10,,,2025-11-10,,,INTDIV - RS 17 PER SH
TL,GODFRYPHLP,Godfrey Phillips Ltd.,2025-11-10,,,2025-11-10,,,INTDIV - RS 17 PER SH
BE,GODREJCP,Godrej Cons Products Ltd ,2025-11-07,,,2025-11-07,,,INTDIV - RS 5 PER SH
BL,GODREJCP,Godrej Cons Products Ltd ,2025-11-07,,,2025-11-07,,,INTDIV - RS 5 PER SH
EQ,GODREJCP,Godrej Cons Products Ltd ,2025-11-07,,,2025-11-07,,,INTDIV - RS 5 PER SH
IQ,GODREJCP,Godrej Cons Products Ltd ,2025-11-07,,,2025-11-07,,,INTDIV - RS 5 PER SH
T0,GODREJCP,Godrej Cons Products Ltd ,2025-11-07,,,2025-11-07,,,INTDIV - RS 5 PER SH
TL,GODREJCP,Godrej Cons Products Ltd ,2025-11-07,,,2025-11-07,,,INTDIV - RS 5 PER SH
BE,GRSE,Garden Reach Ship,2025-11-11,,,2025-11-11,,,INTDIV - RS 5.75 PER SH
BL,GRSE,Garden Reach Ship,2025-11-11,,,2025-11-11,,,INTDIV - RS 5.75 PER SH
EQ,GRSE,Garden Reach Ship,2025-11-11,,,2025-11-11,,,INTDIV - RS 5.75 PER SH
IQ,GRSE,Garden Reach Ship,2025-11-11,,,2025-11-11,,,INTDIV - RS 5.75 PER SH
T0,GRSE,Garden Reach Ship,2025-11-11,,,2025-11-11,,,INTDIV - RS 5.75 PER SH
TL,GRSE,Garden Reach Ship,2025-11-11,,,2025-11-11,,,INTDIV - RS 5.75 PER SH
BE,HINDUNILVR,Hindustan Unilever Ltd,2025-11-07,,,2025-11-07,,,INTDIV - RS 19 PER SH
BL,HINDUNILVR,Hindustan Unilever Ltd,2025-11-07,,,2025-11-07,,,INTDIV - RS 19 PER SH
EQ,HINDUNILVR,Hindustan Unilever Ltd,2025-11-07,,,2025-11-07,,,INTDIV - RS 19 PER SH
IQ,HINDUNILVR,Hindustan Unilever Ltd,2025-11-07,,,2025-11-07,,,INTDIV - RS 19 PER SH
T0,HINDUNILVR,Hindustan Unilever Ltd,2025-11-07,,,2025-11-07,,,INTDIV - RS 19 PER SH
TL,HINDUNILVR,Hindustan Unilever Ltd,2025-11-07,,,2025-11-07,,,INTDIV - RS 19 PER SH
BE,IMFA,Indian Metals & Ferro,2025-11-11,,,2025-11-11,,,INTDIV - RS 5 PER SH
BL,IMFA,Indian Metals & Ferro,2025-11-11,,,2025-11-11,,,INTDIV - RS 5 PER SH
EQ,IMFA,Indian Metals & Ferro,2025-11-11,,,2025-11-11,,,INTDIV - RS 5 PER SH
IQ,IMFA,Indian Metals & Ferro,2025-11-11,,,2025-11-11,,,INTDIV - RS 5 PER SH
BE,INFY,Infosys Limited,2025-11-14,,,2025-11-14,,,BUY BACK
BL,INFY,Infosys Limited,2025-11-14,,,2025-11-14,,,BUY BACK
EQ,INFY,Infosys Limited,2025-11-14,,,2025-11-14,,,BUY BACK
IQ,INFY,Infosys Limited,2025-11-14,,,2025-11-14,,,BUY BACK
T0,INFY,Infosys Limited,2025-11-14,,,2025-11-14,,,BUY BACK
TL,INFY,Infosys Limited,2025-11-14,,,2025-11-14,,,BUY BACK
BE,LALPATHLAB,Dr. Lal Path Labs Ltd.,2025-11-07,,,2025-11-07,,,INTDIV - RS 7 PER SH
BL,LALPATHLAB,Dr. Lal Path Labs Ltd.,2025-11-07,,,2025-11-07,,,INTDIV - RS 7 PER SH
EQ,LALPATHLAB,Dr. Lal Path Labs Ltd.,2025-11-07,,,2025-11-07,,,INTDIV - RS 7 PER SH
IQ,LALPATHLAB,Dr. Lal Path Labs Ltd.,2025-11-07,,,2025-11-07,,,INTDIV - RS 7 PER SH
T0,LALPATHLAB,Dr. Lal Path Labs Ltd.,2025-11-07,,,2025-11-07,,,INTDIV - RS 7 PER SH
TL,LALPATHLAB,Dr. Lal Path Labs Ltd.,2025-11-07,,,2025-11-07,,,INTDIV - RS 7 PER SH
BE,MANAPPURAM,Manappuram Finance Ltd,2025-11-07,,,2025-11-07,,,INTDIV - RE 0.50 PER SH
BL,MANAPPURAM,Manappuram Finance Ltd,2025-11-07,,,2025-11-07,,,INTDIV - RE 0.50 PER SH
EQ,MANAPPURAM,Manappuram Finance Ltd,2025-11-07,,,2025-11-07,,,INTDIV - RE 0.50 PER SH
T0,MANAPPURAM,Manappuram Finance Ltd,2025-11-07,,,2025-11-07,,,INTDIV - RE 0.50 PER SH
TL,MANAPPURAM,Manappuram Finance Ltd,2025-11-07,,,2025-11-07,,,INTDIV - RE 0.50 PER SH
BE,METROPOLIS,Metropolis Healthcare Ltd,2025-11-11,,,2025-11-11,,,INTDIV - RS 4 PER SH
BL,METROPOLIS,Metropolis Healthcare Ltd,2025-11-11,,,2025-11-11,,,INTDIV - RS 4 PER SH
EQ,METROPOLIS,Metropolis Healthcare Ltd,2025-11-11,,,2025-11-11,,,INTDIV - RS 4 PER SH
IQ,METROPOLIS,Metropolis Healthcare Ltd,2025-11-11,,,2025-11-11,,,INTDIV - RS 4 PER SH
T0,METROPOLIS,Metropolis Healthcare Ltd,2025-11-11,,,2025-11-11,,,INTDIV - RS 4 PER SH
TL,METROPOLIS,Metropolis Healthcare Ltd,2025-11-11,,,2025-11-11,,,INTDIV - RS 4 PER SH
RR,MINDSPACE,Mindspace Business P REIT,2025-11-08,,,2025-11-07,,,DISTRIBUTION - RS 5.83
RT,MINDSPACE,Mindspace Business P REIT,2025-11-08,,,2025-11-07,,,DISTRIBUTION - RS 5.83
BE,NAVINFLUOR,Navin Fluorine Internatio,2025-11-07,,,2025-11-07,,,INTDIV - RS 6.50 PER SH
BL,NAVINFLUOR,Navin Fluorine Internatio,2025-11-07,,,2025-11-07,,,INTDIV - RS 6.50 PER SH
EQ,NAVINFLUOR,Navin Fluorine Internatio,2025-11-07,,,2025-11-07,,,INTDIV - RS 6.50 PER SH
IQ,NAVINFLUOR,Navin Fluorine Internatio,2025-11-07,,,2025-11-07,,,INTDIV - RS 6.50 PER SH
T0,NAVINFLUOR,Navin Fluorine Internatio,2025-11-07,,,2025-11-07,,,INTDIV - RS 6.50 PER SH
TL,NAVINFLUOR,Navin Fluorine Internatio,2025-11-07,,,2025-11-07,,,INTDIV - RS 6.50 PER SH
BE,NTPC,NTPC Limited,2025-11-07,,,2025-11-07,,,INTDIV - RS 2.75 PER SH
BL,NTPC,NTPC Limited,2025-11-07,,,2025-11-07,,,INTDIV - RS 2.75 PER SH
EQ,NTPC,NTPC Limited,2025-11-07,,,2025-11-07,,,INTDIV - RS 2.75 PER SH
IQ,NTPC,NTPC Limited,2025-11-07,,,2025-11-07,,,INTDIV - RS 2.75 PER SH
T0,NTPC,NTPC Limited,2025-11-07,,,2025-11-07,,,INTDIV - RS 2.75 PER SH
TL,NTPC,NTPC Limited,2025-11-07,,,2025-11-07,,,INTDIV - RS 2.75 PER SH
BE,NUVAMA,Nuvama Wealth Manage Ltd,2025-11-11,,,2025-11-11,,,INTDIV - RS 70 PER SH
BL,NUVAMA,Nuvama Wealth Manage Ltd,2025-11-11,,,2025-11-11,,,INTDIV - RS 70 PER SH
EQ,NUVAMA,Nuvama Wealth Manage Ltd,2025-11-11,,,2025-11-11,,,INTDIV - RS 70 PER SH
IQ,NUVAMA,Nuvama Wealth Manage Ltd,2025-11-11,,,2025-11-11,,,INTDIV - RS 70 PER SH
T0,NUVAMA,Nuvama Wealth Manage Ltd,2025-11-11,,,2025-11-11,,,INTDIV - RS 70 PER SH
TL,NUVAMA,Nuvama Wealth Manage Ltd,2025-11-11,,,2025-11-11,,,INTDIV - RS 70 PER SH
RR,NXST,Nexus Select Trust,2025-11-10,,,2025-11-10,,,DISTRIBUTION - RS 2.198
RT,NXST,Nexus Select Trust,2025-11-10,,,2025-11-10,,,DISTRIBUTION - RS 2.198
BE,OCCLLTD,OCCL Limited,2025-11-07,,,2025-11-07,,,INTDIV - RE 1 PER SH
BL,OCCLLTD,OCCL Limited,2025-11-07,,,2025-11-07,,,INTDIV - RE 1 PER SH
EQ,OCCLLTD,OCCL Limited,2025-11-07,,,2025-11-07,,,INTDIV - RE 1 PER SH
IQ,OCCLLTD,OCCL Limited,2025-11-07,,,2025-11-07,,,INTDIV - RE 1 PER SH
IV,PGINVIT,POWERGRID Infra. INVITs,2025-11-10,,,2025-11-10,,,DIV/DISTR - RS 3 PR UT
BE,POWERGRID,Power Grid Corporation of,2025-11-10,,,2025-11-10,,,INTDIV - RS 4.50 PER SH
BL,POWERGRID,Power Grid Corporation of,2025-11-10,,,2025-11-10,,,INTDIV - RS 4.50 PER SH
EQ,POWERGRID,Power Grid Corporation of,2025-11-10,,,2025-11-10,,,INTDIV - RS 4.50 PER SH
IQ,POWERGRID,Power Grid Corporation of,2025-11-10,,,2025-11-10,,,INTDIV - RS 4.50 PER SH
T0,POWERGRID,Power Grid Corporation of,2025-11-10,,,2025-11-10,,,INTDIV - RS 4.50 PER SH
TL,POWERGRID,Power Grid Corporation of,2025-11-10,,,2025-11-10,,,INTDIV - RS 4.50 PER SH
BE,ROUTE,ROUTE MOBILE LIMITED,2025-11-10,,,2025-11-10,,,INTDIV - RS 3 PER SH
BL,ROUTE,ROUTE MOBILE LIMITED,2025-11-10,,,2025-11-10,,,INTDIV - RS 3 PER SH
EQ,ROUTE,ROUTE MOBILE LIMITED,2025-11-10,,,2025-11-10,,,INTDIV - RS 3 PER SH
IQ,ROUTE,ROUTE MOBILE LIMITED,2025-11-10,,,2025-11-10,,,INTDIV - RS 3 PER SH
BE,RRKABEL,R R Kabel Limited,2025-11-07,,,2025-11-07,,,INTDIV - RS 4 PER SH
BL,RRKABEL,R R Kabel Limited,2025-11-07,,,2025-11-07,,,INTDIV - RS 4 PER SH
EQ,RRKABEL,R R Kabel Limited,2025-11-07,,,2025-11-07,,,INTDIV - RS 4 PER SH
IQ,RRKABEL,R R Kabel Limited,2025-11-07,,,2025-11-07,,,INTDIV - RS 4 PER SH
T0,RRKABEL,R R Kabel Limited,2025-11-07,,,2025-11-07,,,INTDIV - RS 4 PER SH
TL,RRKABEL,R R Kabel Limited,2025-11-07,,,2025-11-07,,,INTDIV - RS 4 PER SH
BE,SANOFI,Aventis Pharma Limited,2025-11-07,,,2025-11-07,,,INTDIV - RS 75 PER SH
BL,SANOFI,Aventis Pharma Limited,2025-11-07,,,2025-11-07,,,INTDIV - RS 75 PER SH
EQ,SANOFI,Aventis Pharma Limited,2025-11-07,,,2025-11-07,,,INTDIV - RS 75 PER SH
IQ,SANOFI,Aventis Pharma Limited,2025-11-07,,,2025-11-07,,,INTDIV - RS 75 PER SH
T0,SANOFI,Aventis Pharma Limited,2025-11-07,,,2025-11-07,,,INTDIV - RS 75 PER SH
TL,SANOFI,Aventis Pharma Limited,2025-11-07,,,2025-11-07,,,INTDIV - RS 75 PER SH
BE,SAREGAMA,SAREGAMA INDIA LIMITEDepo,2025-11-11,,,2025-11-11,,,INTDIV - RS 4.50 PER SH
BL,SAREGAMA,Saregama India Ltd.,2025-11-11,,,2025-11-11,,,INTDIV - RS 4.50 PER SH
EQ,SAREGAMA,Saregama India Ltd.,2025-11-11,,,2025-11-11,,,INTDIV - RS 4.50 PER SH
IQ,SAREGAMA,Saregama India Ltd.,2025-11-11,,,2025-11-11,,,INTDIV - RS 4.50 PER SH
GB,SGBNOV25,2.50% GOLDBONDS2025SR-VII,2025-11-11,,,,,,REDEMPTION
GB,SGBNOV258,2.50%GOLDBONDS2025SR-VIII,2025-11-18,,,,,,REDEMPTION
BE,SHRIRAMFIN,Shriram Finance Limited,2025-11-07,,,2025-11-07,,,INTDIV - RS 4.80 PER SH
BL,SHRIRAMFIN,Shriram Finance Limited,2025-11-07,,,2025-11-07,,,INTDIV - RS 4.80 PER SH
EQ,SHRIRAMFIN,Shriram Finance Limited,2025-11-07,,,2025-11-07,,,INTDIV - RS 4.80 PER SH
IQ,SHRIRAMFIN,Shriram Finance Limited,2025-11-07,,,2025-11-07,,,INTDIV - RS 4.80 PER SH
T0,SHRIRAMFIN,Shriram Finance Limited,2025-11-07,,,2025-11-07,,,INTDIV - RS 4.80 PER SH
TL,SHRIRAMFIN,Shriram Finance Limited,2025-11-07,,,2025-11-07,,,INTDIV - RS 4.80 PER SH
BE,SIYSIL,Siyaram Silk Mills Ltd,2025-11-11,,,2025-11-11,,,INTDIV - RS 4 PER SH
BL,SIYSIL,Siyaram Silk Mills Ltd,2025-11-11,,,2025-11-11,,,INTDIV - RS 4 PER SH
EQ,SIYSIL,Siyaram Silk Mills Ltd,2025-11-11,,,2025-11-11,,,INTDIV - RS 4 PER SH
IQ,SIYSIL,Siyaram Silk Mills Ltd,2025-11-11,,,2025-11-11,,,INTDIV - RS 4 PER SH
BE,STEELCAS,Steelcast Limited,2025-11-11,,,2025-11-11,,,INTDIV - RE 0.36 PER SH
BL,STEELCAS,Steelcast Limited,2025-11-11,,,2025-11-11,,,INTDIV - RE 0.36 PER SH
EQ,STEELCAS,Steelcast Limited,2025-11-11,,,2025-11-11,,,INTDIV - RE 0.36 PER SH
IQ,STEELCAS,Steelcast Limited,2025-11-11,,,2025-11-11,,,INTDIV - RE 0.36 PER SH
BE,WEBELSOLAR,Websol Energy System Ltd,2025-11-14,,,2025-11-14,,,FVSPLT FRM RS 10 TO RE 1
BL,WEBELSOLAR,Websol Energy System Ltd,2025-11-14,,,2025-11-14,,,FVSPLT FRM RS 10 TO RE 1
EQ,WEBELSOLAR,Websol Energy System Ltd,2025-11-14,,,2025-11-14,,,FVSPLT FRM RS 10 TO RE 1
IQ,WEBELSOLAR,Websol Energy System Ltd,2025-11-14,,,2025-11-14,,,FVSPLT FRM RS 10 TO RE 1
