SYMBOL,SERIES,SECURITY,HIGH/LOW
21STCENMGM,EQ,21ST CENTURY MGMT SERVICE,H
A2ZINFRA,EQ,A2Z INFRA ENGINEERING LTD,H
ABINFRA,EQ,A B INFRABUILD LIMITED,H
AILIMITED,SM,ABHISHEK INTEGRATIONS LTD,H
AISL,SM,ANI INTEGRATED SERV LTD.,H
ANKITMETAL,BZ,ANKIT MET & POW LTD,H
ANONDITA,ST,ANONDITA MEDICARE LIMITED,H
ANSALAPI,BZ,ANSAL PROP & INFRA LTD,H
ARSHIYA,BZ,ARSHIYA LIMITED,H
ARVINDPORT,SM,ARVIND PORT AND INFRA LTD,H
ATLANTAELE,EQ,ATLANTA ELECTRICALS LTD,H
BAFNAPH,BE,BAFNA PHARMACEUTICALS LTD,H
BALAJIPHOS,ST,BALAJI PHOSPHATES LIMITED,H
BCONCEPTS,BE,BRAND CONCEPTS LIMITED,H
BEWLTD,SM,BEW ENGINEERING LIMITED,H
CEREBRAINT,BZ,CEREBRA INT TECH LTD,H
CPPLUS,EQ,ADITYA INFOTECH LIMITED,H
CURAA,BE,CURA TECHNOLOGIES LIMITED,H
DHARAN,BZ,DHARAN INFRA-EPC LIMITED,H
ESFL,SM,ESSEN SPECIALITY FILMS L,H
ESSARSHPNG,BE,ESSAR SHIPPING LTD,H
EXCEL,BE,EXCEL REALTY N INFRA LTD,H
FLFL,BZ,FUT LIFESTYLE FASH LTD,H
GAYAHWS,BE,GAYATRI HIGHWAYS LIMITED,H
GRCL,SM,GAYATRI RUBB AND CHEM LTD,H
GSTL,SM,GLOBESECURE TECHNO LTD,H
GVKPIL,BE,GVK POW. & INFRA LTD.,H
HBSL,EQ,HB STOCKHOLDINGS LIMITED,H
HNGSNGBEES,EQ,NIP IND ETF HANGSENG BEES,H
HRHNEXT,SM,HRH NEXT SERVICES LIMITED,H
HYBRIDFIN,BE,HYBRID FINANCIAL SERVICE,H
IDEALTECHO,ST,IDEAL TECHNOPLAST IND LTD,H
IEML-RE,ST,INDIAN EMULSIFERS LTD,H
IL&FSTRANS,BZ,IL&FS TRANS NET LTD,H
INSPIRISYS,EQ,INSPIRISYS SOLUTIONS LTD,H
IRIS,EQ,IRIS BUSINESS SERV LTD,H
ISHAN,SM,ISHAN INTERNATIONAL LTD,H
ITTL,ST,INNOVATIVE TYRE & TUBE LT,H
IWARE,ST,IWARE SUPPLYCHAIN SER LTD,H
JITFINFRA,BE,JITF INFRALOGISTICS LTD,H
JSWHL,EQ,JSW HOLDINGS LIMITED,H
JUBLCPL,BE,JUBILANT AGRI N CON PRO L,H
KANDARP,ST,KANDARP DG SMART BPO LTD,H
KAVDEFENCE,BE,KAVVERI DFS & WIR TEC LTD,H
KCEIL,SM,KAY CEE ENERGY & INFRA L,H
KORE,SM,JAY JALARAM TECHNO LTD,H
LAKSHYA,SM,LAKSHYA POWERTECH LIMITED,H
LANCORHOL,EQ,LANCOR HOLDINGS LIMITED,H
MAFANG,EQ,MIRAEAMC - MAFANG,H
MAHASTEEL,BE,MAHAMAYA STEEL INDS LTD,H
MAHKTECH,EQ,MIRAEAMC - MAHKTECH,H
MASPTOP50,EQ,MIRAEAMC - MASPTOP50,H
MBEL,EQ,M AND B ENGINEERING LTD,H
MEGAFLEX,SM,MEGA FLEX PLASTICS LTD,H
MEP,BZ,MEP INFRA. DEVELOPERS LTD,H
MODTHREAD,EQ,MODERN THREADS INDIA LTD,H
MOXSH,ST,MOXSH OVERSEAS EDUCON LTD,H
NAVKARURB,BE,NAVKAR URBANSTRUCTURE LTD,H
NECLIFE,BE,NECTAR LIFESCIENCES LTD.,H
NEXTMEDIA,EQ,NEXT MEDIAWORKS LIMITED,H
NIRAJISPAT,EQ,NIRAJ ISPAT IND LTD,H
NURECA,BE,NURECA LIMITED,H
ONELIFECAP,EQ,ONELIFE CAP ADVISORS LTD,H
ORTEL,BZ,ORTEL COMMUNICATIONS LTD,H
PIGL,BE,POWER INSTRUMENT (G) LTD,H
PIRAMALFIN,BE,PIRAMAL FINANCE LIMITED,H
QUADPRO,SM,QUADPRO ITES LIMITED,H
RELIABLE,BE,RELIABLE DATA SERVICE LTD,H
SADHNANIQ,BE,SADHANA NITROCHEM LIMITED,H
SANCO,BZ,SANCO INDUSTRIES LIMITED,H
SECMARK,EQ,SECMARK CONSULTANCY LTD,H
SETUINFRA,BZ,SETUBANDHAN INFRA LTD,H
SHANTHALA,ST,SHANTHALA FMCG PRODUCTS L,H
SHRIAHIMSA,ST,SHRI AHIMSA NATURALS LTD,H
SIDDHIKA,SM,SIDDHIKA COATINGS LIMITED,H
SPCENET,BE,SPACENET ENTERS IND LTD,H
SRD,BE,SHANKAR LAL RAMPAL LTD,H
SRPL,BZ,SHREE RAM PROTEINS LTD.,H
SUMEETINDS,BE,SUMEET IND LIMITED,H
SWANDEF,BE,SWAN DEFENCE N HEVY IND L,H
TECHLABS,SM,TRIDENT TECHLABS LIMITED,H
TECILCHEM,BE,TECIL CHEMICALS,H
TEJASCARGO,ST,TEJAS CARGO INDIA LIMITED,H
TEMBO,EQ,TEMBO GLOBAL IND LTD,H
THANGAMAYL,EQ,THANGAMAYIL JEWELLERY LTD,H
TREJHARA,BE,TREJHARA SOLUTIONS LTD,H
VHL,BE,VARDHMAN HOLDINGS LIMITED,H
VISAMAN,ST,VISAMAN GLOBAL SALES LTD,H
WINSOME,BZ,WINSOME YARNS LIMITED,H
ZUARI,EQ,ZUARI AGRO CHEMICALS LTD,H
1035UCL26,NA,SEC RE NCD 10.35% SR III,L
669GJ34,SG,SDL GJ 6.69% 2034,L
AARADHYA,ST,AARADHYA DISPOSAL INDUS L,L
ABMINTLLTD,BE,ABM INTERNATIONAL LTD,L
AGUL,SM,A G UNIVERSAL LIMITED,L
ALPSINDUS,BE,ALPS INDUSTRIES LTD.,L
AMJUMBO,SM,A AND M JUMBO BAGS LTD,L
ANSALAPI,BZ,ANSAL PROP & INFRA LTD,L
ASMS,BE,BARTRONICS INDIA LIMITED,L
AURIGROW,EQ,AURI GROW INDIA LIMITED,L
AXISCADES,BE,AXISCADES TECH LTD,L
BCONCEPTS,BE,BRAND CONCEPTS LIMITED,L
BOSS,SM,BOSS PACKAGING SOLU LTD,L
BULKCORP,SM,BULKCORP INTERNATIONAL L,L
CEREBRAINT,BZ,CEREBRA INT TECH LTD,L
COMMITTED,ST,COMMITTED CARGO CARE LTD,L
CYBERTECH,BE,CYBERTECH SYSTEMS & SOFTW,L
DIVYADHAN,SM,DIVYADHAN RECYCLING IND L,L
DRONE,SM,DRONE DESTINATION LIMITED,L
ESSARSHPNG,BE,ESSAR SHIPPING LTD,L
FEL,BZ,FUTURE ENTERPRISES LTD,L
FMNL,BE,FUTURE MKT NETWORKS LTD,L
GENSOL,BZ,GENSOL ENGINEERING LTD,L
GIRIRAJ,SM,GIRIRAJ CIVIL DEVP LTD,L
GSTL,SM,GLOBESECURE TECHNO LTD,L
GUJRAFFIA,BE,GUJARAT RAFFIA INDUST LTD,L
HIRECT,EQ,HIND RECTIFIER LIMITED,L
HPTL,ST,HP TELECOM INDIA LIMITED,L
IL&FSENGG,BZ,IL&FS ENG AND CONS CO LTD,L
INFOMEDIA,BE,INFOMEDIA PRESS LIMITED,L
INNOMET,SM,INNOMET ADVANCED MATERI L,L
IWARE,ST,IWARE SUPPLYCHAIN SER LTD,L
JAYBARMARU,BE,JAYBHARATMARU-,L
KCK,ST,KCK INDUSTRIES LTD,L
KIOCL,EQ,KIOCL LIMITED,L
LAKPRE,BZ,LAKSHMI PRE SCRE LTD,L
LRRPL,SM,LEAD REC AND RUB PROD LTD,L
MAL,SM,MANGALAM ALLOYS LIMITED,L
MARINETRAN,SM,MARINETRANS INDIA LIMITED,L
MEDIORG,SM,MEDICAMEN ORGANICS LTD,L
MEGAFLEX,SM,MEGA FLEX PLASTICS LTD,L
MEGASOFT,BE,MEGASOFT LTD,L
MIEL,ST,MANGLAM INFRA & ENG LTD,L
MORARJEE,BZ,MORARJEE TEXTILES LIMITED,L
NACLIND,BE,NACL INDUSTRIES LIMITED,L
NAGREEKCAP,BE,NAGREEKA CAP & INFR.LTD,L
NARMADA,BE,NARMADA AGROBASE LIMITED,L
NAVKARURB,BE,NAVKAR URBANSTRUCTURE LTD,L
NEWJAISA,ST,NEWJAISA TECHNOLOGIES LTD,L
NILASPACES,BE,NILA SPACES LIMITED,L
NIRMAN,SM,NIRMAN AGRI GENTICS LTD,L
ONELIFECAP,EQ,ONELIFE CAP ADVISORS LTD,L
PARTH,ST,PARTH ELEC & ENG LTD,L
PULZ,SM,PULZ ELECTRONICS LIMITED,L
RAJRILTD,BE,RAJ RAYON INDUSTRIES LTD,L
RELINFRA,BE,RELIANCE INFRASTRUCTU LTD,L
REXPIPES,ST,REX PIPES AND CABLES LTD,L
RICHA,ST,RICHA INFO SYSTEMS LTD,L
ROCK-RE,ST,ROCKINGDEALS CIR ECO LTD,L
RSSOFTWARE,EQ,R. S. SOFTWARE (INDIA) LI,L
SAATVIKGL,EQ,SAATVIK GREEN ENERGY LTD,L
SAMAY,ST,SAMAY PROJECT SERVICES L,L
SANCO,BZ,SANCO INDUSTRIES LIMITED,L
SANWARIA,BZ,SANWARIA CONSUMER LIMITED,L
SEJALLTD,BE,SEJAL GLASS LIMITED,L
SEMAC,EQ,SEMAC CONSTRUCTION LTD,L
SIMBHALS,BZ,SIMBHAOLI SUGARS LTD.,L
SITINET,BZ,SITI NETWORKS LIMITED,L
SOLEX,EQ,SOLEX ENERGY LIMITED,L
SOMATEX,BE,SOMA TEXTILEI NDUSTRIES L,L
SPCENET,BE,SPACENET ENTERS IND LTD,L
SPRL,ST,SP REFRACTORIES LIMITED,L
STALLION,BE,STALLION IND FLUOROCHEM L,L
SYNOPTICS,SM,SYNOPTICS TECHNOLOGIES L,L
TAC,ST,TAC INFOSEC LIMITED,L
TARAPUR,BE,TARAPUR TRANSFORMERS LTD,L
TEAMGTY,BE,TEAM INDIA GUARANTY LTD,L
TECHD,ST,TECHD CYBERSECURITY LTD,L
TECHERA,ST,TECHERA ENGINEER (IND) L,L
TERASOFT,BE,TERA SOFTWARE LIMITED,L
TGL,SM,TEERTH GOPICON LIMITED,L
TRANSWIND,SM,TRANSWIND INFRA LIMITED,L
TRUST,ST,TRUST FINTECH LIMITED,L
V2RETAIL,EQ,V2 RETAIL LIMITED,L
VERTEXPLUS,ST,VERTEXPLUS TECHNOLOGIES L,L
VILINBIO,SM,VILIN BIO MED LIMITED,L
VISASTEEL,BE,VISA STEEL LIMITED,L
VITAL,SM,VITAL CHEMTECH LIMITED,L
VLEGOV,EQ,VL E GOV AND IT SOL LTD,L
VOLERCAR,ST,VOLER CAR LIMITED,L
WELINV,BE,WELSPUN INV & COMM LTD,L
WINSOME,BZ,WINSOME YARNS LIMITED,L
YESBANK,T0,YES BANK LIMITED,L
ZODIAC,EQ,ZODIAC ENERGY LIMITED,L
