SECURITY,NEW,PREVIOUS,NEW_STATUS
ADITYA BIRLA CAPITAL LTD.     ,345.40,336.00,H
ADITYA INFOTECH LIMITED       ,1544.20,1476.00,H
AIMTRON ELECTRONICS LTD       ,925.00,899.00,H
ANAND RATHI SH N STK BR L     ,593.90,555.05,H
ANONDITA MEDICARE LIMITED     ,638.00,629.00,H
ASL INDUSTRIES LIMITED        ,88.50,86.80,H
ATLANTA ELECTRICALS LTD       ,1097.85,1068.95,H
CCL PRODUCTS (I) LTD          ,1034.50,1004.00,H
CHAMAN METALLICS LIMITED      ,180.00,178.80,H
CUMMINS INDIA LTD             ,4495.00,4402.90,H
DHARIWALCORP LIMITED          ,303.00,258.00,H
DIVINE HIRA JEWELLERS LTD     ,124.50,121.40,H
EPACK PREFAB TECHN LTD        ,344.00,332.00,H
EURO PRATIK SALES LIMITED     ,332.70,330.00,H
GARUDA CONSTRUCT N ENG L      ,249.30,241.39,H
HOAC FOODS INDIA LIMITED      ,299.00,289.00,H
IFB AGRO INDUSTRIES LTD       ,1542.50,1529.60,H
INTERARCH BLDNG SOLTN LTD     ,2616.00,2400.00,H
L&T FINANCE LIMITED           ,305.40,284.45,H
LE MERITE EXPORTS LIMITED     ,506.00,496.00,H
M AND B ENGINEERING LTD       ,524.85,494.00,H
MAHAMAYA STEEL INDS LTD       ,663.65,637.30,H
PENNAR INDUSTRIES LTD         ,279.90,275.25,H
PIRAMAL FINANCE LIMITED       ,1323.00,1124.20,H
PRIVI SPECIALITY CHE LTD      ,3420.80,3343.00,H
ROCKINGDEALS CIR ECO LTD      ,43.85,73.05,H
S.A.L. STEEL LTD.             ,41.69,40.88,H
SBI LIFE INSURANCE CO LTD     ,2004.00,1997.30,H
SENORES PHARMACEUTICALS L     ,832.00,828.90,H
SHREEJI SHIPPING GLOBAL L     ,278.10,276.90,H
SHRI AHIMSA NATURALS LTD      ,266.80,264.20,H
SILVER TOUCH TECHNO LTD       ,848.00,844.65,H
STUDDS ACCESSORIES LTD        ,585.00,585.00,H
SUNLITE RECYCLING IND LTD     ,265.80,249.00,H
SWAN DEFENCE N HEVY IND L     ,895.05,852.45,H
TEJAS CARGO INDIA LIMITED     ,330.15,327.00,H
THANGAMAYIL JEWELLERY LTD     ,3389.30,3144.10,H
VERTIS INFRASTRUCTURE TST     ,109.00,108.00,H
VINTAGE COFFEE N BVRGS L      ,173.76,172.00,H
ZERODHAAMC - LTGILTCASE       ,30.58,30.56,H
3I INFOTECH LIMITED           ,16.69,16.97,L
ADITYA BIRLA LIFES BRAN L     ,128.73,129.50,L
AMANTA HEALTHCARE LIMITED     ,118.63,119.10,L
ANMOL INDIA LIMITED           ,12.90,13.35,L
ANTHEM BIOSCIENCES LTD        ,686.00,690.50,L
ASTRON PAPER BORD MIL LTD     ,9.40,9.56,L
BAWEJA STUDIOS LIMITED        ,41.00,42.40,L
CAPITAL TRUST LTD             ,4.06,4.22,L
CHETANA EDUCATION LIMITED     ,67.50,69.00,L
CLEAN SCIENCE & TECH LTD      ,930.30,960.00,L
DIGIKORE STUDIOS LIMITED      ,72.25,73.50,L
DIGITIDE SOLUTIONS LTD        ,145.58,147.25,L
DSPAMC - FLEXIADD             ,10.48,10.50,L
DUDIGITAL GLOBAL LIMITED      ,30.05,32.05,L
EFC (I) LIMITED               ,268.55,269.65,L
FISCHER MEDICAL VENTURE L     ,90.51,91.53,L
FUTURE ENTERPRISES LTD        ,0.40,0.41,L
GANESH CONSUMER PRODUCT L     ,250.10,261.00,L
GEM AROMATICS LIMITED         ,210.23,211.25,L
GENSOL ENGINEERING LTD        ,28.22,29.71,L
GLOBESECURE TECHNO LTD        ,5.95,6.25,L
GLOTTIS LIMITED               ,68.06,68.80,L
GO FASHION INDIA LTD          ,624.00,627.65,L
GROWWAMC - GROWWSC250         ,9.70,9.84,L
HDB FINANCIAL SERVICES L      ,705.05,718.85,L
HIGHWAY INFRASTRUCTURE L      ,73.00,73.60,L
INDIAN EMULSIFIERS LTD        ,94.00,94.90,L
JHS SVENDGAARD RETAIL V L     ,30.75,31.20,L
JSW CEMENT LIMITED            ,125.07,128.00,L
JTL INDUSTRIES LIMITED        ,58.82,59.70,L
KOTAKMAMC - MOMENTUM30        ,30.55,31.10,L
LG ELECTRONICS INDIA LTD      ,1581.10,1590.00,L
MANAS POLYMER N ENERGIE L     ,99.00,100.30,L
MOTILALAMC - MONIFTY100       ,26.05,26.16,L
MUSIC BROADCAST LIMITED       ,6.78,6.85,L
PATEL RETAIL LIMITED          ,211.25,215.56,L
PAVNA INDUSTRIES LIMITED      ,32.35,32.60,L
PICTUREPOST STUDIOS LTD       ,11.15,11.55,L
PIRAMAL FINANCE LIMITED       ,1260.00,1124.20,L
PLADA INFOTECH SERVICES L     ,15.55,16.00,L
PLAZA WIRES LIMITED           ,45.00,47.00,L
PRIMO CHEMICALS LIMITED       ,22.10,22.15,L
R K SWAMY LIMITED             ,122.00,127.00,L
RACE ECO CHAIN LIMITED        ,201.83,203.05,L
RAJSHREE POLYPACK LTD         ,18.15,18.91,L
ROCKINGDEALS CIR ECO LTD      ,43.85,73.05,L
ROLEX RINGS LIMITED           ,110.66,111.00,L
ROTO PUMPS LIMITED            ,64.74,66.65,L
SAPPHIRE FOODS INDIA LTD      ,267.25,271.40,L
SESHAASAI TECHNOLOGIES L      ,355.15,357.00,L
SHEETAL COOL PRODUCTS LTD     ,226.00,226.35,L
SIDDHI COTSPIN LIMITED        ,32.50,32.60,L
SPENCER S RETAIL LIMITED      ,46.82,48.22,L
SRI LOTUS DEVLPRS N RTY L     ,172.10,172.50,L
STANLEY LIFESTYLES LTD        ,256.00,258.60,L
STUDDS ACCESSORIES LTD        ,557.00,585.00,L
SUKHJIT STARCH & CHEM LTD     ,159.39,160.00,L
SURAJ LIMITED                 ,275.05,277.10,L
SUYOG TELEMATICS LIMITED      ,721.65,726.00,L
TARSONS PRODUCTS LIMITED      ,269.05,280.00,L
TEERTH GOPICON LIMITED        ,38.50,40.50,L
TIGER LOGISTICS (INDIA) L     ,40.56,41.11,L
UDAYSHIVAKUMAR INFRA LTD      ,25.00,25.07,L
UPDATER SERVICES LIMITED      ,198.01,198.32,L
URBAN COMPANY LIMITED         ,139.64,143.00,L
UTKARSH SMALL FIN BANK L      ,15.35,17.01,L
VIKRAM SOLAR LIMITED          ,310.05,312.50,L
VISHNU PRAKASH R PUNGLI L     ,86.60,88.00,L
VISHWARAJ SUGAR IND LTD       ,7.67,7.70,L
VISHWAS AGRI SEEDS LTD        ,47.50,48.00,L
VL E GOV AND IT SOL LTD       ,20.18,21.25,L
VMS TMT LIMITED               ,64.18,66.30,L
ZERODHAAMC - NIFTYCASE        ,10.09,10.15,L
