SYMBOL,SERIES,SECURITY,HIGH/LOW
10SCL30A,BV,SEC RE NCD 9.71% SR VIII,H
ABAN,BE,ABAN OFFSHORE LTD.,H
ABMINTLLTD,EQ,ABM INTERNATIONAL LTD,H
ACCPL,ST,ACCRETION PHARMA LIMITED,H
AGUL,SM,A G UNIVERSAL LIMITED,H
AURIGROW,BE,AURI GROW INDIA LIMITED,H
AUSOMENT,EQ,AUSOM ENTERPRISE LIMITED,H
AWHCL,EQ,ANTONY WASTE HDG CELL LTD,H
BALCO,SM,SOLVE PLASTIC PRODUCTS L,H
BGRENERGY,EQ,BGR ENERGY SYSTEMS LTD,H
BIKEWO,ST,BIKEWO GREEN TECH LIMITED,H
BLUECOAST,EQ,BLUE COAST HOTELS LIMITED,H
BUILDPRO,BE,SHANKARA BUILDPRO LIMITED,H
CBAZAAR,ST,NET AVENUE TECHNOLOGIES L,H
CCCL,BE,CONS. CONST. CONSORT LTD,H
CEDAAR,SM,CEDAAR TEXTILE LIMITED,H
CTE,EQ,CAMBRIDGE TECH ENTER LTD,H
DHARAN,BZ,DHARAN INFRA-EPC LIMITED,H
DIGJAMLMTD,EQ,DIGJAM LTD,H
E2E,EQ,E2E NETWORKS LIMITED,H
E2ERAIL,ST,E TO E TRANS INFRA LTD,H
EMKAY,EQ,EMKAY GLOBAL FIN SERV LTD,H
ESCONET,SM,ESCONET TECHNOLOGIES LTD,H
ESSARSHPNG,BE,ESSAR SHIPPING LTD,H
EXCEL,EQ,EXCEL REALTY N INFRA LTD,H
FEL,BZ,FUTURE ENTERPRISES LTD,H
FELDVR,BZ,FUTURE ENTERPRISES LTD,H
FLFL,BZ,FUT LIFESTYLE FASH LTD,H
FLYSBS,SM,FLYSBS AVIATION LIMITED,H
GUJRAFFIA,BE,GUJARAT RAFFIA INDUST LTD,H
GURUNANAK,SM,GURUNANAK AGRICULTUR IN L,H
HECPROJECT,EQ,HEC INFRA PROJECTS LTD,H
HNGSNGBEES,EQ,NIP IND ETF HANGSENG BEES,H
HRHNEXT,SM,HRH NEXT SERVICES LIMITED,H
IBULLSLTD,EQ,INDIABULLS LIMITED,H
IFBAGRO,EQ,IFB AGRO INDUSTRIES LTD,H
IL&FSENGG,BZ,IL&FS ENG AND CONS CO LTD,H
IMPEXFERRO,BZ,IMPEX FERRO TECH LIMITED,H
KESORAMIND,BE,KESORAM INDUSTRIES LTD,H
LRRPL,SM,LEAD REC AND RUB PROD LTD,H
MAFANG,EQ,MIRAEAMC - MAFANG,H
MAHKTECH,EQ,MIRAEAMC - MAHKTECH,H
MANAKALUCO,EQ,MANAK ALUMINIUM CO. LTD.,H
MANGALAM,BE,MANGALAM DRUG & CHEM LTD,H
MASKINVEST,BE,MASK INVESTMENTS LIMITED,H
MASPTOP50,EQ,MIRAEAMC - MASPTOP50,H
MAYASHEEL,ST,MAYASHEEL VENTURES LTD,H
MCL,BE,MADHAV COPPER LIMITED,H
MCLEODRUSS,EQ,MCLEOD RUSSEL INDIA LTD.,H
MILTON,SM,MILTON INDUSTRIES LIMITED,H
MIRCELECTR,EQ,MIRC ELECTRONICS LTD,H
MTEDUCARE,BE,MT EDUCARE LTD,H
NAGREEKCAP,BE,NAGREEKA CAP & INFR.LTD,H
NAVKARURB,BE,NAVKAR URBANSTRUCTURE LTD,H
NURECA,EQ,NURECA LIMITED,H
ODIGMA,EQ,ODIGMA CONSULTANCY SOL L,H
OSELDEVICE,ST,OSEL DEVICES LIMITED,H
OWAIS,SM,OWAIS METAL & MINERAL,H
PARTH,SM,PARTH ELEC & ENG LTD,H
POLYSIL,ST,POLYSIL IRRIGATION SYST L,H
PRAENG,BE,PRAJAY ENG. SYN. LTD.,H
PRECISION,SM,PRECISION METALIKS LTD,H
PREMIER,BE,PREMIER LIMITED,H
PRUDMOULI,EQ,PRUDENTIAL SUGAR CORPORAT,H
RAJESHEXPO,BZ,RAJESH EXPORTS LTD,H
RHFL,BZ,RELIANCE HOME FINANCE LTD,H
ROLLT,BE,ROLLATAINERS LIMITED,H
SAIFL,SM,SAMEERA AGRO AND INFRA L,H
SANWARIA,BZ,SANWARIA CONSUMER LIMITED,H
SHANTHALA,ST,SHANTHALA FMCG PRODUCTS L,H
SHRIKANHA,SM,SHRI KANHA STAINLESS LTD,H
SICALLOG,BE,SICAL LOGISTICS LIMITED,H
SILLYMONKS,BE,SILLY MONKS ENTERTAIN LTD,H
SILVERTUC,EQ,SILVER TOUCH TECHNO LTD,H
SITINET,BZ,SITI NETWORKS LIMITED,H
SOCL,SM,SUNDREX OIL COMPANY LTD,H
SOTAC,SM,SOTAC PHARMACEUTICALS LTD,H
SRPL,BZ,SHREE RAM PROTEINS LTD.,H
SUNLITE,ST,SUNLITE RECYCLING IND LTD,H
SURANI,SM,SURANI STEEL TUBES LTD.,H
TECHERA,ST,TECHERA ENGINEER (IND) L,H
TEJASCARGO,SM,TEJAS CARGO INDIA LIMITED,H
TEMBO,EQ,TEMBO GLOBAL IND LTD,H
TPHQ,EQ,TEAMO PRODUCTIONS HQ LTD,H
TVVISION,BE,TV VISION LIMITED,H
UNITEDPOLY,BE,UNITED POLYFAB GUJ. LTD.,H
USK,EQ,UDAYSHIVAKUMAR INFRA LTD,H
VARDMNPOLY,EQ,VARDHMAN POLYTEX LTD.,H
VCL,BE,VAXTEX COTFAB LIMITED,H
VIESL,ST,VISION INFRA EQUIP SOL L,H
VIJIFIN,EQ,VIJI FINANCE LIMITED,H
VSCL,SM,VADIVARHE SPCLTY CHEM LTD,H
21STCENMGM,EQ,21ST CENTURY MGMT SERVICE,L
ACCORD,SM,ACCORD SYNERGY LIMITED,L
AGUL,SM,A G UNIVERSAL LIMITED,L
AKIKO,ST,AKIKO GLOBAL SERVICES L,L
AMEYA,SM,AMEYA PRECISION ENG LTD,L
ANSALAPI,BZ,ANSAL PROP & INFRA LTD,L
ARHAM,ST,ARHAM TECHNOLOGIES LTD,L
ARVINDPORT,SM,ARVIND PORT AND INFRA LTD,L
ASPIRE,SM,ASPIRE & INNOVATIVE ADV L,L
ASTRON,EQ,ASTRON PAPER BORD MIL LTD,L
BHAGYANGR,BE,BHAGYANAGAR INDIA LIMITED,L
BIKEWO,ST,BIKEWO GREEN TECH LIMITED,L
BLUECHIP,BE,BLUE CHIP INDIA LIMITED,L
BOSS,SM,BOSS PACKAGING SOLU LTD,L
COMPINFO,BZ,COMPUAGE INFOCOM LTD,L
CYBERMEDIA,EQ,CYBER MEDIA (INDIA) LTD.,L
DESTINY,SM,DESTINY LOGISTICS & I LTD,L
DHARAN,BZ,DHARAN INFRA-EPC LIMITED,L
DIL,BZ,DEBOCK INDUSTRIES LIMITED,L
EFACTOR,ST,E FACTOR EXPERIENCES LTD,L
ESFL,SM,ESSEN SPECIALITY FILMS L,L
EXIMROUTES,ST,EXIM ROUTES LIMITED,L
FEL,BZ,FUTURE ENTERPRISES LTD,L
FELDVR,BZ,FUTURE ENTERPRISES LTD,L
FORGEAUTO,SM,FORGE AUTO INTERNATION L,L
GANESHIN,SM,GANESH INFRAWORLD LIMITED,L
GCSL,BE,GRETEX CORPORATE SERVICES,L
GIRIRAJ,SM,GIRIRAJ CIVIL DEVP LTD,L
GML,ST,GALAXY MEDICARE LIMITED,L
GOLDSTAR,SM,GOLDSTAR POWER LIMITED,L
GVKPIL,BE,GVK POW. & INFRA LTD.,L
HARDWYN,BE,HARDWYN INDIA LIMITED,L
HOLMARC,SM,HOLMARC OPTO MECHATRO L,L
ISHAN,SM,ISHAN INTERNATIONAL LTD,L
JALAN,ST,JALAN TRANSOLU. INDIA LTD,L
KAVDEFENCE,EQ,KAVVERI DFS & WIR TEC LTD,L
KCK,ST,KCK INDUSTRIES LTD,L
KRISHPP,E1,KRISHIVAL RE.3.50 PPD UP,L
KSR,BE,KSR FOOTWEAR LIMITED,L
LATTEYS,BE,LATTEYS INDUSTRIES LTD,L
LCCINFOTEC,BE,LCC INFOTECH LTD,L
MASKINVEST,BE,MASK INVESTMENTS LIMITED,L
MAXVOLT,ST,MAXVOLT ENERGY INDUS L,L
MEDIORG,SM,MEDICAMEN ORGANICS LTD,L
MEP,BZ,MEP INFRA. DEVELOPERS LTD,L
NECLIFE,BE,NECTAR LIFESCIENCES LTD.,L
NEWJAISA,SM,NEWJAISA TECHNOLOGIES LTD,L
PANACHE,EQ,PANACHE DIGILIFE LIMITED,L
PANSARI,BE,PANSARI DEVELOPERS LTD,L
PATTECH,SM,PATTECH FITWELL TUB COM L,L
PRAXIS,EQ,PRAXIS HOME RETAIL LTD,L
RAJRILTD,BE,RAJ RAYON INDUSTRIES LTD,L
ROLLT,BE,ROLLATAINERS LIMITED,L
SANGANI,SM,SANGANI HOSPITALS LIMITED,L
SANWARIA,BZ,SANWARIA CONSUMER LIMITED,L
SCML,ST,SHARP CHUCKS N MACHINES L,L
SETUINFRA,BZ,SETUBANDHAN INFRA LTD,L
SHRENIK,BZ,SHRENIK LIMITED,L
SHUBHLAXMI,ST,SHUBHLAXMI JEWEL ART LTD,L
SILGO-RE1,BE,SILGO RETAIL LTD,L
SITINET,BZ,SITI NETWORKS LIMITED,L
SOCL,SM,SUNDREX OIL COMPANY LTD,L
SOUTHWEST,BE,SOUTH WEST PINNACLE LTD,L
SPPPOLY,SM,SPP POLYMER LIMITED,L
SPRL,ST,SP REFRACTORIES LIMITED,L
SUNLITE,ST,SUNLITE RECYCLING IND LTD,L
TCIFINANCE,BE,TCIFINANCELTD-ROLL SETT,L
THESL,SM,THINKING HATS ENTER SOL L,L
TREEHOUSE,EQ,TREE HOUSE EDU LTD,L
VCL,BE,VAXTEX COTFAB LIMITED,L
VERITAAS,SM,VERITAAS ADVERTISING LTD,L
VICTORYEV,ST,VICTORY ELEC VEHICL INT L,L
VINEET-RE,BE,VINEET LABORATORIES LTD,L
VIVIMEDLAB,EQ,VIVIMED LABS LIMITED,L
WAAREEINDO,BE,INDOSOLAR LIMITED,L
WINSOME,BZ,WINSOME YARNS LIMITED,L
