SECURITY,NEW,PREVIOUS,NEW_STATUS
360ONEAMC - SILVER360         ,282.50,272.00,H
AONEAMC - AONEGOLD            ,13.62,13.50,H
ASHWINI CONTAINER MOVER L     ,167.80,163.00,H
AXISAMC - AXISILVER           ,280.99,277.90,H
AXISAMC - AXISVALUE           ,33.72,33.30,H
BANDHANAMC - SILVERBND        ,282.70,279.00,H
BARODABNP - BBNPPGOLD         ,141.00,140.25,H
BIRLASLAMC - SILVER           ,282.00,277.97,H
DSPAMC - DSPPSBKETF           ,91.23,89.89,H
DSPAMC - DSPSILVETF           ,272.39,266.00,H
EDELAMC - ESILVER             ,288.20,279.50,H
GROWWAMC - GROWWCHEM          ,29.22,28.80,H
GROWWAMC - GROWWGOLD          ,143.44,142.00,H
HDFCAMC - HDFCSILVER          ,271.30,265.75,H
HDFCAMC HDFCPSUBK             ,91.45,90.13,H
ICICI PRUDENTIAL AMC LTD      ,2972.00,2749.00,H
ICICIPRAMC - ICICISILVE       ,282.00,275.00,H
ICICIPRAMC - METALIETF        ,12.08,11.96,H
ICICIPRAMC - PSUBANKICI       ,91.49,90.29,H
KOTAK PSU BANK                ,906.36,896.99,H
KOTAKMAMC - KOTAKSILVE        ,274.87,269.75,H
MANAK ALUMINIUM CO. LTD.      ,59.36,54.09,H
MIRAEAMC - BANKPSU            ,91.00,90.51,H
MIRAEAMC - MASILVER           ,273.99,271.88,H
MOTILALAMC - MOSILVER         ,279.28,272.47,H
NIPPONAMC - NETFSILVER        ,269.80,264.00,H
RHETAN TMT LIMITED            ,27.50,27.37,H
SBIAMC - SBISILVER            ,277.71,271.89,H
SHRINGAR HOU OF MANGALS L     ,250.70,245.92,H
SUNLITE RECYCLING IND LTD     ,415.50,395.75,H
TATAAML-TATSILV               ,27.35,27.04,H
UTIAMC-SILVERBETA             ,273.89,267.38,H
VISAMAN GLOBAL SALES LTD      ,139.00,137.55,H
WEALTH - TWCGOLDETF           ,147.00,143.00,H
ZERODHAAMC - GOLDCASE         ,23.09,22.82,H
ZERODHAAMC - SILVERCASE       ,28.78,28.39,H
AAKAAR MEDICAL TECHNO LTD     ,58.05,60.00,L
AEGIS VOPAK TERMINALS LTD     ,213.62,220.00,L
AFCONS INFRASTRUCTURE LTD     ,353.50,354.00,L
ALCOKRAFT DISTILLERIE LTD     ,81.50,83.60,L
ALLCARGO LOGISTICS LTD        ,10.01,10.08,L
ANUH PHARMA LIMITED           ,73.10,74.00,L
ARKADE DEVELOPERS LIMITED     ,124.52,125.06,L
ASHOKA METCAST LIMITED        ,14.25,14.50,L
ASTRON PAPER BORD MIL LTD     ,5.24,5.45,L
AUTHUM INVEST & INFRA LTD     ,621.10,633.00,L
AWL AGRI BUSINESS LIMITED     ,211.00,217.50,L
BELLA CASA FASH AND RET L     ,333.00,336.90,L
BEST AGROLIFE LIMITED         ,26.60,202.35,L
BLUESTONE JEWEL LFSTL LTD     ,452.50,460.10,L
BOMBAY METRICS S C LTD        ,35.35,36.95,L
CHETANA EDUCATION LIMITED     ,49.00,50.05,L
CRIZAC LIMITED                ,245.00,250.10,L
DEBOCK INDUSTRIES LIMITED     ,1.58,1.59,L
DELAPLEX LIMITED              ,125.00,126.00,L
DIAMINES & CHEMICALS LTD      ,250.20,251.15,L
DISH TV INDIA LTD.            ,3.74,3.75,L
ELLENBARRIE INDUS GASES L     ,266.05,272.55,L
EPPELTONE ENGINEERS LTD       ,158.20,160.05,L
FLYSBS AVIATION LIMITED       ,421.05,427.50,L
GANESH INFRAWORLD LIMITED     ,98.95,102.50,L
GENSOL ENGINEERING LTD        ,22.25,23.00,L
GO FASHION INDIA LTD          ,394.25,395.15,L
GROWWAMC - GROWWCHEM          ,28.55,28.80,L
INNOMET ADVANCED MATERI L     ,76.00,83.00,L
JFL LIFE SCIENCES LIMITED     ,10.60,10.80,L
K.P. ENERGY LIMITED           ,313.45,314.30,L
KOTAKMAMC - NEXT50ETF         ,68.49,68.71,L
KRONOX LAB SCIENCES LTD       ,129.25,129.90,L
KSHITIJ POLYLINE LIMITED      ,1.98,1.99,L
LAMOSAIC INDIA LIMITED        ,31.00,31.50,L
LAXMI DENTAL LIMITED          ,236.90,237.00,L
LOYAL TEXTILE MILLS LTD       ,186.80,190.02,L
M AND B ENGINEERING LTD       ,332.65,340.00,L
MAGELLANIC CLOUD LIMITED      ,23.00,23.02,L
MANGAL ELECTRICAL IND L       ,335.10,345.30,L
MUKKA PROTEINS LIMITED        ,21.92,22.02,L
NEWJAISA TECHNOLOGIES LTD     ,18.15,19.10,L
NOVA AGRITECH LIMITED         ,35.60,36.00,L
OSWAL PUMPS LIMITED           ,449.00,451.00,L
PACE DIGITEK LIMITED          ,173.00,174.10,L
PARAGON FINE S.C. LTD.        ,36.50,37.00,L
PATIL AUTOMATION LIMITED      ,153.05,153.90,L
PAUSHAK LIMITED               ,539.00,540.00,L
PRABHA ENERGY LIMITED         ,155.00,155.04,L
PRAXIS HOME RETAIL LTD        ,8.53,8.65,L
RACE ECO CHAIN LIMITED        ,121.00,121.50,L
RADIANT CASH MGMT SER LTD     ,48.76,49.38,L
RELIANCE CHEMOTEX IND LTD     ,127.01,129.00,L
ROSSARI BIOTECH LIMITED       ,533.15,536.35,L
SADBHAV ENGINEERING LTD       ,7.50,7.73,L
SANOFI CONS HEALTHC IND L     ,4090.00,4194.00,L
SATI POLY PLAST LIMITED       ,51.80,51.90,L
SHREE TIRUPATI BALAJEE L      ,36.40,38.10,L
SHYAM DHANI INDUSTRIES L      ,93.00,94.20,L
SIEMENS ENERGY INDIA LTD      ,2315.90,2321.20,L
SIGACHI INDUSTRIES LTD        ,27.31,27.65,L
SILGO RETAIL LTD              ,4.02,6.69,L
SNEHAA ORGANICS LIMITED       ,47.30,47.50,L
SRI LOTUS DEVLPRS N RTY L     ,148.31,150.50,L
STANLEY LIFESTYLES LTD        ,185.15,188.10,L
STL NETWORKS LIMITED          ,20.37,20.65,L
SUNDREX OIL COMPANY LTD       ,30.20,33.55,L
SUNREST LIFESCIENCE LTD       ,32.50,32.55,L
SYLVAN PLYBOARD (INDIA) L     ,54.50,55.00,L
TINNA RUBBER AND INFR LTD     ,684.20,685.00,L
UDAYSHIVAKUMAR INFRA LTD      ,19.45,21.00,L
VAKRANGEE LIMITED             ,7.01,7.34,L
VEDANT FASHIONS LIMITED       ,522.60,533.20,L
VICTORY ELEC VEHICL INT L     ,31.15,32.75,L
VINEET LABORATORIES LTD       ,0.81,0.89,L
VISHNU PRAKASH R PUNGLI L     ,45.00,48.40,L
VL E GOV AND IT SOL LTD       ,17.05,17.25,L
ZEAL GLOBAL SERVICES LTD      ,81.25,82.00,L
ZERODHAAMC - NIFTYCASE        ,9.96,10.09,L
