SYMBOL,SERIES,SECURITY,HIGH/LOW
21STCENMGM,EQ,21ST CENTURY MGMT SERVICE,H
AAREYDRUGS,EQ,AAREY DRUGS & PHARM LTD,H
ALPSINDUS,BE,ALPS INDUSTRIES LTD.,H
ANSALAPI,BZ,ANSAL PROP & INFRA LTD,H
APEX,EQ,APEX FROZEN FOODS LIMITED,H
ARTNIRMAN,EQ,ART NIRMAN LIMITED,H
ARVEE,EQ,ARVEE LABORATORIES I LTD,H
ATLANTAA,BE,ATLANTAA LIMITED,H
ATLPP,E1,ATL RE.0.50 PPD UP,H
AURIGROW,EQ,AURI GROW INDIA LIMITED,H
COASTCORP,BE,COASTAL CORPORATION LTD,H
COMPINFO,BZ,COMPUAGE INFOCOM LTD,H
CPS,SM,C P S SHAPERS LIMITED,H
CSSL,ST,CLEAR SECURED SERVICES L,H
DIVINEHIRA,ST,DIVINE HIRA JEWELLERS LTD,H
ENCOMPAS,ST,ENCOMPASS DESIGN INDIA L,H
EXCEL,EQ,EXCEL REALTY N INFRA LTD,H
FEL,BZ,FUTURE ENTERPRISES LTD,H
FLEXITUFF,EQ,FLEXITUFF VENTURES INT L,H
FWSTC,ST,FLYWINGS SIMULAT T C LTD,H
GANGAFORGE,EQ,GANGA FORGING LIMITED,H
GIRIRAJ,SM,GIRIRAJ CIVIL DEVP LTD,H
GRAPHISAD,SM,GRAPHISADS LIMITED,H
GSTL,ST,GLOBESECURE TECHNO LTD,H
GURUNANAK,SM,GURUNANAK AGRICULTUR IN L,H
JALAN,SM,JALAN TRANSOLU. INDIA LTD,H
JFLLIFE,SM,JFL LIFE SCIENCES LIMITED,H
KESORAMIND,BE,KESORAM INDUSTRIES LTD,H
LCCINFOTEC,BE,LCC INFOTECH LTD,H
MAFANG,EQ,MIRAEAMC - MAFANG,H
MAHKTECH,EQ,MIRAEAMC - MAHKTECH,H
MANAV,ST,MANAV INFRA PROJECTS LTD,H
MARINETRAN,SM,MARINETRANS INDIA LIMITED,H
MASPTOP50,EQ,MIRAEAMC - MASPTOP50,H
MCLOUD,EQ,MAGELLANIC CLOUD LIMITED,H
MEDIORG,SM,MEDICAMEN ORGANICS LTD,H
MEESHO,EQ,MEESHO LIMITED,H
MEP,BZ,MEP INFRA. DEVELOPERS LTD,H
MIRCELECTR,EQ,MIRC ELECTRONICS LTD,H
MORARJEE,BZ,MORARJEE TEXTILES LIMITED,H
NIRMAN,SM,NIRMAN AGRI GENTICS LTD,H
OSIAHYPER,EQ,OSIA HYPER RETAIL LIMITED,H
PANACHE,BE,PANACHE DIGILIFE LIMITED,H
PENTAGON,ST,PENTAGON RUBBER LIMITED,H
PKTEA,EQ,THE P K TEA PROD CO LTD,H
PURPLEUTED,ST,PURPLE UNITED SALES LTD,H
RAJRILTD,BE,RAJ RAYON INDUSTRIES LTD,H
RELINFRA,BE,RELIANCE INFRASTRUCTU LTD,H
RETAIL,EQ,JHS SVENDGAARD RETAIL V L,H
RICHA,ST,RICHA INFO SYSTEMS LTD,H
SAIFL,SM,SAMEERA AGRO AND INFRA L,H
SALSTEEL,BE,S.A.L. STEEL LTD.,H
SANWARIA,BZ,SANWARIA CONSUMER LIMITED,H
SGL,EQ,STL GLOBAL LIMITED,H
SICALLOG,BE,SICAL LOGISTICS LIMITED,H
SITINET,BZ,SITI NETWORKS LIMITED,H
SMVD,SM,SMVD POLY PACK LIMITED,H
STALLION,BE,STALLION IND FLUOROCHEM L,H
SUPREMEENG,BZ,SUPREME ENGINEERING LTD,H
SUPREMEINF,BZ,SUPREME INFRA. LTD,H
TCIFINANCE,EQ,TCI FINANCE LTD,H
TFL,EQ,TRANSWARRANTY FIN. LTD.,H
THANGAMAYL,EQ,THANGAMAYIL JEWELLERY LTD,H
TVVISION,EQ,TV VISION LIMITED,H
VGL,EQ,VARVEE GLOBAL LIMITED,H
VILINBIO,SM,VILIN BIO MED LIMITED,H
VSCL,SM,VADIVARHE SPCLTY CHEM LTD,H
WINSOME,BZ,WINSOME YARNS LIMITED,H
ABAN,BE,ABAN OFFSHORE LTD.,L
AGUL,SM,A G UNIVERSAL LIMITED,L
ARSHIYA,BZ,ARSHIYA LIMITED,L
ARVINDPORT,SM,ARVIND PORT AND INFRA LTD,L
AUSL,SM,ADITYA ULTRA STEEL LTD,L
AXISCADES,BE,AXISCADES TECH LTD,L
BGRENERGY,BE,BGR ENERGY SYSTEMS LTD,L
BHAGYANGR,BE,BHAGYANAGAR INDIA LIMITED,L
BLUECOAST,BE,BLUE COAST HOTELS LIMITED,L
BULKCORP,SM,BULKCORP INTERNATIONAL L,L
CMRSL,SM,CYBER MEDIA RES & SER LTD,L
CYBERPP,X1,CYBERMEDIA RS.5 PPD UP,L
DESTINY,SM,DESTINY LOGISTICS & I LTD,L
DHARAN,BZ,DHARAN INFRA-EPC LIMITED,L
DHTL,ST,DOCMODE HEALTH TECH LTD,L
EMBDL,BE,EMBASSY DEVELOPMENTS LTD,L
ESCONET,SM,ESCONET TECHNOLOGIES LTD,L
EUROTEXIND,BE,EUROTEX IND & EXPORTS LTD,L
FEL,BZ,FUTURE ENTERPRISES LTD,L
FONEBOX,ST,FONEBOX RETAIL LIMITED,L
FWSTC,ST,FLYWINGS SIMULAT T C LTD,L
GKENERGY,EQ,GK ENERGY LIMITED,L
GRETEX,SM,GRETEX INDUSTRIES LTD.,L
HALEOSLABS,BE,HALEOS LABS LIMITED,L
HRHNEXT,SM,HRH NEXT SERVICES LIMITED,L
IL&FSTRANS,BZ,IL&FS TRANS NET LTD,L
IMPEXFERRO,BZ,IMPEX FERRO TECH LIMITED,L
INDOTHAI,BE,INDO THAI SEC LTD,L
INVICTA,ST,INVICTA DIAGNOSTIC LTD,L
ITTL,ST,INNOVATIVE TYRE & TUBE LT,L
JEYYAM,ST,JEYYAM GLOBAL FOODS LTD,L
JFLLIFE,SM,JFL LIFE SCIENCES LIMITED,L
JITFINFRA,BE,JITF INFRALOGISTICS LTD,L
KRISHIVAL,EQ,KRISHIVAL FOODS LIMITED,L
LAKPRE,BZ,LAKSHMI PRE SCRE LTD,L
LCCINFOTEC,BE,LCC INFOTECH LTD,L
MASKINVEST,BE,MASK INVESTMENTS LIMITED,L
MASTER,SM,MASTER COMPONENTS LIMITED,L
MEP,BZ,MEP INFRA. DEVELOPERS LTD,L
MHHL,SM,MOHINI HEALTH&HYGIENE LTD,L
NAVKARURB,EQ,NAVKAR URBANSTRUCTURE LTD,L
NEOCHEM,ST,NEOCHEM BIO SOLUTIONS LTD,L
ONELIFECAP,BE,ONELIFE CAP ADVISORS LTD,L
OSELDEVICE,ST,OSEL DEVICES LIMITED,L
OSIAHYPER,EQ,OSIA HYPER RETAIL LIMITED,L
PALREDTEC,EQ,PALRED TECHNOLOGIES LTD,L
PANSARI,BE,PANSARI DEVELOPERS LTD,L
PREMIER,BE,PREMIER LIMITED,L
S&SPOWER,EQ,S&S POWER SWITCHGEARS LTD,L
SACHEEROME,ST,SACHEEROME LIMITED,L
SANCO,BZ,SANCO INDUSTRIES LIMITED,L
SETUINFRA,BZ,SETUBANDHAN INFRA LTD,L
SHRIKANHA,ST,SHRI KANHA STAINLESS LTD,L
SIGNORIA,SM,SIGNORIA CREATION LIMITED,L
SIKKO,BE,SIKKO INDUSTRIES LIMITED,L
SIMBHALS,BZ,SIMBHAOLI SUGARS LTD.,L
SPCENET,BE,SPACENET ENTERS IND LTD,L
SPRL,ST,SP REFRACTORIES LIMITED,L
STALLION,BE,STALLION IND FLUOROCHEM L,L
SVPGLOB,BE,SVP GLOBAL TEXTILES LTD,L
TARAPUR,BE,TARAPUR TRANSFORMERS LTD,L
TGL,ST,TEERTH GOPICON LIMITED,L
UNITEDPOLY,BE,UNITED POLYFAB GUJ. LTD.,L
VCL,BE,VAXTEX COTFAB LIMITED,L
VIESL,ST,VISION INFRA EQUIP SOL L,L
VOLERCAR,ST,VOLER CAR LIMITED,L
WAAREEINDO,BE,INDOSOLAR LIMITED,L
WINSOME,BZ,WINSOME YARNS LIMITED,L
