SERIES,SYMBOL,SECURITY,RECORD_DT,BC_STRT_DT,BC_END_DT,EX_DT,ND_STRT_DT,ND_END_DT,PURPOSE
N1,1003SCL31A,Sec Re NCD 10.03% Sr X,2026-02-10,,,2026-02-10,,,INTEREST PAYMENT
U1,1003SCL31A,Sec Re NCD 10.03% Sr X,2026-02-10,,,2026-02-10,,,INTEREST PAYMENT
N1,1015UCL26,Sec Re NCD 10.15% Sr I,2026-02-09,,,2026-02-09,,,INTEREST PAYMENT
U1,1015UCL26,Sec Re NCD 10.15% Sr I,2026-02-09,,,2026-02-09,,,INTEREST PAYMENT
NF,1015UCL27,UCL 10.15% Sr III,2026-02-09,,,2026-02-09,,,INTEREST PAYMENT
UF,1015UCL27,UCL 10.15% Sr III,2026-02-09,,,2026-02-09,,,INTEREST PAYMENT
N0,1025PATE28,PATE 10.25% 2028,2026-02-10,,,2026-02-10,,,INTEREST PAYMENT
N1,1025SCL34B,Sec Re NCD 10.25% Sr XII,2026-02-10,,,2026-02-10,,,INTEREST PAYMENT
U1,1025SCL34B,Sec Re NCD 10.25% Sr XII,2026-02-10,,,2026-02-10,,,INTEREST PAYMENT
N1,1025UCL26A,Sec Re NCD 10.25% Sr II,2026-02-09,,,2026-02-09,,,INTEREST PAYMENT
U1,1025UCL26A,Sec Re NCD 10.25% Sr II,2026-02-09,,,2026-02-09,,,INTEREST PAYMENT
NG,1025UCL27A,UCL 10.25% Sr IV,2026-02-09,,,2026-02-09,,,INTEREST PAYMENT
UG,1025UCL27A,UCL 10.25% Sr IV,2026-02-09,,,2026-02-09,,,INTEREST PAYMENT
N1,1040UCL27B,Sec Re NCD 10.40% Sr III,2026-02-09,,,2026-02-09,,,INTEREST PAYMENT
U1,1040UCL27B,Sec Re NCD 10.40% Sr III,2026-02-09,,,2026-02-09,,,INTEREST PAYMENT
NH,1050UCL28,UCL 10.50% Sr V,2026-02-09,,,2026-02-09,,,INTEREST PAYMENT
UH,1050UCL28,UCL 10.50% Sr V,2026-02-09,,,2026-02-09,,,INTEREST PAYMENT
ND,10UCL26,UCL 10.00% Sr I,2026-02-09,,,2026-02-09,,,INTEREST PAYMENT
UD,10UCL26,UCL 10.00% Sr I,2026-02-09,,,2026-02-09,,,INTEREST PAYMENT
N0,1190VCCL26,VCCL 11.90% 2026,2026-02-10,,,2026-02-10,,,INTEREST PAYMENT
TB,182D120226,GOI TBILL 182D-12/02/26,2026-02-10,,,,,,REDEMPTION
TB,182D190226,GOI TBILL 182D-19/02/26,2026-02-16,,,,,,REDEMPTION
TB,364D120226,GOI TBILL 364D-12/02/26,2026-02-10,,,,,,REDEMPTION
TB,364D200226,GOI TBILL 364D-20/02/26,2026-02-17,,,,,,REDEMPTION
SG,621AS26,SDL AS 6.21% 2026,2026-02-13,,,,,,REDEMPTION
SG,63PY26,SDL PY 6.3% 2026,2026-02-21,,,,,,REDEMPTION
N0,744NBRD28,NBRD 7.44% 2028 Sr 25C,2026-02-09,,,2026-02-09,,,INTEREST PAYMENT
N0,759IREDA34,IREDA 7.59% 2034 Sr XV E,2026-02-09,,,2026-02-09,,,INTEREST PAYMENT
N6,840NIRMA26,Nirma 8.40%2026SrVII TrB,2026-02-09,,,2026-02-09,,,INT PAYMNT/PUT OPTION
U6,840NIRMA26,Nirma 8.40%2026SrVII TrB,2026-02-09,,,2026-02-09,,,INT PAYMNT/PUT OPTION
N7,850NIRMA27,Nirma 8.50%2027SrVII TrC,2026-02-09,,,2026-02-09,,,INTEREST PAYMENT
U7,850NIRMA27,Nirma 8.50%2027SrVII TrC,2026-02-09,,,2026-02-09,,,INTEREST PAYMENT
NW,850SCL25A,UNSE RE NCD 9.35% SR.X,2026-02-09,,,2026-02-09,,,INTEREST PAYMENT
UW,850SCL25A,UNSE RE NCD 9.35% SR.X,2026-02-09,,,2026-02-09,,,INTEREST PAYMENT
NY,866SFIL23A,Sec Re NCD 9.57% Sr.VIII,2026-02-10,,,2026-02-10,,,INTEREST PAYMENT
UY,866SFIL23A,Sec Re NCD 9.57% Sr.VIII,2026-02-10,,,2026-02-10,,,INTEREST PAYMENT
NZ,890SFIL23A,Sec Re NCD 10.03% Sr.VIII,2026-02-10,,,2026-02-10,,,INTEREST PAYMENT
UZ,890SFIL23A,Sec Re NCD 10.03% Sr.VIII,2026-02-10,,,2026-02-10,,,INTEREST PAYMENT
N1,902SCL27C,Sec Re NCD 9.02% Sr V,2026-02-10,,,2026-02-10,,,INTEREST PAYMENT
U1,902SCL27C,Sec Re NCD 9.02% Sr V,2026-02-10,,,2026-02-10,,,INTEREST PAYMENT
TB,91D120226,GOI TBILL 91D-12/02/26,2026-02-10,,,,,,REDEMPTION
TB,91D180226,GOI TBILL 91D-19/02/26,2026-02-16,,,,,,REDEMPTION
TB,91D260226,GOI TBILL 91D-26/02/26,2026-02-24,,,,,,REDEMPTION
N0,91PFL35,PFL 9.1% 2035,2026-02-09,,,2026-02-09,,,INTEREST PAYMENT
N0,925ISF28,ISF 9.25% 2028,2026-02-09,,,2026-02-09,,,INTEREST PAYMENT
N1,925SCL26F,Sec Re NCD 9.25% Sr II,2026-02-10,,,2026-02-10,,,INTEREST PAYMENT
U1,925SCL26F,Sec Re NCD 9.25% Sr II,2026-02-10,,,2026-02-10,,,INTEREST PAYMENT
AM,925SCL28,SEC RE NCD 9.25% SR.VIII,2026-02-09,,,2026-02-09,,,INTEREST PAYMENT
N1,925SCL29C,Sec Re NCD 9.25% Sr VIII,2026-02-10,,,2026-02-10,,,INTEREST PAYMENT
U1,925SCL29C,Sec Re NCD 9.25% Sr VIII,2026-02-10,,,2026-02-10,,,INTEREST PAYMENT
NA,931SFIL26A,SeReNCD8.75%SrVICI&II,2026-02-10,,,2026-02-10,,,INTEREST PAYMENT
UA,931SFIL26A,SeReNCD8.75%SrVICI&II,2026-02-10,,,2026-02-10,,,INTEREST PAYMENT
NV,935SCL28,UNSE RE NCD 8.89% SR.X,2026-02-09,,,2026-02-09,,,INTEREST PAYMENT
UV,935SCL28,UNSE RE NCD 8.89% SR.X,2026-02-09,,,2026-02-09,,,INTEREST PAYMENT
AI,948SCL26D,SEC RE NCD 9.48% SR.V,2026-02-09,,,2026-02-09,,,INTEREST PAYMENT
N1,948SCL27D,Sec Re NCD 9.48% Sr V,2026-02-10,,,2026-02-10,,,INTEREST PAYMENT
U1,948SCL27D,Sec Re NCD 9.48% Sr V,2026-02-10,,,2026-02-10,,,INTEREST PAYMENT
N0,950ISF26A,ISF 9.50% 2026,2026-02-13,,,2026-02-13,,,INTEREST/PART REDEMPTION
NB,96SFIL24A,SeReNCD8.84%SrVICIII&IV,2026-02-10,,,2026-02-10,,,INTEREST PAYMENT
UB,96SFIL24A,SeReNCD8.84%SrVICIII&IV,2026-02-10,,,2026-02-10,,,INTEREST PAYMENT
AN,971SCL28,SEC RE NCD 9.71% SR.VIII,2026-02-09,,,2026-02-09,,,INTEREST PAYMENT
N1,971SCL29B,Sammaan Capital Limited,2026-02-10,,,2026-02-10,,,INTEREST PAYMENT
U1,971SCL29B,Sammaan Capital Limited,2026-02-10,,,2026-02-10,,,INTEREST PAYMENT
NT,975SCL28,SEC RE NCD 8.89% SR.VIII,2026-02-09,,,2026-02-09,,,INTEREST PAYMENT
UT,975SCL28,SEC RE NCD 8.89% SR.VIII,2026-02-09,,,2026-02-09,,,INTEREST PAYMENT
N1,980SCL34B,Sec Re NCD 9.80% Sr XII,2026-02-10,,,2026-02-10,,,INTEREST PAYMENT
U1,980SCL34B,Sec Re NCD 9.80% Sr XII,2026-02-10,,,2026-02-10,,,INTEREST PAYMENT
NU,98SFIL26,Sec Re NCD 9.80% Sr.V,2026-02-10,,,2026-02-10,,,INTEREST PAYMENT
UU,98SFIL26,Sec Re NCD 9.80% Sr.V,2026-02-10,,,2026-02-10,,,INTEREST PAYMENT
BE,AARTIDRUGS,Aarti Drugs Ltd.,2026-02-09,,,2026-02-09,,,INTDIV - RS 2 PER SH
BL,AARTIDRUGS,Aarti Drugs Ltd.,2026-02-09,,,2026-02-09,,,INTDIV - RS 2 PER SH
EQ,AARTIDRUGS,Aarti Drugs Ltd.,2026-02-09,,,2026-02-09,,,INTDIV - RS 2 PER SH
IQ,AARTIDRUGS,Aarti Drugs Ltd.,2026-02-09,,,2026-02-09,,,INTDIV - RS 2 PER SH
BE,APOLLOTYRE,APOLLOTYRE - Depo,2026-02-10,,,2026-02-10,,,INTDIV - RS 3.50 PER SH
BL,APOLLOTYRE,Apollo Tyres Ltd.,2026-02-10,,,2026-02-10,,,INTDIV - RS 3.50 PER SH
EQ,APOLLOTYRE,Apollo Tyres Ltd.,2026-02-10,,,2026-02-10,,,INTDIV - RS 3.50 PER SH
IQ,APOLLOTYRE,Apollo Tyres Ltd.,2026-02-10,,,2026-02-10,,,INTDIV - RS 3.50 PER SH
T0,APOLLOTYRE,Apollo Tyres Ltd.,2026-02-10,,,2026-02-10,,,INTDIV - RS 3.50 PER SH
TL,APOLLOTYRE,Apollo Tyres Ltd.,2026-02-10,,,2026-02-10,,,INTDIV - RS 3.50 PER SH
BE,BDL,Bharat Dynamics Limited,2026-02-09,,,2026-02-09,,,INTDIV - RS 4.50 PER SH
BL,BDL,Bharat Dynamics Limited,2026-02-09,,,2026-02-09,,,INTDIV - RS 4.50 PER SH
EQ,BDL,Bharat Dynamics Limited,2026-02-09,,,2026-02-09,,,INTDIV - RS 4.50 PER SH
IQ,BDL,Bharat Dynamics Limited,2026-02-09,,,2026-02-09,,,INTDIV - RS 4.50 PER SH
T0,BDL,Bharat Dynamics Limited,2026-02-09,,,2026-02-09,,,INTDIV - RS 4.50 PER SH
TL,BDL,Bharat Dynamics Limited,2026-02-09,,,2026-02-09,,,INTDIV - RS 4.50 PER SH
BE,BLS,BLS Intl Servs Ltd,2026-02-13,,,2026-02-13,,,INTDIV - RS 2 PER SH
BL,BLS,BLS Intl Servs Ltd,2026-02-13,,,2026-02-13,,,INTDIV - RS 2 PER SH
EQ,BLS,BLS Intl Servs Ltd,2026-02-13,,,2026-02-13,,,INTDIV - RS 2 PER SH
IQ,BLS,BLS Intl Servs Ltd,2026-02-13,,,2026-02-13,,,INTDIV - RS 2 PER SH
T0,BLS,BLS Intl Servs Ltd,2026-02-13,,,2026-02-13,,,INTDIV - RS 2 PER SH
TL,BLS,BLS Intl Servs Ltd,2026-02-13,,,2026-02-13,,,INTDIV - RS 2 PER SH
BE,BLSE,BLS E-Services Limited,2026-02-13,,,2026-02-13,,,INTDIV - RE 0.50 PER SH
BL,BLSE,BLS E-Services Limited,2026-02-13,,,2026-02-13,,,INTDIV - RE 0.50 PER SH
EQ,BLSE,BLS E-Services Limited,2026-02-13,,,2026-02-13,,,INTDIV - RE 0.50 PER SH
IQ,BLSE,BLS E-Services Limited,2026-02-13,,,2026-02-13,,,INTDIV - RE 0.50 PER SH
BE,BMWVENTLTD,BMW Ventures Limited,2026-02-10,,,2026-02-10,,,INTDIV - RS 1.50 PER SH
BL,BMWVENTLTD,BMW Ventures Limited,2026-02-10,,,2026-02-10,,,INTDIV - RS 1.50 PER SH
EQ,BMWVENTLTD,BMW Ventures Limited,2026-02-10,,,2026-02-10,,,INTDIV - RS 1.50 PER SH
IQ,BMWVENTLTD,BMW Ventures Limited,2026-02-10,,,2026-02-10,,,INTDIV - RS 1.50 PER SH
IV,CAPINVIT,Capital Infra Trust,2026-02-10,,,2026-02-10,,,DISTRIBUTION - RS 2.34
BE,CCL,CCL PRODUCTS (I) LTD,2026-02-10,,,2026-02-10,,,INTDIV - RS 2.75 PER SH
BL,CCL,CCL Products (I) Ltd,2026-02-10,,,2026-02-10,,,INTDIV - RS 2.75 PER SH
EQ,CCL,CCL Products (I) Ltd,2026-02-10,,,2026-02-10,,,INTDIV - RS 2.75 PER SH
IQ,CCL,CCL Products (I) Ltd,2026-02-10,,,2026-02-10,,,INTDIV - RS 2.75 PER SH
T0,CCL,CCL Products (I) Ltd,2026-02-10,,,2026-02-10,,,INTDIV - RS 2.75 PER SH
TL,CCL,CCL Products (I) Ltd,2026-02-10,,,2026-02-10,,,INTDIV - RS 2.75 PER SH
BE,CONCOR,Container Corp of India,2026-02-09,,,2026-02-09,,,INTDIV - RS 3.40 PER SH
BL,CONCOR,Container Corp of India,2026-02-09,,,2026-02-09,,,INTDIV - RS 3.40 PER SH
EQ,CONCOR,Container Corp of India,2026-02-09,,,2026-02-09,,,INTDIV - RS 3.40 PER SH
IQ,CONCOR,Container Corp of India,2026-02-09,,,2026-02-09,,,INTDIV - RS 3.40 PER SH
T0,CONCOR,Container Corp of India,2026-02-09,,,2026-02-09,,,INTDIV - RS 3.40 PER SH
TL,CONCOR,Container Corp of India,2026-02-09,,,2026-02-09,,,INTDIV - RS 3.40 PER SH
BE,CUMMINSIND,Cummins India Limited,2026-02-11,,,2026-02-11,,,INTDIV - RS 20 PER SH
BL,CUMMINSIND,Cummins India Limited,2026-02-11,,,2026-02-11,,,INTDIV - RS 20 PER SH
EQ,CUMMINSIND,Cummins India Limited,2026-02-11,,,2026-02-11,,,INTDIV - RS 20 PER SH
IQ,CUMMINSIND,Cummins India Limited,2026-02-11,,,2026-02-11,,,INTDIV - RS 20 PER SH
T0,CUMMINSIND,Cummins India Limited,2026-02-11,,,2026-02-11,,,INTDIV - RS 20 PER SH
TL,CUMMINSIND,Cummins India Limited,2026-02-11,,,2026-02-11,,,INTDIV - RS 20 PER SH
BE,DALMIASUG,Dalmia Bharat Sug In Ltd,2026-02-11,,,2026-02-11,,,INTDIV - RS 4.50 PER SH
BL,DALMIASUG,Dalmia Bharat Sug In Ltd,2026-02-11,,,2026-02-11,,,INTDIV - RS 4.50 PER SH
EQ,DALMIASUG,Dalmia Bharat Sug In Ltd,2026-02-11,,,2026-02-11,,,INTDIV - RS 4.50 PER SH
IQ,DALMIASUG,Dalmia Bharat Sug In Ltd,2026-02-11,,,2026-02-11,,,INTDIV - RS 4.50 PER SH
BE,EMAMILTD,Emami Limited,2026-02-10,,,2026-02-10,,,INTDIV - RS 6 PER SH
BL,EMAMILTD,Emami Limited,2026-02-10,,,2026-02-10,,,INTDIV - RS 6 PER SH
EQ,EMAMILTD,Emami Limited,2026-02-10,,,2026-02-10,,,INTDIV - RS 6 PER SH
IQ,EMAMILTD,Emami Limited,2026-02-10,,,2026-02-10,,,INTDIV - RS 6 PER SH
T0,EMAMILTD,Emami Limited,2026-02-10,,,2026-02-10,,,INTDIV - RS 6 PER SH
TL,EMAMILTD,Emami Limited,2026-02-10,,,2026-02-10,,,INTDIV - RS 6 PER SH
RR,EMBASSY,Embassy Office Parks REIT,2026-02-11,,,2026-02-11,,,DISTRIBUTN- RS 6.47
RT,EMBASSY,Embassy Office Parks REIT,2026-02-11,,,2026-02-11,,,DISTRIBUTN- RS 6.47
BE,FDC,FDC Ltd.,2026-02-11,,,2026-02-11,,,INTDIV - RS 5 PER SH
BL,FDC,FDC Ltd.,2026-02-11,,,2026-02-11,,,INTDIV - RS 5 PER SH
EQ,FDC,FDC Ltd.,2026-02-11,,,2026-02-11,,,INTDIV - RS 5 PER SH
IQ,FDC,FDC Ltd.,2026-02-11,,,2026-02-11,,,INTDIV - RS 5 PER SH
BE,FSL,Firstsource Solutions Lim,2026-02-20,,,2026-02-20,,,INTDIV - RS 5.50 PER SH
BL,FSL,Firstsource Solutions Lim,2026-02-20,,,2026-02-20,,,INTDIV - RS 5.50 PER SH
EQ,FSL,Firstsource Solutions Lim,2026-02-20,,,2026-02-20,,,INTDIV - RS 5.50 PER SH
IQ,FSL,Firstsource Solutions Lim,2026-02-20,,,2026-02-20,,,INTDIV - RS 5.50 PER SH
T0,FSL,Firstsource Solutions Lim,2026-02-20,,,2026-02-20,,,INTDIV - RS 5.50 PER SH
TL,FSL,Firstsource Solutions Lim,2026-02-20,,,2026-02-20,,,INTDIV - RS 5.50 PER SH
BE,GATEWAY,Gateway Distriparks Ltd,2026-02-12,,,2026-02-12,,,INTDVSPDV RE 0.75 & 1.25
BL,GATEWAY,Gateway Distriparks Ltd,2026-02-12,,,2026-02-12,,,INTDVSPDV RE 0.75 & 1.25
EQ,GATEWAY,Gateway Distriparks Ltd,2026-02-12,,,2026-02-12,,,INTDVSPDV RE 0.75 & 1.25
IQ,GATEWAY,Gateway Distriparks Ltd,2026-02-12,,,2026-02-12,,,INTDVSPDV RE 0.75 & 1.25
BE,GOCOLORS,Go Fashion India Ltd,2026-02-09,,,2026-02-09,,,BUY BACK
BL,GOCOLORS,Go Fashion India Ltd,2026-02-09,,,2026-02-09,,,BUY BACK
EQ,GOCOLORS,Go Fashion India Ltd,2026-02-09,,,2026-02-09,,,BUY BACK
IQ,GOCOLORS,Go Fashion India Ltd,2026-02-09,,,2026-02-09,,,BUY BACK
BE,GOLDIAM,Goldiam International Ltd,2026-02-12,,,2026-02-12,,,INTDIV - RS 2.75 PER SH
BL,GOLDIAM,Goldiam International Lim,2026-02-12,,,2026-02-12,,,INTDIV - RS 2.75 PER SH
EQ,GOLDIAM,Goldiam International Lim,2026-02-12,,,2026-02-12,,,INTDIV - RS 2.75 PER SH
IQ,GOLDIAM,Goldiam International Lim,2026-02-12,,,2026-02-12,,,INTDIV - RS 2.75 PER SH
GS,GS220226C,GOI STRIPS C 220226,2026-02-18,,,,,,REDEMPTION
BE,HBLENGINE,HBL Engineering Ltd,2026-02-13,,,2026-02-13,,,INTDIV - RS 2 PER SH
BL,HBLENGINE,HBL Engineering Ltd,2026-02-13,,,2026-02-13,,,INTDIV - RS 2 PER SH
EQ,HBLENGINE,HBL Engineering Ltd,2026-02-13,,,2026-02-13,,,INTDIV - RS 2 PER SH
IQ,HBLENGINE,HBL Engineering Ltd,2026-02-13,,,2026-02-13,,,INTDIV - RS 2 PER SH
T0,HBLENGINE,HBL Engineering Ltd,2026-02-13,,,2026-02-13,,,INTDIV - RS 2 PER SH
TL,HBLENGINE,HBL Engineering Ltd,2026-02-13,,,2026-02-13,,,INTDIV - RS 2 PER SH
BE,HEROMOTOCO,Hero MotoCorp Limited,2026-02-11,,,2026-02-11,,,INTDIV - RS 110 PER SH
BL,HEROMOTOCO,Hero MotoCorp Limited,2026-02-11,,,2026-02-11,,,INTDIV - RS 110 PER SH
EQ,HEROMOTOCO,Hero MotoCorp Limited,2026-02-11,,,2026-02-11,,,INTDIV - RS 110 PER SH
IQ,HEROMOTOCO,Hero MotoCorp Limited,2026-02-11,,,2026-02-11,,,INTDIV - RS 110 PER SH
T0,HEROMOTOCO,Hero MotoCorp Limited,2026-02-11,,,2026-02-11,,,INTDIV - RS 110 PER SH
TL,HEROMOTOCO,Hero MotoCorp Limited,2026-02-11,,,2026-02-11,,,INTDIV - RS 110 PER SH
BE,HINDCOPPER,Hindustan Copper Ltd,2026-02-13,,,2026-02-13,,,INTDIV - RE 1 PER SH
BL,HINDCOPPER,Hindustan Copper Ltd,2026-02-13,,,2026-02-13,,,INTDIV - RE 1 PER SH
EQ,HINDCOPPER,Hindustan Copper Ltd,2026-02-13,,,2026-02-13,,,INTDIV - RE 1 PER SH
IQ,HINDCOPPER,Hindustan Copper Ltd,2026-02-13,,,2026-02-13,,,INTDIV - RE 1 PER SH
T0,HINDCOPPER,Hindustan Copper Ltd,2026-02-13,,,2026-02-13,,,INTDIV - RE 1 PER SH
TL,HINDCOPPER,Hindustan Copper Ltd,2026-02-13,,,2026-02-13,,,INTDIV - RE 1 PER SH
BE,INDUSFILA,Indus Fila Limited,2026-02-09,,,,,,CAPITAL REDUCTION
BL,INDUSFILA,Indus Fila Limited,2026-02-09,,,,,,CAPITAL REDUCTION
EQ,INDUSFILA,Indus Fila Limited,2026-02-09,,,,,,CAPITAL REDUCTION
IQ,INDUSFILA,Indus Fila Limited,2026-02-09,,,,,,CAPITAL REDUCTION
BE,JBCHEPHARM,JB Chem & Pharm Ltd.,2026-02-11,,,2026-02-11,,,INTDIV - RS 12.70 PER SH
BL,JBCHEPHARM,JB Chem & Pharm Ltd.,2026-02-11,,,2026-02-11,,,INTDIV - RS 12.70 PER SH
EQ,JBCHEPHARM,JB Chem & Pharm Ltd.,2026-02-11,,,2026-02-11,,,INTDIV - RS 12.70 PER SH
IQ,JBCHEPHARM,JB Chem & Pharm Ltd.,2026-02-11,,,2026-02-11,,,INTDIV - RS 12.70 PER SH
T0,JBCHEPHARM,JB Chem & Pharm Ltd.,2026-02-11,,,2026-02-11,,,INTDIV - RS 12.70 PER SH
TL,JBCHEPHARM,JB Chem & Pharm Ltd.,2026-02-11,,,2026-02-11,,,INTDIV - RS 12.70 PER SH
BE,JUBLINGREA,Jubilant Ingrevia Limited,2026-02-10,,,2026-02-10,,,INTDIV - RS 2.50 PER SH
BL,JUBLINGREA,Jubilant Ingrevia Limited,2026-02-10,,,2026-02-10,,,INTDIV - RS 2.50 PER SH
EQ,JUBLINGREA,Jubilant Ingrevia Limited,2026-02-10,,,2026-02-10,,,INTDIV - RS 2.50 PER SH
IQ,JUBLINGREA,Jubilant Ingrevia Limited,2026-02-10,,,2026-02-10,,,INTDIV - RS 2.50 PER SH
T0,JUBLINGREA,Jubilant Ingrevia Limited,2026-02-10,,,2026-02-10,,,INTDIV - RS 2.50 PER SH
TL,JUBLINGREA,Jubilant Ingrevia Limited,2026-02-10,,,2026-02-10,,,INTDIV - RS 2.50 PER SH
RR,KRT,Knowledge Realty Trust,2026-02-10,,,2026-02-10,,,DISTRIBTN - RS 1.568
RT,KRT,Knowledge Realty Trust,2026-02-10,,,2026-02-10,,,DISTRIBTN - RS 1.568
BE,MAZDOCK,Mazagon Dock Shipbuil Ltd,2026-02-13,,,2026-02-13,,,INTDIV - RS 7.50 PER SH
BL,MAZDOCK,Mazagon Dock Shipbuil Ltd,2026-02-13,,,2026-02-13,,,INTDIV - RS 7.50 PER SH
EQ,MAZDOCK,Mazagon Dock Shipbuil Ltd,2026-02-13,,,2026-02-13,,,INTDIV - RS 7.50 PER SH
IQ,MAZDOCK,Mazagon Dock Shipbuil Ltd,2026-02-13,,,2026-02-13,,,INTDIV - RS 7.50 PER SH
T0,MAZDOCK,Mazagon Dock Shipbuil Ltd,2026-02-13,,,2026-02-13,,,INTDIV - RS 7.50 PER SH
TL,MAZDOCK,Mazagon Dock Shipbuil Ltd,2026-02-13,,,2026-02-13,,,INTDIV - RS 7.50 PER SH
BE,MGL,Mahanagar Gas Ltd.,2026-02-13,,,2026-02-13,,,INTDIV - RS 12 PER SH
BL,MGL,Mahanagar Gas Ltd.,2026-02-13,,,2026-02-13,,,INTDIV - RS 12 PER SH
EQ,MGL,Mahanagar Gas Ltd.,2026-02-13,,,2026-02-13,,,INTDIV - RS 12 PER SH
IQ,MGL,Mahanagar Gas Ltd.,2026-02-13,,,2026-02-13,,,INTDIV - RS 12 PER SH
T0,MGL,Mahanagar Gas Ltd.,2026-02-13,,,2026-02-13,,,INTDIV - RS 12 PER SH
TL,MGL,Mahanagar Gas Ltd.,2026-02-13,,,2026-02-13,,,INTDIV - RS 12 PER SH
BE,MINDACORP,Minda Corporation Ltd,2026-02-13,,,2026-02-13,,,INTDIV - RE 0.60 PER SH
BL,MINDACORP,Minda Corporation Ltd,2026-02-13,,,2026-02-13,,,INTDIV - RE 0.60 PER SH
EQ,MINDACORP,Minda Corporation Ltd,2026-02-13,,,2026-02-13,,,INTDIV - RE 0.60 PER SH
T0,MINDACORP,Minda Corporation Ltd,2026-02-13,,,2026-02-13,,,INTDIV - RE 0.60 PER SH
TL,MINDACORP,Minda Corporation Ltd,2026-02-13,,,2026-02-13,,,INTDIV - RE 0.60 PER SH
BE,MRF,MRF Limited - Depo,2026-02-13,,,2026-02-13,,,INTDIV - RS 3 PER SH
BL,MRF,MRF Ltd.,2026-02-13,,,2026-02-13,,,INTDIV - RS 3 PER SH
EQ,MRF,MRF Ltd.,2026-02-13,,,2026-02-13,,,INTDIV - RS 3 PER SH
IQ,MRF,MRF Ltd.,2026-02-13,,,2026-02-13,,,INTDIV - RS 3 PER SH
T0,MRF,MRF Ltd.,2026-02-13,,,2026-02-13,,,INTDIV - RS 3 PER SH
TL,MRF,MRF Ltd.,2026-02-13,,,2026-02-13,,,INTDIV - RS 3 PER SH
BE,NHPC,NHPC Ltd,2026-02-10,,,2026-02-10,,,INTDIV - RS 1.40 PER SH
BL,NHPC,NHPC Ltd,2026-02-10,,,2026-02-10,,,INTDIV - RS 1.40 PER SH
EQ,NHPC,NHPC Ltd,2026-02-10,,,2026-02-10,,,INTDIV - RS 1.40 PER SH
IQ,NHPC,NHPC Ltd,2026-02-10,,,2026-02-10,,,INTDIV - RS 1.40 PER SH
T0,NHPC,NHPC Ltd,2026-02-10,,,2026-02-10,,,INTDIV - RS 1.40 PER SH
TL,NHPC,NHPC Ltd,2026-02-10,,,2026-02-10,,,INTDIV - RS 1.40 PER SH
BE,NMDC,NMDC Limited,2026-02-13,,,2026-02-13,,,INTDIV - RS 2.50 PER SH
BL,NMDC,NMDC Limited,2026-02-13,,,2026-02-13,,,INTDIV - RS 2.50 PER SH
EQ,NMDC,NMDC Limited,2026-02-13,,,2026-02-13,,,INTDIV - RS 2.50 PER SH
IQ,NMDC,NMDC Limited,2026-02-13,,,2026-02-13,,,INTDIV - RS 2.50 PER SH
T0,NMDC,NMDC Limited,2026-02-13,,,2026-02-13,,,INTDIV - RS 2.50 PER SH
TL,NMDC,NMDC Limited,2026-02-13,,,2026-02-13,,,INTDIV - RS 2.50 PER SH
BE,PAGEIND,Page Industries Limited,2026-02-11,,,2026-02-11,,,INTDIV - RS 125 PER SH
BL,PAGEIND,Page Industries Limited,2026-02-11,,,2026-02-11,,,INTDIV - RS 125 PER SH
EQ,PAGEIND,Page Industries Limited,2026-02-11,,,2026-02-11,,,INTDIV - RS 125 PER SH
IQ,PAGEIND,Page Industries Limited,2026-02-11,,,2026-02-11,,,INTDIV - RS 125 PER SH
T0,PAGEIND,Page Industries Limited,2026-02-11,,,2026-02-11,,,INTDIV - RS 125 PER SH
TL,PAGEIND,Page Industries Limited,2026-02-11,,,2026-02-11,,,INTDIV - RS 125 PER SH
BE,PGHL,PROCTER & GAMBLE HEALTH L,2026-02-12,,,2026-02-12,,,INTDV/SPDV - RS 110 & 50
BL,PGHL,PROCTER & GAMBLE HEALTH L,2026-02-12,,,2026-02-12,,,INTDV/SPDV - RS 110 & 50
EQ,PGHL,PROCTER & GAMBLE HEALTH L,2026-02-12,,,2026-02-12,,,INTDV/SPDV - RS 110 & 50
IQ,PGHL,PROCTER & GAMBLE HEALTH L,2026-02-12,,,2026-02-12,,,INTDV/SPDV - RS 110 & 50
BE,POWERGRID,Power Grid Corporation of,2026-02-09,,,2026-02-09,,,INTDIV - RS 3.25 PER SH
BL,POWERGRID,Power Grid Corporation of,2026-02-09,,,2026-02-09,,,INTDIV - RS 3.25 PER SH
EQ,POWERGRID,Power Grid Corporation of,2026-02-09,,,2026-02-09,,,INTDIV - RS 3.25 PER SH
IQ,POWERGRID,Power Grid Corporation of,2026-02-09,,,2026-02-09,,,INTDIV - RS 3.25 PER SH
T0,POWERGRID,Power Grid Corporation of,2026-02-09,,,2026-02-09,,,INTDIV - RS 3.25 PER SH
TL,POWERGRID,Power Grid Corporation of,2026-02-09,,,2026-02-09,,,INTDIV - RS 3.25 PER SH
BE,PTL,PTL Enterprises Limited,2026-02-10,,,2026-02-10,,,INTDIV - RS 1.50 PER SH
BL,PTL,PTL Enterprises Limited,2026-02-10,,,2026-02-10,,,INTDIV - RS 1.50 PER SH
EQ,PTL,PTL Enterprises Limited,2026-02-10,,,2026-02-10,,,INTDIV - RS 1.50 PER SH
IQ,PTL,PTL Enterprises Limited,2026-02-10,,,2026-02-10,,,INTDIV - RS 1.50 PER SH
BL,QNIFTY,Quantum Nifty 50 ETF,2026-02-13,,,2026-02-13,,,FV SPLT FRM RS 10 TO RE1
EQ,QNIFTY,Quantum Nifty 50 ETF,2026-02-13,,,2026-02-13,,,FV SPLT FRM RS 10 TO RE1
BE,REPCOHOME,Repco Home Finance Ltd,2026-02-12,,,2026-02-12,,,INTDIV - RS 2 PER SH
BL,REPCOHOME,Repco Home Finance Ltd,2026-02-12,,,2026-02-12,,,INTDIV - RS 2 PER SH
EQ,REPCOHOME,Repco Home Finance Ltd,2026-02-12,,,2026-02-12,,,INTDIV - RS 2 PER SH
IQ,REPCOHOME,Repco Home Finance Ltd,2026-02-12,,,2026-02-12,,,INTDIV - RS 2 PER SH
BE,RITES,RITES Limited,2026-02-10,,,2026-02-10,,,INTDIV - RS 1.90 PER SH
BL,RITES,RITES Limited,2026-02-10,,,2026-02-10,,,INTDIV - RS 1.90 PER SH
EQ,RITES,RITES Limited,2026-02-10,,,2026-02-10,,,INTDIV - RS 1.90 PER SH
IQ,RITES,RITES Limited,2026-02-10,,,2026-02-10,,,INTDIV - RS 1.90 PER SH
T0,RITES,RITES Limited,2026-02-10,,,2026-02-10,,,INTDIV - RS 1.90 PER SH
TL,RITES,RITES Limited,2026-02-10,,,2026-02-10,,,INTDIV - RS 1.90 PER SH
BE,RVNL,Rail Vikas Nigam Limited,2026-02-11,,,2026-02-11,,,INTDIV - RE 1 PER SH
BL,RVNL,Rail Vikas Nigam Limited,2026-02-11,,,2026-02-11,,,INTDIV - RE 1 PER SH
EQ,RVNL,Rail Vikas Nigam Limited,2026-02-11,,,2026-02-11,,,INTDIV - RE 1 PER SH
IQ,RVNL,Rail Vikas Nigam Limited,2026-02-11,,,2026-02-11,,,INTDIV - RE 1 PER SH
T0,RVNL,Rail Vikas Nigam Limited,2026-02-11,,,2026-02-11,,,INTDIV - RE 1 PER SH
TL,RVNL,Rail Vikas Nigam Limited,2026-02-11,,,2026-02-11,,,INTDIV - RE 1 PER SH
BE,SBCL,Shivalik Bimetal Con. Ltd,2026-02-13,,,2026-02-13,,,INTDIV - RS 2 PER SH
BL,SBCL,Shivalik Bimetal Con. Ltd,2026-02-13,,,2026-02-13,,,INTDIV - RS 2 PER SH
EQ,SBCL,Shivalik Bimetal Con. Ltd,2026-02-13,,,2026-02-13,,,INTDIV - RS 2 PER SH
IQ,SBCL,Shivalik Bimetal Con. Ltd,2026-02-13,,,2026-02-13,,,INTDIV - RS 2 PER SH
IV,SEITINVIT,Sustainable Energy Infra,2026-02-09,,,2026-02-09,,,DISTRIBTIN - RS 2.39558
BE,SHK,S H Kelkar and Co. Ltd.,2026-02-13,,,2026-02-13,,,INTDIV - RE 1 PER SH
BL,SHK,S H Kelkar and Co. Ltd.,2026-02-13,,,2026-02-13,,,INTDIV - RE 1 PER SH
EQ,SHK,S H Kelkar and Co. Ltd.,2026-02-13,,,2026-02-13,,,INTDIV - RE 1 PER SH
IQ,SHK,S H Kelkar and Co. Ltd.,2026-02-13,,,2026-02-13,,,INTDIV - RE 1 PER SH
IV,SHREMINVIT,Shrem Invit,2026-02-10,,,2026-02-10,,,DISTRIBUTION - RS 5.418
BE,SNOWMAN,Snowman Logistics Ltd.,2026-02-12,,,2026-02-12,,,INTDIV - RE 0.50 PER SH
BL,SNOWMAN,Snowman Logistics Ltd.,2026-02-12,,,2026-02-12,,,INTDIV - RE 0.50 PER SH
EQ,SNOWMAN,Snowman Logistics Ltd.,2026-02-12,,,2026-02-12,,,INTDIV - RE 0.50 PER SH
IQ,SNOWMAN,Snowman Logistics Ltd.,2026-02-12,,,2026-02-12,,,INTDIV - RE 0.50 PER SH
BE,SONATSOFTW,SONATSOFTW - Depo,2026-02-13,,,2026-02-13,,,INTDIV - RS 1.25 PER SH
BL,SONATSOFTW,Sonata Software Ltd,2026-02-13,,,2026-02-13,,,INTDIV - RS 1.25 PER SH
EQ,SONATSOFTW,Sonata Software Ltd,2026-02-13,,,2026-02-13,,,INTDIV - RS 1.25 PER SH
IQ,SONATSOFTW,Sonata Software Ltd,2026-02-13,,,2026-02-13,,,INTDIV - RS 1.25 PER SH
T0,SONATSOFTW,Sonata Software Ltd,2026-02-13,,,2026-02-13,,,INTDIV - RS 1.25 PER SH
TL,SONATSOFTW,Sonata Software Ltd,2026-02-13,,,2026-02-13,,,INTDIV - RS 1.25 PER SH
BE,SREEL,Sreeleathers Limited,2026-02-13,,,2026-02-13,,,INTDIV - RE 1 PER SH
BL,SREEL,Sreeleathers Limited,2026-02-13,,,2026-02-13,,,INTDIV - RE 1 PER SH
EQ,SREEL,Sreeleathers Limited,2026-02-13,,,2026-02-13,,,INTDIV - RE 1 PER SH
IQ,SREEL,Sreeleathers Limited,2026-02-13,,,2026-02-13,,,INTDIV - RE 1 PER SH
BE,STARCEMENT,Star Cement Limited,2026-02-12,,,2026-02-12,,,INTDIV - RE 1 PER SH
BL,STARCEMENT,Star Cement Limited,2026-02-12,,,2026-02-12,,,INTDIV - RE 1 PER SH
EQ,STARCEMENT,Star Cement Limited,2026-02-12,,,2026-02-12,,,INTDIV - RE 1 PER SH
IQ,STARCEMENT,Star Cement Limited,2026-02-12,,,2026-02-12,,,INTDIV - RE 1 PER SH
BE,SUNTV,Sun TV Network Limited,2026-02-12,,,2026-02-12,,,INTDIV - RS 2.50 PER SH
BL,SUNTV,Sun TV Network Limited,2026-02-12,,,2026-02-12,,,INTDIV - RS 2.50 PER SH
EQ,SUNTV,Sun TV Network Limited,2026-02-12,,,2026-02-12,,,INTDIV - RS 2.50 PER SH
IQ,SUNTV,Sun TV Network Limited,2026-02-12,,,2026-02-12,,,INTDIV - RS 2.50 PER SH
T0,SUNTV,Sun TV Network Limited,2026-02-12,,,2026-02-12,,,INTDIV - RS 2.50 PER SH
TL,SUNTV,Sun TV Network Limited,2026-02-12,,,2026-02-12,,,INTDIV - RS 2.50 PER SH
BE,TCI,Transport Corp of Ind Ltd,2026-02-10,,,2026-02-10,,,INTDIV - RS 9 PER SH
BL,TCI,Transport Corporation of,2026-02-10,,,2026-02-10,,,INTDIV - RS 9 PER SH
EQ,TCI,Transport Corporation of,2026-02-10,,,2026-02-10,,,INTDIV - RS 9 PER SH
IQ,TCI,Transport Corporation of,2026-02-10,,,2026-02-10,,,INTDIV - RS 9 PER SH
BE,TIINDIA,Tube Invest of India Ltd,2026-02-10,,,2026-02-10,,,INTDIV - RS 2 PER SH
BL,TIINDIA,Tube Invest of India Ltd,2026-02-10,,,2026-02-10,,,INTDIV - RS 2 PER SH
EQ,TIINDIA,Tube Invest of India Ltd,2026-02-10,,,2026-02-10,,,INTDIV - RS 2 PER SH
IQ,TIINDIA,Tube Invest of India Ltd,2026-02-10,,,2026-02-10,,,INTDIV - RS 2 PER SH
T0,TIINDIA,Tube Invest of India Ltd,2026-02-10,,,2026-02-10,,,INTDIV - RS 2 PER SH
TL,TIINDIA,Tube Invest of India Ltd,2026-02-10,,,2026-02-10,,,INTDIV - RS 2 PER SH
BE,TRITURBINE,Triveni Turbine Limited,2026-02-09,,,2026-02-09,,,INTDIV - RS 2.25 PER SH
BL,TRITURBINE,Triveni Turbine Limited,2026-02-09,,,2026-02-09,,,INTDIV - RS 2.25 PER SH
EQ,TRITURBINE,Triveni Turbine Limited,2026-02-09,,,2026-02-09,,,INTDIV - RS 2.25 PER SH
IQ,TRITURBINE,Triveni Turbine Limited,2026-02-09,,,2026-02-09,,,INTDIV - RS 2.25 PER SH
T0,TRITURBINE,Triveni Turbine Limited,2026-02-09,,,2026-02-09,,,INTDIV - RS 2.25 PER SH
TL,TRITURBINE,Triveni Turbine Limited,2026-02-09,,,2026-02-09,,,INTDIV - RS 2.25 PER SH
BE,TSFINV,TSF INVESTMENTS LIMITED,2026-02-10,,,2026-02-10,,,INTDIV - RS 6.70 PER SH
BL,TSFINV,TSF INVESTMENTS LIMITED,2026-02-10,,,2026-02-10,,,INTDIV - RS 6.70 PER SH
EQ,TSFINV,TSF INVESTMENTS LIMITED,2026-02-10,,,2026-02-10,,,INTDIV - RS 6.70 PER SH
IQ,TSFINV,TSF INVESTMENTS LIMITED,2026-02-10,,,2026-02-10,,,INTDIV - RS 6.70 PER SH
IV,TVSINVIT,TVS Infrastructure Trust,2026-02-11,,,2026-02-11,,,DISTRIBUTION - RS 1.51
BE,UNOMINDA,UNO Minda Limited,2026-02-11,,,2026-02-11,,,INTDIV - RE 0.90 PER SH
BL,UNOMINDA,UNO Minda Limited,2026-02-11,,,2026-02-11,,,INTDIV - RE 0.90 PER SH
EQ,UNOMINDA,UNO Minda Limited,2026-02-11,,,2026-02-11,,,INTDIV - RE 0.90 PER SH
IQ,UNOMINDA,UNO Minda Limited,2026-02-11,,,2026-02-11,,,INTDIV - RE 0.90 PER SH
T0,UNOMINDA,UNO Minda Limited,2026-02-11,,,2026-02-11,,,INTDIV - RE 0.90 PER SH
TL,UNOMINDA,UNO Minda Limited,2026-02-11,,,2026-02-11,,,INTDIV - RE 0.90 PER SH
BE,VRLLOG,VRL Logistics Limited,2026-02-13,,,2026-02-13,,,INTDIV - RS 5 PER SH
BL,VRLLOG,VRL Logistics Limited,2026-02-13,,,2026-02-13,,,INTDIV - RS 5 PER SH
EQ,VRLLOG,VRL Logistics Limited,2026-02-13,,,2026-02-13,,,INTDIV - RS 5 PER SH
IQ,VRLLOG,VRL Logistics Limited,2026-02-13,,,2026-02-13,,,INTDIV - RS 5 PER SH
BE,WEALTH,Wealth Frst Port. Mg. Ltd,2026-02-10,,,2026-02-10,,,INTDIV - RS 4 PER SH
BL,WEALTH,Wealth Frst Port. Mg. Ltd,2026-02-10,,,2026-02-10,,,INTDIV - RS 4 PER SH
EQ,WEALTH,Wealth Frst Port. Mg. Ltd,2026-02-10,,,2026-02-10,,,INTDIV - RS 4 PER SH
IQ,WEALTH,Wealth Frst Port. Mg. Ltd,2026-02-10,,,2026-02-10,,,INTDIV - RS 4 PER SH
