SYMBOL,SERIES,SECURITY,HIGH/LOW
1035UCL26,NA,SEC RE NCD 10.35% SR III,H
21STCENMGM,EQ,21ST CENTURY MGMT SERVICE,H
79NHIT40,N2,SEC RE NCD 7.90% STRPP B,H
AIMTRON,ST,AIMTRON ELECTRONICS LTD,H
AKIKO,ST,AKIKO GLOBAL SERVICES L,H
AMBANIORGO,SM,AMBANI ORGOCHEM LIMITED,H
ANSALAPI,BZ,ANSAL PROP & INFRA LTD,H
ARVINDPORT,SM,ARVIND PORT AND INFRA LTD,H
AURIGROW,BE,AURI GROW INDIA LIMITED,H
AXISCADES,EQ,AXISCADES TECH LTD,H
BAFNAPH,BE,BAFNA PHARMACEUTICALS LTD,H
BALUFORGE,EQ,BALU FORGE INDUSTRIES LTD,H
BGLOBAL,BZ,BHARATIYA GLOBAL INFO LTD,H
BGRENERGY,EQ,BGR ENERGY SYSTEMS LTD,H
BIOFILCHEM,EQ,BIOFIL CHEM & PHARMA LTD,H
BLUECHIP,EQ,BLUE CHIP INDIA LIMITED,H
BOSCH-HCIL,EQ,BOSCH HOME COMFRT IND LTD,H
BROOKS,EQ,BROOKS LAB LIMITED,H
CBAZAAR,ST,NET AVENUE TECHNOLOGIES L,H
CEREBRAINT,BZ,CEREBRA INT TECH LTD,H
CKKRETAIL,ST,C K K RETAIL MART LIMITED,H
DHARAN,BZ,DHARAN INFRA-EPC LIMITED,H
DIVYADHAN,SM,DIVYADHAN RECYCLING IND L,H
DRSDILIP,SM,DRS DILIP ROADLINES LTD.,H
EBGNG,EQ,GNG ELECTRONICS LIMITED,H
EDUCOMP,BZ,EDUCOMP SOLUTIONS LTD,H
ELLEN,EQ,ELLENBARRIE INDUS GASES L,H
EUROTEXIND,BE,EUROTEX IND & EXPORTS LTD,H
EXCELLENT,ST,EXCELLENT WIRES N PACK L,H
FAZE3Q,EQ,FAZE THREE LIMITED,H
FCONSUMER,BZ,FUTURE CONSUMER LIMITED,H
FEL,BZ,FUTURE ENTERPRISES LTD,H
FELDVR,BZ,FUTURE ENTERPRISES LTD,H
FLFL,BZ,FUT LIFESTYLE FASH LTD,H
FMNL,EQ,FUTURE MKT NETWORKS LTD,H
FONEBOX,ST,FONEBOX RETAIL LIMITED,H
GANECOS,EQ,GANESHA ECOSPHERE LIMITED,H
GANESHIN,SM,GANESH INFRAWORLD LIMITED,H
GAYAHWS,EQ,GAYATRI HIGHWAYS LIMITED,H
GAYAPROJ,BZ,GAYATRI PROJECTS LTD,H
GFSTEELS,BE,GRAND FOUNDRY LTD,H
GKENERGY,EQ,GK ENERGY LIMITED,H
GLFL,EQ,GUJARAT LEASE FINANCING L,H
GLOBAL,BE,GLOBAL EDUCATION LIMITED,H
GVKPIL,BE,GVK POW. & INFRA LTD.,H
HDIL,BZ,HOUSING DEV & INFRA LTD,H
HNGSNGBEES,EQ,NIP IND ETF HANGSENG BEES,H
HOLMARC,SM,HOLMARC OPTO MECHATRO L,H
HVAX,SM,HVAX TECHNOLOGIES LIMITED,H
IFBAGRO,EQ,IFB AGRO INDUSTRIES LTD,H
IL&FSENGG,BZ,IL&FS ENG AND CONS CO LTD,H
ISHAN,SM,ISHAN INTERNATIONAL LTD,H
IWARE,ST,IWARE SUPPLYCHAIN SER LTD,H
JAYBARMARU,EQ,JAY BHARAT MARUTI LTD,H
JFLLIFE,SM,JFL LIFE SCIENCES LIMITED,H
JITFINFRA,EQ,JITF INFRALOGISTICS LTD,H
KODYTECH,ST,KODY TECHNOLAB LIMITED,H
KRMAYURVED,ST,KRM AYURVEDA LIMITED,H
KSR,BE,KSR FOOTWEAR LIMITED,H
LAKPRE,BZ,LAKSHMI PRE SCRE LTD,H
LCCINFOTEC,BE,LCC INFOTECH LTD,H
LEXUS,EQ,LEXUS GRANITO (INDIA) LTD,H
LRRPL,SM,LEAD REC AND RUB PROD LTD,H
MAFANG,EQ,MIRAEAMC - MAFANG,H
MAHKTECH,EQ,MIRAEAMC - MAHKTECH,H
MANAV,SM,MANAV INFRA PROJECTS LTD,H
MANDEEP,SM,MANDEEP AUTO INDUSTRIES L,H
MASPTOP50,EQ,MIRAEAMC - MASPTOP50,H
MCLEODRUSS,EQ,MCLEOD RUSSEL INDIA LTD.,H
MCLOUD,EQ,MAGELLANIC CLOUD LIMITED,H
MEDIORG,SM,MEDICAMEN ORGANICS LTD,H
MEP,BZ,MEP INFRA. DEVELOPERS LTD,H
MICEL,EQ,MIC ELECTRONICS LTD,H
MIRCELECTR,EQ,MIRC ELECTRONICS LTD,H
MTEDUCARE,BE,MT EDUCARE LTD,H
NACLIND,EQ,NACL INDUSTRIES LIMITED,H
NEELAM,SM,NEELAM LINENS & GAR (I) L,H
NEUEON,BE,NEUEON CORPORATION LTD,H
NEWJAISA,SM,NEWJAISA TECHNOLOGIES LTD,H
NIRAJISPAT,EQ,NIRAJ ISPAT IND LTD,H
NIRMAN,SM,NIRMAN AGRI GENTICS LTD,H
ORTEL,BZ,ORTEL COMMUNICATIONS LTD,H
PARASPETRO,BE,PARAS PETROFILS LTD.,H
PERFECT,SZ,PERFECT INFRAENGINEER LTD,H
POKARNA,EQ,POKARNA LIMITED,H
PRAENG,EQ,PRAJAY ENG. SYN. LTD.,H
PRAXIS,EQ,PRAXIS HOME RETAIL LTD,H
PRECISION,SM,PRECISION METALIKS LTD,H
PRECOT,EQ,PRECOT LIMITED,H
PREMIER,BE,PREMIER LIMITED,H
PRESSTONIC,SM,PRESSTONIC ENGINEERING L,H
PROLIFE,SM,PROLIFE INDUSTRIES LTD,H
QUINTEGRA,BE,QUINTEGRA SOLUTIONS LTD.,H
RAJESHEXPO,BZ,RAJESH EXPORTS LTD,H
RAJRILTD,BE,RAJ RAYON INDUSTRIES LTD,H
REXPRO,SM,REXPRO ENTERPRISES LTD,H
SABAR,ST,SABAR FLEX INDIA LIMITED,H
SABTNL,BE,SRI ADHIKARI BRO TELE N L,H
SADBHAV,EQ,SADBHAV ENGINEERING LTD,H
SAHAJ,SZ,SAHAJ FASHIONS LIMITED,H
SALSTEEL,BE,S.A.L. STEEL LTD.,H
SANGINITA,EQ,SANGINITA CHEMICALS LTD,H
SANWARIA,BZ,SANWARIA CONSUMER LIMITED,H
SATIPOLY,SM,SATI POLY PLAST LIMITED,H
SCI,EQ,SHIPPING CORP OF INDIA LT,H
SETUINFRA,BZ,SETUBANDHAN INFRA LTD,H
SHANTHALA,SM,SHANTHALA FMCG PRODUCTS L,H
SHRENIK,BZ,SHRENIK LIMITED,H
SILKFLEX,SM,SILKFLEX POLYMERS INDIA L,H
SITINET,BZ,SITI NETWORKS LIMITED,H
SOMICONVEY,EQ,SOMI CONVEYOR BELT. LTD.,H
SPPPOLY,SM,SPP POLYMER LIMITED,H
STALLION,EQ,STALLION IND FLUOROCHEM L,H
SYNOPTICS,SM,SYNOPTICS TECHNOLOGIES L,H
TAINWALCHM,EQ,TAINWALA CHEMICAL AND PLA,H
TAPIFRUIT,SM,TAPI FRUIT PROCESSING LTD,H
TCIFINANCE,BE,TCIFINANCELTD-ROLL SETT,H
TERASOFT,EQ,TERA SOFTWARE LIMITED,H
TGL,ST,TEERTH GOPICON LIMITED,H
THANGAMAYL,EQ,THANGAMAYIL JEWELLERY LTD,H
THESL,SM,THINKING HATS ENTER SOL L,H
TIJARIA,EQ,TIJARIA POLYPIPES LTD,H
UEL,EQ,UJAAS ENERGY LIMITED,H
UNIVAFOODS,BE,UNIVA FOODS LIMITED,H
VCL,BE,VAXTEX COTFAB LIMITED,H
VEEKAYEM,SM,VEEKAYEM FASH & APP LTD,H
VIESL,ST,VISION INFRA EQUIP SOL L,H
VIVIMEDLAB,EQ,VIVIMED LABS LIMITED,H
WINSOME,BZ,WINSOME YARNS LIMITED,H
YUDIZ,SM,YUDIZ SOLUTIONS LIMITED,H
776TN53,SG,SDL TN 7.76% 2053,L
ARSHIYA,BZ,ARSHIYA LIMITED,L
ARVEE,BE,ARVEE LABORATORIES I LTD,L
AURIGROW,BE,AURI GROW INDIA LIMITED,L
BALCO,SM,SOLVE PLASTIC PRODUCTS L,L
BESTAGRO,BE,BEST AGROLIFE LIMITED,L
CMICABLES,BZ,CMI LIMITED,L
CMRSL,SM,CYBER MEDIA RES & SER LTD,L
COMPINFO,BZ,COMPUAGE INFOCOM LTD,L
CONTI,SM,CONTINENTAL SEED CHEM LTD,L
COOLCAPS,SM,COOL CAPS INDUSTRIES LTD,L
DHARAN,BZ,DHARAN INFRA-EPC LIMITED,L
DHTL,ST,DOCMODE HEALTH TECH LTD,L
EASTSILK,BE,EASTERN SILK INDUSTRIES L,L
EDUCOMP,BZ,EDUCOMP SOLUTIONS LTD,L
ESCONET,SM,ESCONET TECHNOLOGIES LTD,L
FCONSUMER,BZ,FUTURE CONSUMER LIMITED,L
FEL,BZ,FUTURE ENTERPRISES LTD,L
FELDVR,BZ,FUTURE ENTERPRISES LTD,L
FLFL,BZ,FUT LIFESTYLE FASH LTD,L
GENSOL,BZ,GENSOL ENGINEERING LTD,L
IMPEXFERRO,BZ,IMPEX FERRO TECH LIMITED,L
ITTL,ST,INNOVATIVE TYRE & TUBE LT,L
JPASSOCIAT,BE,JAIPRAKASH ASSOCIATES LTD,L
KDL,ST,KORE DIGITAL LIMITED,L
LANCORHOL,BE,LANCOR HOLDINGS LIMITED,L
MANAKALUCO,BE,MANAK ALUMINIUM CO. LTD.,L
MANGALAM,BE,MANGALAM DRUG & CHEM LTD,L
MAXVOLT,ST,MAXVOLT ENERGY INDUS L,L
MCON,ST,MCON RASAYAN INDIA LTD,L
MEP,BZ,MEP INFRA. DEVELOPERS LTD,L
MIEL,SM,MANGLAM INFRA & ENG LTD,L
MILTON,ST,MILTON INDUSTRIES LIMITED,L
MORARJEE,BZ,MORARJEE TEXTILES LIMITED,L
NAMAN,SM,NAMAN INDUSTRE PRXIMA LTD,L
NAVKARURB,BE,NAVKAR URBANSTRUCTURE LTD,L
NORBTEAEXP,BE,NORBEN TEA &EXPORTS LTD,L
NRVANDANA,ST,N R VANDANA TEX IND LTD,L
ORTEL,BZ,ORTEL COMMUNICATIONS LTD,L
OSELDEVICE,ST,OSEL DEVICES LIMITED,L
PARASPETRO,BE,PARAS PETROFILS LTD.,L
POLYSIL,ST,POLYSIL IRRIGATION SYST L,L
PURPLEUTED,SM,PURPLE UNITED SALES LTD,L
QUINTEGRA,BE,QUINTEGRA SOLUTIONS LTD.,L
RELINFRA,BE,RELIANCE INFRASTRUCTU LTD,L
RICHA,SM,RICHA INFO SYSTEMS LTD,L
ROCKINGDCE,ST,ROCKINGDEALS CIRCU ECO L,L
SABTNL,BE,SRI ADHIKARI BRO TELE N L,L
SAHAJ,SZ,SAHAJ FASHIONS LIMITED,L
SALSTEEL,BE,S.A.L. STEEL LTD.,L
SANGANI,SM,SANGANI HOSPITALS LIMITED,L
SELMC,BE,SEL MANUFACTURING CO LTD,L
SETCO,EQ,SETCO AUTOMOTIVE LTD,L
SETUINFRA,BZ,SETUBANDHAN INFRA LTD,L
SHYAMCENT,BE,SHYAM CENTURY FERROUS LTD,L
SKIL,BZ,SKIL INFRASTRUCTURE LTD.,L
SLONE,SM,SLONE INFOSYSTEMS LIMITED,L
SPRL,SM,SP REFRACTORIES LIMITED,L
SUPREMEENG,BZ,SUPREME ENGINEERING LTD,L
SWANDEF,BE,SWAN DEFENCE N HEVY IND L,L
TCIFINANCE,BE,TCIFINANCELTD-ROLL SETT,L
TECHLABS,SM,TRIDENT TECHLABS LIMITED,L
TGL,ST,TEERTH GOPICON LIMITED,L
THESL,SM,THINKING HATS ENTER SOL L,L
TVVISION,BE,TV VISION LIMITED,L
UNIVAFOODS,BE,UNIVA FOODS LIMITED,L
VENUSREM,BE,VENUS REMEDIES LIMITED,L
VERITAAS,SM,VERITAAS ADVERTISING LTD,L
VIAZ,SM,VIAZ TYRES LIMITED,L
VILINBIO,ST,VILIN BIO MED LIMITED,L
WINSOME,BZ,WINSOME YARNS LIMITED,L
