SYMBOL,SERIES,SECURITY,HIGH/LOW,INDEX FLAG
AAATECH,EQ,AAA TECHNOLOGIES LIMITED,H
ABHAPOWER,ST,ABHA POWER N STEEL LTD,H
ABMINTLLTD,BE,ABM INTERNATIONAL LTD,H
AEGISLOG,EQ,AEGIS LOGISTICS LIMITED,H
AISL,SM,ANI INTEGRATED SERV LTD.,H
ARSHIYA,BZ,ARSHIYA LIMITED,H
ASTRON,EQ,ASTRON PAPER BORD MIL LTD,H
ATLANTAA,EQ,ATLANTAA LIMITED,H
AXISCADES,EQ,AXISCADES TECH LTD,H
BBOX,EQ,BLACK BOX LIMITED,H
BGRENERGY,BE,BGR ENERGY SYSTEMS LTD,H
BHARATSE,EQ,BHARAT SEATS LIMITED,H
BROOKS,EQ,BROOKS LAB LIMITED,H
CADSYS,SM,CADSYS (INDIA) LIMITED,H
CALSOFT,BE,CALIFORNIA SOFTWARE CO LT,H
CENTRUM,EQ,CENTRUM CAPITAL LIMITED,H
CEREBRAINT,BZ,CEREBRA INT TECH LTD,H
CYBERMEDIA,BE,CYBER MEDIA (INDIA) LTD.,H
DGCONTENT,BE,DIGICONTENT LIMITED,H
DHTL,ST,DOCMODE HEALTH TECH LTD,H
DIVINEHIRA,SM,DIVINE HIRA JEWELLERS LTD,H
DREAMFOLKS,BE,DREAMFOLKS SERVICES LTD,H
DRSCARGO,ST,DRS CARGO MOVERS LIMITED,H
E2E,EQ,E2E NETWORKS LIMITED,H
EASTSILK,BE,EASTERN SILK INDUSTRIES L,H
ELECTHERM,EQ,ELECTROTHERM (I) LTD.,H
ENSER,SM,ENSER COMMUNICATIONS LTD,H
ESSARSHPNG,EQ,ESSAR SHIPPING LTD,H
FEL,BZ,FUTURE ENTERPRISES LTD,H
FINKURVE,EQ,FINKURVE FINANCIAL SERV L,H
FLFL,BZ,FUT LIFESTYLE FASH LTD,H
FLYSBS,ST,FLYSBS AVIATION LIMITED,H
FMNL,EQ,FUTURE MKT NETWORKS LTD,H
GATECH,EQ,GACM TECHNOLOGIES LIMITED,H
GATECHDVR,BE,GACM TECHNOLOGIES LIMITED,H
GAYAHWS,BE,GAYATRI HIGHWAYS LIMITED,H
GCHOTELS,ST,GRAND CONTINENT HOTELS L,H
GKENERGY,EQ,GK ENERGY LIMITED,H
GOENKA,BZ,GOENKA DIAMOND&JEWELS LTD,H
GVKPIL,BE,GVK POW. & INFRA LTD.,H
GVPTECHPP,E1,GVPTECH RE.1 PPD UP,H
HNGSNGBEES,EQ,NIP IND ETF HANGSENG BEES,H
HPTL,SM,HP TELECOM INDIA LIMITED,H
HRHNEXT,SM,HRH NEXT SERVICES LIMITED,H
INDOBORAX,BE,INDO BORAX & CHEMICAL LTD,H
INDORAMA,EQ,INDO RAMA SYNTHETICS LTD,H
INDOTECH,EQ,INDO TECH TRANSFORM LTD.,H
IVZINGOLD,EQ,INVESCO INDIA GOLD ETF,H
IWARE,ST,IWARE SUPPLYCHAIN SER LTD,H
JAKHARIA,ST,JAKHARIA FABRIC LIMITED,H
JALAN,SM,JALAN TRANSOLU. INDIA LTD,H
JPASSOCIAT,BE,JAIPRAKASH ASSOCIATES LTD,H
JPPOWER,EQ,JAIPRAKASH POWER VEN. LTD,H
KALAMANDIR,EQ,SAI SILKS (KALAMANDIR) L,H
KAUSHALYA,BE,KAUSHALYA INFRA DEV LTD.,H
KEEPLEARN,EQ,DSJ KEEP LEARNING LTD,H
KERNEX,EQ,KERNEX MICROSYS(I) LTD,H
KIOCL,EQ,KIOCL LIMITED,H
LAKPRE,BZ,LAKSHMI PRE SCRE LTD,H
LYPSAGEMS,EQ,LYPSA GEMS & JEWEL LTD,H
MAANALU,EQ,MAAN ALUMINIUM LIMITED,H
MAFANG,EQ,MIRAEAMC - MAFANG,H
MAHKTECH,EQ,MIRAEAMC - MAHKTECH,H
MANAV,SM,MANAV INFRA PROJECTS LTD,H
MASKINVEST,EQ,MASK INVESTMENTS LIMITED,H
MASPTOP50,EQ,MIRAEAMC - MASPTOP50,H
MCLEODRUSS,EQ,MCLEOD RUSSEL INDIA LTD.,H
MEP,BZ,MEP INFRA. DEVELOPERS LTD,H
MIEL,ST,MANGLAM INFRA & ENG LTD,H
MODTHREAD,EQ,MODERN THREADS INDIA LTD,H
MONQ50,EQ,MOTILALAMC - MONQ50,H
MORARJEE,BZ,MORARJEE TEXTILES LIMITED,H
MSPL,EQ,MSP STEEL & POWER LTD.,H
NDLVENTURE,BE,NDL VENTURES LIMITED,H
NEELAM,SM,NEELAM LINENS & GAR (I) L,H
NIBE,EQ,NIBE LIMITED,H
NILASPACES,BE,NILA SPACES LIMITED,H
OILCOUNTUB,EQ,OIL COUNTRY TUBULAR LTD,H
OMAXAUTO,BE,OMAX AUTOS LTD,H
ONELIFECAP,EQ,ONELIFE CAP ADVISORS LTD,H
ONEPOINT,EQ,ONE POINT ONE SOL LTD,H
ORCHASP,EQ,ORCHASP LIMITED,H
ORIENTTECH,EQ,ORIENT TECHNOLOGIES LTD,H
ORISSAMINE,EQ,ORISSA MIN DEV CO LTD,H
ORTEL,BZ,ORTEL COMMUNICATIONS LTD,H
OSIAHYPER,BE,OSIA HYPER RETAIL LIMITED,H
PALREDTEC,EQ,PALRED TECHNOLOGIES LTD,H
PANACHE,BE,PANACHE DIGILIFE LIMITED,H
PARSVNATH,BE,PARSVNATH DEVELOPER LTD,H
PHANTOMFX,ST,PHANTOM DIGITAL EFF LTD,H
PPAP,BE,PPAP AUTOMOTIVE LIMITED,H
PPSL,ST,PICTUREPOST STUDIOS LTD,H
PRIMECAB,ST,PRIME CABLE INDUSTRIES L,H
QUADPRO,SM,QUADPRO ITES LIMITED,H
QVCEL,SM,QVC EXPORTS LIMITED,H
RAJOOENG,EQ,RAJOO ENGINEERS LIMITED,H
RAJRILTD,BE,RAJ RAYON INDUSTRIES LTD,H
RCOM,BE,RELIANCE COMMUNICATIONS L,H
RELINFRA,BE,RELIANCE INFRASTRUCTU LTD,H
ROLLT,EQ,ROLLATAINERS LIMITED,H
SABAR,ST,SABAR FLEX INDIA LIMITED,H
SADBHAV,EQ,SADBHAV ENGINEERING LTD,H
SAIFL,SM,SAMEERA AGRO AND INFRA L,H
SALSTEEL,BE,S.A.L. STEEL LTD.,H
SAMPANN,EQ,SAMPANN UTPADAN INDIA LTD,H
SANWARIA,BZ,SANWARIA CONSUMER LIMITED,H
SATIPOLY,SM,SATI POLY PLAST LIMITED,H
SETCO,EQ,SETCO AUTOMOTIVE LTD,H
SEYAIND,BE,SEYA INDUSTRIES LIMITED,H
SHAHALLOYS,EQ,SHAH ALLOYS LIMITED,H
SHANTI,EQ,SHANTI OVERSEAS INDIA LTD,H
SHEKHAWATI,EQ,SHEKHAWATI INDUSTRIES LTD,H
SITINET,BZ,SITI NETWORKS LIMITED,H
SMLISUZU,EQ,SML ISUZU LIMITED,H
SOMICONVEY,EQ,SOMI CONVEYOR BELT. LTD.,H
SPCENET,EQ,SPACENET ENTERS IND LTD,H
SRD,BE,SHANKAR LAL RAMPAL LTD,H
SUMEETINDS,BE,SUMEET IND LIMITED,H
TAKE,EQ,TAKE SOLUTIONS LTD,H
TARAPUR,EQ,TARAPUR TRANSFORMERS LTD,H
TAURIAN,SM,TAURIAN MPS LIMITED,H
TECHD,ST,TECHD CYBERSECURITY LTD,H
TGL,SM,TEERTH GOPICON LIMITED,H
THESL,SM,THINKING HATS ENTER SOL L,H
TIL,EQ,TIL LTD,H
TIMESCAN,ST,TIMESCAN LOGISTICS IND L,H
TNTELE,BE,TAMILNADU TELECOMMUNICATI,H
TPHQ,EQ,TEAMO PRODUCTIONS HQ LTD,H
UEL,BE,UJAAS ENERGY LIMITED,H
UHTL,SM,UNITED HEAT TRANSFER LTD,H
UNITECH,BZ,UNITECH LIMITED,H
URAVIDEF,EQ,URAVI DEFENCE &TECH LTD,H
VCL,BE,VAXTEX COTFAB LIMITED,H
VERTEXPLUS,ST,VERTEXPLUS TECHNOLOGIES L,H
VIJIFIN,BE,VIJI FINANCE LIMITED,H
VILINBIO,SM,VILIN BIO MED LIMITED,H
VISASTEEL,EQ,VISA STEEL LIMITED,H
VLEGOV,EQ,VL E GOV AND IT SOL LTD,H
WAAREEINDO,BE,INDOSOLAR LIMITED,H
21STCENMGM,EQ,21ST CENTURY MGMT SERVICE,L
675GS2029,GS,GOI LOAN   6.75% 2029,L
695TN31A,SG,SDL TN 6.95% 2031,L
697RJ31,SG,SDL RJ 6.97% 2031,L
712MZ34,SG,SDL MZ 7.12% 2034,L
AKIKO,ST,AKIKO GLOBAL SERVICES L,L
AMCL,ST,ANB METAL CAST LIMITED,L
ANKITMETAL,BZ,ANKIT MET & POW LTD,L
ANSALAPI,BZ,ANSAL PROP & INFRA LTD,L
BALAJIPHOS,ST,BALAJI PHOSPHATES LIMITED,L
BCONCEPTS,BE,BRAND CONCEPTS LIMITED,L
BIKEWO,SM,BIKEWO GREEN TECH LIMITED,L
BLUECOAST,BE,BLUE COAST HOTELS LIMITED,L
BMWVENTLTD,BE,BMW VENTURES LIMITED,L
C2C,ST,C2C ADVANCED SYSTEMS LTD,L
CENTUM,EQ,CENTUM ELECTRONICS LTD,L
CONTI,SM,CONTINENTAL SEED CHEM LTD,L
COOLCAP-RE,ST,COOL CAPS INDUSTRIES LTD,L
ESFL,SM,ESSEN SPECIALITY FILMS L,L
FALCONTECH,ST,FALCON TECHNOPROJ IND LTD,L
GML,SM,GALAXY MEDICARE LIMITED,L
GURUNANAK,ST,GURUNANAK AGRICULTUR IN L,L
HOMESFY,SM,HOMESFY REALTY LIMITED,L
ICDSLTD,BE,ICDSLTD,L
IL&FSENGG,BZ,IL&FS ENG AND CONS CO LTD,L
INDIFRA,ST,INDIFRA LIMITED,L
INFOMEDIA,BE,INFOMEDIA PRESS LIMITED,L
IZMO,BE,IZMO LIMITED,L
JALAN,SM,JALAN TRANSOLU. INDIA LTD,L
JAYBARMARU,BE,JAYBHARATMARU-,L
JFLLIFE,SM,JFL LIFE SCIENCES LIMITED,L
JKIPL,BE,JINKUSHAL INDUSTRIES LTD,L
KAVDEFENCE,BE,KAVVERI DFS & WIR TEC LTD,L
KCK,ST,KCK INDUSTRIES LTD,L
LASA,BE,LASA SUPERGENERICS LTD,L
LCCINFOTEC,EQ,LCC INFOTECH LTD,L
MANAKALUCO,BE,MANAK ALUMINIUM CO. LTD.,L
MCL,BE,MADHAV COPPER LIMITED,L
MCON,SM,MCON RASAYAN INDIA LTD,L
MTEDUCARE,BE,MT EDUCARE LTD,L
NATCAPSUQ,BE,NATURAL CAPSULES LIMITED,L
NEPHROCARE,ST,NEPHRO CARE INDIA LIMITED,L
NEWJAISA,ST,NEWJAISA TECHNOLOGIES LTD,L
NIRMAN,SM,NIRMAN AGRI GENTICS LTD,L
NOIDATOLL,BE,NOIDA TOLL BRIDGE CO LTD,L
ODIGMA,BE,ODIGMA CONSULTANCY SOL L,L
ONELIFECAP,EQ,ONELIFE CAP ADVISORS LTD,L
ORCHASP,EQ,ORCHASP LIMITED,L
ORTEL,BZ,ORTEL COMMUNICATIONS LTD,L
OSIAHYPER,BE,OSIA HYPER RETAIL LIMITED,L
PNC,BE,PRITISH NANDY COMMUNICATI,L
PREMIER,BE,PREMIER LIMITED,L
RBMINFRA,SM,RBM INFRACON LIMITED,L
REFRACTORY,SM,REFRACTORY SHAPES LIMITED,L
RICHA,SM,RICHA INFO SYSTEMS LTD,L
SABAR,ST,SABAR FLEX INDIA LIMITED,L
SANGANI,SM,SANGANI HOSPITALS LIMITED,L
SETUINFRA,BZ,SETUBANDHAN INFRA LTD,L
SHANKARA,BE,SHANKARA BLDG PRODUCT LTD,L
SIDDHICOTS,ST,SIDDHI COTSPIN LIMITED,L
SIGNORIA,SM,SIGNORIA CREATION LIMITED,L
SITINET,BZ,SITI NETWORKS LIMITED,L
SLONE,SM,SLONE INFOSYSTEMS LIMITED,L
TECHERA,SM,TECHERA ENGINEER (IND) L,L
TIRUPATI,SM,SHREE TIRUPATI BALAJEE,L
TRU,EQ,TRUCAP FINANCE LIMITED,L
UNIMECH,EQ,UNIMECH AEROSPACE N MFG L,L
UNITEDPOLY,BE,UNITED POLYFAB GUJ. LTD.,L
VIAZ,ST,VIAZ TYRES LIMITED,L
WINSOME,BZ,WINSOME YARNS LIMITED,L
YUDIZ,SM,YUDIZ SOLUTIONS LIMITED,L
