GAIN_LOSS,SECURITY,CLOSE_PRIC,PREV_CL_PR,PERCENT_CG
 ,Nifty 50 Sec., , , 
 , , , , 
G,TATA STEEL LIMITED,       173.21,       167.51,3.4
G,POWER GRID CORP. LTD.,       289.70,       280.65,3.22
G,HERO MOTOCORP LIMITED,      5550.50,      5432.50,2.17
G,HINDALCO  INDUSTRIES  LTD,       780.35,       765.95,1.88
G,AXIS BANK LIMITED,      1181.00,      1159.50,1.85
G,KOTAK MAHINDRA BANK LTD,      2100.50,      2063.30,1.8
G,LARSEN & TOUBRO LTD.,      3733.10,      3670.30,1.71
G,BHARTI AIRTEL LIMITED,      1896.70,      1867.60,1.56
G,BHARAT ELECTRONICS LTD,       412.65,       406.50,1.51
G,JSW STEEL LIMITED,      1161.70,      1146.10,1.36
G,TITAN COMPANY LIMITED,      3453.30,      3408.30,1.32
G,ASIAN PAINTS LIMITED,      2357.80,      2335.80,.94
G,BAJAJ AUTO LIMITED,      8679.50,      8626.50,.61
G,INDUSIND BANK LIMITED,       747.40,       743.15,.57
G,JIO FIN SERVICES LTD,       301.70,       300.05,.55
G,NTPC LTD,       342.00,       340.25,.51
G,STATE BANK OF INDIA,       867.30,       864.10,.37
G,HINDUSTAN UNILEVER LTD.,      2544.90,      2536.20,.34
G,CIPLA LTD,      1517.70,      1513.00,.31
G,NESTLE INDIA LIMITED,      1169.90,      1166.40,.3
G,HCL TECHNOLOGIES LTD,      1393.50,      1389.50,.29
G,DR. REDDY S LABORATORIES,      1248.10,      1244.70,.27
G,OIL AND NATURAL GAS CORP.,       243.66,       243.04,.26
G,BAJAJ FINANCE LIMITED,       989.75,       987.70,.21
G,APOLLO HOSPITALS ENTER. L,      7449.50,      7441.00,.11
G,GRASIM INDUSTRIES LTD,      2791.40,      2789.70,.06
G,INFOSYS LIMITED,      1446.60,      1445.80,.06
 , , , , 
L,COAL INDIA LTD,       383.35,       388.50,-1.33
L,EICHER MOTORS LTD,      6941.00,      7021.50,-1.15
L,TECH MAHINDRA LIMITED,      1400.60,      1416.00,-1.09
L,MARUTI SUZUKI INDIA LTD.,     15806.00,     15965.00,-1
L,SBI LIFE INSURANCE CO LTD,      1785.10,      1801.10,-0.89
L,TATA CONSUMER PRODUCT LTD,      1137.50,      1144.80,-0.64
L,ULTRATECH CEMENT LIMITED,     12019.00,     12095.00,-0.63
L,HDFC LIFE INS CO LTD,       759.20,       764.00,-0.63
L,ICICI BANK LTD.,      1365.20,      1372.00,-0.5
L,SHRIRAM FINANCE LIMITED,       645.80,       648.70,-0.45
L,TATA CONSULTANCY SERV LT,      2901.90,      2914.20,-0.42
L,RELIANCE INDUSTRIES LTD,      1363.40,      1368.70,-0.39
L,TRENT LTD,      4815.70,      4832.00,-0.34
L,ITC LTD,       404.30,       405.60,-0.32
L,TATA MOTORS LIMITED,       716.10,       718.35,-0.31
L,SUN PHARMACEUTICAL IND L,      1631.20,      1636.20,-0.31
L,BAJAJ FINSERV LTD.,      2000.90,      2007.00,-0.3
L,ADANI PORT & SEZ LTD,      1419.10,      1422.70,-0.25
L,ETERNAL LIMITED,       328.45,       329.00,-0.17
L,ADANI ENTERPRISES LIMITED,      2589.90,      2592.70,-0.11
L,MAHINDRA & MAHINDRA LTD,      3462.00,      3463.40,-0.04
L,WIPRO LTD,       240.98,       241.07,-0.04
L,HDFC BANK LTD,       965.15,       965.25,-0.01
 , , , , 
 ,Nifty Next 50 Sec., , , 
 , , , , 
G,DIVI S LABORATORIES LTD,      5866.00,      5710.00,2.73
G,ADANI ENERGY SOLUTION LTD,       916.35,       896.35,2.23
G,CANARA BANK,       125.90,       123.76,1.73
G,BANK OF BARODA,       263.95,       259.60,1.68
G,PUNJAB NATIONAL BANK,       114.37,       112.55,1.62
G,GAIL (INDIA) LTD,       177.36,       174.56,1.6
G,HINDUSTAN AERONAUTICS LTD,      4870.40,      4803.40,1.39
G,SIEMENS LTD,      3164.10,      3121.50,1.36
G,VEDANTA LIMITED,       470.95,       464.85,1.31
G,UNITED SPIRITS LIMITED,      1362.60,      1346.70,1.18
G,JINDAL STEEL LIMITED,      1076.50,      1065.00,1.08
G,CG POWER AND IND SOL LTD,       747.50,       739.80,1.04
G,PIDILITE INDUSTRIES LTD,      1489.60,      1475.40,0.96
G,TATA POWER CO LTD,       394.90,       391.15,0.96
G,DLF LIMITED,       729.20,       722.30,0.96
G,INTERGLOBE AVIATION LTD,      5657.00,      5606.00,0.91
G,AMBUJA CEMENTS LTD,       576.15,       571.10,0.88
G,BOSCH LIMITED,     38630.00,     38320.00,0.81
G,ICICI PRU LIFE INS CO LTD,       601.10,       596.60,0.75
G,REC LIMITED,       380.35,       377.55,0.74
G,JSW ENERGY LIMITED,       539.90,       536.45,0.64
G,SAMVRDHNA MTHRSN INTL LTD,       106.67,       106.00,0.63
G,BHARAT PETROLEUM CORP  LT,       341.55,       339.70,0.54
G,ADANI GREEN ENERGY LTD,      1070.30,      1064.70,0.53
G,INDIAN OIL CORP LTD,       150.39,       149.70,0.46
G,BRITANNIA INDUSTRIES LTD,      5992.50,      5966.50,0.44
G,ICICI LOMBARD GIC LIMITED,      1911.60,      1903.60,0.42
G,POWER FIN CORP LTD.,       412.20,       411.15,0.26
G,INDIAN RAILWAY FIN CORP L,       125.85,       125.54,0.25
G,DABUR INDIA LTD,       496.15,       495.05,0.22
 , , , , 
L,ADANI POWER LTD,       147.38,       152.51,-3.36
L,LODHA DEVELOPERS LIMITED,      1113.00,      1139.80,-2.35
L,CHOLAMANDALAM IN & FIN CO,      1570.90,      1605.30,-2.14
L,BAJAJ HOLDINGS & INVS LTD,     11819.00,     11996.00,-1.48
L,TORRENT PHARMACEUTICALS L,      3514.70,      3567.10,-1.47
L,HYUNDAI MOTOR INDIA LTD,      2507.60,      2537.20,-1.17
L,SWIGGY LIMITED,       413.85,       417.75,-0.93
L,AVENUE SUPERMARTS LIMITED,      4418.40,      4449.90,-0.71
L,SHREE CEMENT LIMITED,     29180.00,     29295.00,-0.39
L,INFO EDGE (I) LTD,      1333.90,      1338.60,-0.35
L,ABB INDIA LIMITED,      5183.50,      5199.00,-0.3
L,ZYDUS LIFESCIENCES LTD,       988.30,       991.15,-0.29
L,LTIMINDTREE LIMITED,      5120.00,      5123.00,-0.06
L,TVS MOTOR COMPANY  LTD,      3456.10,      3457.80,-0.05
 , , , , 
 ,OTHER SECURITIES, , , 
 , , , , 
G,UNITED HEAT TRANSFER LTD,        93.00,        77.50,20
G,ORIENT TECHNOLOGIES LTD,       425.15,       354.30,20
G,KIOCL LIMITED,       528.80,       440.70,19.99
G,AAA TECHNOLOGIES LIMITED,       105.28,        87.74,19.99
G,ATLANTAA LIMITED,        55.65,        46.38,19.99
G,TAURIAN MPS LIMITED,       369.50,       307.95,19.99
G,ORISSA MIN DEV CO LTD,      5656.70,      4745.70,19.2
G,SAI SILKS (KALAMANDIR) L,       184.02,       155.41,18.41
G,SOMI CONVEYOR BELT. LTD.,       159.45,       134.95,18.15
G,CYBERTECH SYSTEMS & SOFTW,       270.89,       231.57,16.98
G,VMART RETAIL LTD,       842.70,       726.70,15.96
G,LLOYD RS.0.50 PPD UP,        45.25,        39.18,15.49
G,SANDUR MANG & IRON ORES L,       194.54,       168.54,15.43
G,INVESCO INDIA GOLD ETF,     11853.30,     10306.05,15.01
G,DELAPLEX LIMITED,       184.65,       162.85,13.39
G,IND TERRAIN FASHIONS LTD,        37.03,        32.99,12.25
G,AEGIS LOGISTICS LIMITED,       881.15,       787.20,11.93
G,PRO FX TECH LIMITED,        93.50,        83.60,11.84
G,AVANTEL LIMITED,       202.29,       181.25,11.61
G,ASTRA MICROWAVE LTD,      1112.65,      1003.50,10.88
G,SAMPANN UTPADAN INDIA LTD,        30.25,        27.50,10
G,MCLEOD RUSSEL INDIA LTD.,        42.91,        39.01,10
G,FINKURVE FINANCIAL SERV L,       125.47,       114.07,9.99
G,PROZONE REALTY LIMITED,        66.04,        60.17,9.76
G,BELLA CASA FASH AND RET L,       431.95,       393.75,9.7
G,GAYATRI RUBB AND CHEM LTD,       371.80,       339.00,9.68
G,SIKKO INDUSTRIES LIMITED,        96.89,        88.41,9.59
G,TRF LIMITED,       380.65,       347.45,9.56
G,ATMASTCO LIMITED,       219.65,       201.05,9.25
G,LLOYD RE.0.50 PPD UP,        46.49,        42.61,9.11
 , , , , 
L,COOL CAPS INDUSTRIES LTD,         5.25,         8.70,-39.66
L,SEC RE NCD 9.71% SR.VIII,       562.75,       628.00,-10.39
L,GALAXY MEDICARE LIMITED,        26.30,        29.20,-9.93
L,N R VANDANA TEX IND LTD,        53.55,        59.40,-9.85
L,CENTUM ELECTRONICS LTD,      2459.20,      2693.70,-8.71
L,APEX ECOTECH LIMITED,       133.15,       144.00,-7.53
L,SIGMA SOLVE LIMITED,       536.05,       579.55,-7.51
L,ISF 9.50% 2027,      9503.00,     10250.00,-7.29
L,8.76% TAX FREETRI SR2B,      1095.72,      1177.68,-6.96
L,SHRI TECHTEX LIMITED,        67.00,        71.85,-6.75
L,DEEM ROLL TECH LIMITED,        53.45,        56.95,-6.15
L,BAAZAR STYLE RETAIL LTD,       354.05,       377.10,-6.11
L,ZENITH DRUGS LIMITED,        64.00,        67.90,-5.74
L,UTIAMC - NIFMID150,       216.00,       228.98,-5.67
L,TATA INVESTMENT CORP LTD,     10002.00,     10580.00,-5.46
L,EUROTEX INDUSTRIES LTD,        14.65,        15.49,-5.42
L,CEDAAR TEXTILE LIMITED,        80.90,        85.40,-5.27
L,BOND 7.04% PA TAX FREE S2,      1036.50,      1094.10,-5.26
L,D K ENTERPRISES GLOBAL L,        66.20,        69.85,-5.23
L,SEC RE NCD 10.35% SR III,       800.00,       844.00,-5.21
L,RENOL POLYCHEM LIMITED,        72.10,        76.00,-5.13
L,LCC INFOTECH LTD,         4.71,         4.96,-5.04
L,YUDIZ SOLUTIONS LIMITED,        29.35,        30.90,-5.02
L,KCK INDUSTRIES LTD,        41.75,        43.95,-5.01
L,NIRMAN AGRI GENTICS LTD,       161.40,       169.90,-5
L,SLONE INFOSYSTEMS LIMITED,       284.95,       299.95,-5
L,AFIL 12% 2027 SR 1,      9500.00,     10000.00,-5
L,SANGANI HOSPITALS LIMITED,        68.40,        72.00,-5
L,GURUNANAK AGRICULTUR IN L,        54.15,        57.00,-5
L,INDIFRA LIMITED,        16.15,        17.00,-5
