SECURITY,NEW,PREVIOUS,NEW_STATUS
FORTIS HEALTHCARE LTD,1004.7,996.9,H
HINDALCO  INDUSTRIES  LTD,790.6,772.65,H
TATA INVESTMENT CORP LTD,11847,10950,H
2.50%GOLDBONDS2026SR-XIV,12581,12400,H
NIPPON L I A M LTD,897.9,887.9,H
2.50%GOLDBONDS2026SR-IV,13300,13090,H
2.50%GOLDBONDS 2025 SR-XI,12800,12750,H
L&T FINANCE LIMITED,263.9,259.31,H
SHEETAL UNIVERSAL LIMITED,145,144.5,H
DESTINY LOGISTICS & I LTD,128,126,H
GOI TBILL 364D-16/10/25,99.46,99.44,H
2.50%GOLDBONDS2030SR-III,14492,14444.99,H
2.50%GOLDBONDS2029SR-XI,13200,12900,H
360ONEAMC - GOLD360,125,119.95,H
DIVINE HIRA JEWELLERS LTD,107.3,102.2,H
HP TELECOM INDIA LIMITED,311.85,297,H
DRS CARGO MOVERS LIMITED,47.95,45.7,H
2.50% GOLDBONDS2025SR-VII,12350,12190,H
2.50%GOLDBONDS2027SR-VII,12760,12600,H
SHRIRAM PIST. & RING LTD,2768.8,2760,H
BIRLASLAMC - SILVER,150.4,149.15,H
TERA SOFTWARE LIMITED,488.25,478.7,H
NETWEB TECH INDIA LTD,4387.2,4150,H
LE MERITE EXPORTS LIMITED,456,445.2,H
2.50%GOLDBONDS2031SR-I,13890,13569.46,H
2.50%GOLDBONDS2031SR-IV,13782,13499.99,H
TVS INFRASTRUCTURE TRUST,104.4,104,H
ASL INDUSTRIES LIMITED,66.3,65,H
FINKURVE FINANCIAL SERV L,125.47,114.07,H
V2 RETAIL LIMITED,2348.9,2219.7,H
GOODLUCK INDIA LIMITED,1349,1330,H
INVESCO INDIA GOLD ETF,12024.05,10725,H
2.50% GOLDBONDS2025SR-VI,12995,12109.24,H
SUNDARAM FINANCE HOLD LTD,653,647,H
2.50%GOLDBONDS2025 SR-XII,12750,12008.84,H
2.50%GOLDBONDS 2025 SR-X,13190,12380,H
2.50%GOLDBONDS2028SR-IV,12514.97,12509,H
APRAMEYA ENGINEERING LTD,307.95,298.95,H
2.5%GOLDBONDS2029SR-II,12689.99,12587.46,H
2.50%GOLDBONDS2029SR-X,12860.99,12600.92,H
KNOWLEDGE REALTY TRUST,120,119.51,H
GK ENERGY LIMITED,186.59,175.65,H
JAIN RESOURCE RECYCLING L,346.7,318.06,H
BHARAT GEARS LTD,137.2,132.65,H
PARIN ENTERPRISES LIMITED,560,549,H
2.50%GOLDBONDS2027SR-VI,12555,12450,H
2.50%GOLDBONDS2028SR-II,12900,12525,H
ZERODHAAMC - GOLDCASE,19.11,18.88,H
P S RAJ STEELS LIMITED,264.95,255,H
SIGMA SOLVE LIMITED,655,598.7,H
KOTAK GOLD ETF,101.37,98.7,H
HDFC GOLD ETF,102.7,101.72,H
BHARAT SEATS LIMITED,195.6,188.94,H
MOTILALAMC - MONQ50,102.69,101.3,H
2.50%GOLDBONDS2031SR-II,14000,13875,H
2.5%GOLDBONDS2029SR-I,12698,12689.98,H
M.V.K. AGRO FOOD PROD LTD,527.05,516.75,H
SCL 9.71% 2029 SR VIII,979.9,970,H
RHETAN TMT LIMITED,22.4,22.39,H
ECOLINE EXIM LIMITED,141.5,141,H
2.50% GOLDBONDS2025SR-III,12525,12475,H
2.50%GOLDBONDS2027SR-V,12580,12555.02,H
MAXVOLT ENERGY INDUS L,298,278.4,H
GE VERNOVA T&D INDIA LTD,3189.8,3147,H
2.50%GOLDBONDS2031SR-III,14495,14248.99,H
2.5%GOLDBONDS2029SR-VI,12780,12745,H
ANB METAL CAST LIMITED,286,198.9,H
TAURIAN MPS LIMITED,369.5,313,H
ANAND RATHI SH N STK BR L,471.65,466.8,H
LUMAX INDUSTRIES LTD,5345,5184.5,H
ADITYA BIRLA CAPITAL LTD.,304.95,301.6,H
2.50%GOLDBONDS2028SR-VIII,12590,12557,H
PROZONE REALTY LIMITED,68.18,64.16,H
STALLION IND FLUOROCHEM L,293.55,276,H
BROOKFIELD INDIA RET,350.9,350,H
AVANTEL LIMITED,211.79,211.4,H
POLYSIL IRRIGATION SYST L,264.95,260.5,H
INTERIORS & MORE LIMITED,650,633,H
2.5%GOLDBONDS2029SR-VII,12744.99,12699.99,H
SEC RE NCD SR. IV,1308,1307,H
MATRIX GEO SOLUTIONS LTD,106.25,104.1,H
MOTILALAMC - MOSILVER,149,146.45,H
SEC RE NCD SR.VI,1282.35,1272,H
TRAVEL FOOD SERVICES LTD,1401,1394.8,H
GOI TBILL 91D-04/12/25,99.05,99,H
GOI TBILL 364D-01/01/26,98.42,98.13,H
INDIAN BANK,769.3,761.05,H
2.50% GOLDBONDS2025SR-V,12499.99,12100,H
2.50%GOLDBONDS2027SR-I,12799.99,12300,H
PANACHE DIGILIFE LIMITED,432.4,415,H
KOTAKMAMC - KOTAKSILVE,144.86,144.3,H
ZERODHAAMC - SILVERCASE,15.24,15.2,H
AXISAMC - AXISVALUE,30.24,30.21,H
MIRAEAMC - MAHKTECH,29.66,29.23,H
2.50%GOLDBONDS2030SR-X,13463.99,13100,H
2.50%GOLDBONDS2032SR-IV,15500,15100,H
ATLANTAA LIMITED,55.65,46.54,H
2.50%GOLDBONDS2029SR-IX,12573.34,12550,H
SEC RE NCD SR VI,1173.04,1129,H
INDOSOLAR LIMITED,586.4,558.5,H
FRANTEMAMC - FICRF3GP,99,92,H
GUJARAT THEMIS BIOSYN LTD,425.4,424.9,H
APMD 9.30% 2029 STRPP C,102999.36,102865.56,H
AONEAMC - AONEGOLD,11.31,11.1,H
PRIME CABLE INDUSTRIES L,82,81,H
MUTHOOT FINANCE LIMITED,3175.9,3147.6,H
2.50%GOLDBONDS2025SR-XIII,12750,12400,H
POONAWALLA FINCORP LTD,528.8,519.7,H
MIRAEAMC - MASPTOP50,68.73,68.66,H
UNIONAMC - UNIONGOLD,118.8,116.8,H
2.50%GOLDBONDS2030SR-I,13500,13200,H
2.50%GOLDBONDS2030SR-IX,13300,13090,H
GOI TBILL 182D-23/10/25,99.6,99.47,H
TECHD CYBERSECURITY LTD,568.1,541.05,H
ATLANTA ELECTRICALS LTD,928,871.9,H
SERVICE CARE LIMITED,45.1,46,L
KAUSHALYA LOGISTICS LTD,58.15,60,L
ADITYA BIRLA REAL EST LTD,1611.3,1637,L
DHANLAXMI CROP SCIENCE L,39.5,40.4,L
CEDAAR TEXTILE LIMITED,75,85,L
SUNTECH INFRA SOLUTIONS L,54,54.5,L
MANGALAM WORLDWIDE LTD,219.87,222,L
CYBERMEDIA RS.5 PPD UP,7.47,7.59,L
SHANKARA BLDG PRODUCT LTD,178.15,187.53,L
BIL VYAPAR LIMITED,11.91,12.01,L
GLOBESECURE TECHNO LTD,7.65,7.9,L
HOMESFY REALTY LIMITED,218.4,224.2,L
DJ MEDIAPRINT & LOG LTD,88.25,88.41,L
INDIAN PHOSPHATE LIMITED,49.85,51,L
ARUNAYA ORGANICS LIMITED,22.2,22.5,L
SIDDHI COTSPIN LIMITED,66.9,70.4,L
GANESH CONSUMER PRODUCT L,280.1,280.35,L
DUDIGITAL GLOBAL LIMITED,35.6,36.5,L
PRESSTONIC ENGINEERING L,77.5,78,L
TAX FREE  7.64% SR. 108A,1085.2,1086,L
MOVING MEDIA ENTER LTD,62,65.2,L
ISF 9.50% 2027,9503,10250,L
AFIL 12% 2027 SR 1,9500,10000,L
GALAXY MEDICARE LIMITED,26.3,29.2,L
PRIMO CHEMICALS LIMITED,23.1,23.11,L
NEW DELHI TELEVISION LTD,19.11,20,L
BAFNA PHARMACEUTICALS LTD,169.26,169.34,L
ZERODHAAMC - SML100CASE,9.69,9.83,L
SAROJA PHARMA INDUS IND L,42.8,43.7,L
GRETEX CORPORATE SERVICES,240,247.25,L
INDIAN EMULSIFIERS LTD,125,134,L
ACCRETION PHARMA LIMITED,57.1,57.4,L
BMW VENTURES LIMITED,70.39,74.1,L
GURUNANAK AGRICULTUR IN L,54.15,57,L
R K SWAMY LIMITED,140.1,140.41,L
REFRACTORY SHAPES LIMITED,43.2,43.75,L
COOL CAPS INDUSTRIES LTD,5.25,8.7,L
AXITA COTTON LIMITED,8.64,8.65,L
BIKEWO GREEN TECH LIMITED,14.25,15,L
MEDISTEP HEALTHCARE LTD,29.15,29.5,L
GVPTECH RE.1 PPD UP,3.82,3.96,L
HANDSON GBL MNGMNT LTD,71.35,73.6,L
ANDHRA CEMENTS LIMITED,80.71,82.36,L
SATTVA ENGINEERING CSTN L,97.15,97.5,L

