SECURITY,NEW,PREVIOUS,NEW_STATUS
360ONEAMC - SILVER360         ,183.00,179.00,H
ADITYA BIRLA CAPITAL LTD.     ,368.95,366.80,H
AEQUS LIMITED                 ,157.00,124.00,H
ANUPAM RASAYAN INDIA LTD      ,1335.10,1309.30,H
ARFIN INDIA LIMITED           ,64.50,63.00,H
ASL INDUSTRIES LIMITED        ,103.40,101.40,H
AXISAMC - AXISBNKETF          ,623.45,617.30,H
BANDHANAMC - IDFNIFTYET       ,304.23,298.84,H
JINDAL PHOTO LIMITED          ,1616.60,1584.80,H
KOTAKMAMC - KOTAKSILVE        ,181.90,178.98,H
MEESHO LIMITED                ,177.49,111.00,H
MEGA FLEX PLASTICS LTD        ,110.90,110.80,H
NEPTUNE PETROCHEMICALS L      ,207.00,192.00,H
NORBEN TEA &EXPORTS LTD       ,75.80,74.46,H
SACHEEROME LIMITED            ,384.15,374.65,H
SBIAMC - SBISILVER            ,183.00,180.00,H
SHRI KANHA STAINLESS LTD      ,88.00,90.00,H
SHRIRAM PIST. & RING LTD      ,3224.90,3200.00,H
TATA MOTORS LIMITED           ,382.95,381.95,H
TATAAML-TATSILV               ,18.40,18.33,H
VIDYA WIRES LIMITED           ,58.45,52.00,H
AEQUS LIMITED                 ,135.40,124.00,L
ARC INSULATION & INSU LTD     ,70.00,74.00,L
CLASSIC ELECTRODE (IND) L     ,66.00,66.75,L
CLEAR SECURED SERVICES L      ,102.05,107.40,L
CURIS LIFESCIENCES LTD        ,107.00,115.00,L
DEEM ROLL TECH LIMITED        ,43.95,44.70,L
DHARAN INFRA-EPC LIMITED      ,0.30,0.31,L
DIVYADHAN RECYCLING IND L     ,29.00,29.65,L
DJ MEDIAPRINT & LOG LTD       ,53.50,53.76,L
ECOLINE EXIM LIMITED          ,126.05,130.10,L
EDELAMC - ESENSEX             ,83.62,84.00,L
GNG ELECTRONICS LIMITED       ,284.00,287.10,L
HOMESFY REALTY LIMITED        ,159.75,164.00,L
IDENTICAL BRAINS STUDIO L     ,23.40,23.45,L
INSPIRE FILMS LIMITED         ,11.00,11.50,L
INVICTA DIAGNOSTIC LTD        ,87.35,91.90,L
JAY BEE LAMINATIONS LTD       ,112.00,116.00,L
JFL LIFE SCIENCES LIMITED     ,11.25,11.40,L
KONSTELEC ENGINEERS LTD       ,47.00,47.80,L
KSR FOOTWEAR LIMITED          ,20.33,21.39,L
LOYAL TEXTILE MILLS LTD       ,202.90,204.95,L
MAXPOSURE LIMITED             ,45.70,47.00,L
MEESHO LIMITED                ,162.00,111.00,L
OPTIVALUE TEK CONSULT LTD     ,72.15,73.00,L
PARAGON FINE S.C. LTD.        ,42.40,44.10,L
PARAMOUNT SPECIALI FORG L     ,28.25,28.60,L
PLAZA WIRES LIMITED           ,38.11,38.75,L
RAJOO ENGINEERS LIMITED       ,64.11,64.18,L
SAPPHIRE FOODS INDIA LTD      ,231.69,232.03,L
SG MART LIMITED               ,329.85,330.75,L
SHANTI GOLD INTERNATION L     ,191.85,192.00,L
SHIGAN QUANTUM TECH LTD       ,49.00,51.35,L
SHRI KANHA STAINLESS LTD      ,83.60,90.00,L
SOLVE PLASTIC PRODUCTS L      ,23.75,24.25,L
SPEB ADHESIVES LIMITED        ,54.00,54.15,L
SUKHJIT STARCH & CHEM LTD     ,144.51,145.00,L
SUNTECH INFRA SOLUTIONS L     ,37.30,38.00,L
VIDYA WIRES LIMITED           ,50.00,52.00,L
WINNY IMMIGRA & EDU SER L     ,54.00,59.50,L
ZEAL GLOBAL SERVICES LTD      ,95.00,95.10,L
