SYMBOL,SERIES,SECURITY,HIGH/LOW,INDEX FLAG
667GS2035,GS,GOI LOAN  6.67% 2035,H
698GR2054,GS,GOI LOAN   6.98% 2054,H
948SCL26I,AX,SEC RE NCD 9.48% SR V,H
ABMINTLLTD,BE,ABM INTERNATIONAL LTD,H
AFFORDABLE,EQ,AFFORD ROBO & AUTO LTD,H
AKANKSHA,SM,AKANKSHA POWER N INFRA L,H
AKI,BE,AKI INDIA LIMITED,H
AKIKO,ST,AKIKO GLOBAL SERVICES L,H
ANKITMETAL,BZ,ANKIT MET & POW LTD,H
ANONDITA,ST,ANONDITA MEDICARE LIMITED,H
ANSALAPI,BZ,ANSAL PROP & INFRA LTD,H
ARSHIYA,BZ,ARSHIYA LIMITED,H
ASLIND,ST,ASL INDUSTRIES LIMITED,H
BAFNAPH,EQ,BAFNA PHARMACEUTICALS LTD,H
BAJAJINDEF,EQ,INDEF MANUFACTURING LTD,H
BAJEL,EQ,BAJEL PROJECTS LIMITED,H
BANKA,EQ,BANKA BIOLOO LIMITED,H
BHADORA,SM,BHADORA INDUSTRIES LTD,H
BLSE,EQ,BLS E-SERVICES LIMITED,H
BLUEJET,EQ,BLUE JET HEALTHCARE LTD,H
BROOKS,EQ,BROOKS LAB LIMITED,H
CBAZAAR,SM,NET AVENUE TECHNOLOGIES L,H
CCCL,EQ,CONS. CONST. CONSORT LTD,H
CLASSICEIL,ST,CLASSIC ELECTRODE (IND) L,H
COMPINFO,BZ,COMPUAGE INFOCOM LTD,H
CPEDU,BE,CAREER POINT EDUTECH LTD,H
CPS,SM,C P S SHAPERS LIMITED,H
CUBEXTUB,BE,CUBEXTUBINGS-ROLLSETT,H
CYBERMEDIA,EQ,CYBER MEDIA (INDIA) LTD.,H
DIGJAMLMTD,BE,DIGJAM LTD,H
DPEL,SM,DIVINE POWER ENERGY LTD,H
DRL,SM,DHANUKA REALTY LIMITED,H
ELECTHERM,EQ,ELECTROTHERM (I) LTD.,H
FEL,BZ,FUTURE ENTERPRISES LTD,H
FLFL,BZ,FUT LIFESTYLE FASH LTD,H
FSC,BZ,FUTURE SUPP CHAIN SOL LTD,H
GATECHDVR,BE,GACM TECHNOLOGIES LIMITED,H
GAYAHWS,BE,GAYATRI HIGHWAYS LIMITED,H
GAYAPROJ,BZ,GAYATRI PROJECTS LTD,H
GENSOL,BE,GENSOL ENGINEERING LTD,H
GODAVARIB,EQ,GODAVARI BIOREFINERIES L,H
GOENKA,BZ,GOENKA DIAMOND&JEWELS LTD,H
GPECO,ST,GP ECO SOLUTIONS INDIA L,H
GRSE,EQ,GARDEN REACH SHIP&ENG LTD,H
GVKPIL,BE,GVK POW. & INFRA LTD.,H
HAVISHA,BE,SRI HAVISHA HOSP & INFR L,H
HCC,EQ,HINDUSTAN CONSTRUCTION CO,H
HMT,BZ,HMT LTD -,H
HNGSNGBEES,EQ,NIP IND ETF HANGSENG BEES,H
HRHNEXT,SM,HRH NEXT SERVICES LIMITED,H
IL&FSENGG,BZ,IL&FS ENG AND CONS CO LTD,H
INDOTHAI,BE,INDO THAI SEC LTD,H
INNOMET,SM,INNOMET ADVANCED MATERI L,H
ISHAN,SM,ISHAN INTERNATIONAL LTD,H
JAINIK,ST,JAINIK POWER CABLES LTD,H
JAKHARIA,ST,JAKHARIA FABRIC LIMITED,H
KCEIL,SM,KAY CEE ENERGY & INFRA L,H
KMEW,EQ,KNOWLEDGE MARINE & EN W L,H
LAMBODHARA,EQ,LAMBODHARA TEXTILES LTD.,H
LGHL,EQ,LAXMI GOLDORNA HOUSE LTD,H
LYPSAGEMS,EQ,LYPSA GEMS & JEWEL LTD,H
MADHUCON,EQ,MADHUCON PROJECTS LTD.,H
MAFANG,EQ,MIRAEAMC - MAFANG,H
MAHKTECH,EQ,MIRAEAMC - MAHKTECH,H
MASPTOP50,EQ,MIRAEAMC - MASPTOP50,H
MEGAFLEX,SM,MEGA FLEX PLASTICS LTD,H
MORARJEE,BZ,MORARJEE TEXTILES LIMITED,H
MOXSH,SM,MOXSH OVERSEAS EDUCON LTD,H
MTEDUCARE,BE,MT EDUCARE LTD,H
MYMUDRA,SM,MY MUDRA FINCORP LIMITED,H
NAGREEKEXP,EQ,NAGREEKA EXPORTS LTD.,H
NAVKARURB,BE,NAVKAR URBANSTRUCTURE LTD,H
NDTV,EQ,NDTV LTD,H
NECLIFE,BE,NECTAR LIFESCIENCES LTD.,H
NIBL,EQ,NRB INDUS. BEARINGS LTD.,H
NIRAJISPAT,BE,NIRAJ ISPAT IND LTD,H
NIRMAN,SM,NIRMAN AGRI GENTICS LTD,H
NKIND,EQ,NK INDUSTRIES LTD,H
NMSTEEL,SM,NEWMALAYALAM STEEL LTD,H
ODIGMA,EQ,ODIGMA CONSULTANCY SOL L,H
ORTEL,BZ,ORTEL COMMUNICATIONS LTD,H
OSIAHYPER,BE,OSIA HYPER RETAIL LIMITED,H
PERFECT,SZ,PERFECT INFRAENGINEER LTD,H
PPSL,ST,PICTUREPOST STUDIOS LTD,H
PROLIFE,ST,PROLIFE INDUSTRIES LTD,H
RAJRILTD,BE,RAJ RAYON INDUSTRIES LTD,H
RBMINFRA,ST,RBM INFRACON LIMITED,H
RELTD,EQ,RAVINDRA ENERGY LIMITED,H
ROLLT,EQ,ROLLATAINERS LIMITED,H
RVTH,EQ,REVATHI EQUIPMENT INDIA L,H
S&SPOWER,EQ,S&S POWER SWITCHGEARS LTD,H
SABAR,ST,SABAR FLEX INDIA LIMITED,H
SALSTEEL,BE,S.A.L. STEEL LTD.,H
SANWARIA,BZ,SANWARIA CONSUMER LIMITED,H
SATTVAENGG,ST,SATTVA ENGINEERING CSTN L,H
SEJALLTD,EQ,SEJAL GLASS LIMITED,H
SITINET,BZ,SITI NETWORKS LIMITED,H
SOLEX,SM,SOLEX ENERGY LIMITED,H
SPCENET,EQ,SPACENET ENTERS IND LTD,H
STALLION,EQ,STALLION IND FLUOROCHEM L,H
STUDIOLSD,SM,STUDIO LSD LIMITED,H
SYNOPTICS,SM,SYNOPTICS TECHNOLOGIES L,H
TBI,SM,TBI CORN LIMITED,H
THEMISMED,EQ,THEMIS MEDICARE LTD.,H
TIL,EQ,TIL LTD,H
TNTELE,BE,TAMILNADU TELECOMMUNICATI,H
TREEHOUSE,EQ,TREE HOUSE EDU LTD,H
TVVISION,EQ,TV VISION LIMITED,H
UNIMECH,EQ,UNIMECH AEROSPACE N MFG L,H
URAVIDEF,EQ,URAVI DEFENCE &TECH LTD,H
USASEEDS,ST,UPSURGE SEEDS OF AGRI LTD,H
VCL,BE,VAXTEX COTFAB LIMITED,H
VERTEXPLUS,SM,VERTEXPLUS TECHNOLOGIES L,H
VIGOR,ST,VIGOR PLAST INDIA LIMITED,H
VILAS,SM,VILAS TRANSCORE LIMITED,H
VILINBIO,SM,VILIN BIO MED LIMITED,H
VISASTEEL,BE,VISA STEEL LIMITED,H
VITAL,SM,VITAL CHEMTECH LIMITED,H
756TN54,SG,SDL TN 7.56% 2054,L
AGUL,SM,A G UNIVERSAL LIMITED,L
ASTRON,EQ,ASTRON PAPER BORD MIL LTD,L
BASILIC,SM,BASILIC FLY STUDIO LTD,L
BLUECOAST,BE,BLUE COAST HOTELS LIMITED,L
BVCL,BE,BARAK VALLEY CEM. LTD.,L
CADSYS,SM,CADSYS (INDIA) LIMITED,L
CAPTRUST,EQ,CAPITAL TRUST LIMITED,L
CEREBRAINT,BZ,CEREBRA INT TECH LTD,L
COMPINFO,BZ,COMPUAGE INFOCOM LTD,L
CURAA,BE,CURA TECHNOLOGIES LIMITED,L
CYBERMEDIA,EQ,CYBER MEDIA (INDIA) LTD.,L
DHTL,SM,DOCMODE HEALTH TECH LTD,L
E2E,EQ,E2E NETWORKS LIMITED,L
ENSER,ST,ENSER COMMUNICATIONS LTD,L
ESCONET,SM,ESCONET TECHNOLOGIES LTD,L
FALCONTECH,ST,FALCON TECHNOPROJ IND LTD,L
FEL,BZ,FUTURE ENTERPRISES LTD,L
FLFL,BZ,FUT LIFESTYLE FASH LTD,L
FLYSBS,ST,FLYSBS AVIATION LIMITED,L
FSC,BZ,FUTURE SUPP CHAIN SOL LTD,L
GIRIRAJ,ST,GIRIRAJ CIVIL DEVP LTD,L
GSTL,SM,GLOBESECURE TECHNO LTD,L
IDEALTECHO,ST,IDEAL TECHNOPLAST IND LTD,L
ITTL,ST,INNOVATIVE TYRE & TUBE LT,L
JALAN,SM,JALAN TRANSOLU. INDIA LTD,L
KAUSHALYA,BE,KAUSHALYA INFRA DEV LTD.,L
KAVDEFENCE,EQ,KAVVERI DFS & WIR TEC LTD,L
KESORAMIND,EQ,KESORAM INDUSTRIES LTD,L
KOTYARK,ST,KOTYARK INDUSTRIES LTD,L
MEGASOFT,BE,MEGASOFT LTD,L
MIEL,ST,MANGLAM INFRA & ENG LTD,L
MORARJEE,BZ,MORARJEE TEXTILES LIMITED,L
MTEDUCARE,BE,MT EDUCARE LTD,L
NDTV,EQ,NDTV LTD,L
NIBE,EQ,NIBE LIMITED,L
NOIDATOLL,BE,NOIDA TOLL BRIDGE CO LTD,L
OMKARCHEM,BZ,OMKAR SPL CHEM LTD,L
PARSVNATH,BE,PARSVNATH DEVELOPER LTD,L
PARTH,ST,PARTH ELEC & ENG LTD,L
PERFECT,SZ,PERFECT INFRAENGINEER LTD,L
PREMIER,BE,PREMIER LIMITED,L
PVP,BE,PVP VENTURES LIMITED,L
RAJTV,EQ,RAJ TV NETWORK LTD,L
RELINFRA,BE,RELIANCE INFRASTRUCTU LTD,L
RICHA,SM,RICHA INFO SYSTEMS LTD,L
SABAR,ST,SABAR FLEX INDIA LIMITED,L
SABEVENTS,BE,SAB EVENTS & GOVERNANCE,L
SAIFL,ST,SAMEERA AGRO AND INFRA L,L
SANCO,BZ,SANCO INDUSTRIES LIMITED,L
SANGANI,SM,SANGANI HOSPITALS LIMITED,L
SANWARIA,BZ,SANWARIA CONSUMER LIMITED,L
SHAHALLOYS,EQ,SHAH ALLOYS LIMITED,L
SHIVASHRIT,ST,SHIVASHRIT FOODS LIMITED,L
SHUBHLAXMI,SM,SHUBHLAXMI JEWEL ART LTD,L
SITINET,BZ,SITI NETWORKS LIMITED,L
SNEHAA,ST,SNEHAA ORGANICS LIMITED,L
SPRL,SM,SP REFRACTORIES LIMITED,L
TAC,ST,TAC INFOSEC LIMITED,L
TECHERA,ST,TECHERA ENGINEER (IND) L,L
TECHLABS,SM,TRIDENT TECHLABS LIMITED,L
TECILCHEM,BE,TECIL CHEMICALS,L
TGL,SM,TEERTH GOPICON LIMITED,L
TPHQ,EQ,TEAMO PRODUCTIONS HQ LTD,L
TRANSWIND,SM,TRANSWIND INFRA LIMITED,L
VEEKAYEM,SM,VEEKAYEM FASH & APP LTD,L
VERTEXPLUS,SM,VERTEXPLUS TECHNOLOGIES L,L
WALPAR,SM,WALPAR NUTRITIONS LIMITED,L
WINSOME,BZ,WINSOME YARNS LIMITED,L
