GAIN_LOSS,SECURITY,CLOSE_PRIC,PREV_CL_PR,PERCENT_CG
 ,Nifty 50 Sec., , , 
 , , , , 
G,BHARAT ELECTRONICS LTD,       399.30,       385.15,3.67
G,BAJAJ FINANCE LIMITED,      1003.25,       970.25,3.4
G,BAJAJ FINSERV LTD.,      2081.50,      2037.80,2.14
G,HINDALCO  INDUSTRIES  LTD,       758.05,       742.65,2.07
G,SHRIRAM FINANCE LIMITED,       632.85,       620.05,2.06
G,EICHER MOTORS LTD,      6875.00,      6758.00,1.73
G,AXIS BANK LIMITED,      1105.30,      1087.40,1.65
G,MARUTI SUZUKI INDIA LTD.,     15325.00,     15095.00,1.52
G,TATA MOTORS LIMITED,       715.25,       705.85,1.33
G,ICICI BANK LTD.,      1417.70,      1401.60,1.15
G,LARSEN & TOUBRO LTD.,      3579.80,      3539.70,1.13
G,INFOSYS LIMITED,      1525.60,      1509.70,1.05
G,DR. REDDY S LABORATORIES,      1316.70,      1303.10,1.04
G,CIPLA LTD,      1574.60,      1560.80,.88
G,SBI LIFE INSURANCE CO LTD,      1830.20,      1814.20,.88
G,RELIANCE INDUSTRIES LTD,      1395.00,      1383.30,.85
G,HDFC LIFE INS CO LTD,       779.65,       774.25,.7
G,SUN PHARMACEUTICAL IND L,      1616.60,      1609.70,.43
G,POWER GRID CORP. LTD.,       287.65,       286.80,.3
G,TATA CONSULTANCY SERV LT,      3133.40,      3124.20,.29
G,TECH MAHINDRA LIMITED,      1525.50,      1521.20,.28
G,COAL INDIA LTD,       394.35,       393.35,.25
G,TATA STEEL LIMITED,       169.78,       169.41,.22
G,NTPC LTD,       331.70,       331.05,.2
G,JIO FIN SERVICES LTD,       311.20,       310.70,.16
G,GRASIM INDUSTRIES LTD,      2802.00,      2799.00,.11
G,JSW STEEL LIMITED,      1099.00,      1099.00,0
G,ADANI PORT & SEZ LTD,      1393.10,      1393.10,0
G,KOTAK MAHINDRA BANK LTD,      1972.30,      1972.30,0
 , , , , 
L,ETERNAL LIMITED,       321.40,       328.10,-2.04
L,HINDUSTAN UNILEVER LTD.,      2580.50,      2622.00,-1.58
L,BAJAJ AUTO LIMITED,      8999.50,      9113.50,-1.25
L,INDUSIND BANK LIMITED,       740.50,       748.60,-1.08
L,TRENT LTD,      5130.00,      5171.00,-0.79
L,WIPRO LTD,       251.94,       253.91,-0.78
L,BHARTI AIRTEL LIMITED,      1902.60,      1913.00,-0.54
L,ASIAN PAINTS LIMITED,      2546.30,      2555.90,-0.38
L,TITAN COMPANY LIMITED,      3571.90,      3584.20,-0.34
L,ITC LTD,       413.75,       415.05,-0.31
L,ADANI ENTERPRISES LIMITED,      2392.00,      2398.80,-0.28
L,NESTLE INDIA LIMITED,      1217.60,      1220.80,-0.26
L,OIL AND NATURAL GAS CORP.,       233.25,       233.76,-0.22
L,ULTRATECH CEMENT LIMITED,     12370.00,     12392.00,-0.18
L,MAHINDRA & MAHINDRA LTD,      3589.90,      3595.70,-0.16
L,TATA CONSUMER PRODUCT LTD,      1103.90,      1105.30,-0.13
L,APOLLO HOSPITALS ENTER. L,      7874.50,      7879.50,-0.06
L,HDFC BANK LTD,       967.30,       967.80,-0.05
L,HCL TECHNOLOGIES LTD,      1467.20,      1467.70,-0.03
L,STATE BANK OF INDIA,       823.55,       823.65,-0.01
L,HERO MOTOCORP LIMITED,      5301.50,      5302.00,-0.01
 , , , , 
 ,Nifty Next 50 Sec., , , 
 , , , , 
G,SAMVRDHNA MTHRSN INTL LTD,       104.69,       100.67,3.99
G,ADANI POWER LTD,       648.55,       624.65,3.83
G,HINDUSTAN AERONAUTICS LTD,      4745.60,      4581.20,3.59
G,VEDANTA LIMITED,       450.90,       437.70,3.02
G,HYUNDAI MOTOR INDIA LTD,      2560.70,      2507.80,2.11
G,ADANI ENERGY SOLUTION LTD,       829.90,       813.70,1.99
G,ICICI LOMBARD GIC LIMITED,      1893.60,      1870.90,1.21
G,CHOLAMANDALAM IN & FIN CO,      1512.30,      1495.70,1.11
G,INTERGLOBE AVIATION LTD,      5727.50,      5667.00,1.07
G,BAJAJ HOLDINGS & INVS LTD,     13211.00,     13099.00,0.86
G,JSW ENERGY LIMITED,       525.75,       521.55,0.81
G,LTIMINDTREE LIMITED,      5332.50,      5291.50,0.77
G,AVENUE SUPERMARTS LIMITED,      4616.60,      4589.70,0.59
G,ABB INDIA LIMITED,      5248.60,      5218.10,0.58
G,INDIAN RAILWAY FIN CORP L,       126.23,       125.53,0.56
G,ADANI GREEN ENERGY LTD,       981.70,       976.35,0.55
G,SIEMENS LTD,      3202.00,      3185.30,0.52
G,THE INDIAN HOTELS CO. LTD,       777.70,       773.95,0.48
G,ICICI PRU LIFE INS CO LTD,       600.80,       598.45,0.39
G,DLF LIMITED,       758.40,       756.35,0.27
G,DIVI S LABORATORIES LTD,      6026.50,      6015.50,0.18
G,ZYDUS LIFESCIENCES LTD,      1044.75,      1043.60,0.11
G,BAJAJ HOUSING FINANCE LTD,       112.03,       111.96,0.06
G,AMBUJA CEMENTS LTD,       560.55,       560.40,0.03
G,CG POWER AND IND SOL LTD,       785.40,       785.20,0.03
 , , , , 
L,BOSCH LIMITED,     39885.00,     40655.00,-1.89
L,GODREJ CONSUMER PRODUCTS,      1249.70,      1266.50,-1.33
L,VARUN BEVERAGES LIMITED,       469.80,       474.65,-1.02
L,CANARA BANK,       110.96,       112.07,-0.99
L,DABUR INDIA LTD,       538.85,       544.10,-0.96
L,POWER FIN CORP LTD.,       395.70,       399.55,-0.96
L,LODHA DEVELOPERS LIMITED,      1168.30,      1179.60,-0.96
L,INDIAN OIL CORP LTD,       142.61,       143.93,-0.92
L,BRITANNIA INDUSTRIES LTD,      6247.00,      6300.50,-0.85
L,SHREE CEMENT LIMITED,     29580.00,     29830.00,-0.84
L,INFO EDGE (I) LTD,      1360.60,      1371.90,-0.82
L,SWIGGY LIMITED,       420.55,       423.70,-0.74
L,UNITED SPIRITS LIMITED,      1309.70,      1319.00,-0.71
L,BHARAT PETROLEUM CORP  LT,       318.00,       320.00,-0.63
L,TVS MOTOR COMPANY  LTD,      3492.40,      3512.10,-0.56
L,TORRENT PHARMACEUTICALS L,      3566.20,      3583.60,-0.49
L,TATA POWER CO LTD,       386.25,       388.10,-0.48
L,JINDAL STEEL LIMITED,      1035.95,      1040.40,-0.43
L,PUNJAB NATIONAL BANK,       107.31,       107.76,-0.42
L,REC LIMITED,       373.30,       374.65,-0.36
L,BANK OF BARODA,       237.48,       238.27,-0.33
L,LIFE INSURA CORP OF INDIA,       874.75,       877.10,-0.27
L,GAIL (INDIA) LTD,       178.55,       179.01,-0.26
L,HAVELLS INDIA LIMITED,      1572.60,      1574.40,-0.11
L,PIDILITE INDUSTRIES LTD,      3078.90,      3079.80,-0.03
 , , , , 
 ,OTHER SECURITIES, , , 
 , , , , 
G,SEC RE NCD 9.48% SR V,       371.10,       309.25,20
G,THEMIS MEDICARE LTD.,       122.12,       101.77,20
G,LAMBODHARA TEXTILES LTD.,       152.68,       127.24,19.99
G,NAGREEKA EXPORTS LTD.,        30.31,        25.26,19.99
G,CONS. CONST. CONSORT LTD,        22.28,        18.57,19.98
G,BHADORA INDUSTRIES LTD,       119.00,        99.20,19.96
G,DIVINE POWER ENERGY LTD,       229.50,       191.45,19.87
G,MY MUDRA FINCORP LIMITED,       108.30,        91.00,19.01
G,KNOWLEDGE MARINE & EN W L,      2181.10,      1864.00,17.01
G,JBM AUTO LIMITED,       712.95,       625.85,13.92
G,COOL CAPS INDUSTRIES LTD,        95.50,        83.85,13.89
G,SIGACHI INDUSTRIES LTD,        42.87,        37.70,13.71
G,HINDUSTAN COPPER LTD,       280.05,       248.58,12.66
G,SEC RE NCD 10.50% SR.VII,       650.00,       581.10,11.86
G,PUNJAB CHEM & CROP PROT L,      1256.50,      1132.30,10.97
G,GUJARAT MINERAL DEV CORP,       569.85,       514.35,10.79
G,NK INDUSTRIES LTD,        72.55,        65.96,9.99
G,NRB INDUS. BEARINGS LTD.,        29.97,        27.25,9.98
G,STUDIO LSD LIMITED,        25.50,        23.20,9.91
G,VINSYS IT SERVICES IND LT,       419.10,       382.15,9.67
G,GARDEN REACH SHIP&ENG LTD,      2581.90,      2356.20,9.58
G,MTAR TECHNOLOGIES LIMITED,      1678.50,      1532.10,9.56
G,STALLION IND FLUOROCHEM L,       205.61,       187.77,9.5
G,BEML LIMITED,      4420.40,      4051.40,9.11
G,WONDER ELECTRICALS LTD,       152.46,       140.08,8.84
G,PURV FLEXIPACK LIMITED,       121.55,       111.95,8.58
G,SUNLITE RECYCLING IND LTD,       179.80,       166.00,8.31
G,ATUL AUTO LIMITED,       524.70,       484.60,8.27
G,APOLLO MICRO SYSTEMS LTD,       322.35,       297.90,8.21
G,SANSTAR LIMITED,        96.15,        89.22,7.77
 , , , , 
L,SEC RE NCD SR.V,      1285.36,      1479.00,-13.09
L,QMS MEDI LTD,        10.05,        11.20,-10.27
L,SMVD POLY PACK LIMITED,         7.00,         7.60,-7.89
L,2.50%GOLDBONDS 2025SR-IX,     10981.00,     11875.34,-7.53
L,UNSERENCD9.1%SRIIICIII&IV,      1045.00,      1128.00,-7.36
L,SEC RE NCD 9.65% SR I,       940.30,      1010.60,-6.96
L,JITF INFRALOGISTICS LTD,       409.15,       438.80,-6.76
L,ARC INSULATION & INSU LTD,       111.60,       119.65,-6.73
L,NILA SPACES LIMITED,        15.38,        16.48,-6.67
L,PARADEEP PHOSPHATES LTD,       170.66,       181.03,-5.73
L,2.50%GOLDBONDS2026SR-I,     11988.00,     12706.00,-5.65
L,ATLANTAA LIMITED,        41.49,        43.96,-5.62
L,AMIABLE LOGISTICS (I) LTD,        64.50,        68.00,-5.15
L,ASTRON PAPER BORD MIL LTD,        15.90,        16.74,-5.02
L,CYBER MEDIA (INDIA) LTD.,        20.64,        21.73,-5.02
L,SHAH ALLOYS LIMITED,        69.75,        73.43,-5.01
L,SDL TN 7.56% 2054,        95.80,       100.85,-5.01
L,SP REFRACTORIES LIMITED,       114.00,       120.00,-5
L,KAVVERI DFS & WIR TEC LTD,        88.92,        93.60,-5
L,E2E NETWORKS LIMITED,      3084.10,      3246.40,-5
L,TAC INFOSEC LIMITED,      1112.90,      1171.45,-5
L,BASILIC FLY STUDIO LTD,       449.95,       473.60,-4.99
L,IDEAL TECHNOPLAST IND LTD,       208.55,       219.50,-4.99
L,WALPAR NUTRITIONS LIMITED,        40.95,        43.10,-4.99
L,TEERTH GOPICON LIMITED,        60.95,        64.15,-4.99
L,A G UNIVERSAL LIMITED,        66.80,        70.30,-4.98
L,SNEHAA ORGANICS LIMITED,        89.75,        94.45,-4.98
L,FALCON TECHNOPROJ IND LTD,        20.15,        21.20,-4.95
L,SANGANI HOSPITALS LIMITED,        71.05,        74.75,-4.95
L,SAMEERA AGRO AND INFRA L,        23.05,        24.25,-4.95
