SECURITY,NEW,PREVIOUS,NEW_STATUS
360ONEAMC - SILVER360         ,250.00,248.11,H
ARFIN INDIA LIMITED           ,82.70,79.40,H
AXISAMC - AXISILVER           ,253.75,249.88,H
BIRLASLAMC - SILVER           ,254.78,254.56,H
CHOICEAMC - CHOICEGOLD        ,139.93,138.67,H
CLEAR SECURED SERVICES L      ,151.90,147.00,H
DSPAMC - DSPGOLD              ,137.53,135.40,H
DSPAMC - DSPSILVETF           ,246.80,245.09,H
EDELAMC - EBBETF0430          ,1611.59,1608.27,H
EDELAMC - ESILVER             ,255.00,252.00,H
EPW INDIA LIMITED             ,123.50,122.35,H
EURO (I) FRESH FOODS LTD      ,305.90,292.05,H
GROWWAMC - GROWWGOLD          ,137.77,136.29,H
HDFCAMC - HDFCSILVER          ,245.95,243.50,H
ICICIPRAMC - ICICISILVE       ,254.99,251.35,H
INVESCO INDIA GOLD ETF        ,12295.00,12272.75,H
KOTAKMAMC - KOTAKSILVE        ,250.80,244.70,H
LIC MF - LIC GOLD ETF         ,12799.00,12699.95,H
MIRAEAMC - EQUAL50            ,341.70,340.47,H
MOTILALAMC - MOGOLD           ,139.25,139.00,H
MOTILALAMC - MOSILVER         ,252.19,248.75,H
NEUEON CORPORATION LTD        ,8.46,8.06,H
NIPPONAMC - NETFSILVER        ,244.70,243.29,H
SBIAMC - SBISILVER            ,251.00,249.40,H
SHEETAL UNIVERSAL LIMITED     ,201.00,189.95,H
SWAN DEFENCE N HEVY IND L     ,1953.00,1860.00,H
UNIONAMC - UNIONGOLD          ,139.70,136.85,H
UTIAMC-SILVERBETA             ,247.00,244.64,H
WEALTH - TWCGOLDETF           ,141.00,140.00,H
ZERODHAAMC - SILVERCASE       ,25.90,25.78,H
3I INFOTECH LIMITED           ,14.60,15.30,L
AAKAAR MEDICAL TECHNO LTD     ,60.00,62.00,L
ADITYA BIRLA LIFES BRAN L     ,114.75,115.00,L
AFCONS INFRASTRUCTURE LTD     ,354.00,359.90,L
AFFORD ROBO & AUTO LTD        ,184.82,191.53,L
AKME FINTRADE (INDIA) LTD     ,5.47,5.88,L
ALL TIME PLASTICS LIMITED     ,239.00,243.55,L
ANTHEM BIOSCIENCES LTD        ,604.00,620.00,L
ANUH PHARMA LIMITED           ,75.47,76.25,L
AONEAMC - AONETMMQ50          ,9.41,9.51,L
ARISINFRA SOLUTIONS LTD       ,111.11,113.79,L
ARKADE DEVELOPERS LIMITED     ,125.06,128.15,L
ARVIND PORT AND INFRA LTD     ,37.05,37.25,L
ASHOKA METCAST LIMITED        ,14.50,14.62,L
ASTRON PAPER BORD MIL LTD     ,5.45,5.52,L
ATC ENERGIES SYSTEM LTD       ,32.05,33.75,L
AURO IMPEX & CHEMICALS L      ,35.50,35.75,L
AWL AGRI BUSINESS LIMITED     ,217.50,222.10,L
BCL INDUSTRIES LIMITED        ,29.31,30.10,L
BELLA CASA FASH AND RET L     ,339.80,340.15,L
BEW ENGINEERING LIMITED       ,105.00,109.00,L
BHADORA INDUSTRIES LTD        ,66.00,70.00,L
BLUSPRING ENTERPRISES LTD     ,60.20,61.52,L
BMW VENTURES LIMITED          ,50.11,53.80,L
BOMBAY METRICS S C LTD        ,37.30,38.10,L
BRAINBEES SOLUTIONS LTD       ,268.05,277.10,L
BRIGADE HOTEL VENTURE LTD     ,65.50,65.70,L
CEDAAR TEXTILE LIMITED        ,51.00,52.20,L
CELLO WORLD LIMITED           ,490.00,494.75,L
CHEMPLAST SANMAR LIMITED      ,231.05,241.00,L
CLASSIC ELECTRODE (IND) L     ,62.95,63.10,L
CLEAN SCIENCE & TECH LTD      ,834.30,845.90,L
COMPUTER AGE MNGT SER LTD     ,703.75,721.05,L
CRAYONS ADVERTISING LTD       ,34.40,35.00,L
DCM SHRIRAM IND LTD           ,44.88,48.15,L
DEBOCK INDUSTRIES LIMITED     ,1.60,1.61,L
DECCAN TRANSCON LEASING L     ,20.15,21.60,L
DEEPAK BUILDERS & ENG I L     ,101.64,106.50,L
DEV ACCELERATOR LIMITED       ,37.82,38.00,L
DIGITIDE SOLUTIONS LTD        ,117.93,121.75,L
DIVYADHAN RECYCLING IND L     ,24.40,25.65,L
DRONE DESTINATION LIMITED     ,60.20,62.70,L
DSPAMC - FLEXIADD             ,10.44,10.48,L
DSPAMC - MIDCAPADD            ,21.69,21.75,L
DSPAMC - MSCIADD              ,30.06,30.09,L
DSPAMC - NEXT50ADD            ,67.62,68.30,L
DSPAMC - SMALLADD             ,15.87,15.98,L
EASY TRIP PLANNERS LTD        ,6.88,7.06,L
EDELAMC - ENIFTY              ,25.45,25.61,L
EDELAMC - ESENSEX             ,83.16,83.56,L
ELEGANZ INTERIORS LIMITED     ,81.00,82.75,L
ELLENBARRIE INDUS GASES L     ,279.55,286.50,L
ENVIRO INFRA ENGINEERS L      ,181.11,182.00,L
ESCONET TECHNOLOGIES LTD      ,120.10,126.00,L
EXCELSOFT TECHNOLOGIES L      ,81.84,81.91,L
FINKURVE FINANCIAL SERV L     ,86.00,91.10,L
FISCHER MEDICAL VENTURE L     ,38.19,39.15,L
GANESH BENZOPLAST LIMITED     ,76.02,76.10,L
GANESH CONSUMER PRODUCT L     ,195.10,203.25,L
GANGA BATH FITTINGS LTD       ,19.40,19.60,L
GATEWAY DISTRIPARKS LTD       ,56.02,56.49,L
GENSOL ENGINEERING LTD        ,23.78,24.95,L
GLOBE CIVIL PROJECTS LTD      ,50.00,51.65,L
GLOTTIS LIMITED               ,53.42,54.78,L
GNG ELECTRONICS LIMITED       ,272.00,276.30,L
GO FASHION INDIA LTD          ,412.70,416.05,L
GROWWAMC - GROWWPOWER         ,9.36,9.43,L
HIGHWAY INFRASTRUCTURE L      ,54.31,55.90,L
HMA AGRO INDUSTRIES LTD       ,26.83,27.20,L
HP ADHESIVES LIMITED          ,39.00,40.10,L
IDENTICAL BRAINS STUDIO L     ,20.00,20.55,L
INDIAN EMULSIFIERS LTD        ,81.65,86.00,L
INDIQUBE SPACES LIMITED       ,186.00,191.12,L
INDOGULF CROPSCIENCES LTD     ,70.10,75.00,L
INNOMET ADVANCED MATERI L     ,84.10,87.30,L
INVICTA DIAGNOSTIC LTD        ,65.05,72.00,L
IVALUE INFOSOLUTIONS LTD      ,240.00,250.70,L
JARO INS OF TEC MG N RE L     ,386.00,407.60,L
JAY BEE LAMINATIONS LTD       ,106.00,107.00,L
JAYKAY ENTERPRISES LTD        ,169.41,180.50,L
JINKUSHAL INDUSTRIES LTD      ,82.30,83.60,L
JTL INDUSTRIES LIMITED        ,51.31,51.39,L
K.P. ENERGY LIMITED           ,314.30,326.55,L
KAY CEE ENERGY & INFRA L      ,122.05,130.00,L
KAYTEX FABRICS LIMITED        ,62.25,67.00,L
KOTAKMAMC - MOMENTUM30        ,30.23,30.41,L
KRONOX LAB SCIENCES LTD       ,129.90,130.30,L
LAMOSAIC INDIA LIMITED        ,32.05,33.05,L
LAXMI DENTAL LIMITED          ,239.00,244.30,L
LAXMI INDIA FINANCE LTD       ,110.22,114.21,L
LG ELECTRONICS INDIA LTD      ,1373.00,1393.20,L
LORENZINI APPARELS LTD        ,7.95,8.25,L
M AND B ENGINEERING LTD       ,340.00,346.45,L
MAGELLANIC CLOUD LIMITED      ,23.02,23.08,L
MAHALAXMI FABRIC MILLS LT     ,23.00,23.53,L
MANAS POLYMER N ENERGIE L     ,78.50,80.00,L
MANGAL ELECTRICAL IND L       ,345.30,347.50,L
MANGLAM INFRA & ENG LTD       ,16.80,18.40,L
MARC TECHNOCRATS LIMITED      ,40.75,41.00,L
MAXPOSURE LIMITED             ,39.00,39.20,L
MAZDA LIMITED                 ,200.00,205.00,L
MIRAEAMC - ENERGY             ,33.92,34.03,L
MIRAEAMC - INTERNET           ,13.23,13.30,L
MIRAEAMC - TOP20              ,9.46,9.54,L
MOTILALAMC - MOIPO            ,43.67,44.65,L
MOTILALAMC - MOSERVICE        ,33.09,33.31,L
MOTILALAMC - MOTOUR           ,79.95,80.74,L
MOTISONS JEWELLERS LTD        ,13.00,13.44,L
MT EDUCARE LTD                ,1.53,1.55,L
MUKKA PROTEINS LIMITED        ,22.02,22.64,L
MUNISH FORGE LIMITED          ,92.10,95.10,L
NEOCHEM BIO SOLUTIONS LTD     ,72.00,79.00,L
NEWJAISA TECHNOLOGIES LTD     ,21.15,21.75,L
NOVA AGRITECH LIMITED         ,36.10,37.40,L
NUVAMA WEALTH MANAGE LTD      ,1400.40,1415.00,L
ODIGMA CONSULTANCY SOL L      ,28.00,29.05,L
OSWAL PUMPS LIMITED           ,453.05,470.00,L
OWAIS METAL & MINERAL         ,203.10,217.00,L
PACE DIGITEK LIMITED          ,180.00,183.30,L
PAKKA LIMITED                 ,95.00,95.20,L
PARAGON FINE S.C. LTD.        ,37.00,38.00,L
PARAMOUNT SPECIALI FORG L     ,26.00,27.50,L
PARKHOTELS                    ,125.60,126.10,L
PATEL RETAIL LIMITED          ,177.25,184.06,L
PAUSHAK LIMITED               ,540.00,541.55,L
PICTUREPOST STUDIOS LTD       ,8.80,9.00,L
PINE LABS LIMITED             ,216.64,219.50,L
POSITRON ENERGY LIMITED       ,171.05,180.70,L
PRESSTONIC ENGINEERING L      ,55.00,56.00,L
PRITI INTERNATIONAL LTD       ,52.80,54.50,L
PROTEAN EGOV TECHNO LTD       ,697.60,716.05,L
R K SWAMY LIMITED             ,106.32,107.00,L
RACE ECO CHAIN LIMITED        ,124.00,128.99,L
REDTAPE LIMITED               ,112.49,115.71,L
REGAAL RESOURCES LIMITED      ,66.00,66.40,L
REVATHI EQUIPMENT INDIA L     ,642.55,650.05,L
RUDRA GLOBAL INFRA PROD L     ,23.00,24.04,L
SADBHAV ENGINEERING LTD       ,8.38,8.50,L
SAHAJ FASHIONS LIMITED        ,4.85,5.10,L
SAPPHIRE FOODS INDIA LTD      ,217.00,218.05,L
SARASWATI SAREE DEPOT LTD     ,71.11,73.05,L
SARTHAK METALS LIMITED        ,76.40,80.00,L
SATI POLY PLAST LIMITED       ,55.00,56.80,L
SHANKARA BUILDPRO LIMITED     ,771.95,812.55,L
SHEELA FOAM LIMITED           ,549.05,560.15,L
SHILCHAR TECHNOLOGIES LTD     ,3141.00,3360.00,L
SHYAM DHANI INDUSTRIES L      ,95.10,98.25,L
SIEMENS ENERGY INDIA LTD      ,2321.20,2385.20,L
SIGACHI INDUSTRIES LTD        ,28.06,29.43,L
SIKKO INDUSTRIES LIMITED      ,4.24,4.43,L
SNEHAA ORGANICS LIMITED       ,50.40,52.40,L
SOLARWORLD ENERGY SOL LTD     ,262.25,263.15,L
SONA MACHINERY LIMITED        ,39.20,42.15,L
SPENCER S RETAIL LIMITED      ,36.86,38.66,L
SPUNWEB NONWOVEN LIMITED      ,123.50,130.50,L
SUBA HOTELS LIMITED           ,117.55,130.70,L
SUBEX LTD                     ,10.16,10.40,L
SULA VINEYARDS LIMITED        ,193.60,199.81,L
SUNDREX OIL COMPANY LTD       ,41.35,43.50,L
SUNREST LIFESCIENCE LTD       ,35.05,38.50,L
SUPREME HOLDIN N HOSP I L     ,61.20,62.00,L
SUYOG TELEMATICS LIMITED      ,552.50,571.55,L
TINNA RUBBER AND INFR LTD     ,694.10,708.20,L
TRACXN TECHNOLOGIES LTD       ,36.01,37.67,L
TRUALT BIOENERGY LIMITED      ,363.55,371.10,L
UDAYSHIVAKUMAR INFRA LTD      ,21.16,21.80,L
UMA EXPORTS LIMITED           ,34.11,35.30,L
UTKARSH SMALL FIN BANK L      ,13.65,14.00,L
VAKRANGEE LIMITED             ,7.34,7.55,L
VALIANT LABORATORIES LTD      ,63.50,63.86,L
VEDANT FASHIONS LIMITED       ,533.20,539.00,L
VIDYA WIRES LIMITED           ,46.81,48.39,L
VIKRAM SOLAR LIMITED          ,221.58,224.45,L
VIRTUAL GALAXY INFOTECH L     ,134.05,139.30,L
VISHNU PRAKASH R PUNGLI L     ,48.40,49.16,L
VL E GOV AND IT SOL LTD       ,17.28,17.80,L
VMS TMT LIMITED               ,47.13,48.22,L
WINSOL ENGINEERS LIMITED      ,134.05,142.70,L
ZEAL GLOBAL SERVICES LTD      ,85.05,89.25,L
