SYMBOL,SERIES,SECURITY,HIGH/LOW
1035UCL26,NA,SEC RE NCD 10.35% SR III,H
ABMINTLLTD,EQ,ABM INTERNATIONAL LTD,H
ACCPL,ST,ACCRETION PHARMA LIMITED,H
AILIMITED,SM,ABHISHEK INTEGRATIONS LTD,H
AKIKO,ST,AKIKO GLOBAL SERVICES L,H
AMBANIORGO,SM,AMBANI ORGOCHEM LIMITED,H
ANSALAPI,BZ,ANSAL PROP & INFRA LTD,H
ARSHIYA,BZ,ARSHIYA LIMITED,H
ARVINDPORT,SM,ARVIND PORT AND INFRA LTD,H
ASCOM,ST,ASCOM LEASIN & INVEST LTD,H
AURIGROW,BE,AURI GROW INDIA LIMITED,H
AXISCADES,EQ,AXISCADES TECH LTD,H
BAFNAPH,BE,BAFNA PHARMACEUTICALS LTD,H
BLUECHIP,EQ,BLUE CHIP INDIA LIMITED,H
CBAZAAR,ST,NET AVENUE TECHNOLOGIES L,H
CKKRETAIL,ST,C K K RETAIL MART LIMITED,H
COMPINFO,BZ,COMPUAGE INFOCOM LTD,H
CPS,ST,C P S SHAPERS LIMITED,H
DHARAN,BZ,DHARAN INFRA-EPC LIMITED,H
DIVYADHAN,SM,DIVYADHAN RECYCLING IND L,H
DRSDILIP,SM,DRS DILIP ROADLINES LTD.,H
DYNPRO,EQ,DYNEMIC PRODUCTS LIMITED,H
EXCELLENT,ST,EXCELLENT WIRES N PACK L,H
EXXARO,BE,EXXARO TILES LIMITED,H
FEL,BZ,FUTURE ENTERPRISES LTD,H
FELDVR,BZ,FUTURE ENTERPRISES LTD,H
GAYAHWS,EQ,GAYATRI HIGHWAYS LIMITED,H
GENUSPOWER,BE,GENUS POWER INFRASTRU LTD,H
GKENERGY,EQ,GK ENERGY LIMITED,H
GLFL,EQ,GUJARAT LEASE FINANCING L,H
GLOBAL,BE,GLOBAL EDUCATION LIMITED,H
GOLDSTAR,SM,GOLDSTAR POWER LIMITED,H
GRCL,SM,GAYATRI RUBB AND CHEM LTD,H
GVKPIL,BE,GVK POW. & INFRA LTD.,H
HBSL,BE,HB STOCKHOLDINGS LIMITED,H
HNGSNGBEES,EQ,NIP IND ETF HANGSENG BEES,H
HOLMARC,SM,HOLMARC OPTO MECHATRO L,H
IL&FSENGG,BZ,IL&FS ENG AND CONS CO LTD,H
IL&FSTRANS,BZ,IL&FS TRANS NET LTD,H
IMPEXFERRO,BZ,IMPEX FERRO TECH LIMITED,H
ISGEC,EQ,ISGEC HEAVY ENG LTD,H
IWARE,ST,IWARE SUPPLYCHAIN SER LTD,H
JFLLIFE,SM,JFL LIFE SCIENCES LIMITED,H
JITFINFRA,EQ,JITF INFRALOGISTICS LTD,H
KARMAENG,EQ,KARMA ENERGY LIMITED,H
KAVDEFENCE,EQ,KAVVERI DFS & WIR TEC LTD,H
KDL,ST,KORE DIGITAL LIMITED,H
KESORAMIND,BE,KESORAM INDUSTRIES LTD,H
KRMAYURVED,ST,KRM AYURVEDA LIMITED,H
KSHITIJPOL,EQ,KSHITIJ POLYLINE LIMITED,H
KSR,BE,KSR FOOTWEAR LIMITED,H
LAKPRE,BZ,LAKSHMI PRE SCRE LTD,H
LAXMICOT,EQ,LAXMI COTSPIN LIMITED,H
LUMAXIND,EQ,LUMAX INDUSTRIES LTD,H
MADHUCON,EQ,MADHUCON PROJECTS LTD.,H
MAFANG,EQ,MIRAEAMC - MAFANG,H
MAHKTECH,EQ,MIRAEAMC - MAHKTECH,H
MANAKALUCO,BE,MANAK ALUMINIUM CO. LTD.,H
MANAV,SM,MANAV INFRA PROJECTS LTD,H
MANUGRAPH,EQ,MANUGRAPH INDIA LIMITED,H
MASPTOP50,EQ,MIRAEAMC - MASPTOP50,H
MCLOUD,EQ,MAGELLANIC CLOUD LIMITED,H
MEDIORG,SM,MEDICAMEN ORGANICS LTD,H
MEP,BZ,MEP INFRA. DEVELOPERS LTD,H
MIEL,SM,MANGLAM INFRA & ENG LTD,H
MONOPHARMA,SM,MONO PHARMACARE LIMITED,H
MTEDUCARE,BE,MT EDUCARE LTD,H
NACLIND,EQ,NACL INDUSTRIES LIMITED,H
NAMAN,SM,NAMAN INDUSTRE PRXIMA LTD,H
NELCAST,EQ,NELCAST LIMITED,H
NEWJAISA,SM,NEWJAISA TECHNOLOGIES LTD,H
NIRAJISPAT,EQ,NIRAJ ISPAT IND LTD,H
NIRMAN,SM,NIRMAN AGRI GENTICS LTD,H
OMKARCHEM,BZ,OMKAR SPL CHEM LTD,H
ORTEL,BZ,ORTEL COMMUNICATIONS LTD,H
OSELDEVICE,ST,OSEL DEVICES LIMITED,H
PANACHE,EQ,PANACHE DIGILIFE LIMITED,H
PARASPETRO,BE,PARAS PETROFILS LTD.,H
PAVNAIND,EQ,PAVNA INDUSTRIES LIMITED,H
PKTEA,EQ,THE P K TEA PROD CO LTD,H
PRAXIS,EQ,PRAXIS HOME RETAIL LTD,H
PRECISION,SM,PRECISION METALIKS LTD,H
PREMIER,BE,PREMIER LIMITED,H
PSFL,SM,PARAMOUNT SPECIALI FORG L,H
QUADPRO,SM,QUADPRO ITES LIMITED,H
RAJRILTD,BE,RAJ RAYON INDUSTRIES LTD,H
READYMIX,SM,READYMIX CONSTRU MACHI L,H
REXPIPES,SM,REX PIPES AND CABLES LTD,H
REXPRO,SM,REXPRO ENTERPRISES LTD,H
SABTNL,BE,SRI ADHIKARI BRO TELE N L,H
SADBHAV,EQ,SADBHAV ENGINEERING LTD,H
SANWARIA,BZ,SANWARIA CONSUMER LIMITED,H
SATIPOLY,SM,SATI POLY PLAST LIMITED,H
SETUINFRA,BZ,SETUBANDHAN INFRA LTD,H
SHRENIK,BZ,SHRENIK LIMITED,H
SIGNPOST,EQ,SIGNPOST INDIA LIMITED,H
SILKFLEX,SM,SILKFLEX POLYMERS INDIA L,H
SITINET,BZ,SITI NETWORKS LIMITED,H
SMLMAH,EQ,SML MAHINDRA LIMITED,H
SMVD,ST,SMVD POLY PACK LIMITED,H
SOCL,SM,SUNDREX OIL COMPANY LTD,H
SOTAC,SM,SOTAC PHARMACEUTICALS LTD,H
SOUTHWEST,BE,SOUTH WEST PINNACLE LTD,H
SPPPOLY,SM,SPP POLYMER LIMITED,H
STALLION,EQ,STALLION IND FLUOROCHEM L,H
SYNOPTICS,SM,SYNOPTICS TECHNOLOGIES L,H
TANKUP,ST,TANKUP ENGINEERS LIMITED,H
TECHLABS,SM,TRIDENT TECHLABS LIMITED,H
TGL,ST,TEERTH GOPICON LIMITED,H
TIJARIA,BE,TIJARIA POLYPIPES LTD,H
TRACXN,EQ,TRACXN TECHNOLOGIES LTD,H
TREJHARA,BE,TREJHARA SOLUTIONS LTD,H
UEL,EQ,UJAAS ENERGY LIMITED,H
VCL,BE,VAXTEX COTFAB LIMITED,H
VEEKAYEM,SM,VEEKAYEM FASH & APP LTD,H
VENUSREM,BE,VENUS REMEDIES LIMITED,H
VR,SM,V R INFRASPACE LIMITED,H
WAAREEINDO,BE,INDOSOLAR LIMITED,H
WINSOME,BZ,WINSOME YARNS LIMITED,H
WOMANCART,SM,WOMANCART LIMITED,H
ZODIAC,EQ,ZODIAC ENERGY LIMITED,H
735TN43,SG,SDL TN 7.35% 2043,L
ANONDITA,ST,ANONDITA MEDICARE LIMITED,L
AURIGROW,BE,AURI GROW INDIA LIMITED,L
CBAZAAR,ST,NET AVENUE TECHNOLOGIES L,L
COMPINFO,BZ,COMPUAGE INFOCOM LTD,L
COOLCAPS,SM,COOL CAPS INDUSTRIES LTD,L
DHTL,ST,DOCMODE HEALTH TECH LTD,L
DRSCARGO,SM,DRS CARGO MOVERS LIMITED,L
EFACTOR,ST,E FACTOR EXPERIENCES LTD,L
ESCONET,SM,ESCONET TECHNOLOGIES LTD,L
FISCHER,EQ,FISCHER MEDICAL VENTURE L,L
FLFL,BZ,FUT LIFESTYLE FASH LTD,L
FONEBOX,ST,FONEBOX RETAIL LIMITED,L
GIRIRAJ,SM,GIRIRAJ CIVIL DEVP LTD,L
GOLDENTOBC,BZ,GOLDEN TOBACCO LIMITED,L
HPTL,SM,HP TELECOM INDIA LIMITED,L
HRHNEXT,SM,HRH NEXT SERVICES LIMITED,L
IMPEXFERRO,BZ,IMPEX FERRO TECH LIMITED,L
ISHAN,SM,ISHAN INTERNATIONAL LTD,L
ITTL,ST,INNOVATIVE TYRE & TUBE LT,L
LAKPRE,BZ,LAKSHMI PRE SCRE LTD,L
LCCINFOTEC,BE,LCC INFOTECH LTD,L
LOYALTEX,EQ,LOYAL TEXTILE MILLS LTD,L
LRRPL,SM,LEAD REC AND RUB PROD LTD,L
MARINETRAN,ST,MARINETRANS INDIA LIMITED,L
MAXVOLT,ST,MAXVOLT ENERGY INDUS L,L
MCON,ST,MCON RASAYAN INDIA LTD,L
MEP,BZ,MEP INFRA. DEVELOPERS LTD,L
MONOPHARMA,SM,MONO PHARMACARE LIMITED,L
MTEDUCARE,BE,MT EDUCARE LTD,L
NAVKARURB,BE,NAVKAR URBANSTRUCTURE LTD,L
NEELAM,SM,NEELAM LINENS & GAR (I) L,L
NRVANDANA,ST,N R VANDANA TEX IND LTD,L
PERFECT,SZ,PERFECT INFRAENGINEER LTD,L
POLYSIL,ST,POLYSIL IRRIGATION SYST L,L
PURVFLEXI,SM,PURV FLEXIPACK LIMITED,L
QUICKTOUCH,SM,QUICKTOUCH TECHNOLOGIES L,L
RELIABLE,BE,RELIABLE DATA SERVICE LTD,L
ROCKINGDCE,ST,ROCKINGDEALS CIRCU ECO L,L
SABTNL,BE,SRI ADHIKARI BRO TELE N L,L
SETCO,EQ,SETCO AUTOMOTIVE LTD,L
SETUINFRA,BZ,SETUBANDHAN INFRA LTD,L
SEYAIND,BE,SEYA INDUSTRIES LIMITED,L
SHUBHLAXMI,ST,SHUBHLAXMI JEWEL ART LTD,L
SLONE,SM,SLONE INFOSYSTEMS LIMITED,L
SOUTHWEST,BE,SOUTH WEST PINNACLE LTD,L
SPCENET,EQ,SPACENET ENTERS IND LTD,L
SPECTSTM,SM,SPECTRUM TALENT MGMT LTD,L
SUNLITE,ST,SUNLITE RECYCLING IND LTD,L
SUPREMEENG,BZ,SUPREME ENGINEERING LTD,L
TECHLABS,SM,TRIDENT TECHLABS LIMITED,L
THESL,SM,THINKING HATS ENTER SOL L,L
TIJARIA,BE,TIJARIA POLYPIPES LTD,L
TRANSWIND,ST,TRANSWIND INFRA LIMITED,L
UYFINCORP,BE,U. Y. FINCORP LIMITED,L
VIJIFIN,EQ,VIJI FINANCE LIMITED,L
VILINBIO,ST,VILIN BIO MED LIMITED,L
VISAMAN,ST,VISAMAN GLOBAL SALES LTD,L
VIVIMEDLAB,EQ,VIVIMED LABS LIMITED,L
WINSOME,BZ,WINSOME YARNS LIMITED,L
