SERIES,SYMBOL,SECURITY,RECORD_DT,BC_STRT_DT,BC_END_DT,EX_DT,ND_STRT_DT,ND_END_DT,PURPOSE
N1,1003SCL32,Sammaan Capital Limited,2026-02-04,,,2026-02-04,,,INTEREST PAYMENT
U1,1003SCL32,Sammaan Capital Limited,2026-02-04,,,2026-02-04,,,INTEREST PAYMENT
N1,1025SCL35A,Sammaan Capital Limited,2026-02-04,,,2026-02-04,,,INTEREST PAYMENT
U1,1025SCL35A,Sammaan Capital Limited,2026-02-04,,,2026-02-04,,,INTEREST PAYMENT
N7,1050NFL26,Sec Re NCD 10.50% Sr.IV,2026-02-03,,,2026-02-03,,,INTEREST PAYMENT
U7,1050NFL26,Sec Re NCD 10.50% Sr.IV,2026-02-03,,,2026-02-03,,,INTEREST PAYMENT
N5,10CAGL27,Sec Re NCD 10% Sr. V,2026-02-02,,,2026-02-02,,,INTEREST PAYMENT
U5,10CAGL27,Sec Re NCD 10% Sr. V,2026-02-02,,,2026-02-02,,,INTEREST PAYMENT
N0,1150AFIL29,AFIL 11.50% 2029,2026-02-04,,,2026-02-04,,,INTEREST PAYMENT
N0,116VCCL26,VCCL 11.6% 2026 Sr A,2026-01-30,,,2026-01-30,,,INTEREST PAYMENT
N0,116VCCL26A,VCCL 11.6% 2026 Sr A,2026-02-05,,,2026-02-05,,,INTEREST PAYMENT
N0,1180VCCL26,VCCL 11.80% 2026 Sr B,2026-01-30,,,2026-01-30,,,INTEREST PAYMENT
N0,118VCCL27,VCCL 11.8% 2027 Sr B,2026-02-05,,,2026-02-05,,,INTEREST PAYMENT
N0,1225IFL27,IFL 12.25% 2027,2026-02-03,,,2026-02-03,,,INT PAYMENT/PART REDMPTN
N0,1225IFL28,IFL 12.25% 2028,2026-02-01,,,2026-01-30,,,INTEREST PAYMENT
N0,12AFIL27A,AFIL 12% 2027,2026-01-31,,,2026-01-30,,,INTEREST PAYMENT
N0,12AFIL28,AFIL 12% 2028,2026-02-01,,,2026-01-30,,,INTEREST PAYMENT
N0,12DCCL27,DCCL 12% 2027 Sr II,2026-02-04,,,2026-02-04,,,INTEREST PAYMENT
N0,12VCCL27A,VCCL 12% 2027 Sr C,2026-01-30,,,2026-01-30,,,INTEREST PAYMENT
N0,12VCCL27D,VCCL 12% 2027 Sr C,2026-02-05,,,2026-02-05,,,INTEREST PAYMENT
N0,12VCCL28,VCCL 12% 2028,2026-02-01,,,2026-01-30,,,INTEREST PAYMENT
TB,182D050226,GOI TBILL 182D-05/02/26,2026-02-03,,,,,,REDEMPTION
TB,182D120226,GOI TBILL 182D-12/02/26,2026-02-10,,,,,,REDEMPTION
TB,364D050226,GOI TBILL 364D-05/02/26,2026-02-03,,,,,,REDEMPTION
TB,364D120226,GOI TBILL 364D-12/02/26,2026-02-10,,,,,,REDEMPTION
SG,609RJ26,SDL RJ 6.09% 2026,2026-02-07,,,,,,REDEMPTION
SG,619AS26,SDL AS 6.19% 2026,2026-02-07,,,,,,REDEMPTION
SG,621AS26,SDL AS 6.21% 2026,2026-02-13,,,,,,REDEMPTION
SG,62RJ26,SDL RJ 6.2% 2026,2026-01-30,,,2026-01-30,,,REDEMPTION
SG,725GJ26,SDL GJ 7.25% 2026,2026-02-05,,,,,,REDEMPTION
N0,726IRMT45,IRMT 7.26% 2045 Sr A,2026-02-01,,,2026-01-30,,,INT PAYMENT/PART REDMPTN
N0,738ABCL28,ABCL 7.3789% 2028 Sr B2,2026-01-30,,,2026-01-30,,,INTEREST PAYMENT
N0,738PFC32,PFCL 7.38% 2032 Sr 246B,2026-02-04,,,2026-02-04,,,INTEREST PAYMENT
N0,742PFC28,PFCL 7.42% 2028 Sr 246A,2026-02-04,,,2026-02-04,,,INTEREST PAYMENT
N0,773TIL35,THDC 7.73% 2035 Sr XII,2026-02-03,,,2026-02-03,,,INTEREST PAYMENT
NH,816ABCL29,ABCL 8.16% 2029 Sr K1,2026-01-30,,,2026-01-30,,,INTEREST PAYMENT
UH,816ABCL29,ABCL 8.16% 2029 Sr K1,2026-01-30,,,2026-01-30,,,INTEREST PAYMENT
N0,820CIFL28,CIFL 8.20% 2028 Sr 651,2026-02-02,,,2026-02-02,,,INTEREST PAYMENT
N0,834MLICL35,MLICL 8.34% 2035,2026-02-03,,,2026-02-03,,,INTEREST PAYMENT
N0,840MCSL31,MCSL 8.40% 2031 Sr BD,2026-02-01,,,2026-01-30,,,PART REDEMPTION
N4,843TPL26,TPL 8.43% 2026 Sr M,2026-01-30,,,,,,INT PAYMENT/REDEMPTION
U4,843TPL26,TPL 8.43% 2026 Sr M,2026-01-30,,,,,,INT PAYMENT/REDEMPTION
NG,852LTF27,SeReNCD 8.52% Sr.VII OpI,2026-01-30,,,2026-01-30,,,INTEREST PAYMENT
UG,852LTF27,SeReNCD 8.52% Sr.VII OpI,2026-01-30,,,2026-01-30,,,INTEREST PAYMENT
NH,87LTF27,SeReNCD 8.70% Sr.VII OpII,2026-01-30,,,2026-01-30,,,INTEREST PAYMENT
UH,87LTF27,SeReNCD 8.70% Sr.VII OpII,2026-01-30,,,2026-01-30,,,INTEREST PAYMENT
N1,890NCPL28,Nomura 8.90% 2028 Sr 02,2026-02-05,,,2026-02-05,,,INTEREST PAYMENT
U1,890NCPL28,Nomura 8.90% 2028 Sr 02,2026-02-05,,,2026-02-05,,,INTEREST PAYMENT
N1,902SCL28,Sammaan Capital Limited,2026-02-04,,,2026-02-04,,,INTEREST PAYMENT
U1,902SCL28,Sammaan Capital Limited,2026-02-04,,,2026-02-04,,,INTEREST PAYMENT
TB,91D060226,GOI TBILL 91D-06/02/26,2026-02-04,,,,,,REDEMPTION
TB,91D120226,GOI TBILL 91D-12/02/26,2026-02-10,,,,,,REDEMPTION
N1,925SCL27B,Sammaan Capital Limited,2026-02-04,,,2026-02-04,,,INTEREST PAYMENT
U1,925SCL27B,Sammaan Capital Limited,2026-02-04,,,2026-02-04,,,INTEREST PAYMENT
N1,948SCL28,Sammaan Capital Limited,2026-02-04,,,2026-02-04,,,INTEREST PAYMENT
U1,948SCL28,Sammaan Capital Limited,2026-02-04,,,2026-02-04,,,INTEREST PAYMENT
N0,950ISF26A,ISF 9.50% 2026,2026-02-13,,,2026-02-13,,,INTEREST/PART REDEMPTION
N0,950ISF27B,ISF 9.50% 2027,2026-02-04,,,2026-02-04,,,INTEREST/PART REDEMPTION
N1,971SCL30,Sammaan Capital Limited,2026-02-04,,,2026-02-04,,,INTEREST PAYMENT
U1,971SCL30,Sammaan Capital Limited,2026-02-04,,,2026-02-04,,,INTEREST PAYMENT
N1,971SCL30A,Sammaan Capital Limited,2026-02-04,,,2026-02-04,,,INTEREST PAYMENT
U1,971SCL30A,Sammaan Capital Limited,2026-02-04,,,2026-02-04,,,INTEREST PAYMENT
N0,975ISF28,ISF 9.75% NCD 2028,2026-02-01,,,2026-01-30,,,INTEREST PAYMENT
N0,975PCPL27,PCPL 9.75% 2027,2026-02-02,,,2026-02-02,,,INTEREST PAYMENT
N0,975SIPL27A,SIPL 9.75% 2027 Sr Tr II,2026-01-31,,,2026-01-30,,,INT PAYMENT/PART REDMPTN
N0,975SIPL27B,SIIPL 9.75% 2027 Sr III,2026-01-31,,,2026-01-30,,,INT PAYMENT/PART REDEMPN
N1,980SCL35,Sammaan Capital Limited,2026-02-04,,,2026-02-04,,,INTEREST PAYMENT
U1,980SCL35,Sammaan Capital Limited,2026-02-04,,,2026-02-04,,,INTEREST PAYMENT
N0,9PCPL28,PCPL 9% 2028,2026-02-04,,,2026-02-04,,,INTEREST PAYMENT
BE,ACMESOLAR,ACME Solar Holdings Ltd,2026-02-06,,,2026-02-06,,,INTDIV - RE 0.20 PER SH
BL,ACMESOLAR,ACME Solar Holdings Ltd,2026-02-06,,,2026-02-06,,,INTDIV - RE 0.20 PER SH
EQ,ACMESOLAR,ACME Solar Holdings Ltd,2026-02-06,,,2026-02-06,,,INTDIV - RE 0.20 PER SH
IQ,ACMESOLAR,ACME Solar Holdings Ltd,2026-02-06,,,2026-02-06,,,INTDIV - RE 0.20 PER SH
T0,ACMESOLAR,ACME Solar Holdings Ltd,2026-02-06,,,2026-02-06,,,INTDIV - RE 0.20 PER SH
TL,ACMESOLAR,ACME Solar Holdings Ltd,2026-02-06,,,2026-02-06,,,INTDIV - RE 0.20 PER SH
BE,ADVANIHOTR,Advani Hot.& Res.(I) Ltd,2026-01-30,,,2026-01-30,,,INTDIV - RE 1 PER SH
BL,ADVANIHOTR,Advani Hotels & Resorts (,2026-01-30,,,2026-01-30,,,INTDIV - RE 1 PER SH
EQ,ADVANIHOTR,Advani Hotels & Resorts (,2026-01-30,,,2026-01-30,,,INTDIV - RE 1 PER SH
IQ,ADVANIHOTR,Advani Hotels & Resorts (,2026-01-30,,,2026-01-30,,,INTDIV - RE 1 PER SH
BE,ALLDIGI,Alldigi Tech Limited,2026-02-04,,,2026-02-04,,,INTDIV - RS 30 PER SH
BL,ALLDIGI,Alldigi Tech Limited,2026-02-04,,,2026-02-04,,,INTDIV - RS 30 PER SH
EQ,ALLDIGI,Alldigi Tech Limited,2026-02-04,,,2026-02-04,,,INTDIV - RS 30 PER SH
IQ,ALLDIGI,Alldigi Tech Limited,2026-02-04,,,2026-02-04,,,INTDIV - RS 30 PER SH
BE,APCOTEXIND,Apcotex Industries Ltd.,2026-02-04,,,2026-02-04,,,INTDIV - RS 2.50 PER SH
BL,APCOTEXIND,Apcotex Industries Ltd.,2026-02-04,,,2026-02-04,,,INTDIV - RS 2.50 PER SH
EQ,APCOTEXIND,Apcotex Industries Ltd.,2026-02-04,,,2026-02-04,,,INTDIV - RS 2.50 PER SH
IQ,APCOTEXIND,Apcotex Industries Ltd.,2026-02-04,,,2026-02-04,,,INTDIV - RS 2.50 PER SH
BE,BALKRISIND,BALKRISHNA IND. LTD,2026-02-02,,,2026-02-02,,,INTDIV - RS 4 PER SH
BL,BALKRISIND,Balkrishna Ind. Ltd,2026-02-02,,,2026-02-02,,,INTDIV - RS 4 PER SH
EQ,BALKRISIND,Balkrishna Ind. Ltd,2026-02-02,,,2026-02-02,,,INTDIV - RS 4 PER SH
IQ,BALKRISIND,Balkrishna Ind. Ltd,2026-02-02,,,2026-02-02,,,INTDIV - RS 4 PER SH
T0,BALKRISIND,Balkrishna Ind. Ltd,2026-02-02,,,2026-02-02,,,INTDIV - RS 4 PER SH
TL,BALKRISIND,Balkrishna Ind. Ltd,2026-02-02,,,2026-02-02,,,INTDIV - RS 4 PER SH
BE,BPCL,BHARAT PETROLEUM CORP  LT,2026-02-02,,,2026-02-02,,,INTDIV - RS 10 PER SH
BL,BPCL,Bharat Petroleum Ltd,2026-02-02,,,2026-02-02,,,INTDIV - RS 10 PER SH
EQ,BPCL,Bharat Petroleum Ltd,2026-02-02,,,2026-02-02,,,INTDIV - RS 10 PER SH
IQ,BPCL,Bharat Petroleum Ltd,2026-02-02,,,2026-02-02,,,INTDIV - RS 10 PER SH
T0,BPCL,Bharat Petroleum Ltd,2026-02-02,,,2026-02-02,,,INTDIV - RS 10 PER SH
TL,BPCL,Bharat Petroleum Ltd,2026-02-02,,,2026-02-02,,,INTDIV - RS 10 PER SH
BE,CAMS,Computer Age Mngt Ser Ltd,2026-01-30,,,2026-01-30,,,INTDIV - RS 3.50 PER SH
BL,CAMS,Computer Age Mngt Ser Ltd,2026-01-30,,,2026-01-30,,,INTDIV - RS 3.50 PER SH
EQ,CAMS,Computer Age Mngt Ser Ltd,2026-01-30,,,2026-01-30,,,INTDIV - RS 3.50 PER SH
IQ,CAMS,Computer Age Mngt Ser Ltd,2026-01-30,,,2026-01-30,,,INTDIV - RS 3.50 PER SH
T0,CAMS,Computer Age Mngt Ser Ltd,2026-01-30,,,2026-01-30,,,INTDIV - RS 3.50 PER SH
TL,CAMS,Computer Age Mngt Ser Ltd,2026-01-30,,,2026-01-30,,,INTDIV - RS 3.50 PER SH
BE,CARBORUNIV,Carborundum Univ Ltd,2026-02-04,,,2026-02-04,,,INTDIV - RS 1.50 PER SH
BL,CARBORUNIV,Carborundum Univ Ltd,2026-02-04,,,2026-02-04,,,INTDIV - RS 1.50 PER SH
EQ,CARBORUNIV,Carborundum Univ Ltd,2026-02-04,,,2026-02-04,,,INTDIV - RS 1.50 PER SH
IQ,CARBORUNIV,Carborundum Univ Ltd,2026-02-04,,,2026-02-04,,,INTDIV - RS 1.50 PER SH
T0,CARBORUNIV,Carborundum Univ Ltd,2026-02-04,,,2026-02-04,,,INTDIV - RS 1.50 PER SH
TL,CARBORUNIV,Carborundum Univ Ltd,2026-02-04,,,2026-02-04,,,INTDIV - RS 1.50 PER SH
BE,CGPOWER,CG Power & Ind. Sol. Ltd.,2026-02-01,,,2026-01-30,,,INTDIV - RS 1.30 PER SH
BL,CGPOWER,CG Power & Ind. Sol. Ltd.,2026-02-01,,,2026-01-30,,,INTDIV - RS 1.30 PER SH
BZ,CGPOWER,CG Power & Ind. Sol. Ltd.,2026-02-01,,,2026-01-30,,,INTDIV - RS 1.30 PER SH
EQ,CGPOWER,CG Power & Ind. Sol. Ltd.,2026-02-01,,,2026-01-30,,,INTDIV - RS 1.30 PER SH
IQ,CGPOWER,CG Power & Ind. Sol. Ltd.,2026-02-01,,,2026-01-30,,,INTDIV - RS 1.30 PER SH
T0,CGPOWER,CG Power & Ind. Sol. Ltd.,2026-02-01,,,2026-01-30,,,INTDIV - RS 1.30 PER SH
TL,CGPOWER,CG Power & Ind. Sol. Ltd.,2026-02-01,,,2026-01-30,,,INTDIV - RS 1.30 PER SH
BE,COCHINSHIP,Cochin Shipyard Limited,2026-02-03,,,2026-02-03,,,INTDIV - RS 3.50 PER SH
BL,COCHINSHIP,Cochin Shipyard Limited,2026-02-03,,,2026-02-03,,,INTDIV - RS 3.50 PER SH
EQ,COCHINSHIP,Cochin Shipyard Limited,2026-02-03,,,2026-02-03,,,INTDIV - RS 3.50 PER SH
IQ,COCHINSHIP,Cochin Shipyard Limited,2026-02-03,,,2026-02-03,,,INTDIV - RS 3.50 PER SH
T0,COCHINSHIP,Cochin Shipyard Limited,2026-02-03,,,2026-02-03,,,INTDIV - RS 3.50 PER SH
TL,COCHINSHIP,Cochin Shipyard Limited,2026-02-03,,,2026-02-03,,,INTDIV - RS 3.50 PER SH
BE,COFORGE,Coforge Limited,2026-01-31,,,2026-01-30,,,INTDIV - RS 4 PER SH
BL,COFORGE,Coforge Limited,2026-01-31,,,2026-01-30,,,INTDIV - RS 4 PER SH
EQ,COFORGE,Coforge Limited,2026-01-31,,,2026-01-30,,,INTDIV - RS 4 PER SH
IQ,COFORGE,Coforge Limited,2026-01-31,,,2026-01-30,,,INTDIV - RS 4 PER SH
T0,COFORGE,Coforge Limited,2026-01-31,,,2026-01-30,,,INTDIV - RS 4 PER SH
TL,COFORGE,Coforge Limited,2026-01-31,,,2026-01-30,,,INTDIV - RS 4 PER SH
BE,CONTROLPR,Control Print Limited,2026-02-06,,,2026-02-06,,,INTDIV - RS 4 PER SH
BL,CONTROLPR,Control Print Limited,2026-02-06,,,2026-02-06,,,INTDIV - RS 4 PER SH
EQ,CONTROLPR,Control Print Limited,2026-02-06,,,2026-02-06,,,INTDIV - RS 4 PER SH
IQ,CONTROLPR,Control Print Limited,2026-02-06,,,2026-02-06,,,INTDIV - RS 4 PER SH
BE,COROMANDEL,Coromandel Internl Ltd.,2026-02-04,,,2026-02-04,,,INTDIV - RS 9 PER SH
BL,COROMANDEL,Coromandel Internl Ltd.,2026-02-04,,,2026-02-04,,,INTDIV - RS 9 PER SH
EQ,COROMANDEL,Coromandel Internl Ltd.,2026-02-04,,,2026-02-04,,,INTDIV - RS 9 PER SH
IQ,COROMANDEL,Coromandel Internl Ltd.,2026-02-04,,,2026-02-04,,,INTDIV - RS 9 PER SH
T0,COROMANDEL,Coromandel Internl Ltd.,2026-02-04,,,2026-02-04,,,INTDIV - RS 9 PER SH
TL,COROMANDEL,Coromandel Internl Ltd.,2026-02-04,,,2026-02-04,,,INTDIV - RS 9 PER SH
BE,CRIZAC,Crizac Limited,2026-02-04,,,2026-02-04,,,INTDIV - RS 8 PER SH
BL,CRIZAC,Crizac Limited,2026-02-04,,,2026-02-04,,,INTDIV - RS 8 PER SH
EQ,CRIZAC,Crizac Limited,2026-02-04,,,2026-02-04,,,INTDIV - RS 8 PER SH
IQ,CRIZAC,Crizac Limited,2026-02-04,,,2026-02-04,,,INTDIV - RS 8 PER SH
BE,DOLATALGO,Dolat Algotech Limited,2026-02-04,,,2026-02-04,,,INTDIV - RE 0.10 PER SH
BL,DOLATALGO,Dolat Algotech Limited,2026-02-04,,,2026-02-04,,,INTDIV - RE 0.10 PER SH
EQ,DOLATALGO,Dolat Algotech Limited,2026-02-04,,,2026-02-04,,,INTDIV - RE 0.10 PER SH
IQ,DOLATALGO,Dolat Algotech Limited,2026-02-04,,,2026-02-04,,,INTDIV - RE 0.10 PER SH
BE,ENRIN,Siemens Energy India Ltd,2026-01-30,,,2026-01-30,,,DIV - RS 4 PER SH
BL,ENRIN,Siemens Energy India Ltd,2026-01-30,,,2026-01-30,,,DIV - RS 4 PER SH
EQ,ENRIN,Siemens Energy India Ltd,2026-01-30,,,2026-01-30,,,DIV - RS 4 PER SH
IQ,ENRIN,Siemens Energy India Ltd,2026-01-30,,,2026-01-30,,,DIV - RS 4 PER SH
BE,FLAIR,Flair Writing Indust Ltd,2026-02-04,,,2026-02-04,,,INTDIV - RE 0.50 PER SH
BL,FLAIR,Flair Writing Indust Ltd,2026-02-04,,,2026-02-04,,,INTDIV - RE 0.50 PER SH
EQ,FLAIR,Flair Writing Indust Ltd,2026-02-04,,,2026-02-04,,,INTDIV - RE 0.50 PER SH
IQ,FLAIR,Flair Writing Indust Ltd,2026-02-04,,,2026-02-04,,,INTDIV - RE 0.50 PER SH
BE,GANDHAR,Gandhar Oil Refine Ind L,2026-01-30,,,2026-01-30,,,INTDIV - RE 0.75 PER SH
BL,GANDHAR,Gandhar Oil Refine Ind L,2026-01-30,,,2026-01-30,,,INTDIV - RE 0.75 PER SH
EQ,GANDHAR,Gandhar Oil Refine Ind L,2026-01-30,,,2026-01-30,,,INTDIV - RE 0.75 PER SH
IQ,GANDHAR,Gandhar Oil Refine Ind L,2026-01-30,,,2026-01-30,,,INTDIV - RE 0.75 PER SH
BE,GENUSPOWER,GENUS POWER INFRASTRU LTD,2026-02-06,,,2026-02-06,,,DEMERGER
BL,GENUSPOWER,Genus Power Infrastru Ltd,2026-02-06,,,2026-02-06,,,DEMERGER
EQ,GENUSPOWER,Genus Power Infrastru Ltd,2026-02-06,,,2026-02-06,,,DEMERGER
IQ,GENUSPOWER,Genus Power Infrastru Ltd,2026-02-06,,,2026-02-06,,,DEMERGER
T0,GENUSPOWER,Genus Power Infrastru Ltd,2026-02-06,,,2026-02-06,,,DEMERGER
TL,GENUSPOWER,Genus Power Infrastru Ltd,2026-02-06,,,2026-02-06,,,DEMERGER
BE,GESHIP,The Great Eastern Shippin,2026-02-04,,,2026-02-04,,,INTDIV - RS 9 PER SH
BL,GESHIP,The Great Eastern Shippin,2026-02-04,,,2026-02-04,,,INTDIV - RS 9 PER SH
EQ,GESHIP,The Great Eastern Shippin,2026-02-04,,,2026-02-04,,,INTDIV - RS 9 PER SH
IQ,GESHIP,The Great Eastern Shippin,2026-02-04,,,2026-02-04,,,INTDIV - RS 9 PER SH
T0,GESHIP,The Great Eastern Shippin,2026-02-04,,,2026-02-04,,,INTDIV - RS 9 PER SH
TL,GESHIP,The Great Eastern Shippin,2026-02-04,,,2026-02-04,,,INTDIV - RS 9 PER SH
BE,GILLETTE,GILLETTE INDIA LTD-Depo,2026-02-04,,,2026-02-04,,,INTDIV-RS120/SPLDIV-RS60
BL,GILLETTE,Gillette India Ltd.,2026-02-04,,,2026-02-04,,,INTDIV-RS120/SPLDIV-RS60
EQ,GILLETTE,Gillette India Ltd.,2026-02-04,,,2026-02-04,,,INTDIV-RS120/SPLDIV-RS60
IQ,GILLETTE,Gillette India Ltd.,2026-02-04,,,2026-02-04,,,INTDIV-RS120/SPLDIV-RS60
T0,GILLETTE,Gillette India Ltd.,2026-02-04,,,2026-02-04,,,INTDIV-RS120/SPLDIV-RS60
TL,GILLETTE,Gillette India Ltd.,2026-02-04,,,2026-02-04,,,INTDIV-RS120/SPLDIV-RS60
BE,GODREJCP,Godrej Cons Products Ltd ,2026-01-30,,,2026-01-30,,,INTDIV - RS 5 PER SH
BL,GODREJCP,Godrej Cons Products Ltd ,2026-01-30,,,2026-01-30,,,INTDIV - RS 5 PER SH
EQ,GODREJCP,Godrej Cons Products Ltd ,2026-01-30,,,2026-01-30,,,INTDIV - RS 5 PER SH
IQ,GODREJCP,Godrej Cons Products Ltd ,2026-01-30,,,2026-01-30,,,INTDIV - RS 5 PER SH
T0,GODREJCP,Godrej Cons Products Ltd ,2026-01-30,,,2026-01-30,,,INTDIV - RS 5 PER SH
TL,GODREJCP,Godrej Cons Products Ltd ,2026-01-30,,,2026-01-30,,,INTDIV - RS 5 PER SH
BE,GOPAL,Gopal Snacks Limited,2026-02-02,,,2026-02-02,,,INTDIV - RE 0.35 PER SH
BL,GOPAL,Gopal Snacks Limited,2026-02-02,,,2026-02-02,,,INTDIV - RE 0.35 PER SH
EQ,GOPAL,Gopal Snacks Limited,2026-02-02,,,2026-02-02,,,INTDIV - RE 0.35 PER SH
IQ,GOPAL,Gopal Snacks Limited,2026-02-02,,,2026-02-02,,,INTDIV - RE 0.35 PER SH
BE,GPTINFRA,GPT Infraprojects Ltd,2026-02-03,,,2026-02-03,,,INTDIV - RE 0.75 PER SH
BL,GPTINFRA,GPT Infraprojects Ltd,2026-02-03,,,2026-02-03,,,INTDIV - RE 0.75 PER SH
EQ,GPTINFRA,GPT Infraprojects Ltd,2026-02-03,,,2026-02-03,,,INTDIV - RE 0.75 PER SH
IQ,GPTINFRA,GPT Infraprojects Ltd,2026-02-03,,,2026-02-03,,,INTDIV - RE 0.75 PER SH
BE,GRSE,Garden Reach Ship,2026-02-03,,,2026-02-03,,,INTDIV - RS 7.15 PER SH
BL,GRSE,Garden Reach Ship,2026-02-03,,,2026-02-03,,,INTDIV - RS 7.15 PER SH
EQ,GRSE,Garden Reach Ship,2026-02-03,,,2026-02-03,,,INTDIV - RS 7.15 PER SH
IQ,GRSE,Garden Reach Ship,2026-02-03,,,2026-02-03,,,INTDIV - RS 7.15 PER SH
T0,GRSE,Garden Reach Ship,2026-02-03,,,2026-02-03,,,INTDIV - RS 7.15 PER SH
TL,GRSE,Garden Reach Ship,2026-02-03,,,2026-02-03,,,INTDIV - RS 7.15 PER SH
GS,GS100226C,GOI STRIPS C 100226,2026-02-07,,,,,,REDEMPTION
BE,HUDCO,Hsg & Urban Dev Corpn Ltd,2026-02-07,,,2026-02-06,,,INTDIV - RS 1.15 PER SH
BL,HUDCO,Hsg & Urban Dev Corpn Ltd,2026-02-07,,,2026-02-06,,,INTDIV - RS 1.15 PER SH
EQ,HUDCO,Hsg & Urban Dev Corpn Ltd,2026-02-07,,,2026-02-06,,,INTDIV - RS 1.15 PER SH
IQ,HUDCO,Hsg & Urban Dev Corpn Ltd,2026-02-07,,,2026-02-06,,,INTDIV - RS 1.15 PER SH
T0,HUDCO,Hsg & Urban Dev Corpn Ltd,2026-02-07,,,2026-02-06,,,INTDIV - RS 1.15 PER SH
TL,HUDCO,Hsg & Urban Dev Corpn Ltd,2026-02-07,,,2026-02-06,,,INTDIV - RS 1.15 PER SH
BE,IEX,Indian Energy Exc Ltd,2026-02-04,,,2026-02-04,,,INTDIV - RS 1.50 PER SH
BL,IEX,Indian Energy Exc Ltd,2026-02-04,,,2026-02-04,,,INTDIV - RS 1.50 PER SH
EQ,IEX,Indian Energy Exc Ltd,2026-02-04,,,2026-02-04,,,INTDIV - RS 1.50 PER SH
IQ,IEX,Indian Energy Exc Ltd,2026-02-04,,,2026-02-04,,,INTDIV - RS 1.50 PER SH
T0,IEX,Indian Energy Exc Ltd,2026-02-04,,,2026-02-04,,,INTDIV - RS 1.50 PER SH
TL,IEX,Indian Energy Exc Ltd,2026-02-04,,,2026-02-04,,,INTDIV - RS 1.50 PER SH
N0,IMC1,Sec Re NCGB 8.25% STRPP A,2026-02-05,,,2026-02-05,,,INT PAYMENT/REDEMPTION
N1,IMC1,Sec Re NCGB 8.25% STRPP B,2026-02-05,,,2026-02-05,,,INTEREST PAYMENT
N2,IMC1,Sec Re NCGB 8.25% STRPP C,2026-02-05,,,2026-02-05,,,INTEREST PAYMENT
N3,IMC1,Indore Municipal Corporat,2026-02-05,,,2026-02-05,,,INTEREST PAYMENT
U1,IMC1,Sec Re NCGB 8.25% STRPP B,2026-02-05,,,2026-02-05,,,INTEREST PAYMENT
U2,IMC1,Sec Re NCGB 8.25% STRPP C,2026-02-05,,,2026-02-05,,,INTEREST PAYMENT
U3,IMC1,Indore Municipal Corporat,2026-02-05,,,2026-02-05,,,INTEREST PAYMENT
BE,INDUSFILA,Indus Fila Limited,2026-02-09,,,2026-02-09,,,CAPITAL REDUCTION
BL,INDUSFILA,Indus Fila Limited,2026-02-09,,,2026-02-09,,,CAPITAL REDUCTION
EQ,INDUSFILA,Indus Fila Limited,2026-02-09,,,2026-02-09,,,CAPITAL REDUCTION
IQ,INDUSFILA,Indus Fila Limited,2026-02-09,,,2026-02-09,,,CAPITAL REDUCTION
BE,INNOVACAP,Innova Captab Limited,2026-01-30,,,2026-01-30,,,INTDIV - RS 2 PER SH
BL,INNOVACAP,Innova Captab Limited,2026-01-30,,,2026-01-30,,,INTDIV - RS 2 PER SH
EQ,INNOVACAP,Innova Captab Limited,2026-01-30,,,2026-01-30,,,INTDIV - RS 2 PER SH
IQ,INNOVACAP,Innova Captab Limited,2026-01-30,,,2026-01-30,,,INTDIV - RS 2 PER SH
BE,ITC,ITC LTD,2026-02-04,,,2026-02-04,,,INTDIV - RS 6.50 PER SH
BL,ITC,ITC Ltd.,2026-02-04,,,2026-02-04,,,INTDIV - RS 6.50 PER SH
EQ,ITC,ITC Ltd.,2026-02-04,,,2026-02-04,,,INTDIV - RS 6.50 PER SH
IQ,ITC,ITC Ltd.,2026-02-04,,,2026-02-04,,,INTDIV - RS 6.50 PER SH
T0,ITC,ITC Ltd.,2026-02-04,,,2026-02-04,,,INTDIV - RS 6.50 PER SH
TL,ITC,ITC Ltd.,2026-02-04,,,2026-02-04,,,INTDIV - RS 6.50 PER SH
BE,KIRLPNU,Kirloskar Pneumatic Com L,2026-01-30,,,2026-01-30,,,INTDIV - RS 3.50 PER SH
BL,KIRLPNU,Kirloskar Pneumatic Com L,2026-01-30,,,2026-01-30,,,INTDIV - RS 3.50 PER SH
EQ,KIRLPNU,Kirloskar Pneumatic Com L,2026-01-30,,,2026-01-30,,,INTDIV - RS 3.50 PER SH
IQ,KIRLPNU,Kirloskar Pneumatic Com L,2026-01-30,,,2026-01-30,,,INTDIV - RS 3.50 PER SH
T0,KIRLPNU,Kirloskar Pneumatic Com L,2026-01-30,,,2026-01-30,,,INTDIV - RS 3.50 PER SH
TL,KIRLPNU,Kirloskar Pneumatic Com L,2026-01-30,,,2026-01-30,,,INTDIV - RS 3.50 PER SH
BE,KPITTECH,KPIT Technologies Limited,2026-02-04,,,2026-02-04,,,INTDIV - RS 2.25 PER SH
BL,KPITTECH,KPIT Technologies Limited,2026-02-04,,,2026-02-04,,,INTDIV - RS 2.25 PER SH
EQ,KPITTECH,KPIT Technologies Limited,2026-02-04,,,2026-02-04,,,INTDIV - RS 2.25 PER SH
IQ,KPITTECH,KPIT Technologies Limited,2026-02-04,,,2026-02-04,,,INTDIV - RS 2.25 PER SH
T0,KPITTECH,KPIT Technologies Limited,2026-02-04,,,2026-02-04,,,INTDIV - RS 2.25 PER SH
TL,KPITTECH,KPIT Technologies Limited,2026-02-04,,,2026-02-04,,,INTDIV - RS 2.25 PER SH
BE,LTFOODS,LT Foods Limited,2026-02-02,,,2026-02-02,,,INTDIV - RE 1 PER SH
BL,LTFOODS,LT Foods Limited,2026-02-02,,,2026-02-02,,,INTDIV - RE 1 PER SH
EQ,LTFOODS,LT Foods Limited,2026-02-02,,,2026-02-02,,,INTDIV - RE 1 PER SH
IQ,LTFOODS,LT Foods Limited,2026-02-02,,,2026-02-02,,,INTDIV - RE 1 PER SH
T0,LTFOODS,LT Foods Limited,2026-02-02,,,2026-02-02,,,INTDIV - RE 1 PER SH
TL,LTFOODS,LT Foods Limited,2026-02-02,,,2026-02-02,,,INTDIV - RE 1 PER SH
BE,MANAPPURAM,Manappuram Finance Ltd,2026-02-06,,,2026-02-06,,,INTDIV - RE 0.50 PER SH
BL,MANAPPURAM,Manappuram Finance Ltd,2026-02-06,,,2026-02-06,,,INTDIV - RE 0.50 PER SH
EQ,MANAPPURAM,Manappuram Finance Ltd,2026-02-06,,,2026-02-06,,,INTDIV - RE 0.50 PER SH
T0,MANAPPURAM,Manappuram Finance Ltd,2026-02-06,,,2026-02-06,,,INTDIV - RE 0.50 PER SH
TL,MANAPPURAM,Manappuram Finance Ltd,2026-02-06,,,2026-02-06,,,INTDIV - RE 0.50 PER SH
BE,MASFIN,MAS Financial Serv Ltd,2026-02-04,,,2026-02-04,,,INTDIV - RS 1.25 PER SH
BL,MASFIN,MAS Financial Serv Ltd,2026-02-04,,,2026-02-04,,,INTDIV - RS 1.25 PER SH
EQ,MASFIN,MAS Financial Serv Ltd,2026-02-04,,,2026-02-04,,,INTDIV - RS 1.25 PER SH
IQ,MASFIN,MAS Financial Serv Ltd,2026-02-04,,,2026-02-04,,,INTDIV - RS 1.25 PER SH
BE,MASTEK,MASTEK - Depo,2026-01-30,,,2026-01-30,,,INTDIV - RS 8 PER SH
BL,MASTEK,Mastek Ltd,2026-01-30,,,2026-01-30,,,INTDIV - RS 8 PER SH
EQ,MASTEK,Mastek Ltd,2026-01-30,,,2026-01-30,,,INTDIV - RS 8 PER SH
IQ,MASTEK,Mastek Ltd,2026-01-30,,,2026-01-30,,,INTDIV - RS 8 PER SH
BE,MATRIMONY,Matrimony.Com Limited,2026-01-30,,,2026-01-30,,,BUY BACK
BL,MATRIMONY,Matrimony.Com Limited,2026-01-30,,,2026-01-30,,,BUY BACK
EQ,MATRIMONY,Matrimony.Com Limited,2026-01-30,,,2026-01-30,,,BUY BACK
IQ,MATRIMONY,Matrimony.Com Limited,2026-01-30,,,2026-01-30,,,BUY BACK
BE,METROBRAND,Metro Brands Limited,2026-02-02,,,2026-02-02,,,INTDIV - RS 3 PER SH
BL,METROBRAND,Metro Brands Limited,2026-02-02,,,2026-02-02,,,INTDIV - RS 3 PER SH
EQ,METROBRAND,Metro Brands Limited,2026-02-02,,,2026-02-02,,,INTDIV - RS 3 PER SH
IQ,METROBRAND,Metro Brands Limited,2026-02-02,,,2026-02-02,,,INTDIV - RS 3 PER SH
T0,METROBRAND,Metro Brands Limited,2026-02-02,,,2026-02-02,,,INTDIV - RS 3 PER SH
TL,METROBRAND,Metro Brands Limited,2026-02-02,,,2026-02-02,,,INTDIV - RS 3 PER SH
RR,MINDSPACE,Mindspace Business P REIT,2026-01-30,,,2026-01-30,,,DISTRIBUTION - RS 5.83
RT,MINDSPACE,Mindspace Business P REIT,2026-01-30,,,2026-01-30,,,DISTRIBUTION - RS 5.83
BE,MOTILALOFS,Motilal Oswal Financial S,2026-01-31,,,2026-01-30,,,INTDIV - RS 6 PER SH
BL,MOTILALOFS,Motilal Oswal Financial S,2026-01-31,,,2026-01-30,,,INTDIV - RS 6 PER SH
EQ,MOTILALOFS,Motilal Oswal Financial S,2026-01-31,,,2026-01-30,,,INTDIV - RS 6 PER SH
IQ,MOTILALOFS,Motilal Oswal Financial S,2026-01-31,,,2026-01-30,,,INTDIV - RS 6 PER SH
T0,MOTILALOFS,Motilal Oswal Financial S,2026-01-31,,,2026-01-30,,,INTDIV - RS 6 PER SH
TL,MOTILALOFS,Motilal Oswal Financial S,2026-01-31,,,2026-01-30,,,INTDIV - RS 6 PER SH
IV,NHIT,National Highw Infra Trus,2026-01-30,,,2026-01-30,,,DISTRIBUTION - RS 2.744
BE,QUESS,Quess Corp Limited,2026-02-06,,,2026-02-06,,,INTDIV - RS 5 PER SH
BL,QUESS,Quess Corp Limited,2026-02-06,,,2026-02-06,,,INTDIV - RS 5 PER SH
EQ,QUESS,Quess Corp Limited,2026-02-06,,,2026-02-06,,,INTDIV - RS 5 PER SH
IQ,QUESS,Quess Corp Limited,2026-02-06,,,2026-02-06,,,INTDIV - RS 5 PER SH
BE,RECLTD,Rural Electrification Cor,2026-02-06,,,2026-02-06,,,INTDIV - RS 4.60 PER SH
BL,RECLTD,Rural Electrification Cor,2026-02-06,,,2026-02-06,,,INTDIV - RS 4.60 PER SH
EQ,RECLTD,Rural Electrification Cor,2026-02-06,,,2026-02-06,,,INTDIV - RS 4.60 PER SH
IQ,RECLTD,Rural Electrification Cor,2026-02-06,,,2026-02-06,,,INTDIV - RS 4.60 PER SH
T0,RECLTD,Rural Electrification Cor,2026-02-06,,,2026-02-06,,,INTDIV - RS 4.60 PER SH
TL,RECLTD,Rural Electrification Cor,2026-02-06,,,2026-02-06,,,INTDIV - RS 4.60 PER SH
BE,SHARDACROP,Sharda Cropchem Limited,2026-02-06,,,2026-02-06,,,INTDIV - RS 6 PER SH
BL,SHARDACROP,Sharda Cropchem Limited,2026-02-06,,,2026-02-06,,,INTDIV - RS 6 PER SH
EQ,SHARDACROP,Sharda Cropchem Limited,2026-02-06,,,2026-02-06,,,INTDIV - RS 6 PER SH
IQ,SHARDACROP,Sharda Cropchem Limited,2026-02-06,,,2026-02-06,,,INTDIV - RS 6 PER SH
BE,SHAREINDIA,Share Ind. Securities Ltd,2026-02-02,,,2026-02-02,,,INTDIV - RE 0.40 PER SH
BL,SHAREINDIA,Share Ind. Securities Ltd,2026-02-02,,,2026-02-02,,,INTDIV - RE 0.40 PER SH
EQ,SHAREINDIA,Share Ind. Securities Ltd,2026-02-02,,,2026-02-02,,,INTDIV - RE 0.40 PER SH
IQ,SHAREINDIA,Share Ind. Securities Ltd,2026-02-02,,,2026-02-02,,,INTDIV - RE 0.40 PER SH
BE,SIYSIL,Siyaram Silk Mills Ltd,2026-02-02,,,2026-02-02,,,INTDIV - RS 3 PER SH
BL,SIYSIL,Siyaram Silk Mills Ltd,2026-02-02,,,2026-02-02,,,INTDIV - RS 3 PER SH
EQ,SIYSIL,Siyaram Silk Mills Ltd,2026-02-02,,,2026-02-02,,,INTDIV - RS 3 PER SH
IQ,SIYSIL,Siyaram Silk Mills Ltd,2026-02-02,,,2026-02-02,,,INTDIV - RS 3 PER SH
BE,SONACOMS,Sona BLW Precision Frgs L,2026-01-30,,,2026-01-30,,,INTDIV - RS 1.60 PER SH
BL,SONACOMS,Sona BLW Precision Frgs L,2026-01-30,,,2026-01-30,,,INTDIV - RS 1.60 PER SH
EQ,SONACOMS,Sona BLW Precision Frgs L,2026-01-30,,,2026-01-30,,,INTDIV - RS 1.60 PER SH
IQ,SONACOMS,Sona BLW Precision Frgs L,2026-01-30,,,2026-01-30,,,INTDIV - RS 1.60 PER SH
T0,SONACOMS,Sona BLW Precision Frgs L,2026-01-30,,,2026-01-30,,,INTDIV - RS 1.60 PER SH
TL,SONACOMS,Sona BLW Precision Frgs L,2026-01-30,,,2026-01-30,,,INTDIV - RS 1.60 PER SH
BE,STYRENIX,Styrenix Performance Ltd,2026-02-05,,,2026-02-05,,,INTDIV - RS 23 PER SH
BL,STYRENIX,Styrenix Performance Ltd,2026-02-05,,,2026-02-05,,,INTDIV - RS 23 PER SH
EQ,STYRENIX,Styrenix Performance Ltd,2026-02-05,,,2026-02-05,,,INTDIV - RS 23 PER SH
IQ,STYRENIX,Styrenix Performance Ltd,2026-02-05,,,2026-02-05,,,INTDIV - RS 23 PER SH
BE,SYMPHONY,Symphony Limited,2026-02-03,,,2026-02-03,,,INTDIV - RS 2 PER SH
BL,SYMPHONY,Symphony Limited,2026-02-03,,,2026-02-03,,,INTDIV - RS 2 PER SH
EQ,SYMPHONY,Symphony Limited,2026-02-03,,,2026-02-03,,,INTDIV - RS 2 PER SH
IQ,SYMPHONY,Symphony Limited,2026-02-03,,,2026-02-03,,,INTDIV - RS 2 PER SH
N3,TPL26,TPL Repo Rate Link2026SrL,2026-01-30,,,2026-01-30,,,INTEREST PAYMENT
U3,TPL26,TPL Repo Rate Link2026SrL,2026-01-30,,,2026-01-30,,,INTEREST PAYMENT
BE,VAIBHAVGBL,Vaibhav Gems Ltd,2026-02-03,,,2026-02-03,,,INTDIV - RS 1.50 PER SH
BL,VAIBHAVGBL,Vaibhav Gems Limited,2026-02-03,,,2026-02-03,,,INTDIV - RS 1.50 PER SH
EQ,VAIBHAVGBL,Vaibhav Gems Limited,2026-02-03,,,2026-02-03,,,INTDIV - RS 1.50 PER SH
IQ,VAIBHAVGBL,Vaibhav Gems Limited,2026-02-03,,,2026-02-03,,,INTDIV - RS 1.50 PER SH
