SYMBOL,SERIES,SECURITY,HIGH/LOW
21STCENMGM,EQ,21ST CENTURY MGMT SERVICE,H
ABINFRA,EQ,A B INFRABUILD LIMITED,H
AESTHETIK,SM,AESTHETIK ENGINEERS LTD,H
AIMTRON,ST,AIMTRON ELECTRONICS LTD,H
ASHWINI,SM,ASHWINI CONTAINER MOVER L,H
BALCO,SM,SOLVE PLASTIC PRODUCTS L,H
BOHRAIND,EQ,BOHRA INDUSTRIES LIMITED,H
CADSYS,SM,CADSYS (INDIA) LIMITED,H
CCCL,BE,CONS. CONST. CONSORT LTD,H
CEREBRAINT,BZ,CEREBRA INT TECH LTD,H
CLCIND,BE,CLC INDUSTRIES LIMITED,H
COMPINFO,BZ,COMPUAGE INFOCOM LTD,H
CURAA,BE,CURA TECHNOLOGIES LIMITED,H
DHARAN,BZ,DHARAN INFRA-EPC LIMITED,H
EMBDL,BE,EMBASSY DEVELOPMENTS LTD,H
ENFUSE,SM,ENFUSE SOLUTIONS LIMITED,H
EPACKPEB,EQ,EPACK PREFAB TECHN LTD,H
ESSARSHPNG,BE,ESSAR SHIPPING LTD,H
EXCEL,EQ,EXCEL REALTY N INFRA LTD,H
EXCELLENT,ST,EXCELLENT WIRES N PACK L,H
EXIMROUTES,ST,EXIM ROUTES LIMITED,H
FALCONTECH,SM,FALCON TECHNOPROJ IND LTD,H
FEL,BZ,FUTURE ENTERPRISES LTD,H
FISCHER,EQ,FISCHER MEDICAL VENTURE L,H
FLYSBS,SM,FLYSBS AVIATION LIMITED,H
GANESHIN,SM,GANESH INFRAWORLD LIMITED,H
GATECH,EQ,GACM TECHNOLOGIES LIMITED,H
GAYAHWS,EQ,GAYATRI HIGHWAYS LIMITED,H
GENSOL,BZ,GENSOL ENGINEERING LTD,H
GLOBAL,BE,GLOBAL EDUCATION LIMITED,H
GML,ST,GALAXY MEDICARE LIMITED,H
GOLDENTOBC,BZ,GOLDEN TOBACCO LIMITED,H
GOLDSTAR,SM,GOLDSTAR POWER LIMITED,H
GSLSU,BE,GLOBAL SURFACES LIMITED,H
GSTL,ST,GLOBESECURE TECHNO LTD,H
HALEOSLABS,BE,HALEOS LABS LIMITED,H
HOLMARC,SM,HOLMARC OPTO MECHATRO L,H
ITTL,ST,INNOVATIVE TYRE & TUBE LT,H
IVP,EQ,IVP LTD,H
JFLLIFE,SM,JFL LIFE SCIENCES LIMITED,H
JITFINFRA,EQ,JITF INFRALOGISTICS LTD,H
JSWHL,EQ,JSW HOLDINGS LIMITED,H
JUNIPER,EQ,JUNIPER HOTELS LIMITED,H
KAVDEFENCE,EQ,KAVVERI DFS & WIR TEC LTD,H
LCCINFOTEC,BE,LCC INFOTECH LTD,H
MAFANG,EQ,MIRAEAMC - MAFANG,H
MAHKTECH,EQ,MIRAEAMC - MAHKTECH,H
MAL,SM,MANGALAM ALLOYS LIMITED,H
MASPTOP50,EQ,MIRAEAMC - MASPTOP50,H
MCLEODRUSS,EQ,MCLEOD RUSSEL INDIA LTD.,H
MEDIORG,SM,MEDICAMEN ORGANICS LTD,H
MIEL,SM,MANGLAM INFRA & ENG LTD,H
MODIRUBBER,EQ,MODI RUBBER LTD,H
MONOPHARMA,SM,MONO PHARMACARE LIMITED,H
MTNL,EQ,MAHANAGAR TELEPHONE NIGAM,H
NEELAM,SM,NEELAM LINENS & GAR (I) L,H
OWAIS,SM,OWAIS METAL & MINERAL,H
PALREDTEC,EQ,PALRED TECHNOLOGIES LTD,H
PANACHE,EQ,PANACHE DIGILIFE LIMITED,H
PARASPETRO,EQ,PARAS PETROFILS LTD.,H
PIGL,EQ,POWER INSTRUMENT (G) LTD,H
PROZONER,BE,PROZONE REALTY LIMITED,H
RAJRILTD,BE,RAJ RAYON INDUSTRIES LTD,H
RAYMONDREL,EQ,RAYMOND REALTY LIMITED,H
SAMBHAAV,BE,SAMBHAAV MEDIA LTD,H
SANWARIA,BZ,SANWARIA CONSUMER LIMITED,H
SATIPOLY,SM,SATI POLY PLAST LIMITED,H
SEJALLTD,EQ,SEJAL GLASS LIMITED,H
SERVICE,SM,SERVICE CARE LIMITED,H
SETCO,EQ,SETCO AUTOMOTIVE LTD,H
SETUINFRA,BZ,SETUBANDHAN INFRA LTD,H
SHEKHAWATI,EQ,SHEKHAWATI INDUSTRIES LTD,H
SHRENIK,BZ,SHRENIK LIMITED,H
SILKFLEX,SM,SILKFLEX POLYMERS INDIA L,H
SILVERTUC,EQ,SILVER TOUCH TECHNO LTD,H
SITINET,BZ,SITI NETWORKS LIMITED,H
SOTAC,SM,SOTAC PHARMACEUTICALS LTD,H
SUNLITE,ST,SUNLITE RECYCLING IND LTD,H
TARAPUR,EQ,TARAPUR TRANSFORMERS LTD,H
TECHERA,SM,TECHERA ENGINEER (IND) L,H
TECHLABS,SM,TRIDENT TECHLABS LIMITED,H
TERASOFT,EQ,TERA SOFTWARE LIMITED,H
TRU,EQ,TRUCAP FINANCE LIMITED,H
TVSELECT,BE,TVS ELECTRONICS LTD,H
VENUSREM,BE,VENUS REMEDIES LIMITED,H
VERITAAS,SM,VERITAAS ADVERTISING LTD,H
VIJIFIN,EQ,VIJI FINANCE LIMITED,H
VILINBIO,ST,VILIN BIO MED LIMITED,H
VISASTEEL,EQ,VISA STEEL LIMITED,H
VIVIMEDLAB,EQ,VIVIMED LABS LIMITED,H
VSCL,ST,VADIVARHE SPCLTY CHEM LTD,H
WEWIN,EQ,WE WIN LIMITED,H
WINSOME,BZ,WINSOME YARNS LIMITED,H
YUDIZ,SM,YUDIZ SOLUTIONS LIMITED,H
ZENITHSTL,EQ,ZENITH STEEL PIP IND LTD,H
21STCENMGM,EQ,21ST CENTURY MGMT SERVICE,L
AAREYDRUGS,EQ,AAREY DRUGS & PHARM LTD,L
AARTISURF,P1,AARTI SURFACTANTS LIMITED,L
AGUL,SM,A G UNIVERSAL LIMITED,L
ANSALAPI,BZ,ANSAL PROP & INFRA LTD,L
ARISTO,SM,ARISTO BIO T AND LIFESC L,L
ARMOUR,ST,ARMOUR SECURITY (INDIA) L,L
AURIGROW,BE,AURI GROW INDIA LIMITED,L
AUSOMENT,BE,AUSOM ENTERPRISE LIMITED,L
AVANA,ST,AVANA ELECTROSYSTEMS LTD,L
BESTAGRO,BE,BEST AGROLIFE LIMITED,L
BHAGYANGR,BE,BHAGYANAGAR INDIA LIMITED,L
BLUECHIP,BE,BLUE CHIP INDIA LIMITED,L
BORANA,BE,BORANA WEAVES LIMITED,L
CAPTRUST,EQ,CAPITAL TRUST LIMITED,L
CEREBRAINT,BZ,CEREBRA INT TECH LTD,L
COMPINFO,BZ,COMPUAGE INFOCOM LTD,L
COOLCAPS,SM,COOL CAPS INDUSTRIES LTD,L
EUROTEXIND,BE,EUROTEX IND & EXPORTS LTD,L
EXIMROUTES,ST,EXIM ROUTES LIMITED,L
FLEXITUFF,EQ,FLEXITUFF VENTURES INT L,L
FLFL,BZ,FUT LIFESTYLE FASH LTD,L
FMNL,EQ,FUTURE MKT NETWORKS LTD,L
FONEBOX,ST,FONEBOX RETAIL LIMITED,L
GKENERGY,EQ,GK ENERGY LIMITED,L
GRAPHISAD,SM,GRAPHISADS LIMITED,L
GVKPIL,BE,GVK POW. & INFRA LTD.,L
HARDWYN,BE,HARDWYN INDIA LIMITED,L
IBULLSLTD,EQ,INDIABULLS LIMITED,L
IL&FSENGG,BZ,IL&FS ENG AND CONS CO LTD,L
ITTL,ST,INNOVATIVE TYRE & TUBE LT,L
JALAN,ST,JALAN TRANSOLU. INDIA LTD,L
KDL,ST,KORE DIGITAL LIMITED,L
KESORAMIND,BE,KESORAM INDUSTRIES LTD,L
KORE,ST,JAY JALARAM TECHNO LTD,L
LOTUSEYE,EQ,LOTUS EYE HOSP & INST L,L
LRRPL,SM,LEAD REC AND RUB PROD LTD,L
MAL,SM,MANGALAM ALLOYS LIMITED,L
MANAKALUCO,BE,MANAK ALUMINIUM CO. LTD.,L
MANGALAM,BE,MANGALAM DRUG & CHEM LTD,L
MAXVOLT,ST,MAXVOLT ENERGY INDUS L,L
MEP,BZ,MEP INFRA. DEVELOPERS LTD,L
MICEL,EQ,MIC ELECTRONICS LTD,L
MTEDUCARE,BE,MT EDUCARE LTD,L
NACLIND,EQ,NACL INDUSTRIES LIMITED,L
NAVKARURB,BE,NAVKAR URBANSTRUCTURE LTD,L
NIRMAN,SM,NIRMAN AGRI GENTICS LTD,L
NOIDATOLL,EQ,NOIDA TOLL BRIDGE CO LTD,L
OMKARCHEM,BZ,OMKAR SPL CHEM LTD,L
ONELIFECAP,BE,ONELIFE CAP ADVISORS LTD,L
PANSARI,BE,PANSARI DEVELOPERS LTD,L
PARIN,SM,PARIN ENTERPRISES LIMITED,L
PERFECT,SZ,PERFECT INFRAENGINEER LTD,L
PRECISION,SM,PRECISION METALIKS LTD,L
PROLIFE,SM,PROLIFE INDUSTRIES LTD,L
PSRAJ,ST,P S RAJ STEELS LIMITED,L
RHFL,BZ,RELIANCE HOME FINANCE LTD,L
SABTNL,BE,SRI ADHIKARI BRO TELE N L,L
SADBHAV,BE,SADBHAV ENGINEERING LTD,L
SANGANI,SM,SANGANI HOSPITALS LIMITED,L
SBISILVER,EQ,SBIAMC - SBISILVER,L
SETUINFRA,BZ,SETUBANDHAN INFRA LTD,L
SGBDEC26,GB,2.50%GOLDBONDS2026SR-IV,L
SGBJUL27,GB,2.50%GOLDBONDS2027SR-II,L
SGBOCT26,GB,2.50%GOLDBONDS2026SR-II,L
SGBOCT27,GB,2.50%GOLDBONDS2027SR-V,L
SGBSEP27,GB,2.50%GOLDBONDS2027SR-IV,L
SHRIKANHA,SM,SHRI KANHA STAINLESS LTD,L
SILVERADD,EQ,DSPAMC - DSPSILVETF,L
SILVERIETF,EQ,ICICIPRAMC - ICICISILVE,L
SITINET,BZ,SITI NETWORKS LIMITED,L
SMVD,ST,SMVD POLY PACK LIMITED,L
SPECTSTM,SM,SPECTRUM TALENT MGMT LTD,L
SPRL,ST,SP REFRACTORIES LIMITED,L
STALLION,EQ,STALLION IND FLUOROCHEM L,L
SVLL,EQ,SHREE VASU LOGISTICS LTD,L
TCIFINANCE,BE,TCIFINANCELTD-ROLL SETT,L
THESL,SM,THINKING HATS ENTER SOL L,L
TIRUPATI,ST,SHREE TIRUPATI BALAJEE,L
VEEKAYEM,SM,VEEKAYEM FASH & APP LTD,L
VISAMAN,ST,VISAMAN GLOBAL SALES LTD,L
VOLERCAR,SM,VOLER CAR LIMITED,L
