SECURITY,NEW,PREVIOUS,NEW_STATUS
BHAGYANAGAR INDIA LIMITED     ,193.00,186.64,H
BORANA WEAVES LIMITED         ,391.25,380.40,H
CLC INDUSTRIES LIMITED        ,8.96,1.22,H
CLEAR SECURED SERVICES L      ,163.00,151.90,H
COMMERCIAL SYN BAGS LTD       ,167.00,165.95,H
DHARIWALCORP LIMITED          ,407.00,402.00,H
GROWWAMC - GROWWMETAL         ,12.19,12.00,H
ICICI PRUDENTIAL AMC LTD      ,3012.00,2977.70,H
INDIAN BANK                   ,923.00,916.50,H
KRISHNA DEF AND ALD IND L     ,1144.65,1130.00,H
KRM AYURVEDA LIMITED          ,184.00,180.70,H
LOTUS EYE HOSP & INST L       ,147.00,141.38,H
MAHICKRA CHEMICAL LIMITED     ,185.00,180.00,H
MILTON INDUSTRIES LIMITED     ,53.50,51.00,H
MOTILALAMC - MOVALUE          ,123.24,122.61,H
MTAR TECHNOLOGIES LIMITED     ,3078.00,2920.35,H
NEPHROCARE HEALTH SERV L      ,534.90,517.85,H
SBI-ETF NIFTY NEXT 50         ,840.00,825.60,H
SKF IND (INDUSTRIAL) LTD      ,2766.00,2755.00,H
SUSTAINABLE ENERGY INFRA      ,125.00,119.00,H
TAMILNAD MERCA BANK LTD       ,621.90,616.80,H
TATA MOTORS LIMITED           ,485.40,475.50,H
VILIN BIO MED LIMITED         ,35.00,33.35,H
AAKAAR MEDICAL TECHNO LTD     ,53.35,56.00,L
ADDICTIVE LEARNING TECH L     ,98.00,99.50,L
AEQUS LIMITED                 ,132.00,132.06,L
AKME FINTRADE (INDIA) LTD     ,4.81,4.85,L
ALGOQUANT FINTECH LIMITED     ,56.00,60.10,L
ALL TIME PLASTICS LIMITED     ,220.25,221.60,L
ANSAL PROP & INFRA LTD        ,2.92,2.97,L
ANTHEM BIOSCIENCES LTD        ,580.65,585.00,L
ARC INSULATION & INSU LTD     ,55.50,56.00,L
ARMOUR SECURITY (INDIA) L     ,33.60,35.35,L
ASTRON PAPER BORD MIL LTD     ,4.47,4.51,L
BAJAJ HOUSING FINANCE LTD     ,87.32,87.50,L
BEST AGROLIFE LIMITED         ,18.95,19.90,L
CHETANA EDUCATION LIMITED     ,43.00,43.20,L
CLASSIC ELECTRODE (IND) L     ,53.00,57.00,L
CLC INDUSTRIES LIMITED        ,8.54,1.22,L
DANGEE DUMS LIMITED           ,2.96,3.01,L
DEEPAK BUILDERS & ENG I L     ,87.10,90.61,L
DELAPLEX LIMITED              ,107.00,107.10,L
DIGITIDE SOLUTIONS LTD        ,105.25,105.70,L
DREAMFOLKS SERVICES LTD       ,89.10,89.90,L
E TO E TRANS INFRA LTD        ,202.35,215.00,L
EMERALD TYRE MANUF LTD        ,90.00,94.00,L
ENSER COMMUNICATIONS LTD      ,12.00,12.80,L
EURO PRATIK SALES LIMITED     ,205.10,225.00,L
EXCELSOFT TECHNOLOGIES L      ,68.00,69.40,L
GANESH BENZOPLAST LIMITED     ,69.76,70.00,L
GANESH GREEN BHARAT LTD       ,221.05,223.30,L
GANGA BATH FITTINGS LTD       ,18.20,18.25,L
GEEKAY WIRES LIMITED          ,27.27,27.40,L
GK ENERGY LIMITED             ,106.21,110.10,L
GLOTTIS LIMITED               ,49.10,49.21,L
HALDER VENTURE LIMITED        ,261.50,267.10,L
HIGHWAY INFRASTRUCTURE L      ,49.49,49.50,L
HOMESFY REALTY LIMITED        ,155.00,158.00,L
JANA SMALL FIN BANK LTD       ,352.20,356.00,L
K.P. ENERGY LIMITED           ,284.30,285.50,L
KAMDHENU VENTURES LIMITED     ,5.52,5.62,L
LAXMI DENTAL LIMITED          ,180.30,183.15,L
LAXMI ORGANIC INDUS LTD       ,134.33,135.62,L
MANAS POLYMER N ENERGIE L     ,55.00,62.40,L
MARCO CABLE & CONDUCTOR L     ,26.75,28.00,L
MEDI ASSIST HEALTH SER L      ,394.30,394.50,L
MOS UTILITY LIMITED           ,20.65,21.00,L
MOVING MEDIA ENTER LTD        ,37.80,43.00,L
MT EDUCARE LTD                ,1.39,1.43,L
NEWJAISA TECHNOLOGIES LTD     ,15.15,15.55,L
NIDAN LABS AND HEALTH LTD     ,15.15,15.25,L
NIRAJ ISPAT IND LTD           ,155.00,158.40,L
ONESOURCE SPECL PHARMA L      ,1057.00,1077.40,L
PARAMOUNT DYE TEC LIMITED     ,39.60,40.90,L
PATIL AUTOMATION LIMITED      ,134.00,134.25,L
PAUSHAK LIMITED               ,491.55,495.00,L
PERFECT INFRAENGINEER LTD     ,3.40,3.55,L
PRECISION METALIKS LTD        ,8.40,8.60,L
QUALITY FOILS (INDIA) LTD     ,55.20,56.00,L
RADIANT CASH MGMT SER LTD     ,43.95,43.96,L
REGAAL RESOURCES LIMITED      ,58.16,58.95,L
RELIANCE CHEMOTEX IND LTD     ,110.50,114.00,L
REVATHI EQUIPMENT INDIA L     ,630.00,630.10,L
RITE ZONE CHEMCON IND LTD     ,19.10,19.85,L
ROTO PUMPS LIMITED            ,55.31,56.21,L
RUDRA GLOBAL INFRA PROD L     ,18.29,18.30,L
SAI SILKS (KALAMANDIR) L      ,106.60,108.00,L
SG FINSERVE LIMITED           ,332.15,337.00,L
SHADOWFAX TECHNOLOGIES L      ,98.55,99.85,L
SHEELA FOAM LIMITED           ,497.95,498.00,L
SHIVASHRIT FOODS LIMITED      ,111.15,111.50,L
SHREE TIRUPATI BALAJEE L      ,32.20,32.56,L
SHRI TECHTEX LIMITED          ,51.35,51.50,L
SHYAM DHANI INDUSTRIES L      ,77.45,80.50,L
SIGACHI INDUSTRIES LTD        ,19.30,19.40,L
SMARTEN POWER SYSTEMS LTD     ,58.75,59.25,L
SOLARWORLD ENERGY SOL LTD     ,223.30,231.00,L
SPUNWEB NONWOVEN LIMITED      ,105.55,107.30,L
STANDARD ENGNG TCNLGY LTD     ,110.81,111.00,L
STEELCAST LIMITED             ,176.02,178.60,L
SULA VINEYARDS LIMITED        ,181.00,181.10,L
SUNDREX OIL COMPANY LTD       ,27.35,29.70,L
SUYOG TELEMATICS LIMITED      ,535.55,536.20,L
TARSONS PRODUCTS LIMITED      ,192.30,193.30,L
THINKING HATS ENTER SOL L     ,21.55,22.65,L
THYROCARE TECH LTD            ,397.50,407.15,L
TINNA RUBBER AND INFR LTD     ,615.80,621.55,L
TROM INDUSTRIES LIMITED       ,51.30,55.20,L
TRUST FINTECH LIMITED         ,38.00,39.15,L
TSC INDIA LIMITED             ,34.00,34.10,L
UDAYSHIVAKUMAR INFRA LTD      ,19.20,19.45,L
UNILEX COLOURS AND CHEM L     ,30.00,30.70,L
UNITED FOODBRANDS LIMITED     ,172.34,172.50,L
UNITED HEAT TRANSFER LTD      ,46.95,48.25,L
VIGOR PLAST INDIA LIMITED     ,57.50,60.00,L
