SERIES,SYMBOL,SECURITY,RECORD_DT,BC_STRT_DT,BC_END_DT,EX_DT,ND_STRT_DT,ND_END_DT,PURPOSE
NC,1003IIFL29,Sec Re NCD 10.03% Sr V,2026-01-17,,,2026-01-16,,,INTEREST PAYMENT
UC,1003IIFL29,Sec Re NCD 10.03% Sr V,2026-01-17,,,2026-01-16,,,INTEREST PAYMENT
N4,1003ISFL28,Sec Re NCD 10.03% Sr 5,2026-01-17,,,2026-01-16,,,INTEREST PAYMENT
U4,1003ISFL28,Sec Re NCD 10.03% Sr 5,2026-01-17,,,2026-01-16,,,INTEREST PAYMENT
NR,1015ECL29,ECL Finance Limited,2026-01-19,,,2026-01-19,,,INTEREST PAYMENT
UR,1015ECL29,ECL Finance Limited,2026-01-19,,,2026-01-19,,,INTEREST PAYMENT
NJ,1030SFIL26,Sec Re NCD Sr.V,2026-01-19,,,2026-01-19,,,INT PAYMENT/REDEMPTION
UJ,1030SFIL26,Sec Re NCD Sr.V,2026-01-19,,,2026-01-19,,,INT PAYMENT/REDEMPTION
NM,1030SFIL28,Sec Re NCD 10.30% Sr.VII,2026-01-19,,,2026-01-19,,,INT PAYMENT/PART REDMPTN
UM,1030SFIL28,Sec Re NCD 10.30% Sr.VII,2026-01-19,,,2026-01-19,,,INT PAYMENT/PART REDMPTN
U3,1035CCSP27,CCSPL 10.35% 2027,2026-01-16,,,2026-01-16,,,INTEREST PAYMENT
N0,1075WCA28,WCAPL 10.75% 2028,2026-01-15,,,2026-01-14,,,INTEREST PAYMENT
N0,1075WCAP28,WCAPL 10.75% 2028,2026-01-18,,,2026-01-16,,,INTEREST PAYMENT
N7,10IFSL26,Sec Re NCD 10% Sr.IV,2026-01-18,,,2026-01-16,,,INTEREST PAYMENT
U7,10IFSL26,Sec Re NCD 10% Sr.IV,2026-01-18,,,2026-01-16,,,INTEREST PAYMENT
TB,182D220126,GOI TBILL 182D-22/01/26,2026-01-20,,,,,,REDEMPTION
TB,182D290126,GOI TBILL 182D-29/01/26,2026-01-27,,,,,,REDEMPTION
N0,18MVL27,Magnum Ventures 18% 2027,2026-01-16,,,2026-01-16,,,INTEREST PAYMENT
TB,364D220126,GOI TBILL 364D-22/01/26,2026-01-20,,,,,,REDEMPTION
TB,364D290126,GOI TBILL 364D-29/01/26,2026-01-27,,,,,,REDEMPTION
SG,582BR26,SDL BR 5.82% 2026,2026-01-17,,,,,,REDEMPTION
GS,601GS2030,GOI LOAN  6.01% 2030,2026-01-20,,,2026-01-20,,,INTEREST PAYMENT
SG,618GJ26A,SDL GJ 6.18% 2026,2026-01-21,,,,,,REDEMPTION
N0,652RL28,REC 6.52% 2028 Sr 248-A,2026-01-16,,,2026-01-16,,,INTEREST PAYMENT
GS,683GS2039,GOI 6.83% 2039,2026-01-17,,,2026-01-16,,,INTEREST PAYMENT
SG,701PY26,SDL PY 7.01% 2026,2026-01-20,,,,,,REDEMPTION
N0,720RECL35,REC 7.20% 2035 Sr 242,2026-01-16,,,2026-01-16,,,INTEREST PAYMENT
NS,735RECL34,REC 7.35% 2034 Sr 235,2026-01-16,,,2026-01-16,,,INTEREST PAYMENT
US,735RECL34,REC 7.35% 2034 Sr 235,2026-01-16,,,2026-01-16,,,INTEREST PAYMENT
N0,740BTL29,BTL 7.40% 2029 XXVIII,2026-01-17,,,2026-01-16,,,INTEREST PAYMENT
N0,760CIT38,CIT 7.60% 2038 Sr 2,2026-01-16,,,2026-01-16,,,INT PAYMNT/PART REDEMPTN
N8,764HUDCO31,7.64% Tax FreeTrI Sr2B,2026-01-16,,,2026-01-16,,,INTEREST PAYMENT
U8,764HUDCO31,7.64% Tax FreeTrI Sr2B,2026-01-16,,,2026-01-16,,,INTEREST PAYMENT
NK,764REC34,REC 7.64% 2034 Sr 230-B,2026-01-16,,,2026-01-16,,,INTEREST PAYMENT
UK,764REC34,REC 7.64% 2034 Sr 230-B,2026-01-16,,,2026-01-16,,,INTEREST PAYMENT
N0,775CIT38,CIT 7.75% 2038,2026-01-16,,,2026-01-16,,,INT PAYMNT/PART REDEMPTN
N0,778SHFL28,SHFL 7.78% 2028 Sr 346,2026-01-16,,,2026-01-16,,,INTEREST PAYMENT
N0,790CANF30,CANF 7.90% 2030 Sr 1,2026-01-15,,,2026-01-14,,,INTEREST PAYMENT
N0,79742SIC30,SICCL 7.9742% 2030 112,2026-01-19,,,2026-01-19,,,INTEREST PAYMENT
NP,813LTF29,L&T Fin 8.13% 2029 Sr H,2026-01-14,,,2026-01-14,,,INTEREST PAYMENT
UP,813LTF29,L&T Fin 8.13% 2029 Sr H,2026-01-14,,,2026-01-14,,,INTEREST PAYMENT
N9,820IIFL27,Sec Re NCD 8.20% Sr.III,2026-01-16,,,2026-01-16,,,INTEREST PAYMENT
U9,820IIFL27,Sec Re NCD 8.20% Sr.III,2026-01-16,,,2026-01-16,,,INTEREST PAYMENT
N2,837SMFG29,SMFG 8.37% 2029 Sr 104,2026-01-18,,,2026-01-16,,,INTEREST PAYMENT
U2,837SMFG29,SMFG 8.37% 2029 Sr 104,2026-01-18,,,2026-01-16,,,INTEREST PAYMENT
NL,842IIFL26,Sec Re NCD 9% Sr.VI,2026-01-16,,,2026-01-16,,,INTEREST PAYMENT
UL,842IIFL26,Sec Re NCD 9% Sr.VI,2026-01-16,,,2026-01-16,,,INTEREST PAYMENT
NC,843IHFL29,Sec Re NCD 8.43% Sr.VI,2026-01-16,,,2026-01-16,,,INTEREST PAYMENT
UC,843IHFL29,Sec Re NCD 8.43% Sr.VI,2026-01-16,,,2026-01-16,,,INTEREST PAYMENT
NL,85CIFC27,Sec Re NCD 8.50% Sr 3,2026-01-16,,,2026-01-16,,,INTEREST PAYMENT
UL,85CIFC27,Sec Re NCD 8.50% Sr 3,2026-01-16,,,2026-01-16,,,INTEREST PAYMENT
U1,860HFL29,HFL 8.60% 2029 Sr 62,2026-01-16,,,2026-01-16,,,INTEREST PAYMENT
NZ,865IFL28,Sec Re NCD 9% Sr.VI,2026-01-16,,,2026-01-16,,,INTEREST PAYMENT
UZ,865IFL28,Sec Re NCD 9% Sr.VI,2026-01-16,,,2026-01-16,,,INTEREST PAYMENT
N1,865IHFL27,IIFL Home Finance Limited,2026-01-16,,,2026-01-16,,,INTEREST PAYMENT
U1,865IHFL27,IIFL Home Finance Limited,2026-01-16,,,2026-01-16,,,INTEREST PAYMENT
NS,865IIFL28,Sec Re NCD 9% Sr.VI,2026-01-16,,,2026-01-16,,,INTEREST PAYMENT
US,865IIFL28,Sec Re NCD 9% Sr.VI,2026-01-16,,,2026-01-16,,,INTEREST PAYMENT
N0,865MFL28,MFL 8.65% 2028,2026-01-16,,,2026-01-16,,,INTEREST PAYMENT
N8,865SCL26,SEC RED NCD 8.65% SR. V,2026-01-16,,,2026-01-16,,,INTEREST PAYMENT
U8,865SCL26,SEC RED NCD 8.65% SR. V,2026-01-16,,,2026-01-16,,,INTEREST PAYMENT
NN,86CIFC29,Sec Re NCD 8.60% Sr 5,2026-01-16,,,2026-01-16,,,INTEREST PAYMENT
UN,86CIFC29,Sec Re NCD 8.60% Sr 5,2026-01-16,,,2026-01-16,,,INTEREST PAYMENT
NJ,875CIFC23B,Sec Re NCD 8.45% Sr 1,2026-01-16,,,2026-01-16,,,INT PAYMENT/REDEMPTION
UJ,875CIFC23B,Sec Re NCD 8.45% Sr 1,2026-01-16,,,2026-01-16,,,INT PAYMENT/REDEMPTION
ZF,875SFL27,Shriram Finance Limited,2026-01-16,,,2026-01-16,,,INTEREST PAYMENT
NC,879SCL26,UNS RED NCD 8.79% SR.VIII,2026-01-16,,,2026-01-16,,,INTEREST PAYMENT
UC,879SCL26,UNS RED NCD 8.79% SR.VIII,2026-01-16,,,2026-01-16,,,INTEREST PAYMENT
NJ,885MFL29,MFL 8.85% 2029,2026-01-15,,,2026-01-14,,,INTEREST PAYMENT
UJ,885MFL29,MFL 8.85% 2029,2026-01-15,,,2026-01-14,,,INTEREST PAYMENT
N1,888ECL28,ECL 8.88% 2028 Sr V,2026-01-19,,,2026-01-19,,,INTEREST PAYMENT
U1,888ECL28,ECL 8.88% 2028 Sr V,2026-01-19,,,2026-01-19,,,INTEREST PAYMENT
1C,888SCL26A,SEC RE NCD 8.88% SR II,2026-01-19,,,2026-01-19,,,INTEREST PAYMENT
ZC,888SCL26A,SEC RE NCD 8.88% SR II,2026-01-19,,,2026-01-19,,,INTEREST PAYMENT
N4,897MOFSL29,Sec Re NCD 8.97% Sr V,2026-01-16,,,2026-01-16,,,INTEREST PAYMENT
U4,897MOFSL29,Sec Re NCD 8.97% Sr V,2026-01-16,,,2026-01-16,,,INTEREST PAYMENT
N1,89IHFL29,IIFL Home Finance Limited,2026-01-16,,,2026-01-16,,,INTEREST PAYMENT
U1,89IHFL29,IIFL Home Finance Limited,2026-01-16,,,2026-01-16,,,INTEREST PAYMENT
N4,8ABHF34,ABHFL 8.1168% 2029 SR 2,2026-01-16,,,2026-01-16,,,INTEREST PAYMENT
U4,8ABHF34,ABHFL 8.1168% 2029 SR 2,2026-01-16,,,2026-01-16,,,INTEREST PAYMENT
TB,91D230126,GOI TBILL 91D-23/01/26,2026-01-21,,,,,,REDEMPTION
TB,91D290126,GOI TBILL 91D-29/01/26,2026-01-27,,,,,,REDEMPTION
N8,920IIFLS26,Sec Re NCD 9.20% Sr I,2026-01-17,,,2026-01-16,,,INTEREST PAYMENT
U8,920IIFLS26,Sec Re NCD 9.20% Sr I,2026-01-17,,,2026-01-16,,,INTEREST PAYMENT
N0,925IIFL32,IIFL 9.25% Sr D33 OP B,2026-01-16,,,2026-01-16,,,INTEREST PAYMENT
N0,925IIFL32A,IIFL 9.25% 2032 Sr 35,2026-01-14,,,2026-01-14,,,INTEREST PAYMENT
ZM,925SCL29A,SEC RE NCD 9.25% SR VIII,2026-01-19,,,2026-01-19,,,INTEREST PAYMENT
MP,930SFL28,Shriram Finance Limited,2026-01-17,,,2026-01-16,,,INTEREST PAYMENT
YP,930SFL28,Shriram Finance Limited,2026-01-17,,,2026-01-16,,,INTEREST PAYMENT
Z5,931SFL26,Shriram Finance Limited,2026-01-16,,,2026-01-16,,,INTEREST PAYMENT
NZ,935IIFL28,IIFL 9.35% Tr I Sr V,2026-01-16,,,2026-01-16,,,INTEREST PAYMENT
UZ,935IIFL28,IIFL 9.35% Tr I Sr V,2026-01-16,,,2026-01-16,,,INTEREST PAYMENT
N6,93MOFSL34,Sec Re NCD 9.30% Sr VII,2026-01-16,,,2026-01-16,,,INTEREST PAYMENT
U6,93MOFSL34,Sec Re NCD 9.30% Sr VII,2026-01-16,,,2026-01-16,,,INTEREST PAYMENT
NN,940SFIL28,Sec Re NCD 9.40% Sr.VIII,2026-01-19,,,2026-01-19,,,INT PAYMENT/PART REDMPTN
UN,940SFIL28,Sec Re NCD 9.40% Sr.VIII,2026-01-19,,,2026-01-19,,,INT PAYMENT/PART REDMPTN
NJ,943ECL28,Sec Red NCD 9.43% Sr. VI,2026-01-19,,,2026-01-19,,,INTEREST PAYMENT
UJ,943ECL28,Sec Red NCD 9.43% Sr. VI,2026-01-19,,,2026-01-19,,,INTEREST PAYMENT
N0,950ISF26,IIFL Samasta 9.50% 2026,2026-01-15,,,2026-01-14,,,INT PAYMENT/PART REDMPTN
N0,950ISF26A,ISF 9.50% 2026,2026-01-16,,,2026-01-16,,,INT PAYMNT/PART REDEMPTN
MW,957ICCL25,Shriram Finance Limited,2026-01-16,,,2026-01-16,,,INTEREST PAYMENT
YW,957ICCL25,Shriram Finance Limited,2026-01-16,,,2026-01-16,,,INTEREST PAYMENT
NA,957IIFLS27,Sec Re NCD 9.57% Sr III,2026-01-17,,,2026-01-16,,,INTEREST PAYMENT
UA,957IIFLS27,Sec Re NCD 9.57% Sr III,2026-01-17,,,2026-01-16,,,INTEREST PAYMENT
N2,957ISFL26,Sec Re NCD 9.57% Sr 3,2026-01-17,,,2026-01-16,,,INTEREST PAYMENT
U2,957ISFL26,Sec Re NCD 9.57% Sr 3,2026-01-17,,,2026-01-16,,,INTEREST PAYMENT
N5,957NIDO26,Sec Red NCD 9.57% Sr. V,2026-01-17,,,2026-01-16,,,INTEREST PAYMENT
U5,957NIDO26,Sec Red NCD 9.57% Sr. V,2026-01-17,,,2026-01-16,,,INTEREST PAYMENT
M2,960IIFL30,IIFL 9.60% Tr I Sr VIII,2026-01-16,,,2026-01-16,,,INTEREST PAYMENT
Y2,960IIFL30,IIFL 9.60% Tr I Sr VIII,2026-01-16,,,2026-01-16,,,INTEREST PAYMENT
N6,965IFSL26,Sec Re NCD 9.65% Sr.III,2026-01-18,,,2026-01-16,,,INTEREST PAYMENT
U6,965IFSL26,Sec Re NCD 9.65% Sr.III,2026-01-18,,,2026-01-16,,,INTEREST PAYMENT
NI,966SFIL25A,Sec Re NCD 10.05% Sr.IV,2026-01-19,,,2026-01-19,,,INT PAYMENT/REDEMPTION
UI,966SFIL25A,Sec Re NCD 10.05% Sr.IV,2026-01-19,,,2026-01-19,,,INT PAYMENT/REDEMPTION
N5,96IIFL28,Unsec Re NCD 9.60% Sr.II,2026-01-16,,,2026-01-16,,,INTEREST PAYMENT
U5,96IIFL28,Unsec Re NCD 9.60% Sr.II,2026-01-16,,,2026-01-16,,,INTEREST PAYMENT
NF,96IIFL28A,Sec Re NCD 9% Sr.VI,2026-01-16,,,2026-01-16,,,INTEREST PAYMENT
UF,96IIFL28A,Sec Re NCD 9% Sr.VI,2026-01-16,,,2026-01-16,,,INTEREST PAYMENT
ZN,971SCL29A,SEC RE NCD 9.71% SR VIII,2026-01-19,,,2026-01-19,,,INTEREST PAYMENT
N0,975PCPL28,PCPL 9.75% 2028,2026-01-16,,,2026-01-16,,,INTEREST PAYMENT
NL,980SFIL28,Sec Re NCD 9.80% Sr.VII,2026-01-19,,,2026-01-19,,,INT PAYMENT/PART REDMTN
UL,980SFIL28,Sec Re NCD 9.80% Sr.VII,2026-01-19,,,2026-01-19,,,INT PAYMENT/PART REDMTN
NK,984SFIL26A,Sec Re NCD 9.61% Sr.VI,2026-01-19,,,2026-01-19,,,INT PAYMENT/REDEMPTION
UK,984SFIL26A,Sec Re NCD 9.61% Sr.VI,2026-01-19,,,2026-01-19,,,INT PAYMENT/REDEMPTION
NO,985SFIL28,Sec Re NCD 9.85% Sr.VIII,2026-01-19,,,2026-01-19,,,INT PAYMENT/PART REDMPTN
UO,985SFIL28,Sec Re NCD 9.85% Sr.VIII,2026-01-19,,,2026-01-19,,,INT PAYMENT/PART REDMPTN
N3,AAFS27B,AAFS Market Link2027 SrJ,2026-01-16,,,2026-01-16,,,INT PAYMNT/PART REDEMPTN
U3,AAFS27B,AAFS Market Link2027 SrJ,2026-01-16,,,2026-01-16,,,INT PAYMNT/PART REDEMPTN
N0,AAFS28,AAFS Market linked 2028,2026-01-16,,,2026-01-16,,,INT PAYMNT/PART REDEMPTN
N0,AAFS28A,AAFS UnderInvStr 28 Sr L,2026-01-16,,,2026-01-16,,,INT PAYMNT/PART REDEMPTN
N0,AAFS28B,AAFS Market linked 2028,2026-01-16,,,2026-01-16,,,INT PAYMNT/PART REDEMPTN
BE,AJMERA,Ajmera Realty & Inf I Ltd,2026-01-15,,,2026-01-14,,,FVSPLT FRM RS 10 TO RS 2
BL,AJMERA,Ajmera Realty & Inf I Ltd,2026-01-15,,,2026-01-14,,,FVSPLT FRM RS 10 TO RS 2
EQ,AJMERA,Ajmera Realty & Inf I Ltd,2026-01-15,,,2026-01-14,,,FVSPLT FRM RS 10 TO RS 2
IQ,AJMERA,Ajmera Realty & Inf I Ltd,2026-01-15,,,2026-01-14,,,FVSPLT FRM RS 10 TO RS 2
N1,ALPHA27,AAFS Market link2027Sr I,2026-01-16,,,2026-01-16,,,INT PAYMNT/PART REDEMPTN
U1,ALPHA27,AAFS Market link2027Sr I,2026-01-16,,,2026-01-16,,,INT PAYMNT/PART REDEMPTN
BE,BESTAGRO,Best Agrolife Limited,2026-01-16,,,2026-01-16,,,BONUS 1:2
BE,BESTAGRO,Best Agrolife Limited,2026-01-16,,,2026-01-16,,,FVSPLT FRM RS 10 TO RE 1
BL,BESTAGRO,Best Agrolife Limited,2026-01-16,,,2026-01-16,,,FVSPLT FRM RS 10 TO RE 1
BL,BESTAGRO,Best Agrolife Limited,2026-01-16,,,2026-01-16,,,BONUS 1:2
EQ,BESTAGRO,Best Agrolife Limited,2026-01-16,,,2026-01-16,,,BONUS 1:2
EQ,BESTAGRO,Best Agrolife Limited,2026-01-16,,,2026-01-16,,,FVSPLT FRM RS 10 TO RE 1
IQ,BESTAGRO,Best Agrolife Limited,2026-01-16,,,2026-01-16,,,BONUS 1:2
IQ,BESTAGRO,Best Agrolife Limited,2026-01-16,,,2026-01-16,,,FVSPLT FRM RS 10 TO RE 1
NK,CIFC26,Sec Re NCD Sr 2,2026-01-16,,,2026-01-16,,,INT PAYMENT/REDEMPTION
UK,CIFC26,Sec Re NCD Sr 2,2026-01-16,,,2026-01-16,,,INT PAYMENT/REDEMPTION
E1,CYBERPP,CYBERMEDIA Rs.5 ppd up,2026-01-14,,,,,,FSTFINCL RS 7.90 PR SH
X1,CYBERPP,CYBERMEDIA Rs.5 ppd up,2026-01-14,,,,,,FSTFINCL RS 7.90 PR SH
BE,HCLTECH,HCL Technologies Ltd.,2026-01-17,,,2026-01-16,,,INTDIV - RS 12 PER SH
BL,HCLTECH,HCL Technologies Ltd.,2026-01-17,,,2026-01-16,,,INTDIV - RS 12 PER SH
EQ,HCLTECH,HCL Technologies Ltd.,2026-01-17,,,2026-01-16,,,INTDIV - RS 12 PER SH
IQ,HCLTECH,HCL Technologies Ltd.,2026-01-17,,,2026-01-16,,,INTDIV - RS 12 PER SH
T0,HCLTECH,HCL Technologies Ltd.,2026-01-17,,,2026-01-16,,,INTDIV - RS 12 PER SH
TL,HCLTECH,HCL Technologies Ltd.,2026-01-17,,,2026-01-16,,,INTDIV - RS 12 PER SH
BE,JARO,Jaro Ins of Tec Mg N Re L,2026-01-16,,,2026-01-16,,,INTDIV - RS 2 PER SH
BL,JARO,Jaro Ins of Tec Mg N Re L,2026-01-16,,,2026-01-16,,,INTDIV - RS 2 PER SH
EQ,JARO,Jaro Ins of Tec Mg N Re L,2026-01-16,,,2026-01-16,,,INTDIV - RS 2 PER SH
IQ,JARO,Jaro Ins of Tec Mg N Re L,2026-01-16,,,2026-01-16,,,INTDIV - RS 2 PER SH
BE,KOTAKBANK,Kotak Mahindra Bank Limit,2026-01-14,,,2026-01-14,,,FV SPLT FRM RS 5 TO RE 1
BL,KOTAKBANK,Kotak Mahindra Bank Limit,2026-01-14,,,2026-01-14,,,FV SPLT FRM RS 5 TO RE 1
EQ,KOTAKBANK,Kotak Mahindra Bank Limit,2026-01-14,,,2026-01-14,,,FV SPLT FRM RS 5 TO RE 1
IQ,KOTAKBANK,Kotak Mahindra Bank Limit,2026-01-14,,,2026-01-14,,,FV SPLT FRM RS 5 TO RE 1
T0,KOTAKBANK,Kotak Mahindra Bank Limit,2026-01-14,,,2026-01-14,,,FV SPLT FRM RS 5 TO RE 1
TL,KOTAKBANK,Kotak Mahindra Bank Limit,2026-01-14,,,2026-01-14,,,FV SPLT FRM RS 5 TO RE 1
E1,LLOYDPP,LLOYD Rs.0.50 ppd up,2026-01-16,,,,,,FSTFINCL RS 19.50 PR SH
X1,LLOYDPP,LLOYD Rs.0.50 ppd up,2026-01-16,,,,,,FSTFINCL RS 19.50 PR SH
BE,MAHABANK,Bank of Maharashtra,2026-01-20,,,2026-01-20,,,INTDIV - RE 1 PER SH
BL,MAHABANK,Bank of Maharashtra,2026-01-20,,,2026-01-20,,,INTDIV - RE 1 PER SH
EQ,MAHABANK,Bank of Maharashtra,2026-01-20,,,2026-01-20,,,INTDIV - RE 1 PER SH
IQ,MAHABANK,Bank of Maharashtra,2026-01-20,,,2026-01-20,,,INTDIV - RE 1 PER SH
T0,MAHABANK,Bank of Maharashtra,2026-01-20,,,2026-01-20,,,INTDIV - RE 1 PER SH
TL,MAHABANK,Bank of Maharashtra,2026-01-20,,,2026-01-20,,,INTDIV - RE 1 PER SH
BE,NLCINDIA,NLC India Limited,2026-01-20,,,2026-01-16,,,INTDIV - RS 3.60 PER SH
BL,NLCINDIA,NLC India Limited,2026-01-20,,,2026-01-16,,,INTDIV - RS 3.60 PER SH
EQ,NLCINDIA,NLC India Limited,2026-01-20,,,2026-01-16,,,INTDIV - RS 3.60 PER SH
IQ,NLCINDIA,NLC India Limited,2026-01-20,,,2026-01-16,,,INTDIV - RS 3.60 PER SH
T0,NLCINDIA,NLC India Limited,2026-01-20,,,2026-01-16,,,INTDIV - RS 3.60 PER SH
TL,NLCINDIA,NLC India Limited,2026-01-20,,,2026-01-16,,,INTDIV - RS 3.60 PER SH
BE,TCS,TATA CONSULTANCY SERV LTD,2026-01-17,,,2026-01-16,,,INTDIV-RS11/SPLDIV-RS46
BL,TCS,Tata Consultancy Serv Ltd,2026-01-17,,,2026-01-16,,,INTDIV-RS11/SPLDIV-RS46
EQ,TCS,Tata Consultancy Serv Ltd,2026-01-17,,,2026-01-16,,,INTDIV-RS11/SPLDIV-RS46
IQ,TCS,Tata Consultancy Serv Ltd,2026-01-17,,,2026-01-16,,,INTDIV-RS11/SPLDIV-RS46
T0,TCS,Tata Consultancy Serv Ltd,2026-01-17,,,2026-01-16,,,INTDIV-RS11/SPLDIV-RS46
TL,TCS,Tata Consultancy Serv Ltd,2026-01-17,,,2026-01-16,,,INTDIV-RS11/SPLDIV-RS46
BE,TEMBO,Tembo Global Ind Ltd,2026-01-16,,,2026-01-16,,,INTDIV - RE 1 PER SH
BL,TEMBO,Tembo Global Ind Ltd,2026-01-16,,,2026-01-16,,,INTDIV - RE 1 PER SH
EQ,TEMBO,Tembo Global Ind Ltd,2026-01-16,,,2026-01-16,,,INTDIV - RE 1 PER SH
IQ,TEMBO,Tembo Global Ind Ltd,2026-01-16,,,2026-01-16,,,INTDIV - RE 1 PER SH
