SYMBOL,SERIES,SECURITY,HIGH/LOW
990SCL26D,AH,SEC RE NCD 9.90% SR.IV,H
A2ZINFRA,EQ,A2Z INFRA ENGINEERING LTD,H
ABAN,BE,ABAN OFFSHORE LTD.,H
AGARWALFT,SM,AGARWAL FLOAT GLASS I LTD,H
AKI,EQ,AKI INDIA LIMITED,H
ANSALAPI,BZ,ANSAL PROP & INFRA LTD,H
ANTELOPUS,EQ,ANTELOPUS SELAN ENRGY LTD,H
ARISINFRA,EQ,ARISINFRA SOLUTIONS LTD,H
ARVINDPORT,SM,ARVIND PORT AND INFRA LTD,H
BANKA,EQ,BANKA BIOLOO LIMITED,H
BEACON,ST,BEACON TRUSTEESHIP LTD,H
BLUECOAST,EQ,BLUE COAST HOTELS LIMITED,H
BUILDPRO,BE,SHANKARA BUILDPRO LIMITED,H
COMPINFO,BZ,COMPUAGE INFOCOM LTD,H
DCMFINSERV,EQ,DCM FINANCIAL SERVICES LT,H
DENEERS,SM,DE NEERS TOOLS LIMITED,H
DHARAN,BZ,DHARAN INFRA-EPC LIMITED,H
DNAMEDIA,EQ,DILIGENT MEDIA CORP LTD.,H
ESFL,SM,ESSEN SPECIALITY FILMS L,H
EUROTEXIND,BE,EUROTEX IND & EXPORTS LTD,H
FEL,BZ,FUTURE ENTERPRISES LTD,H
FLEXITUFF,EQ,FLEXITUFF VENTURES INT L,H
GLFL,BE,GUJARAT LEASE FINANCING L,H
GVKPIL,BE,GVK POW. & INFRA LTD.,H
HNGSNGBEES,EQ,NIP IND ETF HANGSENG BEES,H
HOLMARC,SM,HOLMARC OPTO MECHATRO L,H
IBULLSLTD,EQ,INDIABULLS LIMITED,H
IMPEXFERRO,BZ,IMPEX FERRO TECH LIMITED,H
JALAN,ST,JALAN TRANSOLU. INDIA LTD,H
KDL,SM,KORE DIGITAL LIMITED,H
KESORAMIND,BE,KESORAM INDUSTRIES LTD,H
KRISHIVAL,EQ,KRISHIVAL FOODS LIMITED,H
LATTEYS,BE,LATTEYS INDUSTRIES LTD,H
MAFANG,EQ,MIRAEAMC - MAFANG,H
MAHKTECH,EQ,MIRAEAMC - MAHKTECH,H
MANAKALUCO,EQ,MANAK ALUMINIUM CO. LTD.,H
MANGALAM,BE,MANGALAM DRUG & CHEM LTD,H
MASPTOP50,EQ,MIRAEAMC - MASPTOP50,H
MCL,BE,MADHAV COPPER LIMITED,H
MEGASOFT,BE,MEGASOFT LTD,H
MEP,BZ,MEP INFRA. DEVELOPERS LTD,H
MILTON,SM,MILTON INDUSTRIES LIMITED,H
MIRCELECTR,EQ,MIRC ELECTRONICS LTD,H
MONOPHARMA,SM,MONO PHARMACARE LIMITED,H
MTEDUCARE,BE,MT EDUCARE LTD,H
NACLIND,EQ,NACL INDUSTRIES LIMITED,H
NAVKARURB,BE,NAVKAR URBANSTRUCTURE LTD,H
NIKITA,ST,NIKITA GRENTEC RECYCL LTD,H
NURECA,EQ,NURECA LIMITED,H
OWAIS,SM,OWAIS METAL & MINERAL,H
POLYSIL,ST,POLYSIL IRRIGATION SYST L,H
PRAENG,BE,PRAJAY ENG. SYN. LTD.,H
PURVFLEXI,SM,PURV FLEXIPACK LIMITED,H
RHFL,BZ,RELIANCE HOME FINANCE LTD,H
ROLLT,BE,ROLLATAINERS LIMITED,H
SABAR,ST,SABAR FLEX INDIA LIMITED,H
SACHEEROME,ST,SACHEEROME LIMITED,H
SANWARIA,BZ,SANWARIA CONSUMER LIMITED,H
SETUINFRA,BZ,SETUBANDHAN INFRA LTD,H
SHANTHALA,ST,SHANTHALA FMCG PRODUCTS L,H
SHRIKANHA,SM,SHRI KANHA STAINLESS LTD,H
SICALLOG,BE,SICAL LOGISTICS LIMITED,H
SIKKO,BE,SIKKO INDUSTRIES LIMITED,H
SITINET,BZ,SITI NETWORKS LIMITED,H
SMLMAH,EQ,SML MAHINDRA LIMITED,H
SMVD,SM,SMVD POLY PACK LIMITED,H
SPPPOLY,SM,SPP POLYMER LIMITED,H
STALLION,BE,STALLION IND FLUOROCHEM L,H
SUNLITE,ST,SUNLITE RECYCLING IND LTD,H
TVVISION,BE,TV VISION LIMITED,H
UCAL,EQ,UCAL LIMITED,H
UNITEDPOLY,BE,UNITED POLYFAB GUJ. LTD.,H
VENUSREM,BE,VENUS REMEDIES LIMITED,H
VIAZ,SM,VIAZ TYRES LIMITED,H
VIESL,ST,VISION INFRA EQUIP SOL L,H
VIPULLTD,BE,VIPUL LIMITED,H
VOLERCAR,ST,VOLER CAR LIMITED,H
VR,SM,V R INFRASPACE LIMITED,H
WAAREEINDO,BE,INDOSOLAR LIMITED,H
WINSOME,BZ,WINSOME YARNS LIMITED,H
1035UCL26,NA,SEC RE NCD 10.35% SR III,L
21STCENMGM,EQ,21ST CENTURY MGMT SERVICE,L
ACCPL,ST,ACCRETION PHARMA LIMITED,L
AGUL,SM,A G UNIVERSAL LIMITED,L
ANSALAPI,BZ,ANSAL PROP & INFRA LTD,L
ARSHIYA,BZ,ARSHIYA LIMITED,L
ARVEE,BE,ARVEE LABORATORIES I LTD,L
AURIGROW,BE,AURI GROW INDIA LIMITED,L
BIKEWO,ST,BIKEWO GREEN TECH LIMITED,L
BLUECHIP,BE,BLUE CHIP INDIA LIMITED,L
BOSS,SM,BOSS PACKAGING SOLU LTD,L
BUILDPRO,BE,SHANKARA BUILDPRO LIMITED,L
BULKCORP,SM,BULKCORP INTERNATIONAL L,L
CMRSL,SM,CYBER MEDIA RES & SER LTD,L
DIL,BZ,DEBOCK INDUSTRIES LIMITED,L
DRONE,SM,DRONE DESTINATION LIMITED,L
DRSCARGO,ST,DRS CARGO MOVERS LIMITED,L
E2ERAIL,ST,E TO E TRANS INFRA LTD,L
EMBDL,BE,EMBASSY DEVELOPMENTS LTD,L
EXIMROUTES,ST,EXIM ROUTES LIMITED,L
FLFL,BZ,FUT LIFESTYLE FASH LTD,L
GANESHIN,SM,GANESH INFRAWORLD LIMITED,L
GLOBE,EQ,GLOBE ENTERPRISE (I) LTD,L
GOLDSTAR,SM,GOLDSTAR POWER LIMITED,L
HARDWYN,BE,HARDWYN INDIA LIMITED,L
HRHNEXT,SM,HRH NEXT SERVICES LIMITED,L
IFBAGRO,EQ,IFB AGRO INDUSTRIES LTD,L
ITTL,ST,INNOVATIVE TYRE & TUBE LT,L
JALAN,ST,JALAN TRANSOLU. INDIA LTD,L
KCK,ST,KCK INDUSTRIES LTD,L
KRISHPP,E1,KRISHIVAL RE.3.50 PPD UP,L
KSR,BE,KSR FOOTWEAR LIMITED,L
LASA,EQ,LASA SUPERGENERICS LTD,L
LCCINFOTEC,BE,LCC INFOTECH LTD,L
MARINETRAN,ST,MARINETRANS INDIA LIMITED,L
MAXVOLT,ST,MAXVOLT ENERGY INDUS L,L
MAYASHEEL,ST,MAYASHEEL VENTURES LTD,L
MEP,BZ,MEP INFRA. DEVELOPERS LTD,L
MODTHREAD,EQ,MODERN THREADS INDIA LTD,L
NAMAN,SM,NAMAN INDUSTRE PRXIMA LTD,L
NECLIFE,BE,NECTAR LIFESCIENCES LTD.,L
NEWJAISA,SM,NEWJAISA TECHNOLOGIES LTD,L
NIRMAN,SM,NIRMAN AGRI GENTICS LTD,L
NRVANDANA,ST,N R VANDANA TEX IND LTD,L
PALREDTEC,EQ,PALRED TECHNOLOGIES LTD,L
QVCEL,SM,QVC EXPORTS LIMITED,L
RAJRILTD,BE,RAJ RAYON INDUSTRIES LTD,L
ROCKINGDCE,ST,ROCKINGDEALS CIRCU ECO L,L
ROLLT,BE,ROLLATAINERS LIMITED,L
S&SPOWER,EQ,S&S POWER SWITCHGEARS LTD,L
SABAR,ST,SABAR FLEX INDIA LIMITED,L
SANGANI,SM,SANGANI HOSPITALS LIMITED,L
SANWARIA,BZ,SANWARIA CONSUMER LIMITED,L
SETUINFRA,BZ,SETUBANDHAN INFRA LTD,L
SHUBHLAXMI,ST,SHUBHLAXMI JEWEL ART LTD,L
SILGO-RE1,BE,SILGO RETAIL LTD,L
SILLYMONKS,BE,SILLY MONKS ENTERTAIN LTD,L
SITINET,BZ,SITI NETWORKS LIMITED,L
SLONE,SM,SLONE INFOSYSTEMS LIMITED,L
SOCL,SM,SUNDREX OIL COMPANY LTD,L
SPECTSTM,SM,SPECTRUM TALENT MGMT LTD,L
SPRL,ST,SP REFRACTORIES LIMITED,L
SRPL,BZ,SHREE RAM PROTEINS LTD.,L
TCIFINANCE,BE,TCIFINANCELTD-ROLL SETT,L
THESL,SM,THINKING HATS ENTER SOL L,L
USHAFIN,SM,USHA FINANCIAL SERVICES L,L
VICTORYEV,ST,VICTORY ELEC VEHICL INT L,L
VIJIFIN,EQ,VIJI FINANCE LIMITED,L
VILINBIO,SM,VILIN BIO MED LIMITED,L
VIVIMEDLAB,EQ,VIVIMED LABS LIMITED,L
WINSOME,BZ,WINSOME YARNS LIMITED,L
WOL3D,ST,WOL 3D INDIA LIMITED,L
