SECURITY,NEW,PREVIOUS,NEW_STATUS
360ONEAMC - SILVER360         ,272.00,257.86,H
AVI ANSH TEXTILE LIMITED      ,123.50,122.50,H
AXISAMC - AXISILVER           ,277.90,260.60,H
BANDHANAMC - GOLDBND          ,144.50,144.00,H
BANDHANAMC - SILVERBND        ,279.00,269.90,H
BIRLASLAMC - SILVER           ,277.97,262.20,H
BORANA WEAVES LIMITED         ,329.00,323.21,H
CHOICEAMC - CHOICEGOLD        ,141.45,140.45,H
DSPAMC - DSPGOLD              ,139.10,137.53,H
DSPAMC - DSPPSBKETF           ,89.89,89.83,H
DSPAMC - DSPSILVETF           ,266.00,253.92,H
EDELAMC - ESILVER             ,279.50,263.50,H
FEDBANK FINANCIAL SER L       ,178.48,167.10,H
GROWWAMC - GROWWGOLD          ,142.00,138.48,H
GROWWAMC - GROWWSLVR          ,279.00,257.00,H
HDFCAMC - HDFCSILVER          ,265.75,252.49,H
ICICI PRUDENTIAL AMC LTD      ,2749.00,2725.20,H
ICICIPRAMC - ICICISILVE       ,275.00,262.00,H
ICICIPRAMC - PSUBANKICI       ,90.29,89.46,H
INVESCO INDIA GOLD ETF        ,12597.00,12500.00,H
KOTAKMAMC - KOTAKSILVE        ,269.75,256.70,H
KOTAKMAMC - NEXT50ETF         ,72.97,70.80,H
LIC MF - LIC GOLD ETF         ,14500.00,12828.00,H
LICNAMC - LICNMFET            ,30.05,30.00,H
MANAK ALUMINIUM CO. LTD.      ,54.09,48.63,H
MIRAEAMC - MAGOLDETF          ,139.98,139.89,H
MIRAEAMC - MASILVER           ,271.88,255.59,H
MOTILALAMC - MOGOLD           ,141.40,139.80,H
MOTILALAMC - MOSILVER         ,272.47,258.54,H
NIPPONAMC - NETFSILVER        ,264.00,251.40,H
PRAMARA PROMOTIONS LTD        ,363.90,362.95,H
RHETAN TMT LIMITED            ,27.37,26.15,H
SAWALIYA FOOD PRODUCTS L      ,324.70,322.80,H
SBIAMC - SBISILVER            ,271.89,257.72,H
SHEETAL UNIVERSAL LIMITED     ,226.75,215.50,H
SILGO RETAIL LTD              ,6.69,11.15,H
SUNLITE RECYCLING IND LTD     ,395.75,393.85,H
TATAAML-TATSILV               ,27.04,25.53,H
UTIAMC-SILVERBETA             ,267.38,254.08,H
VICTORY ELEC VEHICL INT L     ,34.45,41.00,H
WEALTH - TWCGOLDETF           ,143.00,141.20,H
ZERODHAAMC - GOLDCASE         ,22.82,22.70,H
ZERODHAAMC - SILVERCASE       ,28.39,26.93,H
ADITYA BIRLA LIFES BRAN L     ,114.25,114.75,L
AFFORD ROBO & AUTO LTD        ,182.35,183.42,L
ALL TIME PLASTICS LIMITED     ,234.30,237.20,L
ARC INSULATION & INSU LTD     ,62.00,63.00,L
BCL INDUSTRIES LIMITED        ,29.11,29.31,L
BELLA CASA FASH AND RET L     ,336.90,339.80,L
BLUESTONE JEWEL LFSTL LTD     ,460.10,466.00,L
BRAINBEES SOLUTIONS LTD       ,257.40,267.05,L
CRIZAC LIMITED                ,250.10,254.65,L
DCM SHRIRAM IND LTD           ,44.74,44.80,L
DEBOCK INDUSTRIES LIMITED     ,1.59,1.60,L
DISH TV INDIA LTD.            ,3.75,3.78,L
DMCC SPECIALITY CHEMICALS     ,225.95,227.65,L
DRONE DESTINATION LIMITED     ,54.65,57.20,L
ELLENBARRIE INDUS GASES L     ,272.55,277.00,L
GANESH INFRAWORLD LIMITED     ,102.50,106.25,L
GENSOL ENGINEERING LTD        ,23.00,23.30,L
GO FASHION INDIA LTD          ,395.15,401.85,L
GROWWAMC - GROWWRLTY          ,9.48,9.52,L
INDIAN EMULSIFIERS LTD        ,77.20,81.65,L
INNOMET ADVANCED MATERI L     ,83.00,84.10,L
JAY BEE LAMINATIONS LTD       ,99.00,100.75,L
KOTAKMAMC - NEXT50ETF         ,68.71,70.80,L
LAMOSAIC INDIA LIMITED        ,31.50,32.05,L
LAXMI DENTAL LIMITED          ,237.00,239.00,L
LAXMI INDIA FINANCE LTD       ,104.98,107.01,L
LOYAL TEXTILE MILLS LTD       ,190.02,191.00,L
MAXPOSURE LIMITED             ,38.50,39.00,L
MODIS NAVNIRMAN LTD           ,287.20,304.50,L
MOTISONS JEWELLERS LTD        ,12.82,13.00,L
NEWJAISA TECHNOLOGIES LTD     ,19.10,20.10,L
NOVA AGRITECH LIMITED         ,36.00,36.10,L
PACE DIGITEK LIMITED          ,174.10,174.90,L
PAVNA INDUSTRIES LIMITED      ,19.31,19.80,L
PINE LABS LIMITED             ,213.50,214.51,L
PROTEAN EGOV TECHNO LTD       ,697.55,697.60,L
RACE ECO CHAIN LIMITED        ,121.50,122.00,L
SADBHAV ENGINEERING LTD       ,7.73,8.08,L
SANWARIA CONSUMER LIMITED     ,0.24,0.25,L
SARTHAK METALS LIMITED        ,75.82,76.40,L
SATI POLY PLAST LIMITED       ,51.90,55.00,L
SHANKARA BUILDPRO LIMITED     ,696.75,733.40,L
SHYAM DHANI INDUSTRIES L      ,94.20,95.10,L
SIGACHI INDUSTRIES LTD        ,27.65,28.06,L
SIKKO INDUSTRIES LIMITED      ,4.01,4.10,L
SILGO RETAIL LTD              ,6.69,11.15,L
SNEHAA ORGANICS LIMITED       ,47.50,49.80,L
SPECTRUM TALENT MGMT LTD      ,69.30,70.25,L
SPUNWEB NONWOVEN LIMITED      ,120.05,122.60,L
STL NETWORKS LIMITED          ,20.65,20.66,L
SULA VINEYARDS LIMITED        ,193.00,193.60,L
SUNDREX OIL COMPANY LTD       ,33.55,37.25,L
SUNREST LIFESCIENCE LTD       ,32.55,35.00,L
SUPREME FACILITY MGMT LTD     ,26.00,27.00,L
SUYOG TELEMATICS LIMITED      ,536.20,545.00,L
TIGER LOGISTICS (INDIA) L     ,29.57,32.11,L
TINNA RUBBER AND INFR LTD     ,685.00,694.10,L
TRIDHYA TECH LIMITED          ,13.00,13.25,L
TRUALT BIOENERGY LIMITED      ,363.30,363.55,L
TSC INDIA LIMITED             ,41.50,43.10,L
UDAYSHIVAKUMAR INFRA LTD      ,21.00,21.16,L
UMA EXPORTS LIMITED           ,33.60,34.11,L
USHA FINANCIAL SERVICES L     ,32.00,34.10,L
VICTORY ELEC VEHICL INT L     ,32.75,41.00,L
VINEET LABORATORIES LTD       ,0.89,0.95,L
VISHWARAJ SUGAR IND LTD       ,6.30,6.42,L
VL E GOV AND IT SOL LTD       ,17.25,17.28,L
ZEAL GLOBAL SERVICES LTD      ,82.00,85.05,L
