SYMBOL,SERIES,SECURITY,HIGH/LOW
A2ZINFRA,EQ,A2Z INFRA ENGINEERING LTD,H
AILIMITED,SM,ABHISHEK INTEGRATIONS LTD,H
ANSALAPI,BZ,ANSAL PROP & INFRA LTD,H
ARVINDPORT,SM,ARVIND PORT AND INFRA LTD,H
AURIGROW,BE,AURI GROW INDIA LIMITED,H
AXISCADES,EQ,AXISCADES TECH LTD,H
CMRSL,SM,CYBER MEDIA RES & SER LTD,H
COMMITTED,SM,COMMITTED CARGO CARE LTD,H
COMPINFO,BZ,COMPUAGE INFOCOM LTD,H
DHARAN,BZ,DHARAN INFRA-EPC LIMITED,H
EASTSILK,BE,EASTERN SILK INDUSTRIES L,H
EXCELLENT,ST,EXCELLENT WIRES N PACK L,H
EXXARO,EQ,EXXARO TILES LIMITED,H
FALCONTECH,SM,FALCON TECHNOPROJ IND LTD,H
FEL,BZ,FUTURE ENTERPRISES LTD,H
FELDVR,BZ,FUTURE ENTERPRISES LTD,H
FRESHARA,ST,FRESHARA AGRO EXPORTS LTD,H
GJL,ST,GROVER JEWELLS LIMITED,H
GML,ST,GALAXY MEDICARE LIMITED,H
GOLDENTOBC,BZ,GOLDEN TOBACCO LIMITED,H
GOLDSTAR,SM,GOLDSTAR POWER LIMITED,H
GRCL,SM,GAYATRI RUBB AND CHEM LTD,H
HMT,BZ,HMT LTD -,H
HNGSNGBEES,EQ,NIP IND ETF HANGSENG BEES,H
IDEA,T0,VODAFONE IDEA LIMITED,H
ITTL,ST,INNOVATIVE TYRE & TUBE LT,H
JFLLIFE,SM,JFL LIFE SCIENCES LIMITED,H
MAFANG,EQ,MIRAEAMC - MAFANG,H
MAHKTECH,EQ,MIRAEAMC - MAHKTECH,H
MEP,BZ,MEP INFRA. DEVELOPERS LTD,H
NAVKARURB,EQ,NAVKAR URBANSTRUCTURE LTD,H
PRECISION,SM,PRECISION METALIKS LTD,H
ROLLT,BE,ROLLATAINERS LIMITED,H
SACHEEROME,ST,SACHEEROME LIMITED,H
SADBHAV,EQ,SADBHAV ENGINEERING LTD,H
SELMC,EQ,SEL MANUFACTURING CO LTD,H
SETUINFRA,BZ,SETUBANDHAN INFRA LTD,H
SIGMAADV,EQ,SIGMA ADVANCED SYSTEM LTD,H
SILKFLEX,SM,SILKFLEX POLYMERS INDIA L,H
SMLMAH,EQ,SML MAHINDRA LIMITED,H
SMVD,ST,SMVD POLY PACK LIMITED,H
SUPREMEENG,BZ,SUPREME ENGINEERING LTD,H
TAKE,BE,TAKE SOLUTIONS LTD,H
TGL,ST,TEERTH GOPICON LIMITED,H
TIJARIA,BE,TIJARIA POLYPIPES LTD,H
TNTELE,EQ,TAMILNADU TELECOMMUNICATI,H
TPHQ,EQ,TEAMO PRODUCTIONS HQ LTD,H
UEL,EQ,UJAAS ENERGY LIMITED,H
UNIHEALTH,ST,UNIHEALTH HOSPITALS LTD,H
VEEKAYEM,SM,VEEKAYEM FASH & APP LTD,H
VERTEXPLUS,SM,VERTEXPLUS TECHNOLOGIES L,H
VIPULLTD,BE,VIPUL LIMITED,H
VISASTEEL,EQ,VISA STEEL LIMITED,H
VIVIMEDLAB,EQ,VIVIMED LABS LIMITED,H
VR,SM,V R INFRASPACE LIMITED,H
VSCL,SM,VADIVARHE SPCLTY CHEM LTD,H
WINSOME,BZ,WINSOME YARNS LIMITED,H
YUDIZ,ST,YUDIZ SOLUTIONS LIMITED,H
669GJ34,SG,SDL GJ 6.69% 2034,L
AAATECH,EQ,AAA TECHNOLOGIES LIMITED,L
AAREYDRUGS,EQ,AAREY DRUGS & PHARM LTD,L
AGRITECH,BE,AGRI-TECH (INDIA) LIMITED,L
AKI,EQ,AKI INDIA LIMITED,L
ASPIRE,SM,ASPIRE & INNOVATIVE ADV L,L
BALCO,SM,SOLVE PLASTIC PRODUCTS L,L
BCG,BE,BRIGHTCOM GROUP LIMITED,L
BIKEWO,ST,BIKEWO GREEN TECH LIMITED,L
BLUECOAST,EQ,BLUE COAST HOTELS LIMITED,L
BOHRAIND,BE,BOHRA INDUSTRIES LIMITED,L
BRANDMAN,ST,BRANDMAN RETAIL LIMITED,L
CEDAAR,SM,CEDAAR TEXTILE LIMITED,L
CKKRETAIL,ST,C K K RETAIL MART LIMITED,L
CONTI,SM,CONTINENTAL SEED CHEM LTD,L
CPS,ST,C P S SHAPERS LIMITED,L
DCMSIL,BE,DCM SHRIRAM INTERNATNL L,L
DHARAN,BZ,DHARAN INFRA-EPC LIMITED,L
DIRL,SM,DHANUKA INFRA REALTY LTD,L
DJML,BE,DJ MEDIAPRINT & LOG LTD,L
DSFCL,BE,DCM SHRIRAM FINE CHEM LTD,L
DURLAX-RE,ST,DURLAX TOP SURFACE L,L
E2E,BE,E2E NETWORKS LIMITED,L
ESCONET,SM,ESCONET TECHNOLOGIES LTD,L
ESFL,SM,ESSEN SPECIALITY FILMS L,L
FAZE3Q,BE,FAZE THREE LIMITED,L
FIBERWEB,BE,FIBERWEB INDIA LIMITED,L
FLFL,BZ,FUT LIFESTYLE FASH LTD,L
FORGEAUTO,SM,FORGE AUTO INTERNATION L,L
GANESHIN,SM,GANESH INFRAWORLD LIMITED,L
GAYAHWS,EQ,GAYATRI HIGHWAYS LIMITED,L
GLFL,EQ,GUJARAT LEASE FINANCING L,L
GLOBAL,BE,GLOBAL EDUCATION LIMITED,L
GRAPHISAD,ST,GRAPHISADS LIMITED,L
GRCL,SM,GAYATRI RUBB AND CHEM LTD,L
GVKPIL,BE,GVK POW. & INFRA LTD.,L
IMPEXFERRO,BZ,IMPEX FERRO TECH LIMITED,L
INTEGRITY,SM,INTEGRITY INFRABUILD DE L,L
ISHAN,SM,ISHAN INTERNATIONAL LTD,L
JAINAM,SM,JAINAM FER ALLOYS (I) LTD,L
JALAN,SM,JALAN TRANSOLU. INDIA LTD,L
KONSTELEC,SM,KONSTELEC ENGINEERS LTD,L
KORE,SM,JAY JALARAM TECHNO LTD,L
KSHITIJPOL,BE,KSHITIJ POLYLINE LIMITED,L
KSR,BE,KSR FOOTWEAR LIMITED,L
LAKPRE,BZ,LAKSHMI PRE SCRE LTD,L
LAXMICOT,BE,LAXMI COTSPIN LIMITED,L
LCCINFOTEC,BE,LCC INFOTECH LTD,L
LEXUS,BE,LEXUS GRANITO (INDIA) LTD,L
MAL,SM,MANGALAM ALLOYS LIMITED,L
MARINETRAN,ST,MARINETRANS INDIA LIMITED,L
MASTER,SM,MASTER COMPONENTS LIMITED,L
MAXVOLT,SM,MAXVOLT ENERGY INDUS L,L
MEP,BZ,MEP INFRA. DEVELOPERS LTD,L
MHHL,SM,MOHINI HEALTH&HYGIENE LTD,L
MIEL,SM,MANGLAM INFRA & ENG LTD,L
MTEDUCARE,BE,MT EDUCARE LTD,L
NEELAM,SM,NEELAM LINENS & GAR (I) L,L
NEWJAISA,SM,NEWJAISA TECHNOLOGIES LTD,L
NIRAJISPAT,BE,NIRAJ ISPAT IND LTD,L
ONECAP-RE,BE,ONELIFE ADVISORS LTD,L
ORTEL,BZ,ORTEL COMMUNICATIONS LTD,L
ORTINGLOBE,BE,ORTIN GLOBAL LIMITED,L
OSIAHYPER,EQ,OSIA HYPER RETAIL LIMITED,L
PERFECT,SZ,PERFECT INFRAENGINEER LTD,L
PLADAINFO,SM,PLADA INFOTECH SERVICES L,L
PRECOT,BE,PRECOT LIMITED,L
PREMIER,BE,PREMIER LIMITED,L
PRESS-RE,ST,PRESSTONIC ENGINEERING L,L
PROLIFE,SM,PROLIFE INDUSTRIES LTD,L
PULZ,SM,PULZ ELECTRONICS LIMITED,L
PURPLEUTED,SM,PURPLE UNITED SALES LTD,L
QVCEL,SM,QVC EXPORTS LIMITED,L
RAJRILTD,BE,RAJ RAYON INDUSTRIES LTD,L
RCOM,BE,RELIANCE COMMUNICATIONS L,L
RHFL,BZ,RELIANCE HOME FINANCE LTD,L
RITEZONE,SM,RITE ZONE CHEMCON IND LTD,L
ROCKINGDCE,ST,ROCKINGDEALS CIRCU ECO L,L
SADBHIN,EQ,SADBHAV INFRA PROJ LTD.,L
SAMBHAAV,EQ,SAMBHAAV MEDIA LTD,L
SANCO,BZ,SANCO INDUSTRIES LIMITED,L
SANWARIA,BZ,SANWARIA CONSUMER LIMITED,L
SCHNEIDER,BE,SCHNEIDER ELECTRIC INFRA,L
SELMC,EQ,SEL MANUFACTURING CO LTD,L
SERVICE,ST,SERVICE CARE LIMITED,L
SETUINFRA,BZ,SETUBANDHAN INFRA LTD,L
SEYAIND,BE,SEYA INDUSTRIES LIMITED,L
SHIGAN,ST,SHIGAN QUANTUM TECH LTD,L
SHRENIK,BZ,SHRENIK LIMITED,L
SIGMAADV,EQ,SIGMA ADVANCED SYSTEM LTD,L
SILLYMONKS,EQ,SILLY MONKS ENTERTAIN LTD,L
SITINET,BZ,SITI NETWORKS LIMITED,L
SONUINFRA,SM,SONU INFRATECH LIMITED,L
SOUTHWEST,BE,SOUTH WEST PINNACLE LTD,L
SPRL,SM,SP REFRACTORIES LIMITED,L
STALLION,EQ,STALLION IND FLUOROCHEM L,L
SUNLITE,ST,SUNLITE RECYCLING IND LTD,L
SUPREMEENG,BZ,SUPREME ENGINEERING LTD,L
TAC,SM,TAC INFOSEC LIMITED,L
TECHERA,SM,TECHERA ENGINEER (IND) L,L
TECHLABS,SM,TRIDENT TECHLABS LIMITED,L
TEJASCARGO,SM,TEJAS CARGO INDIA LIMITED,L
TIJARIA,BE,TIJARIA POLYPIPES LTD,L
TTL,BE,T T LIMITED,L
TVVISION,BE,TV VISION LIMITED,L
UEL,EQ,UJAAS ENERGY LIMITED,L
VEEKAYEM,SM,VEEKAYEM FASH & APP LTD,L
VENUSREM,BE,VENUS REMEDIES LIMITED,L
VIJAYPD,ST,VIJAYPD CEUTICAL LIMITED,L
VIJIFIN,EQ,VIJI FINANCE LIMITED,L
VISAMAN,ST,VISAMAN GLOBAL SALES LTD,L
VIVIMEDLAB,EQ,VIVIMED LABS LIMITED,L
WINSOME,BZ,WINSOME YARNS LIMITED,L
YATRA,EQ,YATRA ONLINE LIMITED,L
ZEEMEDIA,BE,ZEE MEDIA CORPORATION LTD,L
