SYMBOL,SERIES,SECURITY,HIGH/LOW
AILIMITED,SM,ABHISHEK INTEGRATIONS LTD,H
AISL,SM,ANI INTEGRATED SERV LTD.,H
ANKITMETAL,BZ,ANKIT MET & POW LTD,H
ANSALAPI,BZ,ANSAL PROP & INFRA LTD,H
ASCOM,ST,ASCOM LEASIN & INVEST LTD,H
AVROIND,EQ,AVRO INDIA LIMITED,H
BALCO,SM,SOLVE PLASTIC PRODUCTS L,H
BLBLIMITED,BE,BLB LIMITED,H
COMPINFO,BZ,COMPUAGE INFOCOM LTD,H
DCMSIL,BE,DCM SHRIRAM INTERNATNL L,H
DHARAN,BZ,DHARAN INFRA-EPC LIMITED,H
DURLAX,SM,DURLAX TOP SURFACE LTD,H
EMBDL,BE,EMBASSY DEVELOPMENTS LTD,H
ESFL,SM,ESSEN SPECIALITY FILMS L,H
EUROTEXIND,BE,EUROTEX IND & EXPORTS LTD,H
EXXARO,EQ,EXXARO TILES LIMITED,H
FEL,BZ,FUTURE ENTERPRISES LTD,H
FLFL,BZ,FUT LIFESTYLE FASH LTD,H
FMNL,EQ,FUTURE MKT NETWORKS LTD,H
GAUDIUMIVF,BE,GAUDIUM IVF N WOMEN H L,H
GJL,ST,GROVER JEWELLS LIMITED,H
GOLDSTAR,SM,GOLDSTAR POWER LIMITED,H
GRAPHISAD,ST,GRAPHISADS LIMITED,H
HMT,BZ,HMT LTD -,H
ITALIANE,SM,ITALIAN EDIBLES LIMITED,H
ITTL,ST,INNOVATIVE TYRE & TUBE LT,H
KALANA,SM,KALANA ISPAT LIMITED,H
KESORAMIND,BE,KESORAM INDUSTRIES LTD,H
KNAGRI,EQ,KN AGRI RESOURCES LIMITED,H
KSR,BE,KSR FOOTWEAR LIMITED,H
LOTUSEYE,EQ,LOTUS EYE HOSP & INST L,H
MAFANG,EQ,MIRAEAMC - MAFANG,H
MAHKTECH,EQ,MIRAEAMC - MAHKTECH,H
MARUSHIKA,ST,MARUSHIKA TECHNOLOGY LTD,H
NIRAJISPAT,BE,NIRAJ ISPAT IND LTD,H
OMKARCHEM,BZ,OMKAR SPL CHEM LTD,H
ORTEL,BZ,ORTEL COMMUNICATIONS LTD,H
ORTINGLOBE,BE,ORTIN GLOBAL LIMITED,H
PARAMPARA,SM,PARAMPARA DAIRY DLGHT LTD,H
PARSVNATH,EQ,PARSVNATH DEVELOPER LTD,H
PLADAINFO,SM,PLADA INFOTECH SERVICES L,H
RAJRILTD,BE,RAJ RAYON INDUSTRIES LTD,H
RICHA,SM,RICHA INFO SYSTEMS LTD,H
ROLLT,BE,ROLLATAINERS LIMITED,H
SACHEEROME,ST,SACHEEROME LIMITED,H
SETCO,EQ,SETCO AUTOMOTIVE LTD,H
SETUINFRA,BZ,SETUBANDHAN INFRA LTD,H
SHRENIK,BZ,SHRENIK LIMITED,H
SILKFLEX,SM,SILKFLEX POLYMERS INDIA L,H
SITINET,BZ,SITI NETWORKS LIMITED,H
SOCL,SM,SUNDREX OIL COMPANY LTD,H
STALLION,EQ,STALLION IND FLUOROCHEM L,H
SUPREMEENG,BZ,SUPREME ENGINEERING LTD,H
TECHLABS,SM,TRIDENT TECHLABS LIMITED,H
THESL,SM,THINKING HATS ENTER SOL L,H
TPHQ,EQ,TEAMO PRODUCTIONS HQ LTD,H
UNITEDPOLY,EQ,UNITED POLYFAB GUJ. LTD.,H
UNIVPHOTO,BE,UNIVERSUS IMAGINGS LTD,H
VERTEXPLUS,SM,VERTEXPLUS TECHNOLOGIES L,H
VILINBIO,ST,VILIN BIO MED LIMITED,H
VIPULLTD,BE,VIPUL LIMITED,H
VIVIMEDLAB,EQ,VIVIMED LABS LIMITED,H
VLEGOV,EQ,VL E GOV AND IT SOL LTD,H
WANBURY,BE,WANBURY LIMITED,H
WHITEFORCE,SM,HAPPY SQUARE OUTSOURC S L,H
WINSOME,BZ,WINSOME YARNS LIMITED,H
YUDIZ,ST,YUDIZ SOLUTIONS LIMITED,H
ZENITHSTL,EQ,ZENITH STEEL PIP IND LTD,H
713TN47,SG,SDL TN 7.13% 2047,L
A2ZINFRA,EQ,A2Z INFRA ENGINEERING LTD,L
ACCPL,ST,ACCRETION PHARMA LIMITED,L
AGUL,SM,A G UNIVERSAL LIMITED,L
AQYLON,EQ,AQYLON NEXUS LIMITED,L
ASPIRE,SM,ASPIRE & INNOVATIVE ADV L,L
AURIGROW,BE,AURI GROW INDIA LIMITED,L
BALCO,SM,SOLVE PLASTIC PRODUCTS L,L
BEACON,ST,BEACON TRUSTEESHIP LTD,L
BESTAGRO,BE,BEST AGROLIFE LIMITED,L
BLUECOAST,EQ,BLUE COAST HOTELS LIMITED,L
BLUEPEBBLE,ST,BLUE PEBBLE LIMITED,L
BOHRAIND,BE,BOHRA INDUSTRIES LIMITED,L
BULKCORP,SM,BULKCORP INTERNATIONAL L,L
CEREBRAINT,BZ,CEREBRA INT TECH LTD,L
CKKRETAIL,ST,C K K RETAIL MART LIMITED,L
CONSOFINVT,BE,CONSO. FIN. & HOLD. LTD.,L
COOLCAPS,SM,COOL CAPS INDUSTRIES LTD,L
DSFCL,BE,DCM SHRIRAM FINE CHEM LTD,L
ENERGY,EQ,MIRAEAMC - ENERGY,L
FLEXITUFF,EQ,FLEXITUFF VENTURES INT L,L
FRESHARA,ST,FRESHARA AGRO EXPORTS LTD,L
GIRIRAJ,ST,GIRIRAJ CIVIL DEVP LTD,L
GJL,ST,GROVER JEWELLS LIMITED,L
GLFL,BE,GUJARAT LEASE FINANCING L,L
GOLDENTOBC,BZ,GOLDEN TOBACCO LIMITED,L
GURUNANAK,SM,GURUNANAK AGRICULTUR IN L,L
GVKPIL,BE,GVK POW. & INFRA LTD.,L
HARDWYN,BE,HARDWYN INDIA LIMITED,L
HBSL,EQ,HB STOCKHOLDINGS LIMITED,L
INDOTHAI,EQ,INDO THAI SEC LTD,L
IZMO,BE,IZMO LIMITED,L
JALAN,SM,JALAN TRANSOLU. INDIA LTD,L
LANCORHOL,BE,LANCOR HOLDINGS LIMITED,L
LAXMICOT,BE,LAXMI COTSPIN LIMITED,L
LCCINFOTEC,BE,LCC INFOTECH LTD,L
MAANALU,BE,MAAN ALUMINIUM LIMITED,L
MANILAM,ST,MANILAM INDUSTRIES IND L,L
MARINETRAN,ST,MARINETRANS INDIA LIMITED,L
MAXVOLT,SM,MAXVOLT ENERGY INDUS L,L
MEP,BZ,MEP INFRA. DEVELOPERS LTD,L
MICEL,EQ,MIC ELECTRONICS LTD,L
MTEDUCARE,BE,MT EDUCARE LTD,L
NEWJAISA,SM,NEWJAISA TECHNOLOGIES LTD,L
ONECAP-RE,BE,ONELIFE ADVISORS LTD,L
ORTEL,BZ,ORTEL COMMUNICATIONS LTD,L
OSIAHYPER,EQ,OSIA HYPER RETAIL LIMITED,L
OWAIS,SM,OWAIS METAL & MINERAL,L
PALREDTEC,EQ,PALRED TECHNOLOGIES LTD,L
PERFECT,SZ,PERFECT INFRAENGINEER LTD,L
PRECISION,SM,PRECISION METALIKS LTD,L
PRESS-RE,ST,PRESSTONIC ENGINEERING L,L
PURVFLEXI,SM,PURV FLEXIPACK LIMITED,L
QUESTLAB,ST,QUEST LABORATORIES LTD,L
RAJESHEXPO,BZ,RAJESH EXPORTS LTD,L
RCOM,BE,RELIANCE COMMUNICATIONS L,L
REXPIPES,SM,REX PIPES AND CABLES LTD,L
RHFL,BZ,RELIANCE HOME FINANCE LTD,L
RMDRIP,EQ,R M DRIP & SPRINK SYS LTD,L
RNBDENIMS,BE,R&B DENIMS LIMITED,L
SADBHAV,EQ,SADBHAV ENGINEERING LTD,L
SADHNA-RE,BE,SADHANA NITROCHEM LTD,L
SADHNANIQ,EQ,SADHANA NITROCHEM LIMITED,L
SANGINITA,BE,SANGINITA CHEMICALS LTD,L
SANWARIA,BZ,SANWARIA CONSUMER LIMITED,L
SATIPOLY,SM,SATI POLY PLAST LIMITED,L
SETUINFRA,BZ,SETUBANDHAN INFRA LTD,L
SEYAIND,BE,SEYA INDUSTRIES LIMITED,L
SITINET,BZ,SITI NETWORKS LIMITED,L
SMLMAH,EQ,SML MAHINDRA LIMITED,L
SPCL,SM,SHIVALIC POWER CONTROL L,L
TAKE,BE,TAKE SOLUTIONS LTD,L
TIRUPATI,SM,SHREE TIRUPATI BALAJEE,L
VIPULLTD,BE,VIPUL LIMITED,L
VR,SM,V R INFRASPACE LIMITED,L
WINSOME,BZ,WINSOME YARNS LIMITED,L
