SERIES,SYMBOL,SECURITY,RECORD_DT,BC_STRT_DT,BC_END_DT,EX_DT,ND_STRT_DT,ND_END_DT,PURPOSE
Z4,1003SCFL31,SEC RE NCD 10.03% SR X,2025-11-11,,,2025-11-11,,,INTEREST PAYMENT
N1,1003SCL31P,Sammaan Capital Limited,2025-11-12,,,2025-11-12,,,INTEREST PAYMENT
U1,1003SCL31P,Sammaan Capital Limited,2025-11-12,,,2025-11-12,,,INTEREST PAYMENT
18,1025SCL34,SEC RE NCD 10.25% SR XII,2025-11-11,,,2025-11-11,,,INTEREST PAYMENT
Z8,1025SCL34,SEC RE NCD 10.25% SR XII,2025-11-11,,,2025-11-11,,,INTEREST PAYMENT
N1,1025SCL34Z,Sammaan Capital Limited,2025-11-12,,,2025-11-12,,,INTEREST PAYMENT
U1,1025SCL34Z,Sammaan Capital Limited,2025-11-12,,,2025-11-12,,,INTEREST PAYMENT
,1035UCL26,Sec Re NCD 10.35% Sr III,2025-11-12,,,2025-11-12,,,INT PYMNT/PART REDEMPTON
UA,1035UCL26,Sec Re NCD 10.35% Sr III,2025-11-12,,,2025-11-12,,,INT PYMNT/PART REDEMPTON
NB,105UCL2026,Sec Re NCD 10.5% Sr IV,2025-11-12,,,2025-11-12,,,INTEREST PAYMENT
UB,105UCL2026,Sec Re NCD 10.5% Sr IV,2025-11-12,,,2025-11-12,,,INTEREST PAYMENT
BV,10SCL30A,SEC RE NCD 9.71% SR VIII,2025-11-11,,,2025-11-11,,,INTEREST PAYMENT
N0,1278VCCL25,VCCL 12.78% 2025,2025-11-13,,,2025-11-13,,,INTEREST PAYMENT
N0,12VCCL29A,VCCL12% 2029,2025-11-13,,,2025-11-13,,,INTEREST PAYMENT
TB,182D131125,GOI TBILL 182D-13/11/25,2025-11-11,,,,,,REDEMPTION
TB,182D201125,GOI TBILL 182D-20/11/25,2025-11-18,,,,,,REDEMPTION
TB,182D271125,GOI TBILL 182D-27/11/25,2025-11-25,,,,,,REDEMPTION
TB,364D131125,GOI TBILL 364D-13/11/25,2025-11-11,,,,,,REDEMPTION
TB,364D211125,GOI TBILL 364D-21/11/25,2025-11-19,,,,,,REDEMPTION
TB,364D271125,GOI TBILL 364D-27/11/25,2025-11-25,,,,,,REDEMPTION
SG,532AS25,SDL AS 5.32% 2025,2025-11-21,,,,,,REDEMPTION
SG,532CG25,SDL CG 5.32% 2025,2025-11-21,,,,,,REDEMPTION
SG,53BR25,SDL BR 5.3% 2025,2025-11-21,,,,,,REDEMPTION
SG,687RJ25,SDL RJ 6.87% 2025,2025-11-25,,,,,,REDEMPTION
SG,689TN25,SDL TN 6.89% 2025,2025-11-18,,,,,,REDEMPTION
SG,694TN25,SDL TN 6.94% 2025,2025-11-11,,,,,,REDEMPTION
N0,722UCL34,UCL 7.22% 2034,2025-11-11,,,2025-11-11,,,INTEREST PAYMENT
N0,737IREDA31,IREDA 7.37% 31 Sr XVI-F,2025-11-12,,,2025-11-12,,,INTEREST PAYMENT
N0,751SIDBI28,SIDBI 7.51% 2028 Sr V,2025-11-12,,,2025-11-12,,,INTEREST PAYMENT
N0,79123SHF26,SHFL 7.9123% 2026 Sr 342,2025-11-12,,,2025-11-12,,,INTEREST PAYMENT
N0,80980TCL27,TCL 8.0980% 2027,2025-11-13,,,2025-11-13,,,INTEREST PAYMENT
MM,835SCL23B,SEC RE NCD 10.25% SR XII,2025-11-12,,,2025-11-12,,,INTEREST PAYMENT
YM,835SCL23B,SEC RE NCD 10.25% SR XII,2025-11-12,,,2025-11-12,,,INTEREST PAYMENT
MS,843SCL27,SEC RE NCD 8.43% SR.VIII,2025-11-13,,,2025-11-13,,,INTEREST PAYMENT
YS,843SCL27,SEC RE NCD 8.43% SR.VIII,2025-11-13,,,2025-11-13,,,INTEREST PAYMENT
18,865SCL24B,SEC RE NCD 8.70% SR.VIII,2025-11-13,,,2025-11-13,,,INTEREST PAYMENT
Z8,865SCL24B,SEC RE NCD 8.70% SR.VIII,2025-11-13,,,2025-11-13,,,INTEREST PAYMENT
MI,875SCL23A,SEC RE NCD 10.03% SR X,2025-11-12,,,2025-11-12,,,INTEREST PAYMENT
YI,875SCL23A,SEC RE NCD 10.03% SR X,2025-11-12,,,2025-11-12,,,INTEREST PAYMENT
ZV,87SCL25,SEC RE NCD 8.70% SR.V,2025-11-13,,,2025-11-13,,,INTEREST PAYMENT
M2,888SCL25B,SEC RE NCD 8.88% SR II,2025-11-12,,,2025-11-12,,,INTEREST PAYMENT
Y2,888SCL25B,SEC RE NCD 8.88% SR II,2025-11-12,,,2025-11-12,,,INTEREST PAYMENT
NC,888SCL25D,SEC RE NCD 9.57% SR X,2025-11-11,,,2025-11-11,,,INTEREST PAYMENT
UC,888SCL25D,SEC RE NCD 9.57% SR X,2025-11-11,,,2025-11-11,,,INTEREST PAYMENT
N4,888SCL25E,SEC RE NCD 10.25% SR XII,2025-11-11,,,2025-11-11,,,INTEREST PAYMENT
U4,888SCL25E,SEC RE NCD 10.25% SR XII,2025-11-11,,,2025-11-11,,,INTEREST PAYMENT
MP,888SCL26,SEC RE NCD 8.88% SR II,2025-11-11,,,2025-11-11,,,INTEREST PAYMENT
YP,888SCL26,SEC RE NCD 8.88% SR II,2025-11-11,,,2025-11-11,,,INTEREST PAYMENT
N1,888SCL26X,Sammaan Capital Limited,2025-11-12,,,2025-11-12,,,INTEREST PAYMENT
U1,888SCL26X,Sammaan Capital Limited,2025-11-12,,,2025-11-12,,,INTEREST PAYMENT
MT,889SCL27,SEC RE NCD 8.89% SR.VIII,2025-11-13,,,2025-11-13,,,INTEREST PAYMENT
YT,889SCL27,SEC RE NCD 8.89% SR.VIII,2025-11-13,,,2025-11-13,,,INTEREST PAYMENT
N8,902SCL26,SEC RE NCD 9.02% SR V,2025-11-11,,,2025-11-11,,,INTEREST PAYMENT
U8,902SCL26,SEC RE NCD 9.02% SR V,2025-11-11,,,2025-11-11,,,INTEREST PAYMENT
AW,902SCL26I,SEC RE NCD 9.02% SR V,2025-11-12,,,2025-11-12,,,INTEREST PAYMENT
MU,902SCL27,SEC RE NCD 9.02% SR V,2025-11-11,,,2025-11-11,,,INTEREST PAYMENT
YU,902SCL27,SEC RE NCD 9.02% SR V,2025-11-11,,,2025-11-11,,,INTEREST PAYMENT
N1,902SCL27Q,Sammaan Capital Limited,2025-11-12,,,2025-11-12,,,INTEREST PAYMENT
U1,902SCL27Q,Sammaan Capital Limited,2025-11-12,,,2025-11-12,,,INTEREST PAYMENT
19,905SC24B,SEC RE NCD 9.15% SR.VIII,2025-11-13,,,2025-11-13,,,INTEREST PAYMENT
Z9,905SC24B,SEC RE NCD 9.15% SR.VIII,2025-11-13,,,2025-11-13,,,INTEREST PAYMENT
ZW,916SCL25,SEC RE NCD 9.16% SR.V,2025-11-13,,,2025-11-13,,,INTEREST PAYMENT
TB,91D131125,GOI TBILL 91D-13/11/25,2025-11-11,,,,,,REDEMPTION
TB,91D201125,GOI TBILL 91D-20/11/25,2025-11-18,,,,,,REDEMPTION
TB,91D281125,GOI TBILL 91D-28/11/25,2025-11-26,,,,,,REDEMPTION
M3,925SCL25B,SEC RE NCD 9.25% SR II,2025-11-12,,,2025-11-12,,,INTEREST PAYMENT
Y3,925SCL25B,SEC RE NCD 9.25% SR II,2025-11-12,,,2025-11-12,,,INTEREST PAYMENT
MQ,925SCL26B,SEC RE NCD 9.25% SR II,2025-11-11,,,2025-11-11,,,INTEREST PAYMENT
YQ,925SCL26B,SEC RE NCD 9.25% SR II,2025-11-11,,,2025-11-11,,,INTEREST PAYMENT
N1,925SCL26W,Sammaan Capital Limited,2025-11-12,,,2025-11-12,,,INTEREST PAYMENT
U1,925SCL26W,Sammaan Capital Limited,2025-11-12,,,2025-11-12,,,INTEREST PAYMENT
BA,925SCL28I,SEC RE NCD 9.25% SR VIII,2025-11-12,,,2025-11-12,,,INTEREST PAYMENT
MZ,925SCL29,SEC RE NCD 9.25% SR VIII,2025-11-11,,,2025-11-11,,,INTEREST PAYMENT
YZ,925SCL29,SEC RE NCD 9.25% SR VIII,2025-11-11,,,2025-11-11,,,INTEREST PAYMENT
N1,925SCL29S,Sammaan Capital Limited,2025-11-12,,,2025-11-12,,,INTEREST PAYMENT
U1,925SCL29S,Sammaan Capital Limited,2025-11-12,,,2025-11-12,,,INTEREST PAYMENT
ZZ,939SCL27,SEC RE NCD 8.94% SR.VIII,2025-11-13,,,2025-11-13,,,INTEREST PAYMENT
N9,948SCL26,SEC RE NCD 9.48% SR V,2025-11-11,,,2025-11-11,,,INTEREST PAYMENT
U9,948SCL26,SEC RE NCD 9.48% SR V,2025-11-11,,,2025-11-11,,,INTEREST PAYMENT
M8,948SCL26B,SEC RE NCD 9.48% SR V,2025-11-12,,,2025-11-12,,,INTEREST PAYMENT
Y8,948SCL26B,SEC RE NCD 9.48% SR V,2025-11-12,,,2025-11-12,,,INTEREST PAYMENT
AX,948SCL26I,SEC RE NCD 9.48% SR V,2025-11-12,,,2025-11-12,,,INTEREST PAYMENT
MV,948SCL27,SEC RE NCD 9.48% SR V,2025-11-11,,,2025-11-11,,,INTEREST PAYMENT
YV,948SCL27,SEC RE NCD 9.48% SR V,2025-11-11,,,2025-11-11,,,INTEREST PAYMENT
N1,948SCL27R,Sammaan Capital Limited,2025-11-12,,,2025-11-12,,,INTEREST PAYMENT
U1,948SCL27R,Sammaan Capital Limited,2025-11-12,,,2025-11-12,,,INTEREST PAYMENT
Z3,957SCL31,SEC RE NCD 9.57% SR X,2025-11-11,,,2025-11-11,,,INTEREST PAYMENT
N0,965SCL25C,SEC RE NCD 9.39% SR.VIII,2025-11-13,,,2025-11-13,,,INTEREST PAYMENT
MD,971SCL28B,SEC RE NCD 9.25% SR VIII,2025-11-12,,,2025-11-12,,,INTEREST PAYMENT
YD,971SCL28B,SEC RE NCD 9.25% SR VIII,2025-11-12,,,2025-11-12,,,INTEREST PAYMENT
BU,971SCL28C,SEC RE NCD 9.25% SR VIII,2025-11-11,,,2025-11-11,,,INTEREST PAYMENT
BC,971SCL28I,SEC RE NCD 9.71% SR VIII,2025-11-12,,,2025-11-12,,,INTEREST PAYMENT
Z0,971SCL29,SEC RE NCD 9.71% SR VIII,2025-11-11,,,2025-11-11,,,INTEREST PAYMENT
N1,971SCL29T,Sammaan Capital Limited,2025-11-12,,,2025-11-12,,,INTEREST PAYMENT
U1,971SCL29T,Sammaan Capital Limited,2025-11-12,,,2025-11-12,,,INTEREST PAYMENT
N3,980SCL33A,SEC RE NCD 9.80% SR XII,2025-11-11,,,2025-11-11,,,INTEREST PAYMENT
U3,980SCL33A,SEC RE NCD 9.80% SR XII,2025-11-11,,,2025-11-11,,,INTEREST PAYMENT
ML,980SCL33B,SEC RE NCD 9.8% SR XII,2025-11-12,,,2025-11-12,,,INTEREST PAYMENT
YL,980SCL33B,SEC RE NCD 9.8% SR XII,2025-11-12,,,2025-11-12,,,INTEREST PAYMENT
ND,980SCL33C,SEC RE NCD 10.03% SR X,2025-11-11,,,2025-11-11,,,INTEREST PAYMENT
UD,980SCL33C,SEC RE NCD 10.03% SR X,2025-11-11,,,2025-11-11,,,INTEREST PAYMENT
MG,980SCL33D,SEC RE NCD 9.71% SR VIII,2025-11-12,,,2025-11-12,,,INTEREST PAYMENT
YG,980SCL33D,SEC RE NCD 9.71% SR VIII,2025-11-12,,,2025-11-12,,,INTEREST PAYMENT
17,980SCL34,SEC RE NCD 9.80% SR XII,2025-11-11,,,2025-11-11,,,INTEREST PAYMENT
Z7,980SCL34,SEC RE NCD 9.80% SR XII,2025-11-11,,,2025-11-11,,,INTEREST PAYMENT
N1,98SCL34Z,Sammaan Capital Limited,2025-11-12,,,2025-11-12,,,INTEREST PAYMENT
U1,98SCL34Z,Sammaan Capital Limited,2025-11-12,,,2025-11-12,,,INTEREST PAYMENT
N0,98VFPL28,VFPL 9.80% 2028 Sr 17,2025-11-11,,,2025-11-11,,,INTEREST PAYMENT
N0,990CCSP27,CCSPL 9.90% 2027 Sr 02,2025-11-11,,,2025-11-11,,,INTEREST PAYMENT
BE,ACLGATI,Allcargo Gati Limited,2025-11-12,,,,,,MERGER
BL,ACLGATI,Allcargo Gati Limited,2025-11-12,,,,,,MERGER
EQ,ACLGATI,Allcargo Gati Limited,2025-11-12,,,,,,MERGER
IQ,ACLGATI,Allcargo Gati Limited,2025-11-12,,,,,,MERGER
BE,ADFFOODS,ADF Foods Limited,2025-11-13,,,2025-11-13,,,INTDIV - RE 0.60 PER SH
BL,ADFFOODS,ADF Foods Limited,2025-11-13,,,2025-11-13,,,INTDIV - RE 0.60 PER SH
EQ,ADFFOODS,ADF Foods Limited,2025-11-13,,,2025-11-13,,,INTDIV - RE 0.60 PER SH
IQ,ADFFOODS,ADF Foods Limited,2025-11-13,,,2025-11-13,,,INTDIV - RE 0.60 PER SH
BE,ALLCARGO, Allcargo Logistics Ltd,2025-11-12,,,2025-11-12,,,DEMERGER
BL,ALLCARGO, Allcargo Logistics Ltd,2025-11-12,,,2025-11-12,,,DEMERGER
EQ,ALLCARGO, Allcargo Logistics Ltd,2025-11-12,,,2025-11-12,,,DEMERGER
IQ,ALLCARGO, Allcargo Logistics Ltd,2025-11-12,,,2025-11-12,,,DEMERGER
BE,ARE&M,Amara Raja Energy Mob Ltd,2025-11-13,,,2025-11-13,,,INTDIV - RS 5.40 PER SH
BL,ARE&M,Amara Raja Energy Mob Ltd,2025-11-13,,,2025-11-13,,,INTDIV - RS 5.40 PER SH
EQ,ARE&M,Amara Raja Energy Mob Ltd,2025-11-13,,,2025-11-13,,,INTDIV - RS 5.40 PER SH
IQ,ARE&M,Amara Raja Energy Mob Ltd,2025-11-13,,,2025-11-13,,,INTDIV - RS 5.40 PER SH
T0,ARE&M,Amara Raja Energy Mob Ltd,2025-11-13,,,2025-11-13,,,INTDIV - RS 5.40 PER SH
TL,ARE&M,Amara Raja Energy Mob Ltd,2025-11-13,,,2025-11-13,,,INTDIV - RS 5.40 PER SH
BE,ASTRAL,Astral Limited,2025-11-11,,,2025-11-11,,,INTDIV - RS 1.50 PER SH
BL,ASTRAL,Astral Limited,2025-11-11,,,2025-11-11,,,INTDIV - RS 1.50 PER SH
EQ,ASTRAL,Astral Limited,2025-11-11,,,2025-11-11,,,INTDIV - RS 1.50 PER SH
IQ,ASTRAL,Astral Limited,2025-11-11,,,2025-11-11,,,INTDIV - RS 1.50 PER SH
T0,ASTRAL,Astral Limited,2025-11-11,,,2025-11-11,,,INTDIV - RS 1.50 PER SH
TL,ASTRAL,Astral Limited,2025-11-11,,,2025-11-11,,,INTDIV - RS 1.50 PER SH
BE,BSOFT,BIRLASOFT LIMITED,2025-11-14,,,2025-11-14,,,INTDIV - RS 2.50 PER SH
BL,BSOFT,BIRLASOFT LIMITED,2025-11-14,,,2025-11-14,,,INTDIV - RS 2.50 PER SH
EQ,BSOFT,BIRLASOFT LIMITED,2025-11-14,,,2025-11-14,,,INTDIV - RS 2.50 PER SH
IQ,BSOFT,BIRLASOFT LIMITED,2025-11-14,,,2025-11-14,,,INTDIV - RS 2.50 PER SH
T0,BSOFT,BIRLASOFT LIMITED,2025-11-14,,,2025-11-14,,,INTDIV - RS 2.50 PER SH
TL,BSOFT,BIRLASOFT LIMITED,2025-11-14,,,2025-11-14,,,INTDIV - RS 2.50 PER SH
BE,CHALET,Chalet Hotels Limited,2025-11-11,,,2025-11-11,,,INTDIV - RE 1 PER SH
BL,CHALET,Chalet Hotels Limited,2025-11-11,,,2025-11-11,,,INTDIV - RE 1 PER SH
EQ,CHALET,Chalet Hotels Limited,2025-11-11,,,2025-11-11,,,INTDIV - RE 1 PER SH
IQ,CHALET,Chalet Hotels Limited,2025-11-11,,,2025-11-11,,,INTDIV - RE 1 PER SH
T0,CHALET,Chalet Hotels Limited,2025-11-11,,,2025-11-11,,,INTDIV - RE 1 PER SH
TL,CHALET,Chalet Hotels Limited,2025-11-11,,,2025-11-11,,,INTDIV - RE 1 PER SH
BE,CHAMBLFERT,CHAMBAL FERTILIZERS LTD,2025-11-11,,,2025-11-11,,,INTDIV - RS 5 PER SH
BL,CHAMBLFERT,Chambal Fertilizers Ltd.,2025-11-11,,,2025-11-11,,,INTDIV - RS 5 PER SH
EQ,CHAMBLFERT,Chambal Fertilizers Ltd.,2025-11-11,,,2025-11-11,,,INTDIV - RS 5 PER SH
IQ,CHAMBLFERT,Chambal Fertilizers Ltd.,2025-11-11,,,2025-11-11,,,INTDIV - RS 5 PER SH
T0,CHAMBLFERT,Chambal Fertilizers Ltd.,2025-11-11,,,2025-11-11,,,INTDIV - RS 5 PER SH
TL,CHAMBLFERT,Chambal Fertilizers Ltd.,2025-11-11,,,2025-11-11,,,INTDIV - RS 5 PER SH
BE,EMAMILTD,Emami Limited,2025-11-14,,,2025-11-14,,,INTDIV - RS 4 PER SH
BL,EMAMILTD,Emami Limited,2025-11-14,,,2025-11-14,,,INTDIV - RS 4 PER SH
EQ,EMAMILTD,Emami Limited,2025-11-14,,,2025-11-14,,,INTDIV - RS 4 PER SH
IQ,EMAMILTD,Emami Limited,2025-11-14,,,2025-11-14,,,INTDIV - RS 4 PER SH
T0,EMAMILTD,Emami Limited,2025-11-14,,,2025-11-14,,,INTDIV - RS 4 PER SH
TL,EMAMILTD,Emami Limited,2025-11-14,,,2025-11-14,,,INTDIV - RS 4 PER SH
E1,FUSIONPP,Fusion Finance Limited,2025-11-11,,,,,,FSTFINCL RS 65 PR SH
X1,FUSIONPP,Fusion Finance Limited,2025-11-11,,,,,,FSTFINCL RS 65 PR SH
BE,GARFIBRES,Garware TFL,2025-11-14,,,2025-11-14,,,INTDIV - RS 8 PER SH
BL,GARFIBRES,Garware TFL,2025-11-14,,,2025-11-14,,,INTDIV - RS 8 PER SH
EQ,GARFIBRES,Garware TFL,2025-11-14,,,2025-11-14,,,INTDIV - RS 8 PER SH
IQ,GARFIBRES,Garware TFL,2025-11-14,,,2025-11-14,,,INTDIV - RS 8 PER SH
BE,GESHIP,The Great Eastern Shippin,2025-11-13,,,2025-11-13,,,INTDIV - RS 7.20 PER SH
BL,GESHIP,The Great Eastern Shippin,2025-11-13,,,2025-11-13,,,INTDIV - RS 7.20 PER SH
EQ,GESHIP,The Great Eastern Shippin,2025-11-13,,,2025-11-13,,,INTDIV - RS 7.20 PER SH
IQ,GESHIP,The Great Eastern Shippin,2025-11-13,,,2025-11-13,,,INTDIV - RS 7.20 PER SH
T0,GESHIP,The Great Eastern Shippin,2025-11-13,,,2025-11-13,,,INTDIV - RS 7.20 PER SH
TL,GESHIP,The Great Eastern Shippin,2025-11-13,,,2025-11-13,,,INTDIV - RS 7.20 PER SH
BE,GHCL,GHCL Limited,2025-11-14,,,2025-11-14,,,BUY BACK
BL,GHCL,GHCL Limited,2025-11-14,,,2025-11-14,,,BUY BACK
EQ,GHCL,GHCL Limited,2025-11-14,,,2025-11-14,,,BUY BACK
IQ,GHCL,GHCL Limited,2025-11-14,,,2025-11-14,,,BUY BACK
BE,GLOBAL,Global Education Limited,2025-11-12,,,2025-11-12,,,INTDIV - RE 0.50 PER SH
BL,GLOBAL,Global Education Limited,2025-11-12,,,2025-11-12,,,INTDIV - RE 0.50 PER SH
EQ,GLOBAL,Global Education Limited,2025-11-12,,,2025-11-12,,,INTDIV - RE 0.50 PER SH
IQ,GLOBAL,Global Education Limited,2025-11-12,,,2025-11-12,,,INTDIV - RE 0.50 PER SH
BE,GMMPFAUDLR,GMM Pfaudler Limited,2025-11-17,,,2025-11-17,,,INTDIV - RE 1 PER SH
BL,GMMPFAUDLR,GMM Pfaudler Limited,2025-11-17,,,2025-11-17,,,INTDIV - RE 1 PER SH
EQ,GMMPFAUDLR,GMM Pfaudler Limited,2025-11-17,,,2025-11-17,,,INTDIV - RE 1 PER SH
IQ,GMMPFAUDLR,GMM Pfaudler Limited,2025-11-17,,,2025-11-17,,,INTDIV - RE 1 PER SH
BE,GPPL,Gujarat Pipavav Port Ltd,2025-11-12,,,2025-11-12,,,INTDIV - RS 5.40 PER SH
BL,GPPL,Gujarat Pipavav Port Ltd,2025-11-12,,,2025-11-12,,,INTDIV - RS 5.40 PER SH
EQ,GPPL,Gujarat Pipavav Port Ltd,2025-11-12,,,2025-11-12,,,INTDIV - RS 5.40 PER SH
IQ,GPPL,Gujarat Pipavav Port Ltd,2025-11-12,,,2025-11-12,,,INTDIV - RS 5.40 PER SH
BE,GPTHEALTH,GPT Healthcare Limited,2025-11-14,,,2025-11-14,,,INTDIV - RE 1 PER SH
BL,GPTHEALTH,GPT Healthcare Limited,2025-11-14,,,2025-11-14,,,INTDIV - RE 1 PER SH
EQ,GPTHEALTH,GPT Healthcare Limited,2025-11-14,,,2025-11-14,,,INTDIV - RE 1 PER SH
IQ,GPTHEALTH,GPT Healthcare Limited,2025-11-14,,,2025-11-14,,,INTDIV - RE 1 PER SH
BE,GRSE,Garden Reach Ship,2025-11-11,,,2025-11-11,,,INTDIV - RS 5.75 PER SH
BL,GRSE,Garden Reach Ship,2025-11-11,,,2025-11-11,,,INTDIV - RS 5.75 PER SH
EQ,GRSE,Garden Reach Ship,2025-11-11,,,2025-11-11,,,INTDIV - RS 5.75 PER SH
IQ,GRSE,Garden Reach Ship,2025-11-11,,,2025-11-11,,,INTDIV - RS 5.75 PER SH
T0,GRSE,Garden Reach Ship,2025-11-11,,,2025-11-11,,,INTDIV - RS 5.75 PER SH
TL,GRSE,Garden Reach Ship,2025-11-11,,,2025-11-11,,,INTDIV - RS 5.75 PER SH
BE,HDFCAMC,HDFC AMC Limited,2025-11-26,,,2025-11-26,,,BONUS 1:1
BL,HDFCAMC,HDFC AMC Limited,2025-11-26,,,2025-11-26,,,BONUS 1:1
EQ,HDFCAMC,HDFC AMC Limited,2025-11-26,,,2025-11-26,,,BONUS 1:1
IQ,HDFCAMC,HDFC AMC Limited,2025-11-26,,,2025-11-26,,,BONUS 1:1
T0,HDFCAMC,HDFC AMC Limited,2025-11-26,,,2025-11-26,,,BONUS 1:1
TL,HDFCAMC,HDFC AMC Limited,2025-11-26,,,2025-11-26,,,BONUS 1:1
BE,IMFA,Indian Metals & Ferro,2025-11-11,,,2025-11-11,,,INTDIV - RS 5 PER SH
BL,IMFA,Indian Metals & Ferro,2025-11-11,,,2025-11-11,,,INTDIV - RS 5 PER SH
EQ,IMFA,Indian Metals & Ferro,2025-11-11,,,2025-11-11,,,INTDIV - RS 5 PER SH
IQ,IMFA,Indian Metals & Ferro,2025-11-11,,,2025-11-11,,,INTDIV - RS 5 PER SH
IV,INDUSINVIT,Indus Infra Trust,2025-11-12,,,2025-11-12,,,DISTRIBUTION - 3.35
BE,INFY,Infosys Limited,2025-11-14,,,2025-11-14,,,BUY BACK
BL,INFY,Infosys Limited,2025-11-14,,,2025-11-14,,,BUY BACK
EQ,INFY,Infosys Limited,2025-11-14,,,2025-11-14,,,BUY BACK
IQ,INFY,Infosys Limited,2025-11-14,,,2025-11-14,,,BUY BACK
T0,INFY,Infosys Limited,2025-11-14,,,2025-11-14,,,BUY BACK
TL,INFY,Infosys Limited,2025-11-14,,,2025-11-14,,,BUY BACK
BE,JMFINANCIL,JM Financial Limited,2025-11-14,,,2025-11-14,,,INTDIV - RS 1.50 PER SH
BL,JMFINANCIL,JM Financial Limited,2025-11-14,,,2025-11-14,,,INTDIV - RS 1.50 PER SH
EQ,JMFINANCIL,JM Financial Limited,2025-11-14,,,2025-11-14,,,INTDIV - RS 1.50 PER SH
IQ,JMFINANCIL,JM Financial Limited,2025-11-14,,,2025-11-14,,,INTDIV - RS 1.50 PER SH
T0,JMFINANCIL,JM Financial Limited,2025-11-14,,,2025-11-14,,,INTDIV - RS 1.50 PER SH
TL,JMFINANCIL,JM Financial Limited,2025-11-14,,,2025-11-14,,,INTDIV - RS 1.50 PER SH
BE,KPEL,K.P. Energy Limited,2025-11-14,,,2025-11-14,,,INTDIV - RE 0.25 PER SH
BL,KPEL,K.P. Energy Limited,2025-11-14,,,2025-11-14,,,INTDIV - RE 0.25 PER SH
EQ,KPEL,K.P. Energy Limited,2025-11-14,,,2025-11-14,,,INTDIV - RE 0.25 PER SH
IQ,KPEL,K.P. Energy Limited,2025-11-14,,,2025-11-14,,,INTDIV - RE 0.25 PER SH
BE,KPIGREEN,KPI Green Energy Limited,2025-11-14,,,2025-11-14,,,INTDIV - RS 0.25 PER SH
BL,KPIGREEN,KPI Green Energy Limited,2025-11-14,,,2025-11-14,,,INTDIV - RS 0.25 PER SH
EQ,KPIGREEN,KPI Green Energy Limited,2025-11-14,,,2025-11-14,,,INTDIV - RS 0.25 PER SH
IQ,KPIGREEN,KPI Green Energy Limited,2025-11-14,,,2025-11-14,,,INTDIV - RS 0.25 PER SH
T0,KPIGREEN,KPI Green Energy Limited,2025-11-14,,,2025-11-14,,,INTDIV - RS 0.25 PER SH
TL,KPIGREEN,KPI Green Energy Limited,2025-11-14,,,2025-11-14,,,INTDIV - RS 0.25 PER SH
BE,KRITINUT,Kriti Nutrients Limited,2025-11-13,,,2025-11-13,,,SPLDIV - RS 3 PER SH
BL,KRITINUT,Kriti Nutrients Limited,2025-11-13,,,2025-11-13,,,SPLDIV - RS 3 PER SH
EQ,KRITINUT,Kriti Nutrients Limited,2025-11-13,,,2025-11-13,,,SPLDIV - RS 3 PER SH
IQ,KRITINUT,Kriti Nutrients Limited,2025-11-13,,,2025-11-13,,,SPLDIV - RS 3 PER SH
RR,KRT,Knowledge Realty Trust,2025-11-13,,,2025-11-13,,,DISTRIBTN - RS 1.556
RT,KRT,Knowledge Realty Trust,2025-11-13,,,2025-11-13,,,DISTRIBTN - RS 1.556
BE,KSCL,Kaveri Seed Company Limit,2025-11-12,,,2025-11-12,,,INTDIV - RS 5 PER SH
BL,KSCL,Kaveri Seed Company Limit,2025-11-12,,,2025-11-12,,,INTDIV - RS 5 PER SH
EQ,KSCL,Kaveri Seed Company Limit,2025-11-12,,,2025-11-12,,,INTDIV - RS 5 PER SH
IQ,KSCL,Kaveri Seed Company Limit,2025-11-12,,,2025-11-12,,,INTDIV - RS 5 PER SH
BE,METROPOLIS,Metropolis Healthcare Ltd,2025-11-11,,,2025-11-11,,,INTDIV - RS 4 PER SH
BL,METROPOLIS,Metropolis Healthcare Ltd,2025-11-11,,,2025-11-11,,,INTDIV - RS 4 PER SH
EQ,METROPOLIS,Metropolis Healthcare Ltd,2025-11-11,,,2025-11-11,,,INTDIV - RS 4 PER SH
IQ,METROPOLIS,Metropolis Healthcare Ltd,2025-11-11,,,2025-11-11,,,INTDIV - RS 4 PER SH
T0,METROPOLIS,Metropolis Healthcare Ltd,2025-11-11,,,2025-11-11,,,INTDIV - RS 4 PER SH
TL,METROPOLIS,Metropolis Healthcare Ltd,2025-11-11,,,2025-11-11,,,INTDIV - RS 4 PER SH
BE,NATIONALUM,NATIONALUM - Depo,2025-11-14,,,2025-11-14,,,INTDIV - RS 4 PER SH
BL,NATIONALUM,National Alum Co Ltd,2025-11-14,,,2025-11-14,,,INTDIV - RS 4 PER SH
EQ,NATIONALUM,National Alum Co Ltd,2025-11-14,,,2025-11-14,,,INTDIV - RS 4 PER SH
IQ,NATIONALUM,National Alum Co Ltd,2025-11-14,,,2025-11-14,,,INTDIV - RS 4 PER SH
T0,NATIONALUM,National Alum Co Ltd,2025-11-14,,,2025-11-14,,,INTDIV - RS 4 PER SH
TL,NATIONALUM,National Alum Co Ltd,2025-11-14,,,2025-11-14,,,INTDIV - RS 4 PER SH
BE,NAVA,NAVA LIMITED,2025-11-14,,,2025-11-14,,,INTDIV - RS 3 PER SH
BL,NAVA,NAVA LIMITED,2025-11-14,,,2025-11-14,,,INTDIV - RS 3 PER SH
EQ,NAVA,NAVA LIMITED,2025-11-14,,,2025-11-14,,,INTDIV - RS 3 PER SH
IQ,NAVA,NAVA LIMITED,2025-11-14,,,2025-11-14,,,INTDIV - RS 3 PER SH
T0,NAVA,NAVA LIMITED,2025-11-14,,,2025-11-14,,,INTDIV - RS 3 PER SH
TL,NAVA,NAVA LIMITED,2025-11-14,,,2025-11-14,,,INTDIV - RS 3 PER SH
BE,NUVAMA,Nuvama Wealth Manage Ltd,2025-11-11,,,2025-11-11,,,INTDIV - RS 70 PER SH
BL,NUVAMA,Nuvama Wealth Manage Ltd,2025-11-11,,,2025-11-11,,,INTDIV - RS 70 PER SH
EQ,NUVAMA,Nuvama Wealth Manage Ltd,2025-11-11,,,2025-11-11,,,INTDIV - RS 70 PER SH
IQ,NUVAMA,Nuvama Wealth Manage Ltd,2025-11-11,,,2025-11-11,,,INTDIV - RS 70 PER SH
T0,NUVAMA,Nuvama Wealth Manage Ltd,2025-11-11,,,2025-11-11,,,INTDIV - RS 70 PER SH
TL,NUVAMA,Nuvama Wealth Manage Ltd,2025-11-11,,,2025-11-11,,,INTDIV - RS 70 PER SH
BE,PATANJALI,Patanjali Foods Limited,2025-11-13,,,2025-11-13,,,INTDIV - RS 1.75 PER SH
BL,PATANJALI,Patanjali Foods Limited,2025-11-13,,,2025-11-13,,,INTDIV - RS 1.75 PER SH
EQ,PATANJALI,Patanjali Foods Limited,2025-11-13,,,2025-11-13,,,INTDIV - RS 1.75 PER SH
IQ,PATANJALI,Patanjali Foods Limited,2025-11-13,,,2025-11-13,,,INTDIV - RS 1.75 PER SH
T0,PATANJALI,Patanjali Foods Limited,2025-11-13,,,2025-11-13,,,INTDIV - RS 1.75 PER SH
TL,PATANJALI,Patanjali Foods Limited,2025-11-13,,,2025-11-13,,,INTDIV - RS 1.75 PER SH
BE,PETRONET,PETRONET LNG LIMITED,2025-11-14,,,2025-11-14,,,INTDIV - RS 7 PER SH
BL,PETRONET,Petronet LNG Limited,2025-11-14,,,2025-11-14,,,INTDIV - RS 7 PER SH
EQ,PETRONET,Petronet LNG Limited,2025-11-14,,,2025-11-14,,,INTDIV - RS 7 PER SH
IQ,PETRONET,Petronet LNG Limited,2025-11-14,,,2025-11-14,,,INTDIV - RS 7 PER SH
T0,PETRONET,Petronet LNG Limited,2025-11-14,,,2025-11-14,,,INTDIV - RS 7 PER SH
TL,PETRONET,Petronet LNG Limited,2025-11-14,,,2025-11-14,,,INTDIV - RS 7 PER SH
BE,PFC,Power Finance Corporation,2025-11-26,,,2025-11-26,,,INTDIV - RS 3.65 PER SH
BL,PFC,Power Finance Corporation,2025-11-26,,,2025-11-26,,,INTDIV - RS 3.65 PER SH
EQ,PFC,Power Finance Corporation,2025-11-26,,,2025-11-26,,,INTDIV - RS 3.65 PER SH
IQ,PFC,Power Finance Corporation,2025-11-26,,,2025-11-26,,,INTDIV - RS 3.65 PER SH
T0,PFC,Power Finance Corporation,2025-11-26,,,2025-11-26,,,INTDIV - RS 3.65 PER SH
TL,PFC,Power Finance Corporation,2025-11-26,,,2025-11-26,,,INTDIV - RS 3.65 PER SH
BE,PRICOLLTD,Pricol Limited,2025-11-14,,,2025-11-14,,,INTDIV - RS 2 PER SH
BL,PRICOLLTD,Pricol Limited,2025-11-14,,,2025-11-14,,,INTDIV - RS 2 PER SH
EQ,PRICOLLTD,Pricol Limited,2025-11-14,,,2025-11-14,,,INTDIV - RS 2 PER SH
IQ,PRICOLLTD,Pricol Limited,2025-11-14,,,2025-11-14,,,INTDIV - RS 2 PER SH
BE,SAFARI,Safari Ind (India) Ltd,2025-11-14,,,2025-11-14,,,INTDIV - RS 2 PER SH
BL,SAFARI,Safari Ind (India) Ltd,2025-11-14,,,2025-11-14,,,INTDIV - RS 2 PER SH
EQ,SAFARI,Safari Ind (India) Ltd,2025-11-14,,,2025-11-14,,,INTDIV - RS 2 PER SH
IQ,SAFARI,Safari Ind (India) Ltd,2025-11-14,,,2025-11-14,,,INTDIV - RS 2 PER SH
T0,SAFARI,Safari Ind (India) Ltd,2025-11-14,,,2025-11-14,,,INTDIV - RS 2 PER SH
TL,SAFARI,Safari Ind (India) Ltd,2025-11-14,,,2025-11-14,,,INTDIV - RS 2 PER SH
BE,SAGILITY,SAGILITY LIMITED,2025-11-12,,,2025-11-12,,,INTDIV - RE 0.05 PER SH
BL,SAGILITY,SAGILITY LIMITED,2025-11-12,,,2025-11-12,,,INTDIV - RE 0.05 PER SH
EQ,SAGILITY,SAGILITY LIMITED,2025-11-12,,,2025-11-12,,,INTDIV - RE 0.05 PER SH
IQ,SAGILITY,SAGILITY LIMITED,2025-11-12,,,2025-11-12,,,INTDIV - RE 0.05 PER SH
T0,SAGILITY,SAGILITY LIMITED,2025-11-12,,,2025-11-12,,,INTDIV - RE 0.05 PER SH
TL,SAGILITY,SAGILITY LIMITED,2025-11-12,,,2025-11-12,,,INTDIV - RE 0.05 PER SH
BE,SAKSOFT,Saksoft Limited,2025-11-14,,,2025-11-14,,,INTDIV - RE 0.45 PER SH
BL,SAKSOFT,Saksoft Limited,2025-11-14,,,2025-11-14,,,INTDIV - RE 0.45 PER SH
EQ,SAKSOFT,Saksoft Limited,2025-11-14,,,2025-11-14,,,INTDIV - RE 0.45 PER SH
IQ,SAKSOFT,Saksoft Limited,2025-11-14,,,2025-11-14,,,INTDIV - RE 0.45 PER SH
BE,SAREGAMA,SAREGAMA INDIA LIMITEDepo,2025-11-11,,,2025-11-11,,,INTDIV - RS 4.50 PER SH
BL,SAREGAMA,Saregama India Ltd.,2025-11-11,,,2025-11-11,,,INTDIV - RS 4.50 PER SH
EQ,SAREGAMA,Saregama India Ltd.,2025-11-11,,,2025-11-11,,,INTDIV - RS 4.50 PER SH
IQ,SAREGAMA,Saregama India Ltd.,2025-11-11,,,2025-11-11,,,INTDIV - RS 4.50 PER SH
BE,SASKEN,Sasken Technologies Ltd,2025-11-13,,,2025-11-13,,,INTDIV - RS 12 PER SH
BL,SASKEN,Sasken Technologies Ltd,2025-11-13,,,2025-11-13,,,INTDIV - RS 12 PER SH
EQ,SASKEN,Sasken Technologies Ltd,2025-11-13,,,2025-11-13,,,INTDIV - RS 12 PER SH
IQ,SASKEN,Sasken Technologies Ltd,2025-11-13,,,2025-11-13,,,INTDIV - RS 12 PER SH
BE,SCI,SHIPPING CORP OF INDIA LT,2025-11-19,,,2025-11-19,,,INTDIV - RS 3 PER SH
BL,SCI,Shipping Corp of India ,2025-11-19,,,2025-11-19,,,INTDIV - RS 3 PER SH
EQ,SCI,Shipping Corp of India ,2025-11-19,,,2025-11-19,,,INTDIV - RS 3 PER SH
IQ,SCI,Shipping Corp of India ,2025-11-19,,,2025-11-19,,,INTDIV - RS 3 PER SH
GB,SGBNOV25,2.50% GOLDBONDS2025SR-VII,2025-11-11,,,,,,REDEMPTION
GB,SGBNOV258,2.50%GOLDBONDS2025SR-VIII,2025-11-18,,,,,,REDEMPTION
GB,SGBNOV25IX,2.50%GOLDBONDS 2025SR-IX,2025-11-25,,,,,,REDEMPTION
BE,SIYSIL,Siyaram Silk Mills Ltd,2025-11-11,,,2025-11-11,,,INTDIV - RS 4 PER SH
BL,SIYSIL,Siyaram Silk Mills Ltd,2025-11-11,,,2025-11-11,,,INTDIV - RS 4 PER SH
EQ,SIYSIL,Siyaram Silk Mills Ltd,2025-11-11,,,2025-11-11,,,INTDIV - RS 4 PER SH
IQ,SIYSIL,Siyaram Silk Mills Ltd,2025-11-11,,,2025-11-11,,,INTDIV - RS 4 PER SH
BE,SMCGLOBAL,SMC Global Securities Ltd,2025-11-14,,,2025-11-14,,,BONUS 1:1
BL,SMCGLOBAL,SMC Global Securities Ltd,2025-11-14,,,2025-11-14,,,BONUS 1:1
EQ,SMCGLOBAL,SMC Global Securities Ltd,2025-11-14,,,2025-11-14,,,BONUS 1:1
IQ,SMCGLOBAL,SMC Global Securities Ltd,2025-11-14,,,2025-11-14,,,BONUS 1:1
BE,STEELCAS,Steelcast Limited,2025-11-11,,,2025-11-11,,,INTDIV - RE 0.36 PER SH
BL,STEELCAS,Steelcast Limited,2025-11-11,,,2025-11-11,,,INTDIV - RE 0.36 PER SH
EQ,STEELCAS,Steelcast Limited,2025-11-11,,,2025-11-11,,,INTDIV - RE 0.36 PER SH
IQ,STEELCAS,Steelcast Limited,2025-11-11,,,2025-11-11,,,INTDIV - RE 0.36 PER SH
BE,SYMPHONY,Symphony Limited,2025-11-12,,,2025-11-12,,,INTDIV - RE 1 PER SH
BL,SYMPHONY,Symphony Limited,2025-11-12,,,2025-11-12,,,INTDIV - RE 1 PER SH
EQ,SYMPHONY,Symphony Limited,2025-11-12,,,2025-11-12,,,INTDIV - RE 1 PER SH
IQ,SYMPHONY,Symphony Limited,2025-11-12,,,2025-11-12,,,INTDIV - RE 1 PER SH
IV,VERTIS,Vertis Infrastructure Tst,2025-11-12,,,2025-11-12,,,DISTRIBUTION - RS 3
BE,VIDHIING,Vidhi Spl Food Ingred Ltd,2025-11-14,,,2025-11-14,,,INTDIV - RE 1.50 PER SH
BL,VIDHIING,Vidhi Spl Food Ingred Ltd,2025-11-14,,,2025-11-14,,,INTDIV - RE 1.50 PER SH
EQ,VIDHIING,Vidhi Spl Food Ingred Ltd,2025-11-14,,,2025-11-14,,,INTDIV - RE 1.50 PER SH
IQ,VIDHIING,Vidhi Spl Food Ingred Ltd,2025-11-14,,,2025-11-14,,,INTDIV - RE 1.50 PER SH
BE,WEBELSOLAR,Websol Energy System Ltd,2025-11-14,,,2025-11-14,,,FVSPLT FRM RS 10 TO RE 1
BL,WEBELSOLAR,Websol Energy System Ltd,2025-11-14,,,2025-11-14,,,FVSPLT FRM RS 10 TO RE 1
EQ,WEBELSOLAR,Websol Energy System Ltd,2025-11-14,,,2025-11-14,,,FVSPLT FRM RS 10 TO RE 1
IQ,WEBELSOLAR,Websol Energy System Ltd,2025-11-14,,,2025-11-14,,,FVSPLT FRM RS 10 TO RE 1
