SYMBOL,SERIES,SECURITY,HIGH/LOW
772GS2055,GS,GOI LOAN 7.72% 2055,H
ABMINTLLTD,BE,ABM INTERNATIONAL LTD,H
ACCORD,SM,ACCORD SYNERGY LIMITED,H
ACL,BE,ANDHRA CEMENTS LIMITED,H
AMCL,ST,ANB METAL CAST LIMITED,H
ANKITMETAL,BZ,ANKIT MET & POW LTD,H
AONEGOLD,EQ,AONEAMC - AONEGOLD,H
APEX,EQ,APEX FROZEN FOODS LIMITED,H
APOLLO,EQ,APOLLO MICRO SYSTEMS LTD,H
ARVINDPORT,SM,ARVIND PORT AND INFRA LTD,H
ATLANTAA,BE,ATLANTAA LIMITED,H
AURIGROW,EQ,AURI GROW INDIA LIMITED,H
BAFNAPH,BE,BAFNA PHARMACEUTICALS LTD,H
BALAJIPHOS,ST,BALAJI PHOSPHATES LIMITED,H
CCCL,BE,CONS. CONST. CONSORT LTD,H
COMPINFO,BZ,COMPUAGE INFOCOM LTD,H
DHARAN,BZ,DHARAN INFRA-EPC LIMITED,H
DIVINEHIRA,ST,DIVINE HIRA JEWELLERS LTD,H
DRONE,SM,DRONE DESTINATION LIMITED,H
ESFL,SM,ESSEN SPECIALITY FILMS L,H
FELDVR,BZ,FUTURE ENTERPRISES LTD,H
FLFL,BZ,FUT LIFESTYLE FASH LTD,H
FLYSBS,ST,FLYSBS AVIATION LIMITED,H
FMNL,BE,FUTURE MKT NETWORKS LTD,H
FONEBOX,ST,FONEBOX RETAIL LIMITED,H
GATECH,EQ,GACM TECHNOLOGIES LIMITED,H
GENSOL,BZ,GENSOL ENGINEERING LTD,H
GLOBE,EQ,GLOBE ENTERPRISE (I) LTD,H
HNGSNGBEES,EQ,NIP IND ETF HANGSENG BEES,H
HRHNEXT,SM,HRH NEXT SERVICES LIMITED,H
IEML-RE,ST,INDIAN EMULSIFERS LTD,H
ITTL,ST,INNOVATIVE TYRE & TUBE LT,H
IWARE,ST,IWARE SUPPLYCHAIN SER LTD,H
JAYBEE,SM,JAY BEE LAMINATIONS LTD,H
KANDARP,ST,KANDARP DG SMART BPO LTD,H
KAVDEFENCE,BE,KAVVERI DFS & WIR TEC LTD,H
KORE,SM,JAY JALARAM TECHNO LTD,H
LANCORHOL,EQ,LANCOR HOLDINGS LIMITED,H
LOYALTEX,EQ,LOYAL TEXTILE MILLS LTD,H
MAFANG,EQ,MIRAEAMC - MAFANG,H
MAHASTEEL,BE,MAHAMAYA STEEL INDS LTD,H
MAHKTECH,EQ,MIRAEAMC - MAHKTECH,H
MASKINVEST,BE,MASK INVESTMENTS LIMITED,H
MASPTOP50,EQ,MIRAEAMC - MASPTOP50,H
MASTER,SM,MASTER COMPONENTS LIMITED,H
MEGAFLEX,SM,MEGA FLEX PLASTICS LTD,H
MIEL,ST,MANGLAM INFRA & ENG LTD,H
MONOPHARMA,SM,MONO PHARMACARE LIMITED,H
MOXSH,ST,MOXSH OVERSEAS EDUCON LTD,H
MSPL,EQ,MSP STEEL & POWER LTD.,H
NEELAM,SM,NEELAM LINENS & GAR (I) L,H
NEPHROCARE,ST,NEPHRO CARE INDIA LIMITED,H
NIKITA,ST,NIKITA GRENTEC RECYCL LTD,H
OMKARCHEM,BZ,OMKAR SPL CHEM LTD,H
PIRAMALFIN,BE,PIRAMAL FINANCE LIMITED,H
PNC,BE,PRITISH NANDY COMMUNICATI,H
RAJRILTD,BE,RAJ RAYON INDUSTRIES LTD,H
RCOM,BE,RELIANCE COMMUNICATIONS L,H
RELIABLE,BE,RELIABLE DATA SERVICE LTD,H
RHFL,BZ,RELIANCE HOME FINANCE LTD,H
SABAR,ST,SABAR FLEX INDIA LIMITED,H
SABTNL,EQ,SRI ADHIKARI BRO TELE N L,H
SAHASRA,SM,SAHASRA ELECTRONIC SOLU L,H
SANCO,BZ,SANCO INDUSTRIES LIMITED,H
SANWARIA,BZ,SANWARIA CONSUMER LIMITED,H
SETUINFRA,BZ,SETUBANDHAN INFRA LTD,H
SIMBHALS,BZ,SIMBHAOLI SUGARS LTD.,H
SITINET,BZ,SITI NETWORKS LIMITED,H
STALLION,BE,STALLION IND FLUOROCHEM L,H
SUBEXLTD,EQ,SUBEX LTD,H
SUPREMEENG,BZ,SUPREME ENGINEERING LTD,H
SWANDEF,BE,SWAN DEFENCE N HEVY IND L,H
TAKE,BE,TAKE SOLUTIONS LTD,H
TAURIAN,ST,TAURIAN MPS LIMITED,H
TIJARIA,EQ,TIJARIA POLYPIPES LTD,H
TVVISION,EQ,TV VISION LIMITED,H
VELS,SM,VELS FILM INTERNATIONAL L,H
VIJIFIN,BE,VIJI FINANCE LIMITED,H
VIPULLTD,EQ,VIPUL LIMITED,H
VITAL,SM,VITAL CHEMTECH LIMITED,H
VLEGOV,EQ,VL E GOV AND IT SOL LTD,H
XELPMOC,BE,XELPMOC DESIGN & TECH LTD,H
ZUARI,EQ,ZUARI AGRO CHEMICALS LTD,H
21STCENMGM,EQ,21ST CENTURY MGMT SERVICE,L
A2ZINFRA,EQ,A2Z INFRA ENGINEERING LTD,L
ABAN,BE,ABAN OFFSHORE LTD.,L
ALPSINDUS,EQ,ALPS INDUSTRIES LTD,L
AMBANIORGO,SM,AMBANI ORGOCHEM LIMITED,L
ANONDITA,ST,ANONDITA MEDICARE LIMITED,L
ANSALAPI,BZ,ANSAL PROP & INFRA LTD,L
ASTRON,EQ,ASTRON PAPER BORD MIL LTD,L
AUSL,SM,ADITYA ULTRA STEEL LTD,L
CADSYS,SM,CADSYS (INDIA) LIMITED,L
CAMLINFINE,EQ,CAMLIN FINE SCIENCES LTD,L
CAPTRUST,EQ,CAPITAL TRUST LIMITED,L
CBAZAAR,SM,NET AVENUE TECHNOLOGIES L,L
COMSYN,BE,COMMERCIAL SYN BAGS LTD,L
CPS,SM,C P S SHAPERS LIMITED,L
CURAA,BE,CURA TECHNOLOGIES LIMITED,L
CYBERTECH,BE,CYBERTECH SYSTEMS & SOFTW,L
DESTINY,SM,DESTINY LOGISTICS & I LTD,L
DHARAN,BZ,DHARAN INFRA-EPC LIMITED,L
EQUIPPP,BE,EQUIPPP SOC IMP TECH LTD,L
ESFL,SM,ESSEN SPECIALITY FILMS L,L
ESSARSHPNG,BE,ESSAR SHIPPING LTD,L
FEL,BZ,FUTURE ENTERPRISES LTD,L
FLFL,BZ,FUT LIFESTYLE FASH LTD,L
GAYAHWS,BE,GAYATRI HIGHWAYS LIMITED,L
GIRIRAJ,SM,GIRIRAJ CIVIL DEVP LTD,L
GRAPHISAD,SM,GRAPHISADS LIMITED,L
GSTL,SM,GLOBESECURE TECHNO LTD,L
GUJRAFFIA,BE,GUJARAT RAFFIA INDUST LTD,L
GVKPIL,BE,GVK POW. & INFRA LTD.,L
HOLMARC,SM,HOLMARC OPTO MECHATRO L,L
IDEA,T0,VODAFONE IDEA LIMITED,L
INFLUX,ST,INFLUX HEALTHTECH LIMITED,L
INTERARCH,EQ,INTERARCH BLDNG SOLTN LTD,L
ISHAN,SM,ISHAN INTERNATIONAL LTD,L
JAINIK,ST,JAINIK POWER CABLES LTD,L
JALAN,SM,JALAN TRANSOLU. INDIA LTD,L
JAYBARMARU,BE,JAYBHARATMARU-,L
KARNIKA,SM,KARNIKA INDUSTRIES LTD,L
KCEIL,SM,KAY CEE ENERGY & INFRA L,L
KCK,ST,KCK INDUSTRIES LTD,L
MANAV,ST,MANAV INFRA PROJECTS LTD,L
MANUGRAPH,BE,MANUGRAPH INDIA LIMITED,L
MARINETRAN,SM,MARINETRANS INDIA LIMITED,L
MAYASHEEL,ST,MAYASHEEL VENTURES LTD,L
MEDIORG,SM,MEDICAMEN ORGANICS LTD,L
MEP,BZ,MEP INFRA. DEVELOPERS LTD,L
MORARJEE,BZ,MORARJEE TEXTILES LIMITED,L
MTEDUCARE,BE,MT EDUCARE LTD,L
MYMUDRA,ST,MY MUDRA FINCORP LIMITED,L
NAVKARURB,EQ,NAVKAR URBANSTRUCTURE LTD,L
NIRMAN,SM,NIRMAN AGRI GENTICS LTD,L
OLAELEC,BE,OLA ELECTRIC MOBILITY LTD,L
ONELIFECAP,EQ,ONELIFE CAP ADVISORS LTD,L
OSWALSEEDS,BE,SHREEOSWAL S AND CHE LTD,L
POSITRON,SM,POSITRON ENERGY LIMITED,L
PRECISION,SM,PRECISION METALIKS LTD,L
REFRACTORY,SM,REFRACTORY SHAPES LIMITED,L
REXPIPES,ST,REX PIPES AND CABLES LTD,L
ROCK-RE,ST,ROCKINGDEALS CIR ECO LTD,L
SADHNANIQ,BE,SADHANA NITROCHEM LIMITED,L
SAMAY,ST,SAMAY PROJECT SERVICES L,L
SANWARIA,BZ,SANWARIA CONSUMER LIMITED,L
SATIPOLY,SM,SATI POLY PLAST LIMITED,L
SILLYMONKS,BE,SILLY MONKS ENTERTAIN LTD,L
SITINET,BZ,SITI NETWORKS LIMITED,L
SOLEX,EQ,SOLEX ENERGY LIMITED,L
SOMATEX,BE,SOMA TEXTILEI NDUSTRIES L,L
SPCENET,BE,SPACENET ENTERS IND LTD,L
SPECTSTM,SM,SPECTRUM TALENT MGMT LTD,L
STALLION,BE,STALLION IND FLUOROCHEM L,L
SUNLITE,ST,SUNLITE RECYCLING IND LTD,L
SUPREMEENG,BZ,SUPREME ENGINEERING LTD,L
TAC,ST,TAC INFOSEC LIMITED,L
TARIL,EQ,TRANS & RECTI. LTD,L
TEAMGTY,BE,TEAM INDIA GUARANTY LTD,L
TECHD,ST,TECHD CYBERSECURITY LTD,L
TECHERA,ST,TECHERA ENGINEER (IND) L,L
TIRUPATI,ST,SHREE TIRUPATI BALAJEE,L
VERTEXPLUS,ST,VERTEXPLUS TECHNOLOGIES L,L
VILINBIO,SM,VILIN BIO MED LIMITED,L
VISASTEEL,BE,VISA STEEL LIMITED,L
VLEGOV,EQ,VL E GOV AND IT SOL LTD,L
WINSOME,BZ,WINSOME YARNS LIMITED,L
ZODIAC,EQ,ZODIAC ENERGY LIMITED,L
