SECURITY,NEW,PREVIOUS,NEW_STATUS
ANAND RATHI SH N STK BR L     ,624.90,619.00,H
ANB METAL CAST LIMITED        ,335.65,319.70,H
ANLON HEALTHCARE LIMITED      ,149.00,147.70,H
AONEAMC - AONEGOLD            ,13.50,12.40,H
ARFIN INDIA LIMITED           ,59.28,57.00,H
ASAHI INDIA GLASS LIMITED     ,970.00,960.50,H
BORANA WEAVES LIMITED         ,270.50,267.00,H
CHOICEAMC - CHOICEGOLD        ,124.20,122.18,H
CRAFTSMAN AUTOMATION LTD      ,7378.50,7254.50,H
DIVINE HIRA JEWELLERS LTD     ,133.05,127.50,H
DYNAMATIC TECHNOLOGIES        ,9567.00,9208.50,H
E FACTOR EXPERIENCES LTD      ,343.00,337.90,H
EURO PRATIK SALES LIMITED     ,352.00,332.70,H
HITACHI ENERGY INDIA LTD      ,22069.00,21800.00,H
HOAC FOODS INDIA LIMITED      ,329.50,309.20,H
INDIAN METALS & FERRO         ,1382.60,1351.00,H
JAIN RESOURCE RECYCLING L     ,444.90,418.40,H
LENSKART SOLUTIONS LTD        ,417.90,413.75,H
LUMAX AUTO TECH LTD           ,1467.70,1424.80,H
M.V.K. AGRO FOOD PROD LTD     ,632.65,604.50,H
MAHAMAYA STEEL INDS LTD       ,731.40,696.80,H
MAHINDRA & MAHINDRA LTD       ,3759.00,3723.80,H
MAXVOLT ENERGY INDUS L        ,394.95,394.00,H
MONOLITHISCH INDIA LTD        ,571.00,560.00,H
MULTI COMMODITY EXCHANGE      ,9764.00,9625.00,H
MUTHOOT FINANCE LIMITED       ,3398.00,3377.90,H
N R VANDANA TEX IND LTD       ,64.40,63.80,H
ONECLICK LOGISTICS IND L      ,309.00,300.00,H
PARIN ENTERPRISES LIMITED     ,598.00,590.00,H
PIRAMAL FINANCE LIMITED       ,1458.50,1389.10,H
POLYSIL IRRIGATION SYST L     ,300.30,289.05,H
PRIVI SPECIALITY CHE LTD      ,3440.50,3420.80,H
RHETAN TMT LIMITED            ,24.95,23.98,H
SAVY INFRA AND LOGI LTD       ,176.65,168.95,H
SWAN DEFENCE N HEVY IND L     ,986.75,939.80,H
SYRMA SGS TECHNOLOGY LTD      ,892.75,875.00,H
TEJAS CARGO INDIA LIMITED     ,363.60,346.65,H
TORRENT PHARMACEUTICALS L     ,3882.20,3835.10,H
V MARC INDIA LIMITED          ,771.00,749.30,H
VISION INFRA EQUIP SOL L      ,267.00,249.90,H
ZERODHAAMC - LTGILTCASE       ,30.69,30.58,H
ADITYA BIRLA LIFES BRAN L     ,126.79,127.98,L
ASTRON PAPER BORD MIL LTD     ,8.56,9.02,L
BAWEJA STUDIOS LIMITED        ,40.30,40.40,L
CHEMBOND CHEMICAL LIMITED     ,145.13,145.21,L
CLEAN SCIENCE & TECH LTD      ,924.40,926.70,L
DE NEERS TOOLS LIMITED        ,157.20,160.00,L
DIGIKORE STUDIOS LIMITED      ,71.20,72.25,L
DIGITIDE SOLUTIONS LTD        ,144.27,144.91,L
DJ MEDIAPRINT & LOG LTD       ,77.03,79.05,L
DUDIGITAL GLOBAL LIMITED      ,29.05,30.00,L
ELEGANZ INTERIORS LIMITED     ,94.90,95.00,L
FINKURVE FINANCIAL SERV L     ,103.63,104.01,L
FISCHER MEDICAL VENTURE L     ,77.00,90.51,L
FUTURE ENTERPRISES LTD        ,0.38,0.39,L
GLOBE CIVIL PROJECTS LTD      ,67.10,67.74,L
GO FASHION INDIA LTD          ,552.00,597.00,L
GROWWAMC - GROWWSC250         ,9.59,9.70,L
HIGHWAY INFRASTRUCTURE L      ,69.70,71.50,L
JAY BEE LAMINATIONS LTD       ,129.00,130.00,L
JHS SVENDGAARD RETAIL V L     ,28.80,29.01,L
JSW CEMENT LIMITED            ,122.11,124.50,L
JTL INDUSTRIES LIMITED        ,57.14,57.68,L
KALANA ISPAT LIMITED          ,25.00,26.00,L
KAUSHALYA LOGISTICS LTD       ,43.25,44.35,L
MARINETRANS INDIA LIMITED     ,13.30,13.80,L
MARKOLINES PAVEMENT TEC L     ,156.00,156.10,L
MITTAL LIFE STYLE LIMITED     ,1.40,1.42,L
MOTILALAMC - MONIFTY100       ,25.85,26.05,L
MOVING MEDIA ENTER LTD        ,53.00,54.00,L
MUKKA PROTEINS LIMITED        ,23.80,23.95,L
NET AVENUE TECHNOLOGIES L     ,3.10,3.25,L
ON DOOR CONCEPTS LIMITED      ,115.50,120.85,L
ORKLA INDIA LIMITED           ,671.05,672.05,L
PICTUREPOST STUDIOS LTD       ,10.05,10.85,L
RACE ECO CHAIN LIMITED        ,180.35,198.00,L
ROCKINGDEALS CIR ECO LTD      ,15.85,26.35,L
ROLEX RINGS LIMITED           ,108.31,110.66,L
ROTO PUMPS LIMITED            ,64.10,64.74,L
SAMEERA AGRO AND INFRA L      ,13.20,13.70,L
SAPPHIRE FOODS INDIA LTD      ,251.85,264.05,L
SESHAASAI TECHNOLOGIES L      ,354.00,355.15,L
SHIVALIC POWER CONTROL L      ,89.00,93.00,L
SIDDHI COTSPIN LIMITED        ,30.85,32.00,L
SMARTEN POWER SYSTEMS LTD     ,76.10,80.75,L
SPENCER S RETAIL LIMITED      ,44.62,45.90,L
SRI LOTUS DEVLPRS N RTY L     ,171.05,171.96,L
STANLEY LIFESTYLES LTD        ,245.00,253.15,L
STUDDS ACCESSORIES LTD        ,545.00,545.50,L
SUKHJIT STARCH & CHEM LTD     ,156.60,159.20,L
SULA VINEYARDS LIMITED        ,242.00,243.00,L
SUYOG TELEMATICS LIMITED      ,706.00,715.00,L
TARSONS PRODUCTS LIMITED      ,264.00,269.00,L
TEAMO PRODUCTIONS HQ LTD      ,0.61,0.62,L
TRACXN TECHNOLOGIES LTD       ,45.43,45.90,L
UDAYSHIVAKUMAR INFRA LTD      ,24.96,25.00,L
UNITED FOODBRANDS LIMITED     ,191.00,192.40,L
UPDATER SERVICES LIMITED      ,190.00,191.23,L
VEDANT FASHIONS LIMITED       ,614.50,623.10,L
VISHNU PRAKASH R PUNGLI L     ,86.32,86.60,L
VISHWARAJ SUGAR IND LTD       ,7.56,7.67,L
VL E GOV AND IT SOL LTD       ,18.21,19.17,L
