SYMBOL,SERIES,SECURITY,HIGH/LOW
21STCENMGM,EQ,21ST CENTURY MGMT SERVICE,H
63MOONS,EQ,63 MOONS TECHNOLOGIES LTD,H
759TS37,SG,SDL TS 7.59% 2037,H
AARTECH,EQ,AARTECH SOLONICS LIMITED,H
ANSALAPI,BZ,ANSAL PROP & INFRA LTD,H
ARISTO,SM,ARISTO BIO T AND LIFESC L,H
ARSHIYA,BZ,ARSHIYA LIMITED,H
BLUEPEBBLE,SM,BLUE PEBBLE LIMITED,H
BOHRAIND,EQ,BOHRA INDUSTRIES LIMITED,H
BTML,EQ,BODHI TREE MULTIMEDIA LTD,H
BYKE,EQ,THE BYKE HOSPITALITY LTD,H
CAPTRUST,EQ,CAPITAL TRUST LIMITED,H
CBAZAAR,SM,NET AVENUE TECHNOLOGIES L,H
CONTI,SM,CONTINENTAL SEED CHEM LTD,H
CURAA,BE,CURA TECHNOLOGIES LIMITED,H
DELTAMAGNT,EQ,DELTA MANUFACTURING LTD,H
DENEERS,SM,DE NEERS TOOLS LIMITED,H
DHARAN,BZ,DHARAN INFRA-EPC LIMITED,H
DIGISPICE,BE,DIGISPICE TECHNOLOGIES LT,H
DIVYADHAN,SM,DIVYADHAN RECYCLING IND L,H
ELGIRUBCO,BE,ELGI RUBBER CO. LTD,H
EXCEL,BE,EXCEL REALTY N INFRA LTD,H
FEL,BZ,FUTURE ENTERPRISES LTD,H
FISCHER,EQ,FISCHER MEDICAL VENTURE L,H
FLEXITUFF,EQ,FLEXITUFF VENTURES INT L,H
FLFL,BZ,FUT LIFESTYLE FASH LTD,H
GCHOTELS,ST,GRAND CONTINENT HOTELS L,H
GENSOL,BZ,GENSOL ENGINEERING LTD,H
GIRIRAJ,SM,GIRIRAJ CIVIL DEVP LTD,H
GSTL,SM,GLOBESECURE TECHNO LTD,H
GUJRAFFIA,BE,GUJARAT RAFFIA INDUST LTD,H
GVKPIL,BE,GVK POW. & INFRA LTD.,H
HDIL,BZ,HOUSING DEV & INFRA LTD,H
HRHNEXT,SM,HRH NEXT SERVICES LIMITED,H
IL&FSENGG,BZ,IL&FS ENG AND CONS CO LTD,H
ISHAN,SM,ISHAN INTERNATIONAL LTD,H
KESORAMIND,EQ,KESORAM INDUSTRIES LTD,H
LCCINFOTEC,EQ,LCC INFOTECH LTD,H
MAFANG,EQ,MIRAEAMC - MAFANG,H
MAHKTECH,EQ,MIRAEAMC - MAHKTECH,H
MANAKSTEEL,EQ,MANAKSIA STEELS LTD,H
MASKINVEST,BE,MASK INVESTMENTS LIMITED,H
MASPTOP50,EQ,MIRAEAMC - MASPTOP50,H
MEDIORG,SM,MEDICAMEN ORGANICS LTD,H
MEP,BZ,MEP INFRA. DEVELOPERS LTD,H
MILTON,SM,MILTON INDUSTRIES LIMITED,H
MONOPHARMA,SM,MONO PHARMACARE LIMITED,H
MORARJEE,BZ,MORARJEE TEXTILES LIMITED,H
MOTOGENFIN,EQ,MOTOR & GENERAL FINANCE L,H
MYMUDRA,ST,MY MUDRA FINCORP LIMITED,H
NAGREEKCAP,BE,NAGREEKA CAP & INFR.LTD,H
NATCAPSUQ,BE,NATURAL CAPSULES LIMITED,H
NAVKARURB,EQ,NAVKAR URBANSTRUCTURE LTD,H
NECLIFE,EQ,NECTAR LIFESCIENCES LTD.,H
NIDAN,SM,NIDAN LABS AND HEALTH LTD,H
NIRMAN,SM,NIRMAN AGRI GENTICS LTD,H
NOIDATOLL,EQ,NOIDA TOLL BRIDGE CO LTD,H
NURECA,BE,NURECA LIMITED,H
ONELIFECAP,BE,ONELIFE CAP ADVISORS LTD,H
ORCHASP,BE,ORCHASP LIMITED,H
ORTEL,BZ,ORTEL COMMUNICATIONS LTD,H
OWAIS,SM,OWAIS METAL & MINERAL,H
PANACHE,BE,PANACHE DIGILIFE LIMITED,H
PERFECT,SZ,PERFECT INFRAENGINEER LTD,H
PSFL,SM,PARAMOUNT SPECIALI FORG L,H
QUADPRO,SM,QUADPRO ITES LIMITED,H
RCOM,BE,RELIANCE COMMUNICATIONS L,H
RELIABLE,BE,RELIABLE DATA SERVICE LTD,H
RELINFRA,BE,RELIANCE INFRASTRUCTU LTD,H
RSSOFTWARE,EQ,R. S. SOFTWARE (INDIA) LI,H
SACHEEROME,ST,SACHEEROME LIMITED,H
SADBHIN,BE,SADBHAV INFRA PROJ LTD.,H
SAFEENTP,SM,SAFE ENTER RETAIL FIX LTD,H
SANCO,BZ,SANCO INDUSTRIES LIMITED,H
SANWARIA,BZ,SANWARIA CONSUMER LIMITED,H
SETUINFRA,BZ,SETUBANDHAN INFRA LTD,H
SHANTHALA,ST,SHANTHALA FMCG PRODUCTS L,H
SHRENIK,EQ,SHRENIK LIMITED,H
SHUBHLAXMI,ST,SHUBHLAXMI JEWEL ART LTD,H
SICALLOG,BE,SICAL LOGISTICS LIMITED,H
SIDDHICOTS,SM,SIDDHI COTSPIN LIMITED,H
SILKFLEX,SM,SILKFLEX POLYMERS INDIA L,H
SITINET,BZ,SITI NETWORKS LIMITED,H
SOTAC,SM,SOTAC PHARMACEUTICALS LTD,H
SUNLITE,ST,SUNLITE RECYCLING IND LTD,H
SUPREMEENG,BZ,SUPREME ENGINEERING LTD,H
SVPGLOB,EQ,SVP GLOBAL TEXTILES LTD,H
TRANSWIND,SM,TRANSWIND INFRA LIMITED,H
TREJHARA,BE,TREJHARA SOLUTIONS LTD,H
VCL,BE,VAXTEX COTFAB LIMITED,H
VEEKAYEM,SM,VEEKAYEM FASH & APP LTD,H
WEWIN,BE,WE WIN LIMITED,H
XELPMOC,BE,XELPMOC DESIGN & TECH LTD,H
AAREYDRUGS,BE,AAREY DRUGS & PHARM LTD,L
ACL,BE,ANDHRA CEMENTS LIMITED,L
AGUL,SM,A G UNIVERSAL LIMITED,L
AKIKO,ST,AKIKO GLOBAL SERVICES L,L
ANKITMETAL,BZ,ANKIT MET & POW LTD,L
ARVINDPORT,SM,ARVIND PORT AND INFRA LTD,L
BILVYAPAR,BE,BIL VYAPAR LIMITED,L
BULKCORP,SM,BULKCORP INTERNATIONAL L,L
COMPINFO,BZ,COMPUAGE INFOCOM LTD,L
DHARAN,BZ,DHARAN INFRA-EPC LIMITED,L
DHTL,ST,DOCMODE HEALTH TECH LTD,L
ENSER,SM,ENSER COMMUNICATIONS LTD,L
FLFL,BZ,FUT LIFESTYLE FASH LTD,L
GRAPHISAD,SM,GRAPHISADS LIMITED,L
HYBRIDFIN,BE,HYBRID FINANCIAL SERVICE,L
INDIFRA,ST,INDIFRA LIMITED,L
ITTL,ST,INNOVATIVE TYRE & TUBE LT,L
IWARE,ST,IWARE SUPPLYCHAIN SER LTD,L
KCK,ST,KCK INDUSTRIES LTD,L
KIOCL,EQ,KIOCL LIMITED,L
KSR,BE,KSR FOOTWEAR LIMITED,L
LGHL,EQ,LAXMI GOLDORNA HOUSE LTD,L
MANGALAM,EQ,MANGALAM DRUG & CHEM LTD,L
MCLOUD,EQ,MAGELLANIC CLOUD LIMITED,L
MHHL,SM,MOHINI HEALTH&HYGIENE LTD,L
NAVKARURB,EQ,NAVKAR URBANSTRUCTURE LTD,L
NEELAM,SM,NEELAM LINENS & GAR (I) L,L
NGIL,EQ,NAKODA GROUP OF IND. LTD,L
NIKITA,ST,NIKITA GRENTEC RECYCL LTD,L
ORTEL,BZ,ORTEL COMMUNICATIONS LTD,L
PARSVNATH,EQ,PARSVNATH DEVELOPER LTD,L
QFIL,SM,QUALITY FOILS (INDIA) LTD,L
QUADPRO,SM,QUADPRO ITES LIMITED,L
QVCEL,SM,QVC EXPORTS LIMITED,L
RAJRILTD,BE,RAJ RAYON INDUSTRIES LTD,L
ROLLT,EQ,ROLLATAINERS LIMITED,L
SABTNL,EQ,SRI ADHIKARI BRO TELE N L,L
SANWARIA,BZ,SANWARIA CONSUMER LIMITED,L
SECURKLOUD,BE,SECUREKLOUD TECH LIMITED,L
SETUINFRA,BZ,SETUBANDHAN INFRA LTD,L
SHRENIK,EQ,SHRENIK LIMITED,L
SHUBHLAXMI,ST,SHUBHLAXMI JEWEL ART LTD,L
SIKKO,BE,SIKKO INDUSTRIES LIMITED,L
SITINET,BZ,SITI NETWORKS LIMITED,L
SPRL,ST,SP REFRACTORIES LIMITED,L
STALLION,BE,STALLION IND FLUOROCHEM L,L
SUPREMEENG,BZ,SUPREME ENGINEERING LTD,L
TAPIFRUIT,ST,TAPI FRUIT PROCESSING LTD,L
TERASOFT,BE,TERA SOFTWARE LIMITED,L
TGL,SM,TEERTH GOPICON LIMITED,L
TRUST,ST,TRUST FINTECH LIMITED,L
UNIHEALTH,ST,UNIHEALTH HOSPITALS LTD,L
VITAL,SM,VITAL CHEMTECH LIMITED,L
VLEGOV,EQ,VL E GOV AND IT SOL LTD,L
