SECURITY,NEW,PREVIOUS,NEW_STATUS
ACCRETION PHARMA LIMITED      ,102.00,96.00,H
ADITYA BIRLA CAPITAL LTD.     ,360.15,353.40,H
ANLON HEALTHCARE LIMITED      ,172.75,169.00,H
ASL INDUSTRIES LIMITED        ,95.60,93.75,H
AXISAMC - AXISBNKETF          ,615.66,615.45,H
BARODABNP - BBNPNBETF         ,61.21,60.60,H
BELRISE INDUSTRIES LTD        ,172.68,168.88,H
CASH UR DRIVE MARKETING L     ,166.50,165.00,H
CUMMINS INDIA LTD             ,4518.60,4495.00,H
DSPAMC - DSPBANKETF           ,61.09,61.06,H
EUREKA FORBES LIMITED         ,668.30,655.50,H
GREENLEAF ENVIROTECH LTD      ,178.90,173.80,H
ICICIPRAMC - IPRU5008         ,62.88,61.62,H
ICICIPRAMC-ICICIFIN           ,33.11,33.06,H
JAYESH LOGISTICS LIMITED      ,183.00,172.30,H
L&T FINANCE LIMITED           ,315.35,310.05,H
LUMAX AUTO TECH LTD           ,1542.00,1524.00,H
M.V.K. AGRO FOOD PROD LTD     ,752.30,737.55,H
MANGALAM WORLDWIDE LTD        ,266.80,265.00,H
MEGA FLEX PLASTICS LTD        ,101.50,101.05,H
MIDWEST LIMITED               ,1440.00,1319.70,H
MIRAEAMC - BANKETF            ,607.46,607.00,H
MOTILALAMC - MOSERVICE        ,34.50,34.28,H
POLYSIL IRRIGATION SYST L     ,343.00,336.30,H
ROSSELL TECHSYS LIMITED       ,840.00,832.00,H
SBI-ETF NIFTY BANK            ,615.04,612.50,H
SHREEJI SHIPPING GLOBAL L     ,333.90,322.90,H
SUDEEP PHARMA LIMITED         ,795.00,593.00,H
SUNLITE RECYCLING IND LTD     ,289.45,288.00,H
TANKUP ENGINEERS LIMITED      ,726.10,711.90,H
TATA MOTORS LIMITED           ,359.90,347.70,H
UTIAMC - UTISENSETF           ,949.98,946.50,H
AMANTA HEALTHCARE LIMITED     ,99.99,108.50,L
ANUH PHARMA LIMITED           ,76.25,76.52,L
BCL INDUSTRIES LIMITED        ,31.25,33.97,L
BRIGADE HOTEL VENTURE LTD     ,77.39,77.40,L
CAPITAL INDIA FINANCE LTD     ,29.25,30.70,L
CEIGALL INDIA LIMITED         ,234.10,235.00,L
CHEMPLAST SANMAR LIMITED      ,283.00,283.05,L
CURIS LIFESCIENCES LTD        ,126.20,128.00,L
EDELAMC - ENIFTY              ,26.10,26.12,L
EMA PARTNERS INDIA LTD        ,86.50,87.05,L
EXCELSOFT TECHNOLOGIES L      ,117.60,121.00,L
FINKURVE FINANCIAL SERV L     ,102.00,102.39,L
FUTURE ENTERPRISES LTD        ,2.90,2.92,L
GLOTTIS LIMITED               ,65.65,66.36,L
IDENTICAL BRAINS STUDIO L     ,26.00,27.55,L
JHS SVENDGAARD RETAIL V L     ,27.05,27.80,L
JNK INDIA LIMITED             ,245.65,249.10,L
JSW CEMENT LIMITED            ,114.51,115.51,L
KALPATARU LIMITED             ,344.95,345.80,L
KONSTELEC ENGINEERS LTD       ,53.00,53.65,L
KSHITIJ POLYLINE LIMITED      ,2.32,2.36,L
KSR FOOTWEAR LIMITED          ,30.66,32.28,L
LAXMI DENTAL LIMITED          ,275.10,279.00,L
MAGELLANIC CLOUD LIMITED      ,29.93,33.26,L
MANAS POLYMER N ENERGIE L     ,89.95,91.50,L
MANGAL ELECTRICAL IND L       ,396.55,401.50,L
MOTILALAMC - MOSERVICE        ,33.95,34.05,L
MUSIC BROADCAST LIMITED       ,6.51,6.65,L
NAKODA GROUP OF IND. LTD      ,22.19,25.61,L
NEELAM LINENS & GAR (I) L     ,13.70,14.40,L
OSWAL PUMPS LIMITED           ,547.15,557.35,L
PAVNA INDUSTRIES LIMITED      ,27.01,29.75,L
PICTUREPOST STUDIOS LTD       ,10.00,10.05,L
QUADPRO ITES LIMITED          ,2.60,2.70,L
REGAAL RESOURCES LIMITED      ,66.40,79.88,L
REVATHI EQUIPMENT INDIA L     ,768.35,770.05,L
SAATVIK GREEN ENERGY LTD      ,400.95,406.20,L
SESHAASAI TECHNOLOGIES L      ,295.00,297.50,L
SHIGAN QUANTUM TECH LTD       ,51.95,53.00,L
SHRENIK LIMITED               ,0.40,0.46,L
SIKKO INDUSTRIES LIMITED      ,10.72,11.00,L
SITI NETWORKS LIMITED         ,0.35,0.36,L
STANLEY LIFESTYLES LTD        ,223.10,223.25,L
STUDIO LSD LIMITED            ,13.55,13.60,L
SUDEEP PHARMA LIMITED         ,725.00,593.00,L
SUNTECH INFRA SOLUTIONS L     ,43.20,44.10,L
TROM INDUSTRIES LIMITED       ,81.75,82.10,L
UDAYSHIVAKUMAR INFRA LTD      ,23.51,23.60,L
UMA CONVERTER LIMITED         ,19.00,21.00,L
USHA FINANCIAL SERVICES L     ,38.00,38.50,L
VAISHALI PHARMA LIMITED       ,8.51,8.75,L
VALIANT LABORATORIES LTD      ,65.30,66.71,L
VIKRAM SOLAR LIMITED          ,261.00,263.85,L
