SECURITY,NEW,PREVIOUS,NEW_STATUS
CLC INDUSTRIES LIMITED        ,11.41,10.87,H
COMMERCIAL SYN BAGS LTD       ,167.15,167.00,H
FORCE MOTORS LIMITED          ,22200.00,21990.00,H
NEPTUNE PETROCHEMICALS L      ,246.90,241.55,H
R&B DENIMS LIMITED            ,166.40,164.30,H
RUBICON RESEARCH LIMITED      ,822.00,789.00,H
TAMILNAD MERCA BANK LTD       ,660.70,643.70,H
VIJAYPD CEUTICAL LIMITED      ,56.80,56.50,H
VIYASH SCIENTIFIC LIMITED     ,220.00,218.00,H
AAKAAR MEDICAL TECHNO LTD     ,51.00,53.35,L
ARISINFRA SOLUTIONS LTD       ,89.71,90.36,L
AURI GROW INDIA LIMITED       ,0.39,0.41,L
AWFIS SPACE SOLUTIONS LTD     ,370.35,371.40,L
CLASSIC ELECTRODE (IND) L     ,51.00,51.30,L
COOL CAPS INDUSTRIES LTD      ,31.60,33.25,L
DHRUV CONSULTANCY SER LTD     ,34.00,34.50,L
FINBUD FINANCIAL SERV LTD     ,103.05,104.00,L
FUT LIFESTYLE FASH LTD        ,1.12,1.14,L
GREENCHEF APPLIANCES LTD      ,42.30,44.00,L
IVALUE INFOSOLUTIONS LTD      ,213.98,219.30,L
JAY BEE LAMINATIONS LTD       ,78.80,80.05,L
KALANA ISPAT LIMITED          ,18.20,18.95,L
PARAMOUNT DYE TEC LIMITED     ,36.35,39.60,L
PAUSHAK LIMITED               ,465.00,472.90,L
PERFECT INFRAENGINEER LTD     ,3.10,3.25,L
PRESSTONIC ENGINEERING L      ,36.25,37.90,L
PURV FLEXIPACK LIMITED        ,64.25,65.50,L
QUADPRO ITES LIMITED          ,2.10,2.15,L
REVATHI EQUIPMENT INDIA L     ,617.10,622.20,L
TBI CORN LIMITED              ,70.00,70.05,L
THINKING HATS ENTER SOL L     ,19.05,19.40,L
UMA CONVERTER LIMITED         ,18.15,18.25,L
VL E GOV AND IT SOL LTD       ,13.05,13.38,L
