SERIES,SYMBOL,SECURITY,RECORD_DT,BC_STRT_DT,BC_END_DT,EX_DT,ND_STRT_DT,ND_END_DT,PURPOSE
ZQ,1003SCL31,SEC RE NCD 10.03% SR X,2025-11-17,,,2025-11-17,,,INTEREST PAYMENT
NR,1015ECL29,ECL Finance Limited,2025-11-17,,,2025-11-17,,,INTEREST PAYMENT
UR,1015ECL29,ECL Finance Limited,2025-11-17,,,2025-11-17,,,INTEREST PAYMENT
ZT,1025SCL34A,SEC RE NCD 10.25% SR XII,2025-11-17,,,2025-11-17,,,INTEREST PAYMENT
N0,1075WCAP28,WCAPL 10.75% 2028,2025-11-17,,,2025-11-17,,,INTEREST PAYMENT
TB,182D201125,GOI TBILL 182D-20/11/25,2025-11-18,,,,,,REDEMPTION
TB,182D271125,GOI TBILL 182D-27/11/25,2025-11-25,,,,,,REDEMPTION
TB,364D211125,GOI TBILL 364D-21/11/25,2025-11-19,,,,,,REDEMPTION
TB,364D271125,GOI TBILL 364D-27/11/25,2025-11-25,,,,,,REDEMPTION
SG,532AS25,SDL AS 5.32% 2025,2025-11-21,,,,,,REDEMPTION
SG,532CG25,SDL CG 5.32% 2025,2025-11-21,,,,,,REDEMPTION
SG,53BR25,SDL BR 5.3% 2025,2025-11-21,,,,,,REDEMPTION
SG,687RJ25,SDL RJ 6.87% 2025,2025-11-25,,,,,,REDEMPTION
SG,689TN25,SDL TN 6.89% 2025,2025-11-18,,,,,,REDEMPTION
N4,704REC28,BOND 7.04% PA Tax Free S2,2025-11-17,,,2025-11-17,,,INTEREST PAYMENT
U4,704REC28,BOND 7.04% PA Tax Free S2,2025-11-17,,,2025-11-17,,,INTEREST PAYMENT
N0,709RL39,REC 7.09% 2039 Sr 240A,2025-11-17,,,2025-11-17,,,INTEREST PAYMENT
N2,738REC27TF,TAXFREE SEC NCD TR1 S2,2025-11-17,,,2025-11-17,,,INTEREST PAYMENT
U2,738REC27TF,TAXFREE SEC NCD TR1 S2,2025-11-17,,,2025-11-17,,,INTEREST PAYMENT
NH,743REC35,7.43% Tax Free TrI Sr3B,2025-11-17,,,2025-11-17,,,INTEREST PAYMENT
UH,743REC35,7.43% Tax Free TrI Sr3B,2025-11-17,,,2025-11-17,,,INTEREST PAYMENT
GS,815GS2026,GOI LOAN 8.15% 2026,2025-11-21,,,2025-11-21,,,INTEREST PAYMENT
N7,837REC33,BOND 8.37% Tax Free S3A,2025-11-17,,,2025-11-17,,,INTEREST PAYMENT
U7,837REC33,BOND 8.37% Tax Free S3A,2025-11-17,,,2025-11-17,,,INTEREST PAYMENT
NL,842IIFL26,Sec Re NCD 9% Sr.VI,2025-11-17,,,2025-11-17,,,INTEREST PAYMENT
UL,842IIFL26,Sec Re NCD 9% Sr.VI,2025-11-17,,,2025-11-17,,,INTEREST PAYMENT
N3,842SCL27,SCL 8.42% 2027 Sr II,2025-11-17,,,2025-11-17,,,INTEREST PAYMENT
U3,842SCL27,SCL 8.42% 2027 Sr II,2025-11-17,,,2025-11-17,,,INTEREST PAYMENT
N6,846REC28,BOND 8.46% Tax Free S2A,2025-11-17,,,2025-11-17,,,INTEREST PAYMENT
U6,846REC28,BOND 8.46% Tax Free S2A,2025-11-17,,,2025-11-17,,,INTEREST PAYMENT
ND,861REC34,BOND 8.61% PA TFTR II S3A,2025-11-17,,,2025-11-17,,,INTEREST PAYMENT
UD,861REC34,BOND 8.61% PA TFTR II S3A,2025-11-17,,,2025-11-17,,,INTEREST PAYMENT
,862REC33,BOND 8.62% Tax Free S3B,2025-11-17,,,2025-11-17,,,INTEREST PAYMENT
UA,862REC33,BOND 8.62% Tax Free S3B,2025-11-17,,,2025-11-17,,,INTEREST PAYMENT
NC,863REC29,BOND 8.63% PA TFTR II S2A,2025-11-17,,,2025-11-17,,,INTEREST PAYMENT
UC,863REC29,BOND 8.63% PA TFTR II S2A,2025-11-17,,,2025-11-17,,,INTEREST PAYMENT
NZ,865IFL28,Sec Re NCD 9% Sr.VI,2025-11-17,,,2025-11-17,,,INTEREST PAYMENT
UZ,865IFL28,Sec Re NCD 9% Sr.VI,2025-11-17,,,2025-11-17,,,INTEREST PAYMENT
NS,865IIFL28,Sec Re NCD 9% Sr.VI,2025-11-17,,,2025-11-17,,,INTEREST PAYMENT
US,865IIFL28,Sec Re NCD 9% Sr.VI,2025-11-17,,,2025-11-17,,,INTEREST PAYMENT
N8,865SCL26,SEC RED NCD 8.65% SR. V,2025-11-17,,,2025-11-17,,,INTEREST PAYMENT
U8,865SCL26,SEC RED NCD 8.65% SR. V,2025-11-17,,,2025-11-17,,,INTEREST PAYMENT
N4,865SCL27,SCL 8.65% 2027 Sr II,2025-11-17,,,2025-11-17,,,INTEREST PAYMENT
U4,865SCL27,SCL 8.65% 2027 Sr II,2025-11-17,,,2025-11-17,,,INTEREST PAYMENT
N9,865SCL28,SCL 8.65% 2028 Sr V,2025-11-17,,,2025-11-17,,,INTEREST PAYMENT
U9,865SCL28,SCL 8.65% 2028 Sr V,2025-11-17,,,2025-11-17,,,INTEREST PAYMENT
N9,871REC28,BOND 8.71% Tax Free S2B,2025-11-17,,,2025-11-17,,,INTEREST PAYMENT
U9,871REC28,BOND 8.71% Tax Free S2B,2025-11-17,,,2025-11-17,,,INTEREST PAYMENT
NC,879SCL26,UNS RED NCD 8.79% SR.VIII,2025-11-17,,,2025-11-17,,,INTEREST PAYMENT
UC,879SCL26,UNS RED NCD 8.79% SR.VIII,2025-11-17,,,2025-11-17,,,INTEREST PAYMENT
NG,886REC34,BOND 8.86% PA TFTR II S3B,2025-11-17,,,2025-11-17,,,INTEREST PAYMENT
UG,886REC34,BOND 8.86% PA TFTR II S3B,2025-11-17,,,2025-11-17,,,INTEREST PAYMENT
N5,888ERFL28,Sec Red NCD 8.88% Sr. V,2025-11-17,,,,,,INTEREST PAYMENT
NF,888REC29,BOND 8.88% PA TFTR II S2B,2025-11-17,,,2025-11-17,,,INTEREST PAYMENT
UF,888REC29,BOND 8.88% PA TFTR II S2B,2025-11-17,,,2025-11-17,,,INTEREST PAYMENT
1C,888SCL26A,SEC RE NCD 8.88% SR II,2025-11-17,,,2025-11-17,,,INTEREST PAYMENT
ZC,888SCL26A,SEC RE NCD 8.88% SR II,2025-11-17,,,2025-11-17,,,INTEREST PAYMENT
,888SCL28,SCL 8.88% 2028 Sr V,2025-11-17,,,2025-11-17,,,INTEREST PAYMENT
UA,888SCL28,SCL 8.88% 2028 Sr V,2025-11-17,,,2025-11-17,,,INTEREST PAYMENT
N0,892CIFL34,CIFL 8.92% 2034 Sr SD73,2025-11-17,,,2025-11-17,,,INTEREST PAYMENT
ZM,89SCL24A,SEC RE NCD 8.70% SR.VIII,2025-11-18,,,2025-11-18,,,INTEREST PAYMENT
NG,902SCL2030,SCL 9.02% 2030 Sr IX,2025-11-17,,,2025-11-17,,,INTEREST PAYMENT
UG,902SCL2030,SCL 9.02% 2030 Sr IX,2025-11-17,,,2025-11-17,,,INTEREST PAYMENT
ZI,902SCL27A,SEC RE NCD 9.02% SR V,2025-11-17,,,2025-11-17,,,INTEREST PAYMENT
NE,902SCL30,SCL 9.02% 2030 Sr VIII,2025-11-17,,,2025-11-17,,,INTEREST PAYMENT
UE,902SCL30,SCL 9.02% 2030 Sr VIII,2025-11-17,,,2025-11-17,,,INTEREST PAYMENT
TB,91D201125,GOI TBILL 91D-20/11/25,2025-11-18,,,,,,REDEMPTION
TB,91D281125,GOI TBILL 91D-28/11/25,2025-11-26,,,,,,REDEMPTION
NK,920SCL32,SCL 9.20% 2032 Sr XI,2025-11-17,,,2025-11-17,,,INTEREST PAYMENT
UK,920SCL32,SCL 9.20% 2032 Sr XI,2025-11-17,,,2025-11-17,,,INTEREST PAYMENT
N0,925IIFL32,IIFL 9.25% Sr D33 OP B,2025-11-17,,,2025-11-17,,,INTEREST PAYMENT
ZD,925SCL26D,SEC RE NCD 9.25% SR II,2025-11-17,,,2025-11-17,,,INTEREST PAYMENT
ZM,925SCL29A,SEC RE NCD 9.25% SR VIII,2025-11-17,,,2025-11-17,,,INTEREST PAYMENT
NF,925SCL30,SCL 9.25% 2030 Sr VIII,2025-11-17,,,2025-11-17,,,INTEREST PAYMENT
UF,925SCL30,SCL 9.25% 2030 Sr VIII,2025-11-17,,,2025-11-17,,,INTEREST PAYMENT
NH,925SCL30A,SCL 9.25% 2030 Sr IX,2025-11-17,,,2025-11-17,,,INTEREST PAYMENT
UH,925SCL30A,SCL 9.25% 2030 Sr IX,2025-11-17,,,2025-11-17,,,INTEREST PAYMENT
NN,930SCL35,SCL 9.30% 2035 Sr XIII,2025-11-17,,,2025-11-17,,,INTEREST PAYMENT
UN,930SCL35,SCL 9.30% 2035 Sr XIII,2025-11-17,,,2025-11-17,,,INTEREST PAYMENT
NZ,935IIFL28,IIFL 9.35% Tr I Sr V,2025-11-17,,,2025-11-17,,,INTEREST PAYMENT
UZ,935IIFL28,IIFL 9.35% Tr I Sr V,2025-11-17,,,2025-11-17,,,INTEREST PAYMENT
ZN,93SCL24A,SEC RE NCD 9.15% SR.VIII,2025-11-18,,,2025-11-18,,,INTEREST PAYMENT
NN,940SFIL28,Sec Re NCD 9.40% Sr.VIII,2025-11-17,,,2025-11-17,,,INTEREST PAYMENT
UN,940SFIL28,Sec Re NCD 9.40% Sr.VIII,2025-11-17,,,2025-11-17,,,INTEREST PAYMENT
NJ,943ECL28,Sec Red NCD 9.43% Sr. VI,2025-11-17,,,2025-11-17,,,INTEREST PAYMENT
UJ,943ECL28,Sec Red NCD 9.43% Sr. VI,2025-11-17,,,2025-11-17,,,INTEREST PAYMENT
NL,945SCL32,SCL 9.45% 2032 Sr XI,2025-11-17,,,2025-11-17,,,INTEREST PAYMENT
UL,945SCL32,SCL 9.45% 2032 Sr XI,2025-11-17,,,2025-11-17,,,INTEREST PAYMENT
ZJ,948SCL27A,SEC RE NCD 9.48% SR V,2025-11-17,,,2025-11-17,,,INTEREST PAYMENT
NO,955SCL35,SCL 9.55% 2035 Sr XIII,2025-11-17,,,2025-11-17,,,INTEREST PAYMENT
UO,955SCL35,SCL 9.55% 2035 Sr XIII,2025-11-17,,,2025-11-17,,,INTEREST PAYMENT
N5,957NIDO26,Sec Red NCD 9.57% Sr. V,2025-11-17,,,2025-11-17,,,INTEREST PAYMENT
U5,957NIDO26,Sec Red NCD 9.57% Sr. V,2025-11-17,,,2025-11-17,,,INTEREST PAYMENT
Y2,960IIFL30,IIFL 9.60% Tr I Sr VIII,2025-11-17,,,2025-11-17,,,INTEREST PAYMENT
NF,96IIFL28A,Sec Re NCD 9% Sr.VI,2025-11-17,,,2025-11-17,,,INTEREST PAYMENT
UF,96IIFL28A,Sec Re NCD 9% Sr.VI,2025-11-17,,,2025-11-17,,,INTEREST PAYMENT
ZN,971SCL29A,SEC RE NCD 9.71% SR VIII,2025-11-17,,,2025-11-17,,,INTEREST PAYMENT
N0,980IIFL26,IIFL 9.80% 2026 Sr D27,2025-11-17,,,2025-11-17,,,INT PAYMENT/REDEMPTION
NK,984SFIL26A,Sec Re NCD 9.61% Sr.VI,2025-11-17,,,2025-11-17,,,INTEREST PAYMENT
UK,984SFIL26A,Sec Re NCD 9.61% Sr.VI,2025-11-17,,,2025-11-17,,,INTEREST PAYMENT
NO,985SFIL28,Sec Re NCD 9.85% Sr.VIII,2025-11-17,,,2025-11-17,,,INTEREST PAYMENT
UO,985SFIL28,Sec Re NCD 9.85% Sr.VIII,2025-11-17,,,2025-11-17,,,INTEREST PAYMENT
ZS,98SCL34,SEC RE NCD 9.80% SR XII,2025-11-17,,,2025-11-17,,,INTEREST PAYMENT
BE,ADANIENT,Adani Enterprises Limited,2025-11-17,,,2025-11-17,,,RIGHTS 3:25@PRM RS 1799
BL,ADANIENT,Adani Enterprises Limited,2025-11-17,,,2025-11-17,,,RIGHTS 3:25@PRM RS 1799
EQ,ADANIENT,Adani Enterprises Limited,2025-11-17,,,2025-11-17,,,RIGHTS 3:25@PRM RS 1799
IQ,ADANIENT,Adani Enterprises Limited,2025-11-17,,,2025-11-17,,,RIGHTS 3:25@PRM RS 1799
T0,ADANIENT,Adani Enterprises Limited,2025-11-17,,,2025-11-17,,,RIGHTS 3:25@PRM RS 1799
TL,ADANIENT,Adani Enterprises Limited,2025-11-17,,,2025-11-17,,,RIGHTS 3:25@PRM RS 1799
BE,AMRUTANJAN,Amrutajan Health Ltd,2025-11-18,,,2025-11-18,,,INTDIV - RE 1 PER SH
BL,AMRUTANJAN,Amrutajan Health Ltd,2025-11-18,,,2025-11-18,,,INTDIV - RE 1 PER SH
EQ,AMRUTANJAN,Amrutajan Health Ltd,2025-11-18,,,2025-11-18,,,INTDIV - RE 1 PER SH
BE,ARFIN,Arfin India Limited,2025-11-17,,,2025-11-17,,,INTDIV - RS 0.11 PER SH
BL,ARFIN,Arfin India Limited,2025-11-17,,,2025-11-17,,,INTDIV - RS 0.11 PER SH
EQ,ARFIN,Arfin India Limited,2025-11-17,,,2025-11-17,,,INTDIV - RS 0.11 PER SH
IQ,ARFIN,Arfin India Limited,2025-11-17,,,2025-11-17,,,INTDIV - RS 0.11 PER SH
BE,ASHOKLEY,ASHOK LEYLAND LTD,2025-11-18,,,2025-11-18,,,INTDIV - RE 1 PER SH
BL,ASHOKLEY,Ashok Leyland Ltd.,2025-11-18,,,2025-11-18,,,INTDIV - RE 1 PER SH
EQ,ASHOKLEY,Ashok Leyland Ltd.,2025-11-18,,,2025-11-18,,,INTDIV - RE 1 PER SH
IQ,ASHOKLEY,Ashok Leyland Ltd.,2025-11-18,,,2025-11-18,,,INTDIV - RE 1 PER SH
T0,ASHOKLEY,Ashok Leyland Ltd.,2025-11-18,,,2025-11-18,,,INTDIV - RE 1 PER SH
TL,ASHOKLEY,Ashok Leyland Ltd.,2025-11-18,,,2025-11-18,,,INTDIV - RE 1 PER SH
EQ,ASIANPAINT,Asian Paints Limited,2025-11-18,,,2025-11-18,,,INTDIV - RS 4.50 PER SH
BE,BAIDFIN,Baid Finserv Limited,2025-11-17,,,2025-11-17,,,RIGHTS 1:4 @PRM RS 8/-
BL,BAIDFIN,Baid Finserv Limited,2025-11-17,,,2025-11-17,,,RIGHTS 1:4 @PRM RS 8/-
EQ,BAIDFIN,Baid Finserv Limited,2025-11-17,,,2025-11-17,,,RIGHTS 1:4 @PRM RS 8/-
IQ,BAIDFIN,Baid Finserv Limited,2025-11-17,,,2025-11-17,,,RIGHTS 1:4 @PRM RS 8/-
BE,BALRAMCHIN,BALRAMPUR CHINI MILLS LTD,2025-11-17,,,2025-11-17,,,INTDIV - RS 3.50 PER SH
BL,BALRAMCHIN,Balrampur Chini Mills,2025-11-17,,,2025-11-17,,,INTDIV - RS 3.50 PER SH
EQ,BALRAMCHIN,Balrampur Chini Mills,2025-11-17,,,2025-11-17,,,INTDIV - RS 3.50 PER SH
IQ,BALRAMCHIN,Balrampur Chini Mills,2025-11-17,,,2025-11-17,,,INTDIV - RS 3.50 PER SH
T0,BALRAMCHIN,Balrampur Chini Mills,2025-11-17,,,2025-11-17,,,INTDIV - RS 3.50 PER SH
TL,BALRAMCHIN,Balrampur Chini Mills,2025-11-17,,,2025-11-17,,,INTDIV - RS 3.50 PER SH
BE,BANCOINDIA,Banco Products (I) Ltd,2025-11-19,,,2025-11-19,,,INTDIV - RS 7 PER SH
BL,BANCOINDIA,Banco Products (I) Ltd,2025-11-19,,,2025-11-19,,,INTDIV - RS 7 PER SH
EQ,BANCOINDIA,Banco Products (I) Ltd,2025-11-19,,,2025-11-19,,,INTDIV - RS 7 PER SH
IQ,BANCOINDIA,Banco Products (I) Ltd,2025-11-19,,,2025-11-19,,,INTDIV - RS 7 PER SH
BE,CARERATING,CARE Ratings Ltd,2025-11-19,,,2025-11-19,,,INTDIV - RS 8 PER SH
BL,CARERATING,CARE Ratings Ltd,2025-11-19,,,2025-11-19,,,INTDIV - RS 8 PER SH
EQ,CARERATING,CARE Ratings Ltd,2025-11-19,,,2025-11-19,,,INTDIV - RS 8 PER SH
IQ,CARERATING,CARE Ratings Ltd,2025-11-19,,,2025-11-19,,,INTDIV - RS 8 PER SH
BE,COCHINSHIP,Cochin Shipyard Limited,2025-11-18,,,2025-11-18,,,INTDIV - RS 4 PER SH
BL,COCHINSHIP,Cochin Shipyard Limited,2025-11-18,,,2025-11-18,,,INTDIV - RS 4 PER SH
EQ,COCHINSHIP,Cochin Shipyard Limited,2025-11-18,,,2025-11-18,,,INTDIV - RS 4 PER SH
IQ,COCHINSHIP,Cochin Shipyard Limited,2025-11-18,,,2025-11-18,,,INTDIV - RS 4 PER SH
T0,COCHINSHIP,Cochin Shipyard Limited,2025-11-18,,,2025-11-18,,,INTDIV - RS 4 PER SH
TL,COCHINSHIP,Cochin Shipyard Limited,2025-11-18,,,2025-11-18,,,INTDIV - RS 4 PER SH
EQ,CONCOR,Container Corp of India,2025-11-20,,,2025-11-20,,,INTDIV - RS 2.60 PER SH
BE,EPL,EPL Limited,2025-11-17,,,2025-11-17,,,INTDIV - RS 2.50 PER SH
BL,EPL,EPL Limited,2025-11-17,,,2025-11-17,,,INTDIV - RS 2.50 PER SH
EQ,EPL,EPL Limited,2025-11-17,,,2025-11-17,,,INTDIV - RS 2.50 PER SH
IQ,EPL,EPL Limited,2025-11-17,,,2025-11-17,,,INTDIV - RS 2.50 PER SH
EQ,GABRIEL,Gabriel India Ltd,2025-11-21,,,2025-11-21,,,INTDIV - RS 1.90 PER SH
BE,GMMPFAUDLR,GMM Pfaudler Limited,2025-11-17,,,2025-11-17,,,INTDIV - RE 1 PER SH
BL,GMMPFAUDLR,GMM Pfaudler Limited,2025-11-17,,,2025-11-17,,,INTDIV - RE 1 PER SH
EQ,GMMPFAUDLR,GMM Pfaudler Limited,2025-11-17,,,2025-11-17,,,INTDIV - RE 1 PER SH
IQ,GMMPFAUDLR,GMM Pfaudler Limited,2025-11-17,,,2025-11-17,,,INTDIV - RE 1 PER SH
BE,GOPAL,Gopal Snacks Limited,2025-11-17,,,2025-11-17,,,INTDIV - RS 0.25 PER SH
BL,GOPAL,Gopal Snacks Limited,2025-11-17,,,2025-11-17,,,INTDIV - RS 0.25 PER SH
EQ,GOPAL,Gopal Snacks Limited,2025-11-17,,,2025-11-17,,,INTDIV - RS 0.25 PER SH
IQ,GOPAL,Gopal Snacks Limited,2025-11-17,,,2025-11-17,,,INTDIV - RS 0.25 PER SH
BE,HDFCAMC,HDFC AMC Limited,2025-11-26,,,2025-11-26,,,BONUS 1:1
BL,HDFCAMC,HDFC AMC Limited,2025-11-26,,,2025-11-26,,,BONUS 1:1
EQ,HDFCAMC,HDFC AMC Limited,2025-11-26,,,2025-11-26,,,BONUS 1:1
IQ,HDFCAMC,HDFC AMC Limited,2025-11-26,,,2025-11-26,,,BONUS 1:1
T0,HDFCAMC,HDFC AMC Limited,2025-11-26,,,2025-11-26,,,BONUS 1:1
TL,HDFCAMC,HDFC AMC Limited,2025-11-26,,,2025-11-26,,,BONUS 1:1
BE,HUDCO,Hsg & Urban Dev Corpn Ltd,2025-11-19,,,2025-11-19,,,INTDIV - RE 1 PER SH
BL,HUDCO,Hsg & Urban Dev Corpn Ltd,2025-11-19,,,2025-11-19,,,INTDIV - RE 1 PER SH
EQ,HUDCO,Hsg & Urban Dev Corpn Ltd,2025-11-19,,,2025-11-19,,,INTDIV - RE 1 PER SH
IQ,HUDCO,Hsg & Urban Dev Corpn Ltd,2025-11-19,,,2025-11-19,,,INTDIV - RE 1 PER SH
T0,HUDCO,Hsg & Urban Dev Corpn Ltd,2025-11-19,,,2025-11-19,,,INTDIV - RE 1 PER SH
TL,HUDCO,Hsg & Urban Dev Corpn Ltd,2025-11-19,,,2025-11-19,,,INTDIV - RE 1 PER SH
BE,INDOWIND,Indowind Energy Limited,2025-11-19,,,2025-11-19,,,RIGHTS 1:4@PRM RS 5.35/-
BL,INDOWIND,Indowind Energy Limited,2025-11-19,,,2025-11-19,,,RIGHTS 1:4@PRM RS 5.35/-
EQ,INDOWIND,Indowind Energy Limited,2025-11-19,,,2025-11-19,,,RIGHTS 1:4@PRM RS 5.35/-
IQ,INDOWIND,Indowind Energy Limited,2025-11-19,,,2025-11-19,,,RIGHTS 1:4@PRM RS 5.35/-
EQ,IRB,IRB Infrastructure Develo,2025-11-18,,,2025-11-18,,,INTDIV - RS 0.07 PER SH
IV,IRBINVIT,IRB InvIT Fund,2025-11-18,,,2025-11-18,,,DISTRIBUTION - RS 1.50
EQ,IRCTC,Indian Rail Tour Corp Ltd,2025-11-21,,,2025-11-21,,,INTDIV - RS 5 PER SH
BE,IVC,IL&FS Investment Managers,2025-11-21,,,2025-11-21,,,INTDIV - RS 0.50 PER SH
BL,IVC,IL&FS Investment Managers,2025-11-21,,,2025-11-21,,,INTDIV - RS 0.50 PER SH
EQ,IVC,IL&FS Investment Managers,2025-11-21,,,2025-11-21,,,INTDIV - RS 0.50 PER SH
IQ,IVC,IL&FS Investment Managers,2025-11-21,,,2025-11-21,,,INTDIV - RS 0.50 PER SH
EQ,JAMNAAUTO,Jamna Auto Ind Ltd,2025-11-19,,,2025-11-19,,,INTDIV - RE 1 PER SH
BE,MANINFRA,Man Infra Ltd,2025-11-18,,,2025-11-18,,,INTDIV - RE 0.45 PER SH
BL,MANINFRA,Man Infra Ltd,2025-11-18,,,2025-11-18,,,INTDIV - RE 0.45 PER SH
EQ,MANINFRA,Man Infra Ltd,2025-11-18,,,2025-11-18,,,INTDIV - RE 0.45 PER SH
IQ,MANINFRA,Man Infra Ltd,2025-11-18,,,2025-11-18,,,INTDIV - RE 0.45 PER SH
BE,MRF,MRF Limited - Depo,2025-11-21,,,2025-11-21,,,INTDIV - RS 3 PER SH
BL,MRF,MRF Ltd.,2025-11-21,,,2025-11-21,,,INTDIV - RS 3 PER SH
EQ,MRF,MRF Ltd.,2025-11-21,,,2025-11-21,,,INTDIV - RS 3 PER SH
IQ,MRF,MRF Ltd.,2025-11-21,,,2025-11-21,,,INTDIV - RS 3 PER SH
T0,MRF,MRF Ltd.,2025-11-21,,,2025-11-21,,,INTDIV - RS 3 PER SH
TL,MRF,MRF Ltd.,2025-11-21,,,2025-11-21,,,INTDIV - RS 3 PER SH
BE,NATCOPHARM,Natco Pharma Limited,2025-11-20,,,2025-11-20,,,INTDIV - RS 1.50 PER SH
BL,NATCOPHARM,Natco Pharma Limited,2025-11-20,,,2025-11-20,,,INTDIV - RS 1.50 PER SH
EQ,NATCOPHARM,Natco Pharma Limited,2025-11-20,,,2025-11-20,,,INTDIV - RS 1.50 PER SH
IQ,NATCOPHARM,Natco Pharma Limited,2025-11-20,,,2025-11-20,,,INTDIV - RS 1.50 PER SH
T0,NATCOPHARM,Natco Pharma Limited,2025-11-20,,,2025-11-20,,,INTDIV - RS 1.50 PER SH
TL,NATCOPHARM,Natco Pharma Limited,2025-11-20,,,2025-11-20,,,INTDIV - RS 1.50 PER SH
EQ,NAUKRI,Info Edge (India) Limited,2025-11-21,,,2025-11-21,,,INTDIV - RS 2.40 PER SH
BE,NAVNETEDUL,Navneet Education Limited,2025-11-18,,,2025-11-18,,,INTDIV - RS 1.50 PER SH
BL,NAVNETEDUL,Navneet Education Limited,2025-11-18,,,2025-11-18,,,INTDIV - RS 1.50 PER SH
EQ,NAVNETEDUL,Navneet Education Limited,2025-11-18,,,2025-11-18,,,INTDIV - RS 1.50 PER SH
IQ,NAVNETEDUL,Navneet Education Limited,2025-11-18,,,2025-11-18,,,INTDIV - RS 1.50 PER SH
BE,NBCC,Nbcc (India) Ltd,2025-11-19,,,2025-11-19,,,INTDIV - RE 0.21 PER SH
BL,NBCC,Nbcc (India) Ltd,2025-11-19,,,2025-11-19,,,INTDIV - RE 0.21 PER SH
EQ,NBCC,Nbcc (India) Ltd,2025-11-19,,,2025-11-19,,,INTDIV - RE 0.21 PER SH
IQ,NBCC,Nbcc (India) Ltd,2025-11-19,,,2025-11-19,,,INTDIV - RE 0.21 PER SH
T0,NBCC,Nbcc (India) Ltd,2025-11-19,,,2025-11-19,,,INTDIV - RE 0.21 PER SH
TL,NBCC,Nbcc (India) Ltd,2025-11-19,,,2025-11-19,,,INTDIV - RE 0.21 PER SH
IV,NHIT,National Highw Infra Trus,2025-11-18,,,2025-11-18,,,DISTRIBUTION - RS 2.471
BE,OIL,Oil India Ltd,2025-11-21,,,2025-11-21,,,INTDIV - RS 3.50 PER SH
BL,OIL,Oil India Ltd,2025-11-21,,,2025-11-21,,,INTDIV - RS 3.50 PER SH
EQ,OIL,Oil India Ltd,2025-11-21,,,2025-11-21,,,INTDIV - RS 3.50 PER SH
IQ,OIL,Oil India Ltd,2025-11-21,,,2025-11-21,,,INTDIV - RS 3.50 PER SH
T0,OIL,Oil India Ltd,2025-11-21,,,2025-11-21,,,INTDIV - RS 3.50 PER SH
TL,OIL,Oil India Ltd,2025-11-21,,,2025-11-21,,,INTDIV - RS 3.50 PER SH
IV,OSEINTRUST,Oriental InfraTrust,2025-11-18,,,2025-11-18,,,DISTRIBUTION - RS 3.5325
BE,PAGEIND,Page Industries Limited,2025-11-19,,,2025-11-19,,,INTDIV - RS 125 PER SH
BL,PAGEIND,Page Industries Limited,2025-11-19,,,2025-11-19,,,INTDIV - RS 125 PER SH
EQ,PAGEIND,Page Industries Limited,2025-11-19,,,2025-11-19,,,INTDIV - RS 125 PER SH
IQ,PAGEIND,Page Industries Limited,2025-11-19,,,2025-11-19,,,INTDIV - RS 125 PER SH
T0,PAGEIND,Page Industries Limited,2025-11-19,,,2025-11-19,,,INTDIV - RS 125 PER SH
TL,PAGEIND,Page Industries Limited,2025-11-19,,,2025-11-19,,,INTDIV - RS 125 PER SH
BE,PFC,Power Finance Corporation,2025-11-26,,,2025-11-26,,,INTDIV - RS 3.65 PER SH
BL,PFC,Power Finance Corporation,2025-11-26,,,2025-11-26,,,INTDIV - RS 3.65 PER SH
EQ,PFC,Power Finance Corporation,2025-11-26,,,2025-11-26,,,INTDIV - RS 3.65 PER SH
IQ,PFC,Power Finance Corporation,2025-11-26,,,2025-11-26,,,INTDIV - RS 3.65 PER SH
T0,PFC,Power Finance Corporation,2025-11-26,,,2025-11-26,,,INTDIV - RS 3.65 PER SH
TL,PFC,Power Finance Corporation,2025-11-26,,,2025-11-26,,,INTDIV - RS 3.65 PER SH
BE,PGIL,House of Pearl Fashions L,2025-11-17,,,2025-11-17,,,INTDIV - RS 6 PER SH
BL,PGIL,House of Pearl Fashions L,2025-11-17,,,2025-11-17,,,INTDIV - RS 6 PER SH
EQ,PGIL,House of Pearl Fashions L,2025-11-17,,,2025-11-17,,,INTDIV - RS 6 PER SH
IQ,PGIL,House of Pearl Fashions L,2025-11-17,,,2025-11-17,,,INTDIV - RS 6 PER SH
BE,POLYPLEX,Polyplex Corporation Ltd.,2025-11-21,,,2025-11-21,,,INTDIV - RS 2 PER SH
BL,POLYPLEX,Polyplex Corporation Ltd.,2025-11-21,,,2025-11-21,,,INTDIV - RS 2 PER SH
EQ,POLYPLEX,Polyplex Corporation Ltd.,2025-11-21,,,2025-11-21,,,INTDIV - RS 2 PER SH
IQ,POLYPLEX,Polyplex Corporation Ltd.,2025-11-21,,,2025-11-21,,,INTDIV - RS 2 PER SH
EQ,PRECWIRE,Precision Wires India Ltd,2025-11-18,,,2025-11-18,,,INTDIV - RS 0.35 PER SH
BE,SCI,SHIPPING CORP OF INDIA LT,2025-11-19,,,2025-11-19,,,INTDIV - RS 3 PER SH
BL,SCI,Shipping Corp of India ,2025-11-19,,,2025-11-19,,,INTDIV - RS 3 PER SH
EQ,SCI,Shipping Corp of India ,2025-11-19,,,2025-11-19,,,INTDIV - RS 3 PER SH
IQ,SCI,Shipping Corp of India ,2025-11-19,,,2025-11-19,,,INTDIV - RS 3 PER SH
GB,SGBNOV258,2.50%GOLDBONDS2025SR-VIII,2025-11-18,,,,,,REDEMPTION
GB,SGBNOV25IX,2.50%GOLDBONDS 2025SR-IX,2025-11-25,,,,,,REDEMPTION
BE,SONATSOFTW,SONATSOFTW - Depo,2025-11-21,,,2025-11-21,,,INTDIV - RS 1.25 PER SH
BL,SONATSOFTW,Sonata Software Ltd,2025-11-21,,,2025-11-21,,,INTDIV - RS 1.25 PER SH
EQ,SONATSOFTW,Sonata Software Ltd,2025-11-21,,,2025-11-21,,,INTDIV - RS 1.25 PER SH
IQ,SONATSOFTW,Sonata Software Ltd,2025-11-21,,,2025-11-21,,,INTDIV - RS 1.25 PER SH
T0,SONATSOFTW,Sonata Software Ltd,2025-11-21,,,2025-11-21,,,INTDIV - RS 1.25 PER SH
TL,SONATSOFTW,Sonata Software Ltd,2025-11-21,,,2025-11-21,,,INTDIV - RS 1.25 PER SH
BE,SURYAROSNI,Surya Roshni Ltd,2025-11-17,,,2025-11-17,,,INTDIV - RS 2.50 PER SH
BL,SURYAROSNI,Surya Roshni Ltd,2025-11-17,,,2025-11-17,,,INTDIV - RS 2.50 PER SH
EQ,SURYAROSNI,Surya Roshni Ltd,2025-11-17,,,2025-11-17,,,INTDIV - RS 2.50 PER SH
IQ,SURYAROSNI,Surya Roshni Ltd,2025-11-17,,,2025-11-17,,,INTDIV - RS 2.50 PER SH
BE,VENUSPIPES,Venus Pipes & Tubes Ltd,2025-11-18,,,2025-11-18,,,INTDIV - RE 0.50 PER SH
BL,VENUSPIPES,Venus Pipes & Tubes Ltd,2025-11-18,,,2025-11-18,,,INTDIV - RE 0.50 PER SH
EQ,VENUSPIPES,Venus Pipes & Tubes Ltd,2025-11-18,,,2025-11-18,,,INTDIV - RE 0.50 PER SH
IQ,VENUSPIPES,Venus Pipes & Tubes Ltd,2025-11-18,,,2025-11-18,,,INTDIV - RE 0.50 PER SH
SM,VIVIANA,Viviana Power Tech Ltd,2025-11-19,,,2025-11-19,,,BONUS 3:5
