SECURITY,NEW,PREVIOUS,NEW_STATUS
AIMTRON ELECTRONICS LTD       ,977.60,970.00,H
AKIKO GLOBAL SERVICES L       ,299.30,292.00,H
ANAND RATHI SH N STK BR L     ,775.00,738.00,H
ANLON HEALTHCARE LIMITED      ,150.12,149.00,H
ANONDITA MEDICARE LIMITED     ,675.80,669.90,H
APRAMEYA ENGINEERING LTD      ,350.00,339.00,H
ASAHI INDIA GLASS LIMITED     ,1005.00,985.60,H
AXISAMC - AXISBNKETF          ,605.73,602.50,H
BHAGYANAGAR INDIA LIMITED     ,167.40,153.67,H
BILLIONBRAINS GARAGE VN L     ,178.23,153.50,H
BORANA WEAVES LIMITED         ,286.30,281.70,H
CARTRADE TECH LIMITED         ,3290.50,3210.00,H
DIVINE HIRA JEWELLERS LTD     ,153.90,147.90,H
EDELAMC - EBBETF0430          ,1604.90,1586.20,H
EURO PRATIK SALES LIMITED     ,390.00,357.00,H
GROWWAMC - GROWWMC150         ,227.50,223.48,H
HDFCAMC HDFCPSUBK             ,86.00,84.96,H
ICICIPRAMC - IPRU5008         ,61.62,60.97,H
ICICIPRAMC-ICICIFIN           ,32.74,32.69,H
INDIAN BANK                   ,891.50,887.80,H
JAIN RESOURCE RECYCLING L     ,457.95,451.70,H
KOTAKMAMC - KOTAKMID50        ,181.05,181.00,H
LENSKART SOLUTIONS LTD        ,438.85,429.00,H
LUMAX AUTO TECH LTD           ,1480.90,1467.70,H
MAXVOLT ENERGY INDUS L        ,428.90,420.45,H
MEGA FLEX PLASTICS LTD        ,82.95,79.00,H
MIDWEST LIMITED               ,1289.60,1190.00,H
MIRAEAMC - BANKETF            ,598.32,594.52,H
MIRAEAMC - BANKPSU            ,85.87,84.58,H
MOTILALAMC - MOVALUE          ,116.50,116.19,H
MULTI COMMODITY EXCHANGE      ,9795.00,9764.00,H
MUTHOOT FINANCE LIMITED       ,3767.80,3755.00,H
NATIONAL HIGHW INFRA TRUS     ,144.00,143.00,H
NAVIN FLUORINE INT. LTD       ,6168.50,6138.00,H
NIP IND ETF LONGTERM GILT     ,30.03,29.76,H
NIP IND ETF MIDCAP 150        ,237.34,235.65,H
NIPPONAMC - MANUFGBEES        ,158.41,157.00,H
OBSC PERFECTION LIMITED       ,360.00,355.25,H
PANSARI DEVELOPERS LTD        ,298.90,288.85,H
PIRAMAL FINANCE LIMITED       ,1564.70,1490.20,H
PRAMARA PROMOTIONS LTD        ,335.00,334.00,H
PRICOL LIMITED                ,622.00,612.50,H
RHETAN TMT LIMITED            ,25.25,24.95,H
RUBICON RESEARCH LIMITED      ,754.80,731.90,H
SACHEEROME LIMITED            ,313.95,312.45,H
SAFE ENTER RETAIL FIX LTD     ,319.00,315.50,H
SBI-ETF NIFTY BANK            ,603.30,599.84,H
SBIAMC - SBIETFPB             ,295.26,295.00,H
SHAILY ENG PLASTICS LTD       ,2799.90,2670.00,H
SHREEJI SHIPPING GLOBAL L     ,322.90,305.00,H
SRM CONTRACTORS LIMITED       ,649.95,639.50,H
SWAN DEFENCE N HEVY IND L     ,1036.05,986.75,H
TANKUP ENGINEERS LIMITED      ,608.45,596.55,H
TERA SOFTWARE LIMITED         ,598.00,594.95,H
THYROCARE TECH LTD            ,1608.90,1579.00,H
TVS HOLDINGS LIMITED          ,15844.00,15840.00,H
UNIHEALTH HOSPITALS LTD       ,196.50,191.00,H
VERTIS INFRASTRUCTURE TST     ,109.50,109.00,H
VINTAGE COFFEE N BVRGS L      ,174.50,173.99,H
YATRA ONLINE LIMITED          ,202.00,196.30,H
ZOTA HEALTH CARE LIMITED      ,1633.00,1627.70,H
ADVENT HOTELS INTERNATI L     ,296.65,300.00,L
AMIABLE LOGISTICS (I) LTD     ,54.00,59.90,L
ANANTAM HIGHWAYS TRUST        ,100.20,103.00,L
ANTHEM BIOSCIENCES LTD        ,664.05,668.40,L
ARSHIYA LIMITED               ,1.58,1.60,L
ASTRON PAPER BORD MIL LTD     ,7.51,7.82,L
ATC ENERGIES SYSTEM LTD       ,40.55,42.00,L
AURO IMPEX & CHEMICALS L      ,42.50,43.95,L
AXITA COTTON LIMITED          ,8.00,8.04,L
BABA FOOD PROCESSING          ,31.40,32.60,L
BAWEJA STUDIOS LIMITED        ,39.10,39.50,L
BHADORA INDUSTRIES LTD        ,77.30,80.00,L
BLUE PEBBLE LIMITED           ,130.40,150.00,L
CAPITAL TRUST LIMITED         ,19.66,20.70,L
CHETANA EDUCATION LIMITED     ,60.00,63.70,L
CURIS LIFESCIENCES LTD        ,133.95,138.80,L
DANGEE DUMS LIMITED           ,3.50,3.85,L
DE NEERS TOOLS LIMITED        ,151.00,155.25,L
DEEM ROLL TECH LIMITED        ,47.35,47.45,L
DELTA AUTOCORP LIMITED        ,50.10,56.25,L
DEV ACCELERATOR LIMITED       ,40.37,40.48,L
DIGIKORE STUDIOS LIMITED      ,70.25,71.10,L
DJ MEDIAPRINT & LOG LTD       ,67.60,69.97,L
EASY TRIP PLANNERS LTD        ,7.52,7.82,L
ESPRIT STONES LIMITED         ,65.25,66.70,L
EXICOM TELE SYSTEMS LTD       ,130.10,130.37,L
FINBUD FINANCIAL SERV LTD     ,148.80,156.60,L
FISCHER MEDICAL VENTURE L     ,52.87,58.75,L
FUTURE ENTERPRISES LTD        ,0.34,0.35,L
GATEWAY DISTRIPARKS LTD       ,56.49,56.85,L
GEM AROMATICS LIMITED         ,183.00,186.00,L
GRAPHISADS LIMITED            ,30.40,31.25,L
GROWWAMC - GROWWMC150         ,221.05,223.48,L
HOMESFY REALTY LIMITED        ,185.15,194.90,L
INVENTURE GRO & SEC LTD       ,1.28,1.31,L
KAUSHALYA LOGISTICS LTD       ,40.65,43.25,L
MITTAL LIFE STYLE LIMITED     ,1.19,1.40,L
MONEYBOXX FINANCE LIMITED     ,138.50,141.11,L
MOVING MEDIA ENTER LTD        ,50.15,50.50,L
ON DOOR CONCEPTS LIMITED      ,112.80,115.50,L
PARAMOUNT SPECIALI FORG L     ,31.00,31.65,L
PLAZA WIRES LIMITED           ,43.50,43.68,L
PRECISION METALIKS LTD        ,16.05,16.75,L
QUADPRO ITES LIMITED          ,2.75,2.80,L
QUICKTOUCH TECHNOLOGIES L     ,32.50,35.05,L
RAMA TELECOM LIMITED          ,58.25,58.55,L
RAYMOND REALTY LIMITED        ,521.20,541.70,L
REVATHI EQUIPMENT INDIA L     ,801.50,802.95,L
ROLEX RINGS LIMITED           ,107.80,108.31,L
ROTO PUMPS LIMITED            ,61.50,62.05,L
S A TECH SOFTWARE INDIA L     ,33.00,37.00,L
SECUREKLOUD TECH LIMITED      ,16.01,16.35,L
SESHAASAI TECHNOLOGIES L      ,324.05,330.00,L
SHEEL BIOTECH LIMITED         ,74.00,74.15,L
SHIGAN QUANTUM TECH LTD       ,55.00,58.00,L
SHIVALIC POWER CONTROL L      ,83.00,89.00,L
SMC GLOBAL SECURITIES LTD     ,63.43,65.45,L
SONA MACHINERY LIMITED        ,60.00,65.50,L
STUDIO LSD LIMITED            ,15.95,16.60,L
SUUMAYA INDUSTRIES LTD        ,1.63,1.64,L
SUYOG TELEMATICS LIMITED      ,670.00,686.25,L
SWASTIK PIPE LIMITED          ,28.00,28.30,L
TARSONS PRODUCTS LIMITED      ,228.60,237.00,L
TATA MOTORS PASS VEH LTD      ,363.00,387.30,L
TEAMO PRODUCTIONS HQ LTD      ,0.52,0.56,L
TIGER LOGISTICS (INDIA) L     ,39.60,39.96,L
TSC INDIA LIMITED             ,55.00,56.00,L
UNILEX COLOURS AND CHEM L     ,37.50,37.90,L
UNITED FOODBRANDS LIMITED     ,187.11,188.40,L
VIGOR PLAST INDIA LIMITED     ,76.05,77.35,L
VINNY OVERSEAS LIMITED        ,1.19,1.20,L
VISHNU PRAKASH R PUNGLI L     ,85.10,86.32,L
VISHWARAJ SUGAR IND LTD       ,7.24,7.40,L
VISHWAS AGRI SEEDS LTD        ,42.00,47.00,L
VMS TMT LIMITED               ,64.06,64.18,L
