SYMBOL,SERIES,SECURITY,HIGH/LOW
AARADHYA,ST,AARADHYA DISPOSAL INDUS L,H
ABINFRA,EQ,A B INFRABUILD LIMITED,H
AGSTRA,BZ,AGS TRANSACT TECH LTD,H
ALPSINDUS,EQ,ALPS INDUSTRIES LTD,H
ANKITMETAL,BZ,ANKIT MET & POW LTD,H
ASMS,EQ,BARTRONICS INDIA LIMITED,H
ASPIRE,SM,ASPIRE & INNOVATIVE ADV L,H
AURIGROW,EQ,AURI GROW INDIA LIMITED,H
CADSYS,SM,CADSYS (INDIA) LIMITED,H
COMPINFO,BZ,COMPUAGE INFOCOM LTD,H
CSSL,ST,CLEAR SECURED SERVICES L,H
CTE,EQ,CAMBRIDGE TECH ENTER LTD,H
DIGJAMLMTD,EQ,DIGJAM LTD,H
DRONE,SM,DRONE DESTINATION LIMITED,H
FEL,BZ,FUTURE ENTERPRISES LTD,H
FELDVR,BZ,FUTURE ENTERPRISES LTD,H
FLFL,BZ,FUT LIFESTYLE FASH LTD,H
FONEBOX,ST,FONEBOX RETAIL LIMITED,H
FORGEAUTO,SM,FORGE AUTO INTERNATION L,H
GAYAHWS,BE,GAYATRI HIGHWAYS LIMITED,H
GIRIRAJ,SM,GIRIRAJ CIVIL DEVP LTD,H
GKENERGY,EQ,GK ENERGY LIMITED,H
GLFL,BE,GUJARAT LEASE FINANCING L,H
GML,SM,GALAXY MEDICARE LIMITED,H
GOENKA,BZ,GOENKA DIAMOND&JEWELS LTD,H
GSLSU,BE,GLOBAL SURFACES LIMITED,H
GSTL,ST,GLOBESECURE TECHNO LTD,H
GTECJAINX,EQ,G-TEC JAINX EDUCATION LTD,H
IDFNIFTYET,EQ,BANDHANAMC - IDFNIFTYET,H
JALAN,SM,JALAN TRANSOLU. INDIA LTD,H
JSWHL,EQ,JSW HOLDINGS LIMITED,H
LCCINFOTEC,BE,LCC INFOTECH LTD,H
MAFANG,EQ,MIRAEAMC - MAFANG,H
MAHKTECH,EQ,MIRAEAMC - MAHKTECH,H
MANAV,ST,MANAV INFRA PROJECTS LTD,H
MARINETRAN,SM,MARINETRANS INDIA LIMITED,H
MASPTOP50,EQ,MIRAEAMC - MASPTOP50,H
MEP,BZ,MEP INFRA. DEVELOPERS LTD,H
MORARJEE,BZ,MORARJEE TEXTILES LIMITED,H
NACLIND,BE,NACL INDUSTRIES LIMITED,H
NIRMAN,SM,NIRMAN AGRI GENTICS LTD,H
ORTEL,BZ,ORTEL COMMUNICATIONS LTD,H
OSIAHYPER,EQ,OSIA HYPER RETAIL LIMITED,H
PANSARI,BE,PANSARI DEVELOPERS LTD,H
PRAXIS,EQ,PRAXIS HOME RETAIL LTD,H
PREMIER,BE,PREMIER LIMITED,H
PROZONER,BE,PROZONE REALTY LIMITED,H
RAJRILTD,BE,RAJ RAYON INDUSTRIES LTD,H
RSSOFTWARE,EQ,R. S. SOFTWARE (INDIA) LI,H
S&SPOWER,EQ,S&S POWER SWITCHGEARS LTD,H
SACHEEROME,ST,SACHEEROME LIMITED,H
SANWARIA,BZ,SANWARIA CONSUMER LIMITED,H
SETUINFRA,BZ,SETUBANDHAN INFRA LTD,H
SHANTHALA,ST,SHANTHALA FMCG PRODUCTS L,H
SHREERAMA,BE,SHREE RAMA MULTI TECH LTD,H
SICALLOG,BE,SICAL LOGISTICS LIMITED,H
SILLYMONKS,BE,SILLY MONKS ENTERTAIN LTD,H
SIMBHALS,BZ,SIMBHAOLI SUGARS LTD.,H
SITINET,BZ,SITI NETWORKS LIMITED,H
SMVD,SM,SMVD POLY PACK LIMITED,H
SPEB,ST,SPEB ADHESIVES LIMITED,H
SRPL,BZ,SHREE RAM PROTEINS LTD.,H
STALLION,BE,STALLION IND FLUOROCHEM L,H
SUMEETINDS,BE,SUMEET IND LIMITED,H
SUNTECH,SM,SUNTECH INFRA SOLUTIONS L,H
SUPREMEENG,BZ,SUPREME ENGINEERING LTD,H
SVLL,EQ,SHREE VASU LOGISTICS LTD,H
TAURIAN,ST,TAURIAN MPS LIMITED,H
TERASOFT,BE,TERA SOFTWARE LIMITED,H
TGL,ST,TEERTH GOPICON LIMITED,H
UNIHEALTH,ST,UNIHEALTH HOSPITALS LTD,H
VINNY,EQ,VINNY OVERSEAS LIMITED,H
ACCPL,ST,ACCRETION PHARMA LIMITED,L
AGARWALFT,SM,AGARWAL FLOAT GLASS I LTD,L
AMJUMBO,SM,A AND M JUMBO BAGS LTD,L
ANSALAPI,BZ,ANSAL PROP & INFRA LTD,L
APOLLO,EQ,APOLLO MICRO SYSTEMS LTD,L
ARSHIYA,BZ,ARSHIYA LIMITED,L
ASTRON,EQ,ASTRON PAPER BORD MIL LTD,L
BGRENERGY,BE,BGR ENERGY SYSTEMS LTD,L
BLUECOAST,BE,BLUE COAST HOTELS LIMITED,L
CBAZAAR,ST,NET AVENUE TECHNOLOGIES L,L
CEREBRAINT,BZ,CEREBRA INT TECH LTD,L
CSSL,ST,CLEAR SECURED SERVICES L,L
DHARAN,BZ,DHARAN INFRA-EPC LIMITED,L
EUROTEXIND,BE,EUROTEX IND & EXPORTS LTD,L
FEL,BZ,FUTURE ENTERPRISES LTD,L
FLEXITUFF,EQ,FLEXITUFF VENTURES INT L,L
GAYAHWS,BE,GAYATRI HIGHWAYS LIMITED,L
GLFL,BE,GUJARAT LEASE FINANCING L,L
GRAPHISAD,SM,GRAPHISADS LIMITED,L
GSTL,ST,GLOBESECURE TECHNO LTD,L
GVKPIL,BE,GVK POW. & INFRA LTD.,L
INDOTHAI,BE,INDO THAI SEC LTD,L
INVICTA,ST,INVICTA DIAGNOSTIC LTD,L
ITTL,ST,INNOVATIVE TYRE & TUBE LT,L
JALAN,SM,JALAN TRANSOLU. INDIA LTD,L
LRRPL,SM,LEAD REC AND RUB PROD LTD,L
MAGSON,SM,MAGSON RETAIL AND DIST L,L
MASKINVEST,BE,MASK INVESTMENTS LIMITED,L
MONOPHARMA,SM,MONO PHARMACARE LIMITED,L
MORARJEE,BZ,MORARJEE TEXTILES LIMITED,L
NEELAM,SM,NEELAM LINENS & GAR (I) L,L
NEOCHEM,ST,NEOCHEM BIO SOLUTIONS LTD,L
NRVANDANA,ST,N R VANDANA TEX IND LTD,L
ORTINGLOBE,BE,ORTIN GLOBAL LIMITED,L
PALREDTEC,EQ,PALRED TECHNOLOGIES LTD,L
PURPLEUTED,ST,PURPLE UNITED SALES LTD,L
RAJRILTD,BE,RAJ RAYON INDUSTRIES LTD,L
RELINFRA,BE,RELIANCE INFRASTRUCTU LTD,L
SABAR,ST,SABAR FLEX INDIA LIMITED,L
SANCO,BZ,SANCO INDUSTRIES LIMITED,L
SANGANI,SM,SANGANI HOSPITALS LIMITED,L
SANWARIA,BZ,SANWARIA CONSUMER LIMITED,L
SHRIKANHA,ST,SHRI KANHA STAINLESS LTD,L
SHYAMCENT,BE,SHYAM CENTURY FERROUS LTD,L
SIKKO,BE,SIKKO INDUSTRIES LIMITED,L
SPECTSTM,SM,SPECTRUM TALENT MGMT LTD,L
SPRL,ST,SP REFRACTORIES LIMITED,L
SUNLITE,ST,SUNLITE RECYCLING IND LTD,L
SVPGLOB,BE,SVP GLOBAL TEXTILES LTD,L
TEMBO,EQ,TEMBO GLOBAL IND LTD,L
TIMESCAN,SM,TIMESCAN LOGISTICS IND L,L
TRANSWIND,SM,TRANSWIND INFRA LIMITED,L
UNITEDPOLY,BE,UNITED POLYFAB GUJ. LTD.,L
VCL,BE,VAXTEX COTFAB LIMITED,L
VISAMAN,ST,VISAMAN GLOBAL SALES LTD,L
VITAL,SM,VITAL CHEMTECH LIMITED,L
VSCL,SM,VADIVARHE SPCLTY CHEM LTD,L
