SYMBOL,SERIES,SECURITY,HIGH/LOW
21STCENMGM,EQ,21ST CENTURY MGMT SERVICE,H
971SCL28A,NT,SEC RE NCD 9.71% SR VIII,H
ABMINTLLTD,BE,ABM INTERNATIONAL LTD,H
ANONDITA,ST,ANONDITA MEDICARE LIMITED,H
ANSALAPI,BZ,ANSAL PROP & INFRA LTD,H
ARSHIYA,BZ,ARSHIYA LIMITED,H
ARVEE,BE,ARVEE LABORATORIES I LTD,H
ARVINDPORT,SM,ARVIND PORT AND INFRA LTD,H
ASCOM,ST,ASCOM LEASIN & INVEST LTD,H
BHARATSE,EQ,BHARAT SEATS LIMITED,H
BLUECHIP,EQ,BLUE CHIP INDIA LIMITED,H
BOHRAIND,EQ,BOHRA INDUSTRIES LIMITED,H
BRANDMAN,ST,BRANDMAN RETAIL LIMITED,H
CADSYS,SM,CADSYS (INDIA) LIMITED,H
CKKRETAIL,ST,C K K RETAIL MART LIMITED,H
CLCIND,BE,CLC INDUSTRIES LIMITED,H
CMICABLES,BZ,CMI LIMITED,H
COMPINFO,BZ,COMPUAGE INFOCOM LTD,H
COOLCAPS,SM,COOL CAPS INDUSTRIES LTD,H
DENEERS,ST,DE NEERS TOOLS LIMITED,H
DHARAN,BZ,DHARAN INFRA-EPC LIMITED,H
EASEMYTRIP,EQ,EASY TRIP PLANNERS LTD,H
EDUCOMP,BZ,EDUCOMP SOLUTIONS LTD,H
EXCELLENT,ST,EXCELLENT WIRES N PACK L,H
FEL,BZ,FUTURE ENTERPRISES LTD,H
FELDVR,BZ,FUTURE ENTERPRISES LTD,H
FLFL,BZ,FUT LIFESTYLE FASH LTD,H
GAYAHWS,EQ,GAYATRI HIGHWAYS LIMITED,H
GAYAPROJ,BZ,GAYATRI PROJECTS LTD,H
GFSTEELS,BE,GRAND FOUNDRY LTD,H
GIRIRAJ,SM,GIRIRAJ CIVIL DEVP LTD,H
GJL,ST,GROVER JEWELLS LIMITED,H
GKENERGY,EQ,GK ENERGY LIMITED,H
GLFL,EQ,GUJARAT LEASE FINANCING L,H
GOLDSTAR,SM,GOLDSTAR POWER LIMITED,H
HNGSNGBEES,EQ,NIP IND ETF HANGSENG BEES,H
HRHNEXT,SM,HRH NEXT SERVICES LIMITED,H
IMPEXFERRO,BZ,IMPEX FERRO TECH LIMITED,H
JITFINFRA,EQ,JITF INFRALOGISTICS LTD,H
KWIL,BE,KWALITY WALL'S (INDIA) L,H
LCCINFOTEC,BE,LCC INFOTECH LTD,H
LOTUSEYE,EQ,LOTUS EYE HOSP & INST L,H
MAFANG,EQ,MIRAEAMC - MAFANG,H
MANAV,SM,MANAV INFRA PROJECTS LTD,H
MASPTOP50,EQ,MIRAEAMC - MASPTOP50,H
MAXVOLT,ST,MAXVOLT ENERGY INDUS L,H
MEP,BZ,MEP INFRA. DEVELOPERS LTD,H
MIEL,SM,MANGLAM INFRA & ENG LTD,H
MONOPHARMA,SM,MONO PHARMACARE LIMITED,H
MTEDUCARE,BE,MT EDUCARE LTD,H
NEUEON,BE,NEUEON CORPORATION LTD,H
NIRAJISPAT,BE,NIRAJ ISPAT IND LTD,H
ONELIFECAP,BE,ONELIFE CAP ADVISORS LTD,H
ORTEL,BZ,ORTEL COMMUNICATIONS LTD,H
ORTINGLOBE,BE,ORTIN GLOBAL LIMITED,H
PREMIER,BE,PREMIER LIMITED,H
RACLGEAR,EQ,RACL GEARTECH LIMITED,H
RAJRILTD,BE,RAJ RAYON INDUSTRIES LTD,H
S&SPOWER,EQ,S&S POWER SWITCHGEARS LTD,H
SACHEEROME,ST,SACHEEROME LIMITED,H
SADBHAV,EQ,SADBHAV ENGINEERING LTD,H
SAHAJ,SZ,SAHAJ FASHIONS LIMITED,H
SANCO,BZ,SANCO INDUSTRIES LIMITED,H
SATIPOLY,SM,SATI POLY PLAST LIMITED,H
SHEETAL,ST,SHEETAL UNIVERSAL LIMITED,H
SHRENIK,BZ,SHRENIK LIMITED,H
SITINET,BZ,SITI NETWORKS LIMITED,H
SMVD,ST,SMVD POLY PACK LIMITED,H
SOMATEX,BE,SOMA TEXTILEI NDUSTRIES L,H
SUPREMEENG,BZ,SUPREME ENGINEERING LTD,H
SWARAJ,ST,SWARAJ SUITING LIMITED,H
UNIVAFOODS,BE,UNIVA FOODS LIMITED,H
VEEKAYEM,SM,VEEKAYEM FASH & APP LTD,H
VERTEXPLUS,SM,VERTEXPLUS TECHNOLOGIES L,H
VR,SM,V R INFRASPACE LIMITED,H
WINSOME,BZ,WINSOME YARNS LIMITED,H
76TN31,SG,SDL TN 7.6% 2031,L
AAATECH,BE,AAA TECHNOLOGIES LIMITED,L
ABMINTLLTD,BE,ABM INTERNATIONAL LTD,L
ACCORD,SM,ACCORD SYNERGY LIMITED,L
AIRAN,EQ,AIRAN LIMITED,L
AQYLON,BE,AQYLON NEXUS LIMITED,L
ASCOM,ST,ASCOM LEASIN & INVEST LTD,L
ASPIRE,SM,ASPIRE & INNOVATIVE ADV L,L
AURIGROW,BE,AURI GROW INDIA LIMITED,L
AXITA,BE,AXITA COTTON LIMITED,L
BEACON,ST,BEACON TRUSTEESHIP LTD,L
BGLOBAL,BZ,BHARATIYA GLOBAL INFO LTD,L
BHAGYANGR,BE,BHAGYANAGAR INDIA LIMITED,L
BIOPOL,ST,BIOPOL CHEMICALS LIMITED,L
BLUECOAST,EQ,BLUE COAST HOTELS LIMITED,L
BLUEJET,EQ,BLUE JET HEALTHCARE LTD,L
BULKCORP,SM,BULKCORP INTERNATIONAL L,L
CEREBRAINT,BZ,CEREBRA INT TECH LTD,L
CMICABLES,BZ,CMI LIMITED,L
COMPINFO,BZ,COMPUAGE INFOCOM LTD,L
DHARAN,BZ,DHARAN INFRA-EPC LIMITED,L
DHTL,ST,DOCMODE HEALTH TECH LTD,L
DIRL,SM,DHANUKA INFRA REALTY LTD,L
DIVYADHAN,SM,DIVYADHAN RECYCLING IND L,L
EASTSILK,BE,EASTERN SILK INDUSTRIES L,L
ENERGYDEV,BE,ENERGY DEVE. CO.LTD,L
EUROTEXIND,BE,EUROTEX IND & EXPORTS LTD,L
FALCONTECH,SM,FALCON TECHNOPROJ IND LTD,L
FAZE3Q,EQ,FAZE THREE LIMITED,L
FEL,BZ,FUTURE ENTERPRISES LTD,L
FELDVR,BZ,FUTURE ENTERPRISES LTD,L
FLFL,BZ,FUT LIFESTYLE FASH LTD,L
GANESHIN,SM,GANESH INFRAWORLD LIMITED,L
GAYAHWS,EQ,GAYATRI HIGHWAYS LIMITED,L
GENSOL,BZ,GENSOL ENGINEERING LTD,L
GRAPHISAD,ST,GRAPHISADS LIMITED,L
GRCL,SM,GAYATRI RUBB AND CHEM LTD,L
HDIL,BZ,HOUSING DEV & INFRA LTD,L
HVAX,SM,HVAX TECHNOLOGIES LIMITED,L
IL&FSENGG,BZ,IL&FS ENG AND CONS CO LTD,L
JPASSOCIAT,BE,JAIPRAKASH ASSOCIATES LTD,L
KAVDEFENCE,EQ,KAVVERI DFS & WIR TEC LTD,L
KESORAMIND,BE,KESORAM INDUSTRIES LTD,L
KSR,BE,KSR FOOTWEAR LIMITED,L
KWIL,BE,KWALITY WALL'S (INDIA) L,L
LAXMICOT,EQ,LAXMI COTSPIN LIMITED,L
MAL,SM,MANGALAM ALLOYS LIMITED,L
MANAKALUCO,BE,MANAK ALUMINIUM CO. LTD.,L
MDL,SM,MARVEL DECOR LIMITED,L
MEDIORG,SM,MEDICAMEN ORGANICS LTD,L
MEP,BZ,MEP INFRA. DEVELOPERS LTD,L
MIEL,SM,MANGLAM INFRA & ENG LTD,L
MILTON,ST,MILTON INDUSTRIES LIMITED,L
NAMAN,SM,NAMAN INDUSTRE PRXIMA LTD,L
NEWJAISA,SM,NEWJAISA TECHNOLOGIES LTD,L
NIRMAN,SM,NIRMAN AGRI GENTICS LTD,L
PARASPETRO,BE,PARAS PETROFILS LTD.,L
POLYSIL,ST,POLYSIL IRRIGATION SYST L,L
PRECISION,SM,PRECISION METALIKS LTD,L
PSRAJ,ST,P S RAJ STEELS LIMITED,L
PULZ,SM,PULZ ELECTRONICS LIMITED,L
PURPLEUTED,SM,PURPLE UNITED SALES LTD,L
QUADPRO,SM,QUADPRO ITES LIMITED,L
RAJESHEXPO,BZ,RAJESH EXPORTS LTD,L
RAJVIR,BZ,RAJVIR INDUSTRIES LIMITED,L
RELIABLE,BE,RELIABLE DATA SERVICE LTD,L
RELINFRA,BE,RELIANCE INFRASTRUCTU LTD,L
REXPRO,SM,REXPRO ENTERPRISES LTD,L
ROCKINGDCE,ST,ROCKINGDEALS CIRCU ECO L,L
SADBHIN,EQ,SADBHAV INFRA PROJ LTD.,L
SADHNANIQ,EQ,SADHANA NITROCHEM LIMITED,L
SANCO,BZ,SANCO INDUSTRIES LIMITED,L
SANWARIA,BZ,SANWARIA CONSUMER LIMITED,L
SETUINFRA,BZ,SETUBANDHAN INFRA LTD,L
SHYAMCENT,BE,SHYAM CENTURY FERROUS LTD,L
SICALLOG,BE,SICAL LOGISTICS LIMITED,L
SIGMAADV,EQ,SIGMA ADVANCED SYSTEM LTD,L
SITINET,BZ,SITI NETWORKS LIMITED,L
SKIL,BZ,SKIL INFRASTRUCTURE LTD.,L
SPPPOLY,SM,SPP POLYMER LIMITED,L
SRPL,BZ,SHREE RAM PROTEINS LTD.,L
STALLION,EQ,STALLION IND FLUOROCHEM L,L
SUPREMEENG,BZ,SUPREME ENGINEERING LTD,L
SWANDEF,BE,SWAN DEFENCE N HEVY IND L,L
SYNOPTICS,SM,SYNOPTICS TECHNOLOGIES L,L
TAKE,BE,TAKE SOLUTIONS LTD,L
TCIFINANCE,BE,TCIFINANCELTD-ROLL SETT,L
TECHLABS,SM,TRIDENT TECHLABS LIMITED,L
TICL,EQ,TWAMEV CONS AND INFRA LTD,L
TIJARIA,BE,TIJARIA POLYPIPES LTD,L
TIRUPATI,SM,SHREE TIRUPATI BALAJEE,L
UEL,EQ,UJAAS ENERGY LIMITED,L
UNITEDPOLY,EQ,UNITED POLYFAB GUJ. LTD.,L
UNIVAFOODS,BE,UNIVA FOODS LIMITED,L
USASEEDS,SM,UPSURGE SEEDS OF AGRI LTD,L
VIJAYPD,ST,VIJAYPD CEUTICAL LIMITED,L
VIJIFIN,EQ,VIJI FINANCE LIMITED,L
VILINBIO,ST,VILIN BIO MED LIMITED,L
VIVIMEDLAB,EQ,VIVIMED LABS LIMITED,L
YUDIZ,SM,YUDIZ SOLUTIONS LIMITED,L
