SECURITY,NEW,PREVIOUS,NEW_STATUS
AXISAMC - AXISBNKETF          ,635.32,632.72,H
AYE FINANCE LIMITED           ,133.80,129.00,H
BRANDMAN RETAIL LIMITED       ,222.35,211.80,H
C K K RETAIL MART LIMITED     ,229.20,218.30,H
CANARA HSBC LIFE INS CO L     ,159.00,157.80,H
CLC INDUSTRIES LIMITED        ,12.57,11.98,H
COMMERCIAL SYN BAGS LTD       ,190.00,183.99,H
DIVINE HIRA JEWELLERS LTD     ,260.00,258.30,H
DSPAMC - DSPPSBKETF           ,94.00,93.97,H
FRACTAL ANALYTICS LIMITED     ,897.30,900.00,H
GROVER JEWELLS LIMITED        ,116.60,111.05,H
JIND POL INV & FIN CO LTD     ,1240.00,1184.90,H
KWALITY WALL'S (INDIA) L      ,31.29,40.20,H
MANAV INFRA PROJECTS LTD      ,38.00,36.20,H
MAX FINANCIAL SERV LTD        ,1857.40,1848.50,H
MIRAEAMC - BANKPSU            ,93.73,93.28,H
MIRAEAMC - HEALTHCARE         ,18.44,18.42,H
MIRAEAMC - MAFSETF            ,29.94,29.82,H
MOTILALAMC - MOQUALITY        ,225.60,222.70,H
NATIONAL HIGHW INFRA TRUS     ,154.75,154.00,H
NEUEON CORPORATION LTD        ,10.29,9.80,H
PASHUPATI COTSPIN LIMITED     ,915.50,903.30,H
R&B DENIMS LIMITED            ,181.90,178.25,H
RACL GEARTECH LIMITED         ,1441.60,1347.80,H
REX PIPES AND CABLES LTD      ,180.00,178.20,H
SBIAMC - SBINEQWETF           ,35.00,34.80,H
SHEETAL UNIVERSAL LIMITED     ,240.35,228.95,H
SHREEJI SHIPPING GLOBAL L     ,418.00,408.85,H
TORRENT PHARMACEUTICALS L     ,4324.90,4130.00,H
TVS INFRASTRUCTURE TRUST      ,114.00,113.50,H
ZERODHAAMC - LTGILTCASE       ,30.80,30.72,H
AJAX ENGINEERING LIMITED      ,465.00,467.90,L
ALLCARGO LOGISTICS LTD        ,8.91,8.97,L
ARMOUR SECURITY (INDIA) L     ,26.50,27.15,L
ATAM VALVES LIMITED           ,66.10,69.98,L
AURI GROW INDIA LIMITED       ,0.33,0.34,L
AWFIS SPACE SOLUTIONS LTD     ,316.50,320.70,L
AWL AGRI BUSINESS LIMITED     ,199.40,200.20,L
AYE FINANCE LIMITED           ,120.55,129.00,L
BHARAT COKING COAL LTD        ,33.55,35.09,L
BIOPOL CHEMICALS LIMITED      ,100.25,105.45,L
BLUESTONE JEWEL LFSTL LTD     ,404.00,411.85,L
BRAINBEES SOLUTIONS LTD       ,236.80,254.50,L
CAPILLARY TECHNO INDIA L      ,489.00,511.95,L
CELLO WORLD LIMITED           ,468.00,490.00,L
CLEAN SCIENCE & TECH LTD      ,740.10,744.50,L
CONCORD ENVIRO SYSTEMS L      ,347.00,349.65,L
DAM CAPITAL ADVISORS LTD      ,161.27,161.74,L
DELPHI WORLD MONEY LTD        ,14.00,15.55,L
DEV INFO TECHNOLOGY LTD       ,26.81,27.90,L
DHANUKA INFRA REALTY LTD      ,18.05,18.95,L
DHARAN INFRA-EPC LIMITED      ,0.16,0.17,L
DHARIWALCORP LIMITED          ,70.65,72.05,L
DHRUV CONSULTANCY SER LTD     ,24.00,24.50,L
DREAMFOLKS SERVICES LTD       ,86.66,87.22,L
ELLENBARRIE INDUS GASES L     ,229.75,237.50,L
ENERGY MISSION MACH IND L     ,137.00,139.45,L
ENVIRO INFRA ENGINEERS L      ,159.00,163.21,L
FALCON TECHNOPROJ IND LTD     ,14.20,14.25,L
FRACTAL ANALYTICS LIMITED     ,831.30,900.00,L
FROG INNOVATIONS LIMITED      ,130.00,131.50,L
GANESH CONSUMER PRODUCT L     ,186.61,186.71,L
GLOBALE TESSILE LIMITED       ,10.10,10.50,L
GLOTTIS LIMITED               ,48.20,48.67,L
GO FASHION INDIA LTD          ,335.00,336.55,L
GROWWAMC - GROWWPSE           ,100.04,100.80,L
HALDER VENTURE LIMITED        ,250.95,257.45,L
IKIO TECHNOLOGIES LIMITED     ,141.79,142.53,L
INDO FARM EQUIPMENT LTD       ,134.10,136.80,L
KALANA ISPAT LIMITED          ,15.45,15.95,L
KAMDHENU VENTURES LIMITED     ,4.90,4.91,L
KWALITY WALL'S (INDIA) L      ,28.31,40.20,L
MASTER TRUST LIMITED          ,82.01,86.05,L
MAXPOSURE LIMITED             ,34.60,36.00,L
MIRAEAMC - HEALTHCARE         ,18.29,18.42,L
MOS UTILITY LIMITED           ,15.50,18.50,L
NEPHRO CARE INDIA LIMITED     ,87.00,94.50,L
NOVA AGRITECH LIMITED         ,28.70,29.00,L
OLA ELECTRIC MOBILITY LTD     ,28.70,30.41,L
ORKLA INDIA LIMITED           ,536.00,544.20,L
OSWAL PUMPS LIMITED           ,328.15,329.50,L
PURV FLEXIPACK LIMITED        ,61.90,62.00,L
RADIANT CASH MGMT SER LTD     ,38.95,41.25,L
REVATHI EQUIPMENT INDIA L     ,585.55,605.30,L
ROSSARI BIOTECH LIMITED       ,500.00,501.90,L
ROUTE MOBILE LIMITED          ,532.60,547.00,L
SAJ HOTELS LIMITED            ,39.10,40.10,L
SHIVALIK RASAYAN LIMITED      ,265.65,276.50,L
STANLEY LIFESTYLES LTD        ,166.30,167.00,L
SUPREME HOLDIN N HOSP I L     ,55.01,55.80,L
THINKING HATS ENTER SOL L     ,18.10,18.55,L
TSC INDIA LIMITED             ,33.00,34.00,L
UPSURGE SEEDS OF AGRI LTD     ,125.65,130.70,L
VEDANT FASHIONS LIMITED       ,430.95,452.00,L
VIKRAN ENGINEERING LTD        ,76.82,84.20,L
VISHWARAJ SUGAR IND LTD       ,5.74,5.81,L
VL E GOV AND IT SOL LTD       ,12.76,13.05,L
WISE TRAVEL INDIA LIMITED     ,110.55,113.00,L
ZENITH DRUGS LIMITED          ,44.50,45.00,L
