SYMBOL,SERIES,SECURITY,HIGH/LOW
21STCENMGM,EQ,21ST CENTURY MGMT SERVICE,H
AAREYDRUGS,EQ,AAREY DRUGS & PHARM LTD,H
ALMONDZ,EQ,ALMONDZ GLOBAL SEC LTD,H
AONEGOLD,EQ,AONEAMC - AONEGOLD,H
ARSHIYA,BZ,ARSHIYA LIMITED,H
BLUEPEBBLE,SM,BLUE PEBBLE LIMITED,H
BSLGOLDETF,EQ,ADITYBIRLA SL GOLD ETF-GR,H
CAPTRUST,EQ,CAPITAL TRUST LIMITED,H
CEREBRAINT,BZ,CEREBRA INT TECH LTD,H
COMPINFO,BZ,COMPUAGE INFOCOM LTD,H
DHARAN,BZ,DHARAN INFRA-EPC LIMITED,H
EXCEL,EQ,EXCEL REALTY N INFRA LTD,H
EXXARO,BE,EXXARO TILES LIMITED,H
FEL,BZ,FUTURE ENTERPRISES LTD,H
FELDVR,BZ,FUTURE ENTERPRISES LTD,H
GLOBALPET,SM,GLOBAL PET INDUSTRIES LTD,H
GOLDBND,EQ,BANDHANAMC - GOLDBND,H
GROWWSLVR,EQ,GROWWAMC - GROWWSLVR,H
GVKPIL,BE,GVK POW. & INFRA LTD.,H
HNGSNGBEES,EQ,NIP IND ETF HANGSENG BEES,H
JHS,EQ,JHS SVEND. LAB. LTD,H
KRISHPP,E1,KRISHIVAL RE.3.50 PPD UP,H
LAKPRE,BZ,LAKSHMI PRE SCRE LTD,H
LASA,EQ,LASA SUPERGENERICS LTD,H
MAFANG,EQ,MIRAEAMC - MAFANG,H
MAHKTECH,EQ,MIRAEAMC - MAHKTECH,H
MANGALAM,BE,MANGALAM DRUG & CHEM LTD,H
MASPTOP50,EQ,MIRAEAMC - MASPTOP50,H
MCL,BE,MADHAV COPPER LIMITED,H
MIRCELECTR,EQ,MIRC ELECTRONICS LTD,H
MTEDUCARE,BE,MT EDUCARE LTD,H
ORICONENT,BE,ORICON ENTERPRISES LTD,H
OSIAHYPER,EQ,OSIA HYPER RETAIL LIMITED,H
PREMIER,BE,PREMIER LIMITED,H
PRIZOR,SM,PRIZOR VIZTECH LIMITED,H
PVP,BE,PVP VENTURES LIMITED,H
RHFL,BZ,RELIANCE HOME FINANCE LTD,H
SABAR,ST,SABAR FLEX INDIA LIMITED,H
SANWARIA,BZ,SANWARIA CONSUMER LIMITED,H
SGBAUG29V,GB,2.50%GOLDBONDS2029SR-V,H
SHANTHALA,ST,SHANTHALA FMCG PRODUCTS L,H
SHRENIK,BZ,SHRENIK LIMITED,H
SILLYMONKS,BE,SILLY MONKS ENTERTAIN LTD,H
SITINET,BZ,SITI NETWORKS LIMITED,H
SPECTSTM,SM,SPECTRUM TALENT MGMT LTD,H
SRPL,BZ,SHREE RAM PROTEINS LTD.,H
TATAGOLD,EQ,TATAAML-TATAGOLD,H
21STCENMGM,EQ,21ST CENTURY MGMT SERVICE,L
722KA36,SG,SDL KA 7.22% 2036,L
746MH33,SG,SDL MH 7.46% 2033,L
AAATECH,EQ,AAA TECHNOLOGIES LIMITED,L
ACCPL,ST,ACCRETION PHARMA LIMITED,L
AGARWALFT,SM,AGARWAL FLOAT GLASS I LTD,L
AIMTRON,ST,AIMTRON ELECTRONICS LTD,L
AKIKO,ST,AKIKO GLOBAL SERVICES L,L
AMBANIORGO,SM,AMBANI ORGOCHEM LIMITED,L
AMJUMBO,SM,A AND M JUMBO BAGS LTD,L
ANSALAPI,BZ,ANSAL PROP & INFRA LTD,L
ARFIN,EQ,ARFIN INDIA LIMITED,L
ARHAM,ST,ARHAM TECHNOLOGIES LTD,L
ARVEE,BE,ARVEE LABORATORIES I LTD,L
ARVINDPORT,SM,ARVIND PORT AND INFRA LTD,L
AURIGROW,BE,AURI GROW INDIA LIMITED,L
AVANA,ST,AVANA ELECTROSYSTEMS LTD,L
AXISCADES,EQ,AXISCADES TECH LTD,L
AXITA,BE,AXITA COTTON LIMITED,L
BAFNAPH,BE,BAFNA PHARMACEUTICALS LTD,L
BALCO,SM,SOLVE PLASTIC PRODUCTS L,L
BFUTILITIE,BZ,BF UTILITIES LIMITED,L
BGRENERGY,EQ,BGR ENERGY SYSTEMS LTD,L
BIKEWO,ST,BIKEWO GREEN TECH LIMITED,L
BLUECHIP,BE,BLUE CHIP INDIA LIMITED,L
BLUECOAST,EQ,BLUE COAST HOTELS LIMITED,L
BORANA,BE,BORANA WEAVES LIMITED,L
BUILDPRO,BE,SHANKARA BUILDPRO LIMITED,L
BULKCORP,SM,BULKCORP INTERNATIONAL L,L
CBAZAAR,ST,NET AVENUE TECHNOLOGIES L,L
CCCL,BE,CONS. CONST. CONSORT LTD,L
CEDAAR,SM,CEDAAR TEXTILE LIMITED,L
CEREBRAINT,BZ,CEREBRA INT TECH LTD,L
COASTCORP,BE,COASTAL CORPORATION LTD,L
COMMITTED,SM,COMMITTED CARGO CARE LTD,L
COMPINFO,BZ,COMPUAGE INFOCOM LTD,L
CTE,EQ,CAMBRIDGE TECH ENTER LTD,L
CURAA,BE,CURA TECHNOLOGIES LIMITED,L
DENEERS,SM,DE NEERS TOOLS LIMITED,L
DESTINY,SM,DESTINY LOGISTICS & I LTD,L
DHARAN,BZ,DHARAN INFRA-EPC LIMITED,L
DIL,BZ,DEBOCK INDUSTRIES LIMITED,L
DIVYADHAN,SM,DIVYADHAN RECYCLING IND L,L
DRONE,SM,DRONE DESTINATION LIMITED,L
DRSCARGO,SM,DRS CARGO MOVERS LIMITED,L
EFACTOR,ST,E FACTOR EXPERIENCES LTD,L
ESPRIT,SM,ESPRIT STONES LIMITED,L
EUROTEXIND,BE,EUROTEX IND & EXPORTS LTD,L
EXIMROUTES,ST,EXIM ROUTES LIMITED,L
FALCONTECH,SM,FALCON TECHNOPROJ IND LTD,L
FEL,BZ,FUTURE ENTERPRISES LTD,L
FLEXITUFF,EQ,FLEXITUFF VENTURES INT L,L
FLFL,BZ,FUT LIFESTYLE FASH LTD,L
FLYSBS,SM,FLYSBS AVIATION LIMITED,L
FMNL,EQ,FUTURE MKT NETWORKS LTD,L
FORGEAUTO,SM,FORGE AUTO INTERNATION L,L
GANESHIN,SM,GANESH INFRAWORLD LIMITED,L
GAYAHWS,BE,GAYATRI HIGHWAYS LIMITED,L
GCSL,BE,GRETEX CORPORATE SERVICES,L
GLFL,BE,GUJARAT LEASE FINANCING L,L
GOLDENTOBC,BZ,GOLDEN TOBACCO LIMITED,L
GOLDSTAR,SM,GOLDSTAR POWER LIMITED,L
GOYALALUM,BE,GOYAL ALUMINIUMS LIMITED,L
GRCL,SM,GAYATRI RUBB AND CHEM LTD,L
GVKPIL,BE,GVK POW. & INFRA LTD.,L
HARDWYN,BE,HARDWYN INDIA LIMITED,L
HBSL,BE,HB STOCKHOLDINGS LIMITED,L
HITECHGEAR,BE,THE HI-TECH GEARS LIMITED,L
HOLMARC,SM,HOLMARC OPTO MECHATRO L,L
HPTL,SM,HP TELECOM INDIA LIMITED,L
HVAX,SM,HVAX TECHNOLOGIES LIMITED,L
IBULLSLTD,EQ,INDIABULLS LIMITED,L
IDENTICAL,SM,IDENTICAL BRAINS STUDIO L,L
IFBAGRO,EQ,IFB AGRO INDUSTRIES LTD,L
IMPEXFERRO,BZ,IMPEX FERRO TECH LIMITED,L
ISHAN,SM,ISHAN INTERNATIONAL LTD,L
ITTL,ST,INNOVATIVE TYRE & TUBE LT,L
IWARE,ST,IWARE SUPPLYCHAIN SER LTD,L
JALAN,ST,JALAN TRANSOLU. INDIA LTD,L
JFLLIFE,SM,JFL LIFE SCIENCES LIMITED,L
KANDARP,SM,KANDARP DG SMART BPO LTD,L
KAVDEFENCE,EQ,KAVVERI DFS & WIR TEC LTD,L
KCK,ST,KCK INDUSTRIES LTD,L
KDL,ST,KORE DIGITAL LIMITED,L
KESORAMIND,BE,KESORAM INDUSTRIES LTD,L
LATTEYS,BE,LATTEYS INDUSTRIES LTD,L
LCCINFOTEC,BE,LCC INFOTECH LTD,L
LRRPL,SM,LEAD REC AND RUB PROD LTD,L
MAANALU,BE,MAAN ALUMINIUM LIMITED,L
MADHUCON,EQ,MADHUCON PROJECTS LTD.,L
MAL,SM,MANGALAM ALLOYS LIMITED,L
MANAKALUCO,BE,MANAK ALUMINIUM CO. LTD.,L
MANDEEP,SM,MANDEEP AUTO INDUSTRIES L,L
MANGALAM,BE,MANGALAM DRUG & CHEM LTD,L
MARINETRAN,ST,MARINETRANS INDIA LIMITED,L
MASTER,SM,MASTER COMPONENTS LIMITED,L
MAXVOLT,ST,MAXVOLT ENERGY INDUS L,L
MAYASHEEL,ST,MAYASHEEL VENTURES LTD,L
MEGASOFT,BE,MEGASOFT LTD,L
MEGASTAR,BE,MEGASTAR FOODS LIMITED,L
MEP,BZ,MEP INFRA. DEVELOPERS LTD,L
MIRCELECTR,EQ,MIRC ELECTRONICS LTD,L
MODIRUBBER,EQ,MODI RUBBER LTD,L
MONOPHARMA,SM,MONO PHARMACARE LIMITED,L
MTEDUCARE,BE,MT EDUCARE LTD,L
NAVKARURB,BE,NAVKAR URBANSTRUCTURE LTD,L
NEELAM,SM,NEELAM LINENS & GAR (I) L,L
NEWJAISA,SM,NEWJAISA TECHNOLOGIES LTD,L
NOIDATOLL,EQ,NOIDA TOLL BRIDGE CO LTD,L
ORTINGLOBE,BE,ORTIN GLOBAL LIMITED,L
OSELDEVICE,ST,OSEL DEVICES LIMITED,L
OWAIS,SM,OWAIS METAL & MINERAL,L
PALREDTEC,EQ,PALRED TECHNOLOGIES LTD,L
PANACHE,EQ,PANACHE DIGILIFE LIMITED,L
PANSARI,BE,PANSARI DEVELOPERS LTD,L
PIGL,EQ,POWER INSTRUMENT (G) LTD,L
PRECISION,SM,PRECISION METALIKS LTD,L
PURPLEUTED,SM,PURPLE UNITED SALES LTD,L
QUICKTOUCH,SM,QUICKTOUCH TECHNOLOGIES L,L
QVCEL,SM,QVC EXPORTS LIMITED,L
RAJRILTD,BE,RAJ RAYON INDUSTRIES LTD,L
RCOM,BE,RELIANCE COMMUNICATIONS L,L
RICHA,ST,RICHA INFO SYSTEMS LTD,L
ROCKPP,X1,ROCKINGDCE RS.5 PPD UP,L
ROLLT,BE,ROLLATAINERS LIMITED,L
RSSOFTWARE,EQ,R. S. SOFTWARE (INDIA) LI,L
SABTNL,BE,SRI ADHIKARI BRO TELE N L,L
SACHEEROME,ST,SACHEEROME LIMITED,L
SADBHAV,BE,SADBHAV ENGINEERING LTD,L
SAKUMA,EQ,SAKUMA EXPORTS LIMITED,L
SAMAY,ST,SAMAY PROJECT SERVICES L,L
SANGANI,SM,SANGANI HOSPITALS LIMITED,L
SATECH,ST,S A TECH SOFTWARE INDIA L,L
SATIPOLY,SM,SATI POLY PLAST LIMITED,L
SCML,ST,SHARP CHUCKS N MACHINES L,L
SECURKLOUD,BE,SECUREKLOUD TECH LIMITED,L
SEJALLTD,BE,SEJAL GLASS LIMITED,L
SETCO,EQ,SETCO AUTOMOTIVE LTD,L
SETUINFRA,BZ,SETUBANDHAN INFRA LTD,L
SHRENIK,BZ,SHRENIK LIMITED,L
SHRIKANHA,SM,SHRI KANHA STAINLESS LTD,L
SIGNORIA,SM,SIGNORIA CREATION LIMITED,L
SIKKO,BE,SIKKO INDUSTRIES LIMITED,L
SILVERTUC,EQ,SILVER TOUCH TECHNO LTD,L
SITINET,BZ,SITI NETWORKS LIMITED,L
SMLMAH,EQ,SML MAHINDRA LIMITED,L
SPCENET,EQ,SPACENET ENTERS IND LTD,L
STALLION,EQ,STALLION IND FLUOROCHEM L,L
SUNLITE,ST,SUNLITE RECYCLING IND LTD,L
SVPGLOB,BE,SVP GLOBAL TEXTILES LTD,L
TAKE,BE,TAKE SOLUTIONS LTD,L
TANKUP,ST,TANKUP ENGINEERS LIMITED,L
TARAPUR,BE,TARAPUR TRANSFORMERS LTD,L
TCIFINANCE,BE,TCIFINANCELTD-ROLL SETT,L
TECHERA,SM,TECHERA ENGINEER (IND) L,L
TECHLABS,SM,TRIDENT TECHLABS LIMITED,L
TEJASCARGO,SM,TEJAS CARGO INDIA LIMITED,L
TEMBO,EQ,TEMBO GLOBAL IND LTD,L
TERASOFT,BE,TERA SOFTWARE LIMITED,L
TICL,BE,TWAMEV CONS AND INFRA LTD,L
TIMESCAN,SM,TIMESCAN LOGISTICS IND L,L
TPHQ,EQ,TEAMO PRODUCTIONS HQ LTD,L
TRU,EQ,TRUCAP FINANCE LIMITED,L
TVVISION,BE,TV VISION LIMITED,L
UNIHEALTH,ST,UNIHEALTH HOSPITALS LTD,L
UNITEDPOLY,BE,UNITED POLYFAB GUJ. LTD.,L
VCL,BE,VAXTEX COTFAB LIMITED,L
VEEKAYEM,SM,VEEKAYEM FASH & APP LTD,L
VICTORYEV,ST,VICTORY ELEC VEHICL INT L,L
VIESL,ST,VISION INFRA EQUIP SOL L,L
VIJIFIN,EQ,VIJI FINANCE LIMITED,L
VINEET-RE,BE,VINEET LABORATORIES LTD,L
VISASTEEL,EQ,VISA STEEL LIMITED,L
VIVIMEDLAB,EQ,VIVIMED LABS LIMITED,L
WAAREEINDO,BE,INDOSOLAR LIMITED,L
WINSOME,BZ,WINSOME YARNS LIMITED,L
WOL3D,ST,WOL 3D INDIA LIMITED,L
ZENITHSTL,EQ,ZENITH STEEL PIP IND LTD,L
