SERIES,SYMBOL,SECURITY,RECORD_DT,BC_STRT_DT,BC_END_DT,EX_DT,ND_STRT_DT,ND_END_DT,PURPOSE
NV,1003SCL30A,SEC RE NCD 10.03% SR X,2026-01-27,,,2026-01-27,,,INTEREST PAYMENT
UV,1003SCL30A,SEC RE NCD 10.03% SR X,2026-01-27,,,2026-01-27,,,INTEREST PAYMENT
N6,1048IIFL27,IIFL Samasta10.48% 2027,2026-01-22,,,2026-01-22,,,INTEREST PAYMENT
U6,1048IIFL27,IIFL Samasta10.48% 2027,2026-01-22,,,2026-01-22,,,INTEREST PAYMENT
N7,105IIFL29,Unsec Red NCD 10.5% Sr.VI,2026-01-22,,,2026-01-22,,,INTEREST PAYMENT
U7,105IIFL29,Unsec Red NCD 10.5% Sr.VI,2026-01-22,,,2026-01-22,,,INTEREST PAYMENT
N6,10IIFL29,Sec Re NCD 9% Sr.VI,2026-01-22,,,2026-01-22,,,INTEREST PAYMENT
U6,10IIFL29,Sec Re NCD 9% Sr.VI,2026-01-22,,,2026-01-22,,,INTEREST PAYMENT
N0,113ESFB31B,ESFB 11.3% 2031 Sr 3,2026-01-23,,,2026-01-23,,,INTEREST PAYMENT
N0,116VCCL26,VCCL 11.6% 2026 Sr A,2026-01-30,,,2026-01-30,,,INTEREST PAYMENT
N0,116VCCL27A,VCCL 11.6% 2027 Sr A,2026-01-23,,,2026-01-23,,,INTEREST PAYMENT
N0,1180VCCL26,VCCL 11.80% 2026 Sr B,2026-01-30,,,2026-01-30,,,INTEREST PAYMENT
N0,118VCCL27B,VCCL 11.8% 2027 Sr B,2026-01-23,,,2026-01-23,,,INTEREST PAYMENT
N0,119VCCL26,Vedika Credit 11.9% 2026,2026-01-28,,,2026-01-28,,,INTEREST PAYMENT
N0,1225DCCL27,DCCL 12.25% 2027 Sr IIA,2026-01-27,,,2026-01-27,,,INTEREST PAYMENT
N0,125VCCL31,VCCL 12.5% 2031,2026-01-21,,,2026-01-21,,,INTEREST PAYMENT
N0,12VCCL27A,VCCL 12% 2027 Sr C,2026-01-30,,,2026-01-30,,,INTEREST PAYMENT
N0,12VCCL29B,VCCL 12% 2029,2026-01-20,,,2026-01-20,,,INTEREST PAYMENT
TB,182D220126,GOI TBILL 182D-22/01/26,2026-01-20,,,,,,REDEMPTION
TB,182D290126,GOI TBILL 182D-29/01/26,2026-01-27,,,,,,REDEMPTION
TB,364D220126,GOI TBILL 364D-22/01/26,2026-01-20,,,,,,REDEMPTION
TB,364D290126,GOI TBILL 364D-29/01/26,2026-01-27,,,,,,REDEMPTION
GS,601GS2030,GOI LOAN  6.01% 2030,2026-01-20,,,2026-01-20,,,INTEREST PAYMENT
SG,618GJ26A,SDL GJ 6.18% 2026,2026-01-21,,,,,,REDEMPTION
N0,692AVTL28,AVTL 6.92% 2028,2026-01-23,,,2026-01-23,,,INTEREST PAYMENT
SG,701PY26,SDL PY 7.01% 2026,2026-01-20,,,,,,REDEMPTION
N0,704SIDBI29,SIDBI 7.04% 2029 Sr IV,2026-01-23,,,2026-01-23,,,INTEREST PAYMENT
N0,724PFCL35,PFC 7.24% 2035 Sr 245A,2026-01-21,,,2026-01-21,,,INTEREST PAYMENT
N0,725PFCL45,PFC 7.25% 2045 Sr 245B,2026-01-21,,,2026-01-21,,,INTEREST PAYMENT
NG,749IGT28,India Grid Trust,2026-01-22,,,2026-01-22,,,INTEREST PAYMENT
UG,749IGT28,India Grid Trust,2026-01-22,,,2026-01-22,,,INTEREST PAYMENT
N5,751HUDCO28,7.51 NCD 16FEB28 Tr1 Sr2,2026-01-23,,,2026-01-23,,,INTEREST PAYMENT
U5,751HUDCO28,7.51 NCD 16FEB28 Tr1 Sr2,2026-01-23,,,2026-01-23,,,INTEREST PAYMENT
NH,769IGT28,India Grid Trust,2026-01-22,,,2026-01-22,,,INTEREST PAYMENT
UH,769IGT28,India Grid Trust,2026-01-22,,,2026-01-22,,,INTEREST PAYMENT
N0,769LIC34,LHFL 7.69% 2034 Tr 437,2026-01-22,,,2026-01-22,,,INTEREST PAYMENT
NK,772IGT31,India Grid Trust,2026-01-22,,,2026-01-22,,,INTEREST PAYMENT
UK,772IGT31,India Grid Trust,2026-01-22,,,2026-01-22,,,INTEREST PAYMENT
N0,774LIC28,LIC 7.74% 2028 Tr 445,2026-01-27,,,2026-01-27,,,INTEREST PAYMENT
NL,797IGT31,India Grid Trust,2026-01-22,,,2026-01-22,,,INTEREST PAYMENT
UL,797IGT31,India Grid Trust,2026-01-22,,,2026-01-22,,,INTEREST PAYMENT
ND,799TCL34,Tata Cap 7.99% 2034 Sr A,2026-01-23,,,2026-01-23,,,INTEREST PAYMENT
UD,799TCL34,Tata Cap 7.99% 2034 Sr A,2026-01-23,,,2026-01-23,,,INTEREST PAYMENT
N0,805PHFL30,PHFL 8.05% 30 Sr LXVIII,2026-01-22,,,2026-01-22,,,INTEREST PAYMENT
N6,829PFL29,Poonawalla Fincorp Ltd,2026-01-22,,,2026-01-22,,,INTEREST PAYMENT
U6,829PFL29,Poonawalla Fincorp Ltd,2026-01-22,,,2026-01-22,,,INTEREST PAYMENT
MB,843SCFL27,SEC RE NCD 8.43% SR.VIII,2026-01-22,,,2026-01-22,,,INTEREST PAYMENT
YB,843SCFL27,SEC RE NCD 8.43% SR.VIII,2026-01-22,,,2026-01-22,,,INTEREST PAYMENT
N0,855NCPL26,Nomura Cap 8.55% 2026,2026-01-22,,,2026-01-22,,,INTEREST PAYMENT
N0,860TPL31,TPL 8.60% 2031 Sr V,2026-01-23,,,2026-01-23,,,INTEREST PAYMENT
N0,879SCL30,SCL 8.7923% 2030 Sr I,2026-01-27,,,2026-01-27,,,INTEREST PAYMENT
MC,889SCFL27,SEC RE NCD 8.89% SR.VIII,2026-01-22,,,2026-01-22,,,INTEREST PAYMENT
YC,889SCFL27,SEC RE NCD 8.89% SR.VIII,2026-01-22,,,2026-01-22,,,INTEREST PAYMENT
NM,902SCL26A,SEC RE NCD 9.02% SR V,2026-01-27,,,2026-01-27,,,INTEREST PAYMENT
UM,902SCL26A,SEC RE NCD 9.02% SR V,2026-01-27,,,2026-01-27,,,INTEREST PAYMENT
N0,918IHFL28,IHFL 9.18% 2028 Sr K1,2026-01-21,,,2026-01-21,,,INTEREST PAYMENT
TB,91D230126,GOI TBILL 91D-23/01/26,2026-01-21,,,,,,REDEMPTION
TB,91D290126,GOI TBILL 91D-29/01/26,2026-01-27,,,,,,REDEMPTION
N0,920SCL28,SCL 9.20% 2028,2026-01-20,,,2026-01-20,,,INTEREST PAYMENT
N9,925CAGL26,Sec Re NCD 9.25% Sr III,2026-01-23,,,2026-01-23,,,INTEREST PAYMENT
U9,925CAGL26,Sec Re NCD 9.25% Sr III,2026-01-23,,,2026-01-23,,,INTEREST PAYMENT
NY,925SCL25G,SEC RE NCD 9.8% SR XII,2026-01-27,,,2026-01-27,,,INTEREST PAYMENT
UY,925SCL25G,SEC RE NCD 9.8% SR XII,2026-01-27,,,2026-01-27,,,INTEREST PAYMENT
NS,925SCL28A,SEC RE NCD 9.25% SR VIII,2026-01-27,,,2026-01-27,,,INTEREST PAYMENT
US,925SCL28A,SEC RE NCD 9.25% SR VIII,2026-01-27,,,2026-01-27,,,INTEREST PAYMENT
N0,930APMD27,APMD 9.30% 2027 STRPP A,2026-01-23,,,2026-01-23,,,INTEREST PAYMENT
N0,930APMD28,APMD 9.30% 2028 STRPP B,2026-01-23,,,2026-01-23,,,INTEREST PAYMENT
N0,930APMD29,APMD 9.30% 2029 STRPP C,2026-01-23,,,2026-01-23,,,INTEREST PAYMENT
N0,930APMD30,APMD 9.30% 2030 STRPP D,2026-01-23,,,2026-01-23,,,INTEREST PAYMENT
N0,930APMD31,APMD 9.30% 2031 STRPP E,2026-01-23,,,2026-01-23,,,INTEREST PAYMENT
N0,930APMD32,APMD 9.30% 2032 STRPP F,2026-01-23,,,2026-01-23,,,INTEREST PAYMENT
N0,930APMD33,APMD 9.30% 2033 STRPP G,2026-01-23,,,2026-01-23,,,INTEREST PAYMENT
N0,930APMD34,APMDC 9.30% 2034 STRPP H,2026-01-23,,,2026-01-23,,,INTEREST PAYMENT
N0,930APMD35,APMD 9.30% 2035 STRPP I,2026-01-23,,,2026-01-23,,,INTEREST PAYMENT
NB,940CAGL27,Sec Re NCD 9.40% Sr V,2026-01-23,,,2026-01-23,,,INTEREST PAYMENT
UB,940CAGL27,Sec Re NCD 9.40% Sr V,2026-01-23,,,2026-01-23,,,INTEREST PAYMENT
NN,948SCL26A,SEC RE NCD 9.48% SR V,2026-01-27,,,2026-01-27,,,INTEREST PAYMENT
UN,948SCL26A,SEC RE NCD 9.48% SR V,2026-01-27,,,2026-01-27,,,INTEREST PAYMENT
N0,950ISF27,ISF 9.50% 2027,2026-01-21,,,2026-01-21,,,INT PAYMENT/PART REDMPTN
NZ,965SCL25F,SEC RE NCD 10.25% SR XII,2026-01-27,,,2026-01-27,,,INTEREST PAYMENT
UZ,965SCL25F,SEC RE NCD 10.25% SR XII,2026-01-27,,,2026-01-27,,,INTEREST PAYMENT
ND,970CAGL28,Sec Re NCD 9.70% Sr VII,2026-01-23,,,2026-01-23,,,INTEREST PAYMENT
UD,970CAGL28,Sec Re NCD 9.70% Sr VII,2026-01-23,,,2026-01-23,,,INTEREST PAYMENT
NT,971SCL28A,SEC RE NCD 9.71% SR VIII,2026-01-27,,,2026-01-27,,,INTEREST PAYMENT
UT,971SCL28A,SEC RE NCD 9.71% SR VIII,2026-01-27,,,2026-01-27,,,INTEREST PAYMENT
MZ,97SFL29,Shriram Finance Limited,2026-01-21,,,2026-01-21,,,INTEREST PAYMENT
YZ,97SFL29,Shriram Finance Limited,2026-01-21,,,2026-01-21,,,INTEREST PAYMENT
N0,985CCSP28,CCSPL 9.85% 2028 Sr 5,2026-01-20,,,2026-01-20,,,INTPAYMENT/PART REDEMPTN
BE,ANGELONE,Angel One Limited,2026-01-21,,,2026-01-21,,,INTDIV - RS 23 PER SH
BL,ANGELONE,Angel One Limited,2026-01-21,,,2026-01-21,,,INTDIV - RS 23 PER SH
EQ,ANGELONE,Angel One Limited,2026-01-21,,,2026-01-21,,,INTDIV - RS 23 PER SH
IQ,ANGELONE,Angel One Limited,2026-01-21,,,2026-01-21,,,INTDIV - RS 23 PER SH
T0,ANGELONE,Angel One Limited,2026-01-21,,,2026-01-21,,,INTDIV - RS 23 PER SH
TL,ANGELONE,Angel One Limited,2026-01-21,,,2026-01-21,,,INTDIV - RS 23 PER SH
BE,CENTRALBK,Central Bank of India,2026-01-23,,,2026-01-23,,,INTDIV - RE 0.20 PER SH
BL,CENTRALBK,Central Bank of India,2026-01-23,,,2026-01-23,,,INTDIV - RE 0.20 PER SH
EQ,CENTRALBK,Central Bank of India,2026-01-23,,,2026-01-23,,,INTDIV - RE 0.20 PER SH
IQ,CENTRALBK,Central Bank of India,2026-01-23,,,2026-01-23,,,INTDIV - RE 0.20 PER SH
T0,CENTRALBK,Central Bank of India,2026-01-23,,,2026-01-23,,,INTDIV - RE 0.20 PER SH
TL,CENTRALBK,Central Bank of India,2026-01-23,,,2026-01-23,,,INTDIV - RE 0.20 PER SH
BE,DBCORP,D.B.Corp Ltd,2026-01-22,,,2026-01-22,,,INTDIV - RS 2 PER SH
BL,DBCORP,D.B.Corp Ltd,2026-01-22,,,2026-01-22,,,INTDIV - RS 2 PER SH
EQ,DBCORP,D.B.Corp Ltd,2026-01-22,,,2026-01-22,,,INTDIV - RS 2 PER SH
IQ,DBCORP,D.B.Corp Ltd,2026-01-22,,,2026-01-22,,,INTDIV - RS 2 PER SH
BE,ENRIN,Siemens Energy India Ltd,2026-01-30,,,2026-01-30,,,DIV - RS 4 PER SH
BL,ENRIN,Siemens Energy India Ltd,2026-01-30,,,2026-01-30,,,DIV - RS 4 PER SH
EQ,ENRIN,Siemens Energy India Ltd,2026-01-30,,,2026-01-30,,,DIV - RS 4 PER SH
IQ,ENRIN,Siemens Energy India Ltd,2026-01-30,,,2026-01-30,,,DIV - RS 4 PER SH
BE,HAVELLS,Havells India Limited,2026-01-23,,,2026-01-23,,,INTDIV - RS 4 PER SH
BL,HAVELLS,Havells India Limited,2026-01-23,,,2026-01-23,,,INTDIV - RS 4 PER SH
EQ,HAVELLS,Havells India Limited,2026-01-23,,,2026-01-23,,,INTDIV - RS 4 PER SH
IQ,HAVELLS,Havells India Limited,2026-01-23,,,2026-01-23,,,INTDIV - RS 4 PER SH
T0,HAVELLS,Havells India Limited,2026-01-23,,,2026-01-23,,,INTDIV - RS 4 PER SH
TL,HAVELLS,Havells India Limited,2026-01-23,,,2026-01-23,,,INTDIV - RS 4 PER SH
BE,ICICIAMC,ICICI Prudential AMC Ltd,2026-01-21,,,2026-01-21,,,INTDIV - RS 14.85 PER SH
BL,ICICIAMC,ICICI Prudential AMC Ltd,2026-01-21,,,2026-01-21,,,INTDIV - RS 14.85 PER SH
EQ,ICICIAMC,ICICI Prudential AMC Ltd,2026-01-21,,,2026-01-21,,,INTDIV - RS 14.85 PER SH
IQ,ICICIAMC,ICICI Prudential AMC Ltd,2026-01-21,,,2026-01-21,,,INTDIV - RS 14.85 PER SH
BE,MAHABANK,Bank of Maharashtra,2026-01-20,,,2026-01-20,,,INTDIV - RE 1 PER SH
BL,MAHABANK,Bank of Maharashtra,2026-01-20,,,2026-01-20,,,INTDIV - RE 1 PER SH
EQ,MAHABANK,Bank of Maharashtra,2026-01-20,,,2026-01-20,,,INTDIV - RE 1 PER SH
IQ,MAHABANK,Bank of Maharashtra,2026-01-20,,,2026-01-20,,,INTDIV - RE 1 PER SH
T0,MAHABANK,Bank of Maharashtra,2026-01-20,,,2026-01-20,,,INTDIV - RE 1 PER SH
TL,MAHABANK,Bank of Maharashtra,2026-01-20,,,2026-01-20,,,INTDIV - RE 1 PER SH
BE,MATRIMONY,Matrimony.Com Limited,2026-01-30,,,2026-01-30,,,BUY BACK
BL,MATRIMONY,Matrimony.Com Limited,2026-01-30,,,2026-01-30,,,BUY BACK
EQ,MATRIMONY,Matrimony.Com Limited,2026-01-30,,,2026-01-30,,,BUY BACK
IQ,MATRIMONY,Matrimony.Com Limited,2026-01-30,,,2026-01-30,,,BUY BACK
BE,NLCINDIA,NLC India Limited,2026-01-20,,,2026-01-20,,,INTDIV - RS 3.60 PER SH
BL,NLCINDIA,NLC India Limited,2026-01-20,,,2026-01-20,,,INTDIV - RS 3.60 PER SH
EQ,NLCINDIA,NLC India Limited,2026-01-20,,,2026-01-20,,,INTDIV - RS 3.60 PER SH
IQ,NLCINDIA,NLC India Limited,2026-01-20,,,2026-01-20,,,INTDIV - RS 3.60 PER SH
T0,NLCINDIA,NLC India Limited,2026-01-20,,,2026-01-20,,,INTDIV - RS 3.60 PER SH
TL,NLCINDIA,NLC India Limited,2026-01-20,,,2026-01-20,,,INTDIV - RS 3.60 PER SH
BE,OBEROIRLTY,Oberoi Realty Limited,2026-01-23,,,2026-01-23,,,INTDIV - RS 2 PER SH
BL,OBEROIRLTY,Oberoi Realty Limited,2026-01-23,,,2026-01-23,,,INTDIV - RS 2 PER SH
EQ,OBEROIRLTY,Oberoi Realty Limited,2026-01-23,,,2026-01-23,,,INTDIV - RS 2 PER SH
IQ,OBEROIRLTY,Oberoi Realty Limited,2026-01-23,,,2026-01-23,,,INTDIV - RS 2 PER SH
T0,OBEROIRLTY,Oberoi Realty Limited,2026-01-23,,,2026-01-23,,,INTDIV - RS 2 PER SH
TL,OBEROIRLTY,Oberoi Realty Limited,2026-01-23,,,2026-01-23,,,INTDIV - RS 2 PER SH
BE,SURAJLTD,Suraj Limited,2026-01-23,,,2026-01-23,,,INTDIV - RS 1.50 PER SH
BL,SURAJLTD,Suraj Limited,2026-01-23,,,2026-01-23,,,INTDIV - RS 1.50 PER SH
EQ,SURAJLTD,Suraj Limited,2026-01-23,,,2026-01-23,,,INTDIV - RS 1.50 PER SH
IQ,SURAJLTD,Suraj Limited,2026-01-23,,,2026-01-23,,,INTDIV - RS 1.50 PER SH
BE,TIPSMUSIC,TIPS MUSIC LIMITED,2026-01-23,,,2026-01-23,,,INTDIV - RS 5 PER SH
BL,TIPSMUSIC,TIPS MUSIC LIMITED,2026-01-23,,,2026-01-23,,,INTDIV - RS 5 PER SH
EQ,TIPSMUSIC,TIPS MUSIC LIMITED,2026-01-23,,,2026-01-23,,,INTDIV - RS 5 PER SH
IQ,TIPSMUSIC,TIPS MUSIC LIMITED,2026-01-23,,,2026-01-23,,,INTDIV - RS 5 PER SH
BE,WIPRO,WIPRO LTD,2026-01-27,,,2026-01-27,,,INTDIV - RS 6 PER SH
BL,WIPRO,Wipro Ltd,2026-01-27,,,2026-01-27,,,INTDIV - RS 6 PER SH
EQ,WIPRO,Wipro Ltd,2026-01-27,,,2026-01-27,,,INTDIV - RS 6 PER SH
IQ,WIPRO,Wipro Ltd,2026-01-27,,,2026-01-27,,,INTDIV - RS 6 PER SH
T0,WIPRO,Wipro Ltd,2026-01-27,,,2026-01-27,,,INTDIV - RS 6 PER SH
TL,WIPRO,Wipro Ltd,2026-01-27,,,2026-01-27,,,INTDIV - RS 6 PER SH
