SECURITY,NEW,PREVIOUS,NEW_STATUS
360ONEAMC - GOLD360           ,156.00,154.95,H
360ONEAMC - SILVER360         ,330.27,324.98,H
ADVAIT ENRGY TRANSITION L     ,1538.90,1452.40,H
AONEAMC - AONEGOLD            ,14.18,13.67,H
AVANA ELECTROSYSTEMS LTD      ,81.35,59.00,H
AXISAMC - AXISILVER           ,312.50,296.90,H
BANDHANAMC - GOLDBND          ,153.78,148.68,H
BANDHANAMC - SILVERBND        ,336.21,330.93,H
BARODABNP - BBNPPGOLD         ,150.00,142.40,H
BIRLASLAMC - SILVER           ,318.10,296.90,H
BORANA WEAVES LIMITED         ,331.60,330.00,H
CHOICEAMC - CHOICEGOLD        ,159.90,143.77,H
DHARIWALCORP LIMITED          ,390.45,374.90,H
DSPAMC - DSPPSBKETF           ,92.19,91.23,H
DSPAMC - DSPSILVETF           ,306.00,288.00,H
EDELAMC - ESILVER             ,323.93,304.96,H
GROWWAMC - GROWWGOLD          ,155.00,146.29,H
GROWWAMC - GROWWSLVR          ,324.60,295.00,H
HALDER VENTURE LIMITED        ,285.98,272.37,H
HDFCAMC - HDFCSILVER          ,305.00,284.97,H
ICICIPRAMC - ICICISILVE       ,317.68,297.00,H
ICICIPRAMC - PSUBANKICI       ,91.95,91.73,H
INVESCO INDIA GOLD ETF        ,13269.90,12649.90,H
KOTAK PSU BANK                ,907.06,906.36,H
KOTAKMAMC - KOTAKSILVE        ,302.76,288.00,H
MANAK ALUMINIUM CO. LTD.      ,68.12,64.88,H
MIRAEAMC - MAGOLDETF          ,149.99,142.89,H
MIRAEAMC - MASILVER           ,312.00,287.00,H
MIRAEAMC - SMALL250           ,18.89,17.64,H
MOTILALAMC - MOGOLD           ,147.00,143.70,H
MOTILALAMC - MOSILVER         ,310.00,290.87,H
MOTILALAMC - MOVALUE          ,121.12,120.58,H
NIPPONAMC - NETFSILVER        ,302.24,284.90,H
PARIN ENTERPRISES LIMITED     ,631.50,618.00,H
SBIAMC - SBISILVER            ,312.00,297.00,H
TATA CAPITAL LIMITED          ,367.30,365.10,H
TATAAML-TATAGOLD              ,15.50,14.50,H
TATAAML-TATSILV               ,32.35,29.44,H
UNIONAMC - UNIONGOLD          ,150.00,144.30,H
UTIAMC-SILVERBETA             ,308.37,304.75,H
WEALTH - TWCGOLDETF           ,164.00,147.00,H
ZERODHAAMC - GOLDCASE         ,24.08,23.16,H
ZERODHAAMC - SILVERCASE       ,32.50,29.96,H
ADITYA BIRLA FASHION & RT     ,65.78,69.31,L
ADITYA BIRLA LIFES BRAN L     ,110.10,114.25,L
ADITYA ULTRA STEEL LTD        ,22.25,23.35,L
ADVAIT ENRGY TRANSITION L     ,1366.80,1452.40,L
AEGIS VOPAK TERMINALS LTD     ,200.30,208.51,L
AFCONS INFRASTRUCTURE LTD     ,342.10,348.05,L
AFFORD ROBO & AUTO LTD        ,167.00,178.00,L
AJAX ENGINEERING LIMITED      ,540.00,548.00,L
AKI INDIA LIMITED             ,5.70,5.77,L
AKME FINTRADE (INDIA) LTD     ,5.20,5.47,L
ALLCARGO LOGISTICS LTD        ,9.50,9.77,L
ANMOL INDIA LIMITED           ,11.66,12.90,L
ANSAL PROP & INFRA LTD        ,3.13,3.15,L
ANTHEM BIOSCIENCES LTD        ,587.10,604.00,L
ANUH PHARMA LIMITED           ,71.40,73.00,L
AONEAMC - AONETMMQ50          ,9.39,9.41,L
ARISINFRA SOLUTIONS LTD       ,106.99,111.11,L
ARKADE DEVELOPERS LIMITED     ,115.01,119.92,L
ASHOKA METCAST LIMITED        ,13.67,13.72,L
ASTRON PAPER BORD MIL LTD     ,4.75,4.98,L
ATC ENERGIES SYSTEM LTD       ,31.25,32.05,L
ATLANTA ELECTRICALS LTD       ,768.50,782.10,L
AURO IMPEX & CHEMICALS L      ,33.30,33.75,L
AVANA ELECTROSYSTEMS LTD      ,73.65,59.00,L
BAJAJ HOUSING FINANCE LTD     ,89.50,91.00,L
BANNARI AM SPIN MILL LTD.     ,21.65,23.00,L
BANSAL WIRE INDUSTRIES L      ,284.10,285.60,L
BAWEJA STUDIOS LIMITED        ,31.90,35.00,L
BCL INDUSTRIES LIMITED        ,28.30,28.72,L
BELLA CASA FASH AND RET L     ,306.70,316.30,L
BEST AGROLIFE LIMITED         ,22.55,26.50,L
BEW ENGINEERING LIMITED       ,103.90,105.00,L
BLUESTONE JEWEL LFSTL LTD     ,438.00,446.20,L
BOROSIL SCIENTIFIC LTD        ,106.10,107.42,L
BRIGADE HOTEL VENTURE LTD     ,59.01,65.50,L
CEDAAR TEXTILE LIMITED        ,49.50,51.00,L
CHEMBOND CHEMICAL LIMITED     ,126.90,132.00,L
CHETANA EDUCATION LIMITED     ,47.05,48.00,L
CREDO BRANDS MARKETING L      ,87.80,91.32,L
CRIZAC LIMITED                ,226.85,237.25,L
CYIENT DLM LIMITED            ,361.25,378.60,L
DAM CAPITAL ADVISORS LTD      ,191.11,195.55,L
DANGEE DUMS LIMITED           ,3.34,3.40,L
DCM SHRIRAM IND LTD           ,40.40,43.66,L
DEBOCK INDUSTRIES LIMITED     ,1.45,1.52,L
DEEPAK BUILDERS & ENG I L     ,95.69,100.00,L
DELAPLEX LIMITED              ,115.00,125.00,L
DELTA AUTOCORP LIMITED        ,39.05,40.10,L
DEV ACCELERATOR LIMITED       ,35.01,37.11,L
DHARA RAIL PROJECTS LTD       ,103.20,115.75,L
DHARAN INFRA-EPC LIMITED      ,0.19,0.20,L
DIAMINES & CHEMICALS LTD      ,236.00,243.70,L
DIGIDRIVE DISTRIBUTORS L      ,23.50,24.65,L
DIGITIDE SOLUTIONS LTD        ,115.50,117.20,L
DISH TV INDIA LTD.            ,3.44,3.65,L
DMCC SPECIALITY CHEMICALS     ,214.25,218.00,L
DREAMFOLKS SERVICES LTD       ,93.00,99.00,L
DSPAMC - MIDCAPADD            ,21.35,21.69,L
DSPAMC - MSCIADD              ,29.68,30.06,L
DSPAMC - NEXT50ADD            ,67.04,67.62,L
DSPAMC - SMALLADD             ,15.60,15.87,L
DURLAX TOP SURFACE LTD        ,30.55,32.70,L
E TO E TRANS INFRA LTD        ,254.00,267.10,L
EASY TRIP PLANNERS LTD        ,6.60,6.88,L
EDELAMC - ENIFTY              ,25.25,25.40,L
EDELAMC - ESENSEX             ,82.00,83.11,L
ELEGANZ INTERIORS LIMITED     ,79.20,80.00,L
ELLENBARRIE INDUS GASES L     ,248.30,258.35,L
EMERALD TYRE MANUF LTD        ,96.05,96.10,L
ENVIRO INFRA ENGINEERS L      ,172.01,181.11,L
EPPELTONE ENGINEERS LTD       ,144.25,151.30,L
EXCELSOFT TECHNOLOGIES L      ,76.51,80.80,L
FABTECH TECHNOLOGIES LTD      ,168.75,173.28,L
FISCHER MEDICAL VENTURE L     ,35.75,36.01,L
FLYSBS AVIATION LIMITED       ,401.40,415.00,L
FLYWINGS SIMULAT T C LTD      ,182.00,186.00,L
FUTURE ENTERPRISES LTD        ,2.73,2.85,L
G R INFRAPROJECTS LIMITED     ,898.00,901.00,L
GALAXY MEDICARE LIMITED       ,17.90,18.10,L
GANESH BENZOPLAST LIMITED     ,72.52,76.01,L
GANESH GREEN BHARAT LTD       ,252.00,273.00,L
GANESH INFRAWORLD LIMITED     ,89.35,94.05,L
GEEKAY WIRES LIMITED          ,27.41,29.65,L
GENSOL ENGINEERING LTD        ,20.50,21.18,L
GLOBE CIVIL PROJECTS LTD      ,47.00,49.05,L
GLOTTIS LIMITED               ,53.00,53.42,L
GNG ELECTRONICS LIMITED       ,257.30,272.00,L
GO FASHION INDIA LTD          ,383.00,385.25,L
GROWWAMC - GROWWCHEM          ,27.25,28.13,L
GROWWAMC - GROWWMC150         ,213.51,215.48,L
GROWWAMC - GROWWPOWER         ,9.20,9.36,L
GROWWAMC - GROWWRLTY          ,8.87,9.29,L
GROWWAMC - GROWWSC250         ,9.00,9.17,L
GVP INFOTECH LIMITED          ,7.55,7.61,L
HALDER VENTURE LIMITED        ,272.00,272.30,L
HIGHWAY INFRASTRUCTURE L      ,53.04,54.01,L
HMA AGRO INDUSTRIES LTD       ,25.91,26.50,L
HP ADHESIVES LIMITED          ,36.98,37.83,L
IDENTICAL BRAINS STUDIO L     ,18.60,19.00,L
IKIO TECHNOLOGIES LIMITED     ,153.46,162.20,L
INDIAN EMULSIFIERS LTD        ,74.50,77.20,L
INDO US BIOTECH LTD           ,106.17,109.50,L
INDOGULF CROPSCIENCES LTD     ,67.40,70.10,L
INVENTURE GRO & SEC LTD       ,1.08,1.10,L
IVALUE INFOSOLUTIONS LTD      ,232.35,240.00,L
JAY BEE LAMINATIONS LTD       ,88.50,97.00,L
JAYKAY ENTERPRISES LTD        ,155.05,165.16,L
JINKUSHAL INDUSTRIES LTD      ,80.08,82.10,L
JNK INDIA LIMITED             ,207.50,210.71,L
K.P. ENERGY LIMITED           ,305.05,307.20,L
KAMDHENU VENTURES LIMITED     ,5.80,5.91,L
KAY CEE ENERGY & INFRA L      ,118.00,119.95,L
KOTAKMAMC - CHEMICAL          ,27.54,27.65,L
KOTAKMAMC - NEXT50ETF         ,67.50,68.45,L
KRITIKA WIRES LIMITED         ,6.55,6.60,L
KRONOX LAB SCIENCES LTD       ,121.85,127.40,L
LAMOSAIC INDIA LIMITED        ,28.50,31.00,L
LAXMI DENTAL LIMITED          ,226.00,235.00,L
LAXMI INDIA FINANCE LTD       ,99.20,101.10,L
LAXMI ORGANIC INDUS LTD       ,142.50,143.25,L
LG ELECTRONICS INDIA LTD      ,1340.00,1364.20,L
LORENZINI APPARELS LTD        ,7.22,7.32,L
M AND B ENGINEERING LTD       ,320.90,330.10,L
MAGELLANIC CLOUD LIMITED      ,21.93,23.00,L
MANAS POLYMER N ENERGIE L     ,74.00,76.00,L
MANGAL ELECTRICAL IND L       ,310.00,325.00,L
MASTER TRUST LIMITED          ,99.15,100.50,L
MAZDA LIMITED                 ,193.01,199.90,L
MEGHMANI ORGANICS LIMITED     ,56.03,56.11,L
MIRAEAMC - ENERGY             ,33.25,33.92,L
MIRAEAMC - INTERNET           ,13.17,13.23,L
MIRAEAMC - SMALL250           ,15.56,15.85,L
MIRAEAMC - TOP20              ,9.36,9.46,L
MONO PHARMACARE LIMITED       ,12.50,12.55,L
MOTILALAMC - MOENERGY         ,33.36,33.50,L
MOTILALAMC - MOIPO            ,42.96,43.67,L
MOTILALAMC - MOSERVICE        ,33.08,33.09,L
MOTILALAMC - MOTOUR           ,77.25,79.90,L
MOTISONS JEWELLERS LTD        ,11.89,12.41,L
MRS BECTORS FOOD SPE LTD      ,214.80,216.20,L
MT EDUCARE LTD                ,1.51,1.53,L
MUKKA PROTEINS LIMITED        ,20.80,21.80,L
MUSIC BROADCAST LIMITED       ,6.01,6.02,L
NEWJAISA TECHNOLOGIES LTD     ,17.15,17.60,L
NIDAN LABS AND HEALTH LTD     ,16.00,16.05,L
NIRAJ ISPAT IND LTD           ,180.00,180.40,L
NOVA AGRITECH LIMITED         ,34.60,35.00,L
ODIGMA CONSULTANCY SOL L      ,27.20,27.50,L
ONE MOBIKWIK SYSTEMS LTD      ,217.00,219.20,L
OSWAL PUMPS LIMITED           ,415.50,431.10,L
PACE DIGITEK LIMITED          ,163.10,173.00,L
PARAMOUNT SPECIALI FORG L     ,25.90,26.00,L
PARKHOTELS                    ,121.52,125.10,L
PATEL RETAIL LIMITED          ,169.91,173.30,L
PHYSICSWALLAH LIMITED         ,112.00,118.60,L
PLAZA WIRES LIMITED           ,37.11,38.11,L
POSITRON ENERGY LIMITED       ,163.20,171.05,L
PRABHA ENERGY LIMITED         ,150.10,155.00,L
PRAXIS HOME RETAIL LTD        ,7.88,8.20,L
PRECISION METALIKS LTD        ,10.45,10.75,L
PRESSTONIC ENGINEERING L      ,52.00,54.50,L
PRIMO CHEMICALS LIMITED       ,21.10,21.11,L
PRITI INTERNATIONAL LTD       ,50.40,52.80,L
PROTEAN EGOV TECHNO LTD       ,653.10,683.00,L
R K SWAMY LIMITED             ,99.22,104.50,L
RACE ECO CHAIN LIMITED        ,105.10,111.00,L
RADIANT CASH MGMT SER LTD     ,47.00,48.59,L
RAMA STEEL TUBES LIMITED      ,8.04,8.50,L
RAYMOND LIFESTYLE LIMITED     ,885.60,911.35,L
RAYMOND REALTY LIMITED        ,441.25,460.00,L
REGAAL RESOURCES LIMITED      ,64.50,66.00,L
RELIANCE CHEMOTEX IND LTD     ,123.00,123.17,L
REVATHI EQUIPMENT INDIA L     ,640.10,642.55,L
ROSSARI BIOTECH LIMITED       ,501.90,515.00,L
ROUTE MOBILE LIMITED          ,610.40,625.00,L
RUDRA GLOBAL INFRA PROD L     ,21.00,22.56,L
SADBHAV ENGINEERING LTD       ,6.81,7.16,L
SAKUMA EXPORTS LIMITED        ,1.98,2.02,L
SANOFI CONS HEALTHC IND L     ,4032.20,4045.00,L
SAPPHIRE FOODS INDIA LTD      ,203.10,215.00,L
SARASWATI SAREE DEPOT LTD     ,69.70,70.14,L
SARTHAK METALS LIMITED        ,70.06,75.00,L
SATI POLY PLAST LIMITED       ,51.00,51.75,L
SCODA TUBES LIMITED           ,134.80,135.10,L
SESHAASAI TECHNOLOGIES L      ,242.00,251.00,L
SG MART LIMITED               ,320.00,321.95,L
SHANKARA BUILDPRO LIMITED     ,691.35,696.75,L
SHANTI OVERSEAS INDIA LTD     ,7.62,7.78,L
SHEELA FOAM LIMITED           ,522.00,539.75,L
SHILCHAR TECHNOLOGIES LTD     ,2990.00,3141.00,L
SHIVALIK RASAYAN LIMITED      ,315.00,325.00,L
SHREE TIRUPATI BALAJEE L      ,35.22,36.40,L
SHRENIK LIMITED               ,0.38,0.40,L
SIEMENS ENERGY INDIA LTD      ,2229.80,2297.60,L
SIGACHI INDUSTRIES LTD        ,23.65,26.25,L
SOLARWORLD ENERGY SOL LTD     ,252.60,259.65,L
SPENCER S RETAIL LIMITED      ,34.42,36.40,L
SPUNWEB NONWOVEN LIMITED      ,118.00,120.00,L
SRI LOTUS DEVLPRS N RTY L     ,144.84,148.31,L
STANLEY LIFESTYLES LTD        ,175.69,180.00,L
STEELCAST LIMITED             ,190.00,192.90,L
STL NETWORKS LIMITED          ,19.31,20.22,L
STUDDS ACCESSORIES LTD        ,492.55,503.00,L
STUDIO LSD LIMITED            ,10.55,10.90,L
SUBA HOTELS LIMITED           ,109.00,113.00,L
SUBEX LTD                     ,9.90,10.08,L
SUDEEP PHARMA LIMITED         ,527.15,543.90,L
SULA VINEYARDS LIMITED        ,191.05,192.35,L
SUNTECH INFRA SOLUTIONS L     ,37.00,37.30,L
SUPREME HOLDIN N HOSP I L     ,59.72,60.15,L
SUVIDHAA INFOSERVE LTD        ,3.11,3.20,L
SWASTIK PIPE LIMITED          ,20.70,21.25,L
SYSTEMATIX CORP SERVICE L     ,95.84,99.31,L
TATA MOTORS PASS VEH LTD      ,336.75,337.70,L
TIGER LOGISTICS (INDIA) L     ,29.25,29.57,L
TINNA RUBBER AND INFR LTD     ,663.50,675.00,L
TRACXN TECHNOLOGIES LTD       ,35.00,36.01,L
TRANSINDIA REAL ESTATE L      ,23.50,23.91,L
TRUALT BIOENERGY LIMITED      ,345.60,363.30,L
TVS SUPPLY CHAIN SOL L        ,97.12,100.01,L
UMA EXPORTS LIMITED           ,32.55,33.10,L
UPDATER SERVICES LIMITED      ,154.93,164.18,L
USHA FINANCIAL SERVICES L     ,31.55,32.00,L
VAKRANGEE LIMITED             ,6.67,6.95,L
VALIANT LABORATORIES LTD      ,59.30,60.15,L
VEDANT FASHIONS LIMITED       ,489.20,508.80,L
VERITAAS ADVERTISING LTD      ,48.00,49.25,L
VIBHOR STEEL TUBES LTD        ,114.00,117.02,L
VICTORY ELEC VEHICL INT L     ,28.15,29.60,L
VIDYA WIRES LIMITED           ,45.59,46.81,L
VIKRAM SOLAR LIMITED          ,213.00,221.58,L
VINEET LABORATORIES LTD       ,0.74,0.77,L
VIRTUAL GALAXY INFOTECH L     ,129.00,133.25,L
VISHWARAJ SUGAR IND LTD       ,6.16,6.30,L
VL E GOV AND IT SOL LTD       ,15.85,16.98,L
VMS TMT LIMITED               ,45.00,46.87,L
WINSOL ENGINEERS LIMITED      ,127.60,132.00,L
XTGLOBAL INFOTECH LIMITED     ,28.50,28.65,L
ZEAL GLOBAL SERVICES LTD      ,80.00,81.25,L
ZERODHAAMC - SML100CASE       ,9.40,9.48,L
