SECURITY,NEW,PREVIOUS,NEW_STATUS
ADANI ENTERPRISES LIMITED     ,608.00,599.20,H
ADITYA BIRLA CAPITAL LTD.     ,346.80,345.40,H
BAID FINSERV LIMITED          ,0.30,0.25,H
CAPILLARY TECHNO INDIA L      ,750.30,636.00,H
DHARIWALCORP LIMITED          ,336.85,328.90,H
EDELAMC - EBANKNIFTY          ,60.10,59.75,H
GREENLEAF ENVIROTECH LTD      ,173.70,163.00,H
HOAC FOODS INDIA LIMITED      ,369.50,361.00,H
ICICI PRUD SENSEX ETF         ,999.84,982.62,H
INTEGRITY INFRABUILD DE L     ,145.10,120.95,H
IWARE SUPPLYCHAIN SER LTD     ,228.05,223.70,H
JAYESH LOGISTICS LIMITED      ,156.00,143.00,H
LG BALAKRISHNAN & BROS        ,1975.00,1907.30,H
LUMAX AUTO TECH LTD           ,1494.70,1480.90,H
LUMAX INDUSTRIES LTD          ,5788.00,5358.00,H
M.V.K. AGRO FOOD PROD LTD     ,708.95,695.05,H
NORBEN TEA &EXPORTS LTD       ,70.32,68.95,H
P S RAJ STEELS LIMITED        ,300.00,299.00,H
POLYSIL IRRIGATION SYST L     ,323.40,317.10,H
SACHEEROME LIMITED            ,374.65,374.35,H
TANKUP ENGINEERS LIMITED      ,684.30,671.70,H
UNIHEALTH HOSPITALS LTD       ,354.30,337.45,H
AARTECH SOLONICS LIMITED      ,48.01,49.02,L
ADANI ENTERPRISES LIMITED     ,508.10,599.20,L
ADDICTIVE LEARNING TECH L     ,104.20,116.50,L
ADVENT HOTELS INTERNATI L     ,228.85,233.60,L
ALLCARGO TERMINALS LTD        ,5.01,6.15,L
AMANTA HEALTHCARE LIMITED     ,110.20,112.00,L
ANTHEM BIOSCIENCES LTD        ,624.05,627.15,L
ARSHIYA LIMITED               ,1.19,1.26,L
ARUNAYA ORGANICS LIMITED      ,18.20,19.10,L
BAID FINSERV LIMITED          ,0.15,0.25,L
BCL INDUSTRIES LIMITED        ,34.00,34.10,L
BEW ENGINEERING LIMITED       ,114.00,118.00,L
BLUE PEBBLE LIMITED           ,88.00,89.05,L
CAPITAL TRUST LIMITED         ,14.43,15.19,L
CEIGALL INDIA LIMITED         ,235.00,235.95,L
CHEMPLAST SANMAR LIMITED      ,287.00,291.10,L
CONCORD ENVIRO SYSTEMS L      ,393.10,400.00,L
DECCAN TRANSCON LEASING L     ,27.05,28.05,L
DELTA AUTOCORP LIMITED        ,43.00,45.00,L
DIGITIDE SOLUTIONS LTD        ,138.20,141.41,L
DIVYADHAN RECYCLING IND L     ,31.20,32.85,L
EASY TRIP PLANNERS LTD        ,7.08,7.17,L
EFC (I) LIMITED               ,260.00,261.85,L
ELLENBARRIE INDUS GASES L     ,388.00,388.30,L
EXICOM TELE SYSTEMS LTD       ,108.46,112.00,L
FINKURVE FINANCIAL SERV L     ,103.30,103.63,L
FUTURE ENTERPRISES LTD        ,3.00,3.08,L
GEEKAY WIRES LIMITED          ,29.65,30.36,L
GENSOL ENGINEERING LTD        ,26.80,26.84,L
GLOTTIS LIMITED               ,66.36,66.50,L
GROWWAMC - GROWWMC150         ,219.95,220.10,L
IDENTICAL BRAINS STUDIO L     ,27.55,30.10,L
INDO US BIOTECH LTD           ,110.10,115.69,L
INDOGULF CROPSCIENCES LTD     ,87.90,89.25,L
INSPIRE FILMS LIMITED         ,11.60,12.90,L
INVENTURE GRO & SEC LTD       ,1.26,1.27,L
JSW CEMENT LIMITED            ,115.65,117.90,L
KAMDHENU VENTURES LIMITED     ,6.85,6.90,L
KONSTELEC ENGINEERS LTD       ,53.70,55.00,L
LAXMI DENTAL LIMITED          ,281.80,288.55,L
MAHESHWARI LOGISTICS LTD.     ,48.99,49.65,L
MANAS POLYMER N ENERGIE L     ,91.50,94.00,L
MANGAL ELECTRICAL IND L       ,402.00,406.00,L
MARKOLINES PAVEMENT TEC L     ,146.15,149.00,L
MICROPRO SOFTWARE SOL L       ,17.85,18.05,L
MIRAEAMC - ENERGY             ,35.32,35.45,L
MOTILALAMC - MOIPO            ,48.01,48.04,L
MUSIC BROADCAST LIMITED       ,6.72,6.75,L
NEELAM LINENS & GAR (I) L     ,15.95,16.75,L
ORKLA INDIA LIMITED           ,642.00,645.00,L
OSWAL PUMPS LIMITED           ,562.00,568.85,L
PLADA INFOTECH SERVICES L     ,14.85,15.55,L
PRITI INTERNATIONAL LTD       ,56.00,57.25,L
PRO FX TECH LIMITED           ,79.00,79.15,L
R K SWAMY LIMITED             ,119.01,119.15,L
REVATHI EQUIPMENT INDIA L     ,770.50,782.00,L
REXPRO ENTERPRISES LTD        ,60.05,60.50,L
SAATVIK GREEN ENERGY LTD      ,413.25,415.45,L
SADHANA NITROCHEM LIMITED     ,5.84,5.89,L
SAMEERA AGRO AND INFRA L      ,11.85,12.05,L
SATTVA ENGINEERING CSTN L     ,72.45,74.10,L
SELLOWRAP INDUSTRIES LTD      ,81.00,81.25,L
SESHAASAI TECHNOLOGIES L      ,297.50,300.00,L
SHEELA FOAM LIMITED           ,578.60,594.00,L
SHEETAL COOL PRODUCTS LTD     ,202.81,206.40,L
SHIGAN QUANTUM TECH LTD       ,53.00,55.00,L
SHILCHAR TECHNOLOGIES LTD     ,4150.00,4156.00,L
SHIVALIK RASAYAN LIMITED      ,397.05,399.50,L
SITI NETWORKS LIMITED         ,0.38,0.39,L
SONA MACHINERY LIMITED        ,52.35,54.05,L
SPENCER S RETAIL LIMITED      ,43.21,43.90,L
STUDIO LSD LIMITED            ,15.00,15.30,L
SUKHJIT STARCH & CHEM LTD     ,146.50,150.00,L
SULA VINEYARDS LIMITED        ,232.20,235.50,L
SUNREST LIFESCIENCE LTD       ,38.50,40.15,L
SUYOG TELEMATICS LIMITED      ,640.00,645.90,L
SWASTIK PIPE LIMITED          ,23.50,25.00,L
TATA MOTORS PASS VEH LTD      ,352.00,356.80,L
TIGER LOGISTICS (INDIA) L     ,37.77,38.02,L
UMA CONVERTER LIMITED         ,21.00,21.05,L
UNILEX COLOURS AND CHEM L     ,35.00,37.00,L
UPDATER SERVICES LIMITED      ,183.95,186.24,L
V.L.INFRAPROJECTS LIMITED     ,23.20,24.00,L
VAISHALI PHARMA LIMITED       ,8.75,9.00,L
VAKRANGEE LIMITED             ,7.88,7.90,L
VALIANT LABORATORIES LTD      ,68.25,69.51,L
VERITAAS ADVERTISING LTD      ,54.00,55.50,L
VISHWARAJ SUGAR IND LTD       ,6.93,6.96,L
VMS TMT LIMITED               ,60.60,61.00,L
WEWORK INDIA MANAGEMENT L     ,590.50,598.00,L
YASONS CHEMEX CARE LTD        ,11.00,11.75,L
