SYMBOL,SERIES,SECURITY,HIGH/LOW
A2ZINFRA,EQ,A2Z INFRA ENGINEERING LTD,H
ACCPL,ST,ACCRETION PHARMA LIMITED,H
AKI,EQ,AKI INDIA LIMITED,H
ANSALAPI,BZ,ANSAL PROP & INFRA LTD,H
APOLLO,EQ,APOLLO MICRO SYSTEMS LTD,H
ARFIN,EQ,ARFIN INDIA LIMITED,H
ASTRON,EQ,ASTRON PAPER BORD MIL LTD,H
ATMASTCO,SM,ATMASTCO LIMITED,H
BAFNAPH,BE,BAFNA PHARMACEUTICALS LTD,H
BAJAJCON,EQ,BAJAJ CONSUMER CARE LTD,H
BALAJIPHOS,SM,BALAJI PHOSPHATES LIMITED,H
BANKA,EQ,BANKA BIOLOO LIMITED,H
BFUTILITIE,BZ,BF UTILITIES LIMITED,H
BIKEWO,ST,BIKEWO GREEN TECH LIMITED,H
BORANA,BE,BORANA WEAVES LIMITED,H
BUILDPRO,BE,SHANKARA BUILDPRO LIMITED,H
BVCL,EQ,BARAK VALLEY CEM. LTD.,H
CADSYS,SM,CADSYS (INDIA) LIMITED,H
CAPTRUST,EQ,CAPITAL TRUST LIMITED,H
CBAZAAR,ST,NET AVENUE TECHNOLOGIES L,H
COMMITTED,SM,COMMITTED CARGO CARE LTD,H
COMPINFO,BZ,COMPUAGE INFOCOM LTD,H
DHARAN,BZ,DHARAN INFRA-EPC LIMITED,H
DIL,BZ,DEBOCK INDUSTRIES LIMITED,H
DRONE,SM,DRONE DESTINATION LIMITED,H
ESCONET,SM,ESCONET TECHNOLOGIES LTD,H
ESPRIT,SM,ESPRIT STONES LIMITED,H
EXCELLENT,SM,EXCELLENT WIRES N PACK L,H
EXXARO,BE,EXXARO TILES LIMITED,H
FEL,BZ,FUTURE ENTERPRISES LTD,H
FLYSBS,SM,FLYSBS AVIATION LIMITED,H
FMNL,EQ,FUTURE MKT NETWORKS LTD,H
FORGEAUTO,SM,FORGE AUTO INTERNATION L,H
GATECH,EQ,GACM TECHNOLOGIES LIMITED,H
GATECHDVR,EQ,GACM TECHNOLOGIES LIMITED,H
GLFL,BE,GUJARAT LEASE FINANCING L,H
GLOBALVECT,EQ,GLOBAL VEC HELICORP LTD,H
GLOBECIVIL,EQ,GLOBE CIVIL PROJECTS LTD,H
GOLDENTOBC,BZ,GOLDEN TOBACCO LIMITED,H
GOYALALUM,BE,GOYAL ALUMINIUMS LIMITED,H
GURUNANAK,SM,GURUNANAK AGRICULTUR IN L,H
GVKPIL,BE,GVK POW. & INFRA LTD.,H
HALDER,BE,HALDER VENTURE LIMITED,H
HITECHGEAR,BE,THE HI-TECH GEARS LIMITED,H
HNGSNGBEES,EQ,NIP IND ETF HANGSENG BEES,H
IIFL,EQ,IIFL FINANCE LIMITED,H
ISHAN,SM,ISHAN INTERNATIONAL LTD,H
JALAN,ST,JALAN TRANSOLU. INDIA LTD,H
JETFREIGHT,BE,JET FREIGHT LOGISTICS LTD,H
KAVDEFENCE,EQ,KAVVERI DFS & WIR TEC LTD,H
KAYA,EQ,KAYA LIMITED,H
KORE,ST,JAY JALARAM TECHNO LTD,H
KSR,BE,KSR FOOTWEAR LIMITED,H
LAKPRE,BZ,LAKSHMI PRE SCRE LTD,H
LANCORHOL,BE,LANCOR HOLDINGS LIMITED,H
LASA,EQ,LASA SUPERGENERICS LTD,H
LATTEYS,BE,LATTEYS INDUSTRIES LTD,H
LOTUSEYE,EQ,LOTUS EYE HOSP & INST L,H
MAFANG,EQ,MIRAEAMC - MAFANG,H
MAHKTECH,EQ,MIRAEAMC - MAHKTECH,H
MASPTOP50,EQ,MIRAEAMC - MASPTOP50,H
MAYASHEEL,ST,MAYASHEEL VENTURES LTD,H
MCLOUD,EQ,MAGELLANIC CLOUD LIMITED,H
MEDICO,EQ,MEDICO REMEDIES LIMITED,H
MEDIORG,SM,MEDICAMEN ORGANICS LTD,H
MEGASOFT,BE,MEGASOFT LTD,H
MIRCELECTR,EQ,MIRC ELECTRONICS LTD,H
MODTHREAD,EQ,MODERN THREADS INDIA LTD,H
MOXSH,ST,MOXSH OVERSEAS EDUCON LTD,H
NECLIFE,BE,NECTAR LIFESCIENCES LTD.,H
NIRMAN,SM,NIRMAN AGRI GENTICS LTD,H
NOIDATOLL,EQ,NOIDA TOLL BRIDGE CO LTD,H
NRVANDANA,ST,N R VANDANA TEX IND LTD,H
PIGL,EQ,POWER INSTRUMENT (G) LTD,H
POLYSIL,ST,POLYSIL IRRIGATION SYST L,H
PREMIER,BE,PREMIER LIMITED,H
PURPLEUTED,SM,PURPLE UNITED SALES LTD,H
RCOM,BE,RELIANCE COMMUNICATIONS L,H
RICHA,ST,RICHA INFO SYSTEMS LTD,H
S&SPOWER,EQ,S&S POWER SWITCHGEARS LTD,H
SABAR,ST,SABAR FLEX INDIA LIMITED,H
SABTNL,BE,SRI ADHIKARI BRO TELE N L,H
SANWARIA,BZ,SANWARIA CONSUMER LIMITED,H
SCML,ST,SHARP CHUCKS N MACHINES L,H
SETUINFRA,BZ,SETUBANDHAN INFRA LTD,H
SHANTHALA,ST,SHANTHALA FMCG PRODUCTS L,H
SHRENIK,BZ,SHRENIK LIMITED,H
SICALLOG,BE,SICAL LOGISTICS LIMITED,H
SILGO-RE1,BE,SILGO RETAIL LTD,H
SIMBHALS,BZ,SIMBHAOLI SUGARS LTD.,H
STALLION,EQ,STALLION IND FLUOROCHEM L,H
STYLEBAAZA,EQ,BAAZAR STYLE RETAIL LTD,H
SUMEETINDS,EQ,SUMEET IND LIMITED,H
SYSTANGO,ST,SYSTANGO TECHNOLOGIES LTD,H
TANKUP,ST,TANKUP ENGINEERS LIMITED,H
TECH,EQ,BIRLASLAMC - TECH,H
TECHERA,SM,TECHERA ENGINEER (IND) L,H
TEMBO,EQ,TEMBO GLOBAL IND LTD,H
TERASOFT,BE,TERA SOFTWARE LIMITED,H
TRANSWORLD,EQ,TRANSWORLD SHIP LINES LTD,H
UCL,SM,USHANTI COLOUR CHEM LTD,H
UNIHEALTH,ST,UNIHEALTH HOSPITALS LTD,H
UNITEDPOLY,BE,UNITED POLYFAB GUJ. LTD.,H
VCL,BE,VAXTEX COTFAB LIMITED,H
VHLTD,BE,VICEROY HOTELS LIMITED,H
VIJIFIN,EQ,VIJI FINANCE LIMITED,H
VILINBIO,ST,VILIN BIO MED LIMITED,H
WAAREEINDO,BE,INDOSOLAR LIMITED,H
WINSOME,BZ,WINSOME YARNS LIMITED,H
WOL3D,ST,WOL 3D INDIA LIMITED,H
21STCENMGM,EQ,21ST CENTURY MGMT SERVICE,L
AGARWALFT,SM,AGARWAL FLOAT GLASS I LTD,L
ANSALAPI,BZ,ANSAL PROP & INFRA LTD,L
ARMOUR,ST,ARMOUR SECURITY (INDIA) L,L
ARVINDPORT,SM,ARVIND PORT AND INFRA LTD,L
AURIGROW,BE,AURI GROW INDIA LIMITED,L
AUSOMENT,BE,AUSOM ENTERPRISE LIMITED,L
AVANA,ST,AVANA ELECTROSYSTEMS LTD,L
AXISCADES,EQ,AXISCADES TECH LTD,L
BALCO,SM,SOLVE PLASTIC PRODUCTS L,L
BESTAGRO,BE,BEST AGROLIFE LIMITED,L
BLUECHIP,BE,BLUE CHIP INDIA LIMITED,L
CADSYS,SM,CADSYS (INDIA) LIMITED,L
CTE,EQ,CAMBRIDGE TECH ENTER LTD,L
CURAA,BE,CURA TECHNOLOGIES LIMITED,L
DESTINY,SM,DESTINY LOGISTICS & I LTD,L
DIL,BZ,DEBOCK INDUSTRIES LIMITED,L
DIVYADHAN,SM,DIVYADHAN RECYCLING IND L,L
DRSCARGO,SM,DRS CARGO MOVERS LIMITED,L
EPACKPEB,EQ,EPACK PREFAB TECHN LTD,L
EUROTEXIND,BE,EUROTEX IND & EXPORTS LTD,L
EXIMROUTES,ST,EXIM ROUTES LIMITED,L
FEL,BZ,FUTURE ENTERPRISES LTD,L
GANESHIN,SM,GANESH INFRAWORLD LIMITED,L
GML,ST,GALAXY MEDICARE LIMITED,L
GOLDSTAR,SM,GOLDSTAR POWER LIMITED,L
GOYALALUM,BE,GOYAL ALUMINIUMS LIMITED,L
GRCL,SM,GAYATRI RUBB AND CHEM LTD,L
HGM,EQ,HANDSON GBL MNGMNT LTD,L
IL&FSENGG,BZ,IL&FS ENG AND CONS CO LTD,L
ITTL,ST,INNOVATIVE TYRE & TUBE LT,L
KESORAMIND,BE,KESORAM INDUSTRIES LTD,L
LAKPRE,BZ,LAKSHMI PRE SCRE LTD,L
LCCINFOTEC,BE,LCC INFOTECH LTD,L
MANAKALUCO,BE,MANAK ALUMINIUM CO. LTD.,L
MANGALAM,BE,MANGALAM DRUG & CHEM LTD,L
MAXVOLT,ST,MAXVOLT ENERGY INDUS L,L
MEP,BZ,MEP INFRA. DEVELOPERS LTD,L
MHHL,SM,MOHINI HEALTH&HYGIENE LTD,L
MONOPHARMA,SM,MONO PHARMACARE LIMITED,L
MTEDUCARE,BE,MT EDUCARE LTD,L
NAVKARURB,BE,NAVKAR URBANSTRUCTURE LTD,L
NOIDATOLL,EQ,NOIDA TOLL BRIDGE CO LTD,L
NRVANDANA,ST,N R VANDANA TEX IND LTD,L
ORTINGLOBE,BE,ORTIN GLOBAL LIMITED,L
OWAIS,SM,OWAIS METAL & MINERAL,L
PATTECH,SM,PATTECH FITWELL TUB COM L,L
PERFECT,SZ,PERFECT INFRAENGINEER LTD,L
POLYSIL,ST,POLYSIL IRRIGATION SYST L,L
PRECISION,SM,PRECISION METALIKS LTD,L
QVCEL,SM,QVC EXPORTS LIMITED,L
REXPRO,SM,REXPRO ENTERPRISES LTD,L
SADBHAV,BE,SADBHAV ENGINEERING LTD,L
SATECH,ST,S A TECH SOFTWARE INDIA L,L
SETCO,EQ,SETCO AUTOMOTIVE LTD,L
SGBFEB32IV,GB,2.50%GOLDBONDS2032SR-IV,L
SHRIKANHA,SM,SHRI KANHA STAINLESS LTD,L
SILLYMONKS,BE,SILLY MONKS ENTERTAIN LTD,L
SILVERTUC,EQ,SILVER TOUCH TECHNO LTD,L
SITINET,BZ,SITI NETWORKS LIMITED,L
SPCENET,EQ,SPACENET ENTERS IND LTD,L
SPRL,ST,SP REFRACTORIES LIMITED,L
SRPL,BZ,SHREE RAM PROTEINS LTD.,L
SVPGLOB,BE,SVP GLOBAL TEXTILES LTD,L
SYNOPTICS,SM,SYNOPTICS TECHNOLOGIES L,L
TCIFINANCE,BE,TCIFINANCELTD-ROLL SETT,L
TECHLABS,SM,TRIDENT TECHLABS LIMITED,L
TIRUPATI,ST,SHREE TIRUPATI BALAJEE,L
TPHQ,EQ,TEAMO PRODUCTIONS HQ LTD,L
USHAFIN,SM,USHA FINANCIAL SERVICES L,L
VICTORYEV,ST,VICTORY ELEC VEHICL INT L,L
VINEET-RE,BE,VINEET LABORATORIES LTD,L
VISAMAN,ST,VISAMAN GLOBAL SALES LTD,L
VIVIMEDLAB,EQ,VIVIMED LABS LIMITED,L
WINSOME,BZ,WINSOME YARNS LIMITED,L
YUDIZ,SM,YUDIZ SOLUTIONS LIMITED,L
ZENITHSTL,EQ,ZENITH STEEL PIP IND LTD,L
