Datetime,Close,High,Low,Open,Volume
2026-08-03 09:15:00+05:30,24530.099609375,24568.0,24518.0,24568.0,0
2026-08-03 09:20:00+05:30,24527.05078125,24539.5,24515.5,24530.150390625,0
2026-08-03 09:25:00+05:30,24550.19921875,24551.94921875,24523.349609375,24526.69921875,0
2026-08-03 09:30:00+05:30,24553.44921875,24558.400390625,24541.80078125,24550.25,0
2026-08-03 09:35:00+05:30,24554.400390625,24557.0,24543.75,24553.19921875,0
2026-08-03 09:40:00+05:30,24558.05078125,24560.44921875,24550.349609375,24553.25,0
2026-08-03 09:45:00+05:30,24548.25,24558.849609375,24546.05078125,24558.44921875,0
2026-08-03 09:50:00+05:30,24559.599609375,24560.900390625,24545.75,24548.099609375,0
2026-08-03 09:55:00+05:30,24564.69921875,24571.599609375,24558.150390625,24558.75,0
2026-08-03 10:00:00+05:30,24568.400390625,24574.599609375,24559.05078125,24564.099609375,0
2026-08-03 10:05:00+05:30,24567.19921875,24572.900390625,24560.30078125,24569.0,0
2026-08-03 10:10:00+05:30,24579.19921875,24581.69921875,24563.849609375,24567.150390625,0
2026-08-03 10:15:00+05:30,24588.150390625,24592.44921875,24577.75,24579.0,0
2026-08-03 10:20:00+05:30,24578.19921875,24589.400390625,24572.80078125,24588.150390625,0
2026-08-03 10:25:00+05:30,24580.80078125,24586.849609375,24575.94921875,24578.400390625,0
2026-08-03 10:30:00+05:30,24570.349609375,24584.75,24564.400390625,24580.150390625,0
2026-08-03 10:35:00+05:30,24584.19921875,24585.44921875,24562.69921875,24570.94921875,0
2026-08-03 10:40:00+05:30,24583.650390625,24585.69921875,24575.599609375,24583.94921875,0
2026-08-03 10:45:00+05:30,24588.849609375,24589.44921875,24579.44921875,24583.75,0
2026-08-03 10:50:00+05:30,24589.900390625,24592.400390625,24585.05078125,24587.650390625,0
2026-08-03 10:55:00+05:30,24586.44921875,24595.44921875,24581.80078125,24589.849609375,0
2026-08-03 11:00:00+05:30,24598.150390625,24601.75,24585.650390625,24586.900390625,0
2026-08-03 11:05:00+05:30,24593.650390625,24602.400390625,24590.44921875,24597.55078125,0
2026-08-03 11:10:00+05:30,24589.44921875,24597.349609375,24584.900390625,24593.94921875,0
2026-08-03 11:15:00+05:30,24591.599609375,24600.44921875,24586.05078125,24588.94921875,0
2026-08-03 11:20:00+05:30,24598.150390625,24600.94921875,24589.5,24591.44921875,0
2026-08-03 11:25:00+05:30,24591.75,24599.19921875,24588.75,24598.0,0
2026-08-03 11:30:00+05:30,24585.44921875,24594.19921875,24579.80078125,24591.849609375,0
2026-08-03 11:35:00+05:30,24593.849609375,24595.69921875,24583.05078125,24584.849609375,0
2026-08-03 11:40:00+05:30,24592.30078125,24600.30078125,24590.650390625,24593.80078125,0
2026-08-03 11:45:00+05:30,24597.849609375,24597.849609375,24584.80078125,24592.5,0
2026-08-03 11:50:00+05:30,24601.599609375,24605.5,24595.69921875,24597.75,0
2026-08-03 11:55:00+05:30,24592.0,24603.30078125,24590.55078125,24602.25,0
2026-08-03 12:00:00+05:30,24588.25,24594.900390625,24585.69921875,24591.55078125,0
2026-08-03 12:05:00+05:30,24597.0,24598.69921875,24587.650390625,24588.0,0
2026-08-03 12:10:00+05:30,24601.30078125,24602.599609375,24591.650390625,24596.80078125,0
2026-08-03 12:15:00+05:30,24606.400390625,24608.75,24599.25,24601.30078125,0
2026-08-03 12:20:00+05:30,24605.599609375,24607.19921875,24598.05078125,24605.30078125,0
2026-08-03 12:25:00+05:30,24604.05078125,24609.44921875,24602.25,24605.75,0
2026-08-03 12:30:00+05:30,24593.75,24606.55078125,24591.150390625,24604.44921875,0
2026-08-03 12:35:00+05:30,24587.099609375,24595.44921875,24584.400390625,24593.69921875,0
2026-08-03 12:40:00+05:30,24593.0,24596.80078125,24585.849609375,24588.400390625,0
2026-08-03 12:45:00+05:30,24582.099609375,24602.150390625,24570.150390625,24594.650390625,0
2026-08-03 12:50:00+05:30,24588.69921875,24591.849609375,24578.25,24584.349609375,0
2026-08-03 12:55:00+05:30,24584.650390625,24591.150390625,24580.150390625,24591.150390625,0
2026-08-03 13:00:00+05:30,24578.19921875,24585.94921875,24575.75,24584.19921875,0
2026-08-03 13:05:00+05:30,24582.900390625,24583.94921875,24576.099609375,24578.150390625,0
2026-08-03 13:10:00+05:30,24577.69921875,24585.69921875,24575.900390625,24583.5,0
2026-08-03 13:15:00+05:30,24587.05078125,24588.05078125,24576.05078125,24578.19921875,0
2026-08-03 13:20:00+05:30,24584.0,24587.94921875,24580.599609375,24587.30078125,0
2026-08-03 13:25:00+05:30,24589.69921875,24592.05078125,24583.05078125,24584.30078125,0
2026-08-03 13:30:00+05:30,24597.80078125,24598.44921875,24585.849609375,24589.25,0
2026-08-03 13:35:00+05:30,24592.30078125,24606.05078125,24592.0,24597.349609375,0
2026-08-03 13:40:00+05:30,24596.099609375,24601.0,24581.19921875,24592.0,0
2026-08-03 13:45:00+05:30,24592.69921875,24601.150390625,24591.349609375,24595.19921875,0
2026-08-03 13:50:00+05:30,24586.75,24595.849609375,24583.099609375,24592.099609375,0
2026-08-03 13:55:00+05:30,24586.80078125,24592.650390625,24581.69921875,24585.900390625,0
2026-08-03 14:00:00+05:30,24589.44921875,24591.05078125,24583.5,24586.69921875,0
2026-08-03 14:05:00+05:30,24588.400390625,24593.19921875,24585.099609375,24590.05078125,0
2026-08-03 14:10:00+05:30,24593.5,24595.05078125,24583.94921875,24588.75,0
2026-08-03 14:15:00+05:30,24583.849609375,24595.05078125,24577.69921875,24594.5,0
2026-08-03 14:20:00+05:30,24584.650390625,24591.55078125,24580.650390625,24584.19921875,0
2026-08-03 14:25:00+05:30,24589.849609375,24592.30078125,24584.05078125,24585.099609375,0
2026-08-03 14:30:00+05:30,24590.94921875,24593.650390625,24587.099609375,24589.44921875,0
2026-08-03 14:35:00+05:30,24597.599609375,24601.150390625,24585.400390625,24591.44921875,0
2026-08-03 14:40:00+05:30,24597.55078125,24602.0,24594.349609375,24597.400390625,0
2026-08-03 14:45:00+05:30,24598.55078125,24601.5,24593.44921875,24598.349609375,0
2026-08-03 14:50:00+05:30,24592.69921875,24602.75,24588.849609375,24598.19921875,0
2026-08-03 14:55:00+05:30,24595.0,24599.19921875,24590.55078125,24592.19921875,0
2026-08-03 15:00:00+05:30,24583.900390625,24596.55078125,24583.25,24594.849609375,0
2026-08-03 15:05:00+05:30,24571.05078125,24584.94921875,24554.94921875,24584.19921875,0
2026-08-03 15:10:00+05:30,24573.55078125,24584.05078125,24554.19921875,24568.80078125,0
2026-08-03 15:15:00+05:30,24573.349609375,24573.349609375,24573.349609375,24573.349609375,0
2026-08-03 15:20:00+05:30,24573.349609375,24573.349609375,24573.349609375,24573.349609375,0
2026-08-03 15:25:00+05:30,24774.30078125,24774.30078125,24573.349609375,24573.349609375,0
2026-08-04 09:15:00+05:30,24599.80078125,24666.650390625,24591.30078125,24666.650390625,0
2026-08-04 09:20:00+05:30,24615.849609375,24626.44921875,24600.400390625,24604.900390625,0
2026-08-04 09:25:00+05:30,24597.599609375,24618.44921875,24595.599609375,24618.44921875,0
2026-08-04 09:30:00+05:30,24590.650390625,24606.400390625,24589.80078125,24598.5,0
2026-08-04 09:35:00+05:30,24604.650390625,24606.19921875,24589.80078125,24591.650390625,0
2026-08-04 09:40:00+05:30,24623.599609375,24629.55078125,24604.599609375,24606.0,0
2026-08-04 09:45:00+05:30,24635.150390625,24635.94921875,24621.849609375,24623.69921875,0
2026-08-04 09:50:00+05:30,24634.150390625,24647.650390625,24631.30078125,24635.80078125,0
2026-08-04 09:55:00+05:30,24631.55078125,24639.400390625,24628.75,24634.80078125,0
2026-08-04 10:00:00+05:30,24626.400390625,24634.75,24625.349609375,24633.80078125,0
2026-08-04 10:05:00+05:30,24611.400390625,24630.650390625,24610.30078125,24628.150390625,0
2026-08-04 10:10:00+05:30,24615.5,24619.0,24607.44921875,24613.94921875,0
2026-08-04 10:15:00+05:30,24616.19921875,24620.75,24610.150390625,24617.599609375,0
2026-08-04 10:20:00+05:30,24593.80078125,24618.150390625,24593.55078125,24617.55078125,0
2026-08-04 10:25:00+05:30,24592.80078125,24598.099609375,24588.400390625,24596.400390625,0
2026-08-04 10:30:00+05:30,24582.900390625,24594.94921875,24581.0,24594.150390625,0
2026-08-04 10:35:00+05:30,24581.94921875,24586.25,24578.650390625,24584.94921875,0
2026-08-04 10:40:00+05:30,24582.0,24588.55078125,24580.099609375,24584.0,0
2026-08-04 10:45:00+05:30,24583.5,24585.55078125,24578.69921875,24583.94921875,0
2026-08-04 10:50:00+05:30,24581.80078125,24588.900390625,24580.94921875,24586.349609375,0
2026-08-04 10:55:00+05:30,24575.400390625,24585.25,24569.05078125,24584.55078125,0
2026-08-04 11:00:00+05:30,24589.19921875,24592.05078125,24576.150390625,24577.94921875,0
2026-08-04 11:05:00+05:30,24587.900390625,24593.69921875,24584.0,24590.650390625,0
2026-08-04 11:10:00+05:30,24590.900390625,24592.5,24585.75,24590.099609375,0
2026-08-04 11:15:00+05:30,24593.349609375,24598.80078125,24588.69921875,24591.849609375,0
2026-08-04 11:20:00+05:30,24585.900390625,24595.44921875,24585.5,24595.44921875,0
2026-08-04 11:25:00+05:30,24577.05078125,24589.150390625,24575.599609375,24587.94921875,0
2026-08-04 11:30:00+05:30,24568.80078125,24579.55078125,24568.5,24578.19921875,0
2026-08-04 11:35:00+05:30,24571.05078125,24572.55078125,24560.150390625,24571.55078125,0
2026-08-04 11:40:00+05:30,24555.44921875,24571.849609375,24553.900390625,24571.400390625,0
2026-08-04 11:45:00+05:30,24532.80078125,24557.5,24530.650390625,24557.5,0
2026-08-04 11:50:00+05:30,24532.75,24540.400390625,24529.650390625,24534.75,0
2026-08-04 11:55:00+05:30,24524.150390625,24535.80078125,24522.05078125,24534.30078125,0
2026-08-04 12:00:00+05:30,24521.900390625,24529.099609375,24505.55078125,24524.75,0
2026-08-04 12:05:00+05:30,24506.349609375,24524.05078125,24504.05078125,24522.599609375,0
2026-08-04 12:10:00+05:30,24511.30078125,24511.5,24496.94921875,24507.900390625,0
2026-08-04 12:15:00+05:30,24519.75,24523.599609375,24505.400390625,24513.400390625,0
2026-08-04 12:20:00+05:30,24519.349609375,24524.349609375,24513.599609375,24521.69921875,0
2026-08-04 12:25:00+05:30,24515.69921875,24521.44921875,24511.94921875,24521.349609375,0
2026-08-04 12:30:00+05:30,24507.55078125,24519.650390625,24506.69921875,24517.650390625,0
2026-08-04 12:35:00+05:30,24503.25,24509.099609375,24491.599609375,24509.099609375,0
2026-08-04 12:40:00+05:30,24493.349609375,24506.150390625,24488.150390625,24504.900390625,0
2026-08-04 12:45:00+05:30,24503.30078125,24506.650390625,24493.94921875,24495.0,0
2026-08-04 12:50:00+05:30,24500.05078125,24509.80078125,24499.099609375,24504.650390625,0
2026-08-04 12:55:00+05:30,24491.75,24500.650390625,24489.349609375,24500.650390625,0
2026-08-04 13:00:00+05:30,24493.650390625,24500.849609375,24488.75,24493.400390625,0
2026-08-04 13:05:00+05:30,24483.69921875,24495.80078125,24483.25,24494.650390625,0
2026-08-04 13:10:00+05:30,24479.599609375,24489.75,24477.349609375,24486.650390625,0
2026-08-04 13:15:00+05:30,24482.05078125,24487.94921875,24474.099609375,24481.69921875,0
2026-08-04 13:20:00+05:30,24491.80078125,24493.44921875,24475.150390625,24484.05078125,0
2026-08-04 13:25:00+05:30,24471.19921875,24492.75,24469.349609375,24492.75,0
2026-08-04 13:30:00+05:30,24463.69921875,24474.0,24458.19921875,24473.5,0
2026-08-04 13:35:00+05:30,24468.19921875,24470.849609375,24455.94921875,24464.69921875,0
2026-08-04 13:40:00+05:30,24453.80078125,24471.0,24453.80078125,24468.75,0
2026-08-04 13:45:00+05:30,24465.44921875,24467.44921875,24451.94921875,24454.80078125,0
2026-08-04 13:50:00+05:30,24446.69921875,24468.44921875,24440.94921875,24466.75,0
2026-08-04 13:55:00+05:30,24448.900390625,24449.599609375,24428.19921875,24446.400390625,0
2026-08-04 14:00:00+05:30,24445.400390625,24450.599609375,24436.150390625,24450.599609375,0
2026-08-04 14:05:00+05:30,24450.19921875,24458.75,24444.30078125,24447.80078125,0
2026-08-04 14:10:00+05:30,24462.349609375,24463.30078125,24450.099609375,24452.5,0
2026-08-04 14:15:00+05:30,24486.0,24487.349609375,24460.44921875,24463.80078125,0
2026-08-04 14:20:00+05:30,24473.400390625,24494.30078125,24463.80078125,24487.30078125,0
2026-08-04 14:25:00+05:30,24470.5,24482.849609375,24461.099609375,24476.0,0
2026-08-04 14:30:00+05:30,24463.150390625,24490.30078125,24456.30078125,24470.099609375,0
2026-08-04 14:35:00+05:30,24463.30078125,24471.5,24456.849609375,24464.849609375,0
2026-08-04 14:40:00+05:30,24456.650390625,24467.55078125,24456.650390625,24463.849609375,0
2026-08-04 14:45:00+05:30,24469.19921875,24472.05078125,24455.94921875,24459.400390625,0
2026-08-04 14:50:00+05:30,24474.80078125,24476.30078125,24465.900390625,24469.650390625,0
2026-08-04 14:55:00+05:30,24465.849609375,24481.44921875,24465.599609375,24475.69921875,0
2026-08-04 15:00:00+05:30,24450.349609375,24474.30078125,24449.75,24469.099609375,0
2026-08-04 15:05:00+05:30,24452.30078125,24458.30078125,24445.0,24450.349609375,0
2026-08-04 15:10:00+05:30,24462.94921875,24466.150390625,24443.599609375,24454.0,0
2026-08-04 15:15:00+05:30,24463.44921875,24463.44921875,24463.44921875,24463.44921875,0
2026-08-04 15:20:00+05:30,24463.44921875,24463.44921875,24463.44921875,24463.44921875,0
2026-08-04 15:25:00+05:30,24614.900390625,24614.900390625,24463.44921875,24463.44921875,0
2026-08-05 09:15:00+05:30,24635.19921875,24669.19921875,24619.05078125,24669.19921875,0
2026-08-05 09:20:00+05:30,24625.30078125,24642.150390625,24621.05078125,24636.19921875,0
2026-08-05 09:25:00+05:30,24621.44921875,24628.19921875,24611.44921875,24626.099609375,0
2026-08-05 09:30:00+05:30,24611.05078125,24624.05078125,24605.599609375,24621.400390625,0
2026-08-05 09:35:00+05:30,24622.05078125,24622.599609375,24604.94921875,24610.650390625,0
2026-08-05 09:40:00+05:30,24627.94921875,24635.94921875,24620.44921875,24622.25,0
2026-08-05 09:45:00+05:30,24628.349609375,24631.69921875,24621.599609375,24628.05078125,0
2026-08-05 09:50:00+05:30,24591.19921875,24630.5,24591.19921875,24629.5,0
2026-08-05 09:55:00+05:30,24594.05078125,24595.30078125,24581.69921875,24592.099609375,0
2026-08-05 10:00:00+05:30,24612.0,24620.599609375,24594.25,24594.25,0
2026-08-05 10:05:00+05:30,24605.900390625,24614.75,24588.44921875,24612.150390625,0
2026-08-05 10:10:00+05:30,24620.900390625,24623.19921875,24605.349609375,24605.599609375,0
2026-08-05 10:15:00+05:30,24611.80078125,24621.75,24601.69921875,24621.25,0
2026-08-05 10:20:00+05:30,24615.900390625,24618.900390625,24604.69921875,24610.80078125,0
2026-08-05 10:25:00+05:30,24582.400390625,24616.80078125,24580.69921875,24616.0,0
2026-08-05 10:30:00+05:30,24580.05078125,24583.099609375,24562.400390625,24582.150390625,0
2026-08-05 10:35:00+05:30,24581.650390625,24591.19921875,24575.099609375,24580.150390625,0
2026-08-05 10:40:00+05:30,24594.400390625,24605.05078125,24578.849609375,24581.5,0
2026-08-05 10:45:00+05:30,24609.400390625,24610.400390625,24593.900390625,24594.400390625,0
2026-08-05 10:50:00+05:30,24617.19921875,24619.55078125,24604.30078125,24609.5,0
2026-08-05 10:55:00+05:30,24643.05078125,24644.75,24615.400390625,24616.19921875,0
2026-08-05 11:00:00+05:30,24648.30078125,24657.150390625,24643.5,24643.5,0
2026-08-05 11:05:00+05:30,24626.19921875,24662.599609375,24625.650390625,24647.94921875,0
2026-08-05 11:10:00+05:30,24631.400390625,24640.650390625,24617.900390625,24626.19921875,0
2026-08-05 11:15:00+05:30,24623.05078125,24637.650390625,24622.05078125,24631.44921875,0
2026-08-05 11:20:00+05:30,24619.599609375,24629.150390625,24616.099609375,24622.400390625,0
2026-08-05 11:25:00+05:30,24611.25,24621.150390625,24608.0,24619.55078125,0
2026-08-05 11:30:00+05:30,24590.099609375,24612.25,24589.25,24610.94921875,0
2026-08-05 11:35:00+05:30,24598.19921875,24599.30078125,24586.5,24590.19921875,0
2026-08-05 11:40:00+05:30,24594.400390625,24601.099609375,24589.849609375,24598.19921875,0
2026-08-05 11:45:00+05:30,24584.25,24595.75,24583.05078125,24594.400390625,0
2026-08-05 11:50:00+05:30,24574.30078125,24584.94921875,24569.400390625,24583.650390625,0
2026-08-05 11:55:00+05:30,24570.94921875,24575.849609375,24561.75,24573.69921875,0
2026-08-05 12:00:00+05:30,24575.599609375,24579.05078125,24568.599609375,24570.05078125,0
2026-08-05 12:05:00+05:30,24576.5,24578.599609375,24571.900390625,24575.849609375,0
2026-08-05 12:10:00+05:30,24573.599609375,24577.5,24564.75,24576.400390625,0
2026-08-05 12:15:00+05:30,24566.849609375,24580.349609375,24566.30078125,24572.849609375,0
2026-08-05 12:20:00+05:30,24571.94921875,24576.80078125,24560.94921875,24566.5,0
2026-08-05 12:25:00+05:30,24566.900390625,24576.150390625,24564.099609375,24571.900390625,0
2026-08-05 12:30:00+05:30,24543.849609375,24568.30078125,24542.05078125,24566.900390625,0
2026-08-05 12:35:00+05:30,24540.05078125,24545.30078125,24530.099609375,24543.94921875,0
2026-08-05 12:40:00+05:30,24532.05078125,24545.650390625,24525.94921875,24540.0,0
2026-08-05 12:45:00+05:30,24523.69921875,24535.099609375,24520.69921875,24531.849609375,0
2026-08-05 12:50:00+05:30,24522.650390625,24526.099609375,24517.650390625,24523.849609375,0
2026-08-05 12:55:00+05:30,24516.099609375,24528.5,24515.650390625,24523.05078125,0
2026-08-05 13:00:00+05:30,24530.80078125,24534.599609375,24513.69921875,24516.349609375,0
2026-08-05 13:05:00+05:30,24536.19921875,24536.900390625,24508.44921875,24530.900390625,0
2026-08-05 13:10:00+05:30,24535.05078125,24540.099609375,24519.25,24536.650390625,0
2026-08-05 13:15:00+05:30,24547.25,24548.5,24530.55078125,24534.94921875,0
2026-08-05 13:20:00+05:30,24526.0,24559.30078125,24522.94921875,24547.30078125,0
2026-08-05 13:25:00+05:30,24528.69921875,24532.05078125,24515.75,24524.44921875,0
2026-08-05 13:30:00+05:30,24520.05078125,24535.099609375,24515.599609375,24528.55078125,0
2026-08-05 13:35:00+05:30,24520.5,24528.099609375,24516.900390625,24519.05078125,0
2026-08-05 13:40:00+05:30,24503.150390625,24521.44921875,24498.69921875,24520.099609375,0
2026-08-05 13:45:00+05:30,24527.599609375,24528.0,24502.099609375,24502.94921875,0
2026-08-05 13:50:00+05:30,24517.25,24532.5,24507.80078125,24527.44921875,0
2026-08-05 13:55:00+05:30,24514.55078125,24517.44921875,24506.5,24517.05078125,0
2026-08-05 14:00:00+05:30,24524.80078125,24526.849609375,24513.44921875,24514.44921875,0
2026-08-05 14:05:00+05:30,24523.44921875,24534.30078125,24522.25,24524.5,0
2026-08-05 14:10:00+05:30,24513.650390625,24532.25,24512.599609375,24523.69921875,0
2026-08-05 14:15:00+05:30,24507.44921875,24515.80078125,24498.25,24513.25,0
2026-08-05 14:20:00+05:30,24505.349609375,24516.80078125,24503.400390625,24507.44921875,0
2026-08-05 14:25:00+05:30,24504.5,24513.05078125,24501.099609375,24505.5,0
2026-08-05 14:30:00+05:30,24505.099609375,24511.75,24503.25,24504.75,0
2026-08-05 14:35:00+05:30,24516.349609375,24520.349609375,24501.5,24504.849609375,0
2026-08-05 14:40:00+05:30,24505.69921875,24516.75,24500.75,24516.650390625,0
2026-08-05 14:45:00+05:30,24517.05078125,24520.80078125,24503.849609375,24505.0,0
2026-08-05 14:50:00+05:30,24511.25,24520.599609375,24507.44921875,24517.099609375,0
2026-08-05 14:55:00+05:30,24524.19921875,24530.80078125,24506.19921875,24511.19921875,0
2026-08-05 15:00:00+05:30,24532.44921875,24536.150390625,24517.30078125,24523.80078125,0
2026-08-05 15:05:00+05:30,24540.099609375,24548.94921875,24518.599609375,24533.30078125,0
2026-08-05 15:10:00+05:30,24572.25,24575.75,24528.5,24540.75,0
2026-08-05 15:15:00+05:30,24570.19921875,24570.19921875,24570.19921875,24570.19921875,0
2026-08-05 15:20:00+05:30,24570.19921875,24570.19921875,24570.19921875,24570.19921875,0
2026-08-05 15:25:00+05:30,24624.650390625,24624.650390625,24570.19921875,24570.19921875,0
2026-08-06 09:15:00+05:30,24625.94921875,24641.150390625,24607.75,24632.69921875,0
2026-08-06 09:20:00+05:30,24637.5,24646.900390625,24625.400390625,24627.0,0
2026-08-06 09:25:00+05:30,24635.25,24641.94921875,24626.25,24638.19921875,0
2026-08-06 09:30:00+05:30,24624.55078125,24649.30078125,24620.650390625,24637.75,0
2026-08-06 09:35:00+05:30,24632.94921875,24639.400390625,24622.69921875,24625.55078125,0
2026-08-06 09:40:00+05:30,24645.150390625,24646.400390625,24632.0,24635.55078125,0
2026-08-06 09:45:00+05:30,24659.650390625,24664.44921875,24645.19921875,24647.900390625,0
2026-08-06 09:50:00+05:30,24662.30078125,24664.94921875,24655.400390625,24660.19921875,0
2026-08-06 09:55:00+05:30,24636.349609375,24663.05078125,24635.30078125,24663.05078125,0
2026-08-06 10:00:00+05:30,24614.55078125,24637.55078125,24606.44921875,24637.55078125,0
2026-08-06 10:05:00+05:30,24620.69921875,24621.5,24605.94921875,24614.05078125,0
2026-08-06 10:10:00+05:30,24630.849609375,24638.900390625,24619.55078125,24621.05078125,0
2026-08-06 10:15:00+05:30,24619.900390625,24631.75,24617.75,24631.75,0
2026-08-06 10:20:00+05:30,24638.650390625,24639.25,24618.650390625,24621.0,0
2026-08-06 10:25:00+05:30,24635.69921875,24639.69921875,24627.650390625,24639.44921875,0
2026-08-06 10:30:00+05:30,24635.55078125,24643.349609375,24634.400390625,24636.55078125,0
2026-08-06 10:35:00+05:30,24639.599609375,24643.349609375,24630.349609375,24636.05078125,0
2026-08-06 10:40:00+05:30,24636.650390625,24641.099609375,24632.05078125,24639.94921875,0
2026-08-06 10:45:00+05:30,24626.900390625,24637.25,24621.650390625,24637.0,0
2026-08-06 10:50:00+05:30,24628.05078125,24629.94921875,24616.099609375,24626.05078125,0
2026-08-06 10:55:00+05:30,24630.69921875,24640.599609375,24623.400390625,24629.400390625,0
2026-08-06 11:00:00+05:30,24629.75,24634.69921875,24621.599609375,24630.900390625,0
2026-08-06 11:05:00+05:30,24638.349609375,24639.599609375,24628.80078125,24629.900390625,0
2026-08-06 11:10:00+05:30,24652.44921875,24655.599609375,24637.80078125,24639.0,0
2026-08-06 11:15:00+05:30,24663.900390625,24666.30078125,24647.900390625,24653.80078125,0
2026-08-06 11:20:00+05:30,24669.650390625,24670.150390625,24663.849609375,24664.599609375,0
2026-08-06 11:25:00+05:30,24672.55078125,24674.80078125,24663.849609375,24669.94921875,0
2026-08-06 11:30:00+05:30,24659.75,24676.80078125,24658.599609375,24674.0,0
2026-08-06 11:35:00+05:30,24651.5,24663.400390625,24650.650390625,24660.650390625,0
2026-08-06 11:40:00+05:30,24633.650390625,24656.55078125,24628.94921875,24651.650390625,0
2026-08-06 11:45:00+05:30,24635.650390625,24636.25,24626.900390625,24633.75,0
2026-08-06 11:50:00+05:30,24645.30078125,24650.75,24636.099609375,24636.44921875,0
2026-08-06 11:55:00+05:30,24659.900390625,24664.349609375,24644.69921875,24646.150390625,0
2026-08-06 12:00:00+05:30,24654.69921875,24661.80078125,24652.849609375,24660.55078125,0
2026-08-06 12:05:00+05:30,24651.650390625,24657.650390625,24648.900390625,24655.25,0
2026-08-06 12:10:00+05:30,24643.150390625,24651.80078125,24638.30078125,24651.69921875,0
2026-08-06 12:15:00+05:30,24646.349609375,24660.75,24643.349609375,24644.19921875,0
2026-08-06 12:20:00+05:30,24635.599609375,24646.69921875,24627.19921875,24646.5,0
2026-08-06 12:25:00+05:30,24637.05078125,24641.69921875,24630.849609375,24636.099609375,0
2026-08-06 12:30:00+05:30,24645.30078125,24648.55078125,24636.400390625,24637.349609375,0
2026-08-06 12:35:00+05:30,24642.650390625,24649.44921875,24639.349609375,24645.900390625,0
2026-08-06 12:40:00+05:30,24646.25,24651.099609375,24638.80078125,24643.599609375,0
2026-08-06 12:45:00+05:30,24636.30078125,24648.44921875,24634.19921875,24646.19921875,0
2026-08-06 12:50:00+05:30,24631.94921875,24641.80078125,24627.849609375,24636.80078125,0
2026-08-06 12:55:00+05:30,24629.05078125,24636.25,24622.05078125,24632.650390625,0
2026-08-06 13:00:00+05:30,24642.55078125,24650.94921875,24628.349609375,24629.25,0
2026-08-06 13:05:00+05:30,24627.150390625,24647.25,24622.44921875,24643.05078125,0
2026-08-06 13:10:00+05:30,24622.19921875,24644.05078125,24621.25,24627.650390625,0
2026-08-06 13:15:00+05:30,24651.599609375,24653.44921875,24611.849609375,24623.0,0
2026-08-06 13:20:00+05:30,24618.900390625,24655.900390625,24617.900390625,24651.80078125,0
2026-08-06 13:25:00+05:30,24628.0,24633.44921875,24615.94921875,24619.5,0
2026-08-06 13:30:00+05:30,24640.69921875,24643.400390625,24628.05078125,24628.05078125,0
2026-08-06 13:35:00+05:30,24633.80078125,24659.650390625,24629.900390625,24641.5,0
2026-08-06 13:40:00+05:30,24633.05078125,24641.150390625,24626.0,24633.44921875,0
2026-08-06 13:45:00+05:30,24613.599609375,24636.099609375,24613.349609375,24634.55078125,0
2026-08-06 13:50:00+05:30,24629.25,24632.94921875,24606.900390625,24614.25,0
2026-08-06 13:55:00+05:30,24647.25,24649.75,24620.80078125,24630.55078125,0
2026-08-06 14:00:00+05:30,24648.05078125,24651.25,24634.099609375,24646.25,0
2026-08-06 14:05:00+05:30,24649.19921875,24656.650390625,24646.900390625,24647.75,0
2026-08-06 14:10:00+05:30,24651.099609375,24658.5,24648.19921875,24650.0,0
2026-08-06 14:15:00+05:30,24654.30078125,24657.650390625,24650.150390625,24651.849609375,0
2026-08-06 14:20:00+05:30,24657.5,24658.75,24649.349609375,24654.5,0
2026-08-06 14:25:00+05:30,24654.900390625,24662.80078125,24651.5,24657.5,0
2026-08-06 14:30:00+05:30,24649.30078125,24659.44921875,24634.25,24655.44921875,0
2026-08-06 14:35:00+05:30,24643.599609375,24653.599609375,24641.75,24649.400390625,0
2026-08-06 14:40:00+05:30,24638.349609375,24652.650390625,24632.650390625,24644.349609375,0
2026-08-06 14:45:00+05:30,24644.55078125,24647.55078125,24634.5,24639.55078125,0
2026-08-06 14:50:00+05:30,24636.25,24645.80078125,24634.05078125,24645.400390625,0
2026-08-06 14:55:00+05:30,24633.0,24636.19921875,24629.349609375,24636.150390625,0
2026-08-06 15:00:00+05:30,24621.69921875,24642.05078125,24614.69921875,24633.19921875,0
2026-08-06 15:05:00+05:30,24628.19921875,24639.0,24616.69921875,24624.25,0
2026-08-06 15:10:00+05:30,24628.5,24636.599609375,24619.19921875,24628.650390625,0
2026-08-06 15:15:00+05:30,24627.94921875,24627.94921875,24627.94921875,24627.94921875,0
2026-08-06 15:20:00+05:30,24627.94921875,24627.94921875,24627.94921875,24627.94921875,0
2026-08-06 15:25:00+05:30,24636.0,24636.0,24627.94921875,24627.94921875,0
2026-08-07 09:15:00+05:30,24592.19921875,24600.900390625,24535.05078125,24535.05078125,0
2026-08-07 09:20:00+05:30,24611.69921875,24620.0,24584.75,24593.25,0
2026-08-07 09:25:00+05:30,24601.599609375,24614.650390625,24600.5,24613.30078125,0
2026-08-07 09:30:00+05:30,24601.69921875,24611.94921875,24593.25,24604.0,0
2026-08-07 09:35:00+05:30,24604.400390625,24608.80078125,24598.400390625,24602.650390625,0
2026-08-07 09:40:00+05:30,24618.0,24618.650390625,24598.30078125,24604.650390625,0
2026-08-07 09:45:00+05:30,24611.099609375,24620.150390625,24600.80078125,24618.19921875,0
2026-08-07 09:50:00+05:30,24622.150390625,24625.80078125,24610.94921875,24610.94921875,0
2026-08-07 09:55:00+05:30,24626.5,24629.80078125,24617.94921875,24622.25,0
2026-08-07 10:00:00+05:30,24613.55078125,24627.05078125,24607.5,24625.80078125,0
2026-08-07 10:05:00+05:30,24613.19921875,24618.75,24609.69921875,24613.80078125,0
2026-08-07 10:10:00+05:30,24599.69921875,24614.900390625,24594.0,24613.19921875,0
2026-08-07 10:15:00+05:30,24576.900390625,24601.650390625,24570.80078125,24599.150390625,0
2026-08-07 10:20:00+05:30,24574.599609375,24587.80078125,24570.900390625,24577.150390625,0
2026-08-07 10:25:00+05:30,24566.900390625,24577.0,24562.94921875,24577.0,0
2026-08-07 10:30:00+05:30,24571.150390625,24572.94921875,24561.30078125,24566.55078125,0
2026-08-07 10:35:00+05:30,24574.75,24576.0,24566.69921875,24571.30078125,0
2026-08-07 10:40:00+05:30,24569.349609375,24576.599609375,24563.94921875,24574.849609375,0
2026-08-07 10:45:00+05:30,24577.44921875,24583.900390625,24569.400390625,24569.5,0
2026-08-07 10:50:00+05:30,24582.150390625,24586.5,24572.55078125,24577.099609375,0
2026-08-07 10:55:00+05:30,24570.349609375,24586.05078125,24569.5,24582.19921875,0
2026-08-07 11:00:00+05:30,24555.05078125,24575.25,24552.25,24572.150390625,0
2026-08-07 11:05:00+05:30,24567.05078125,24570.900390625,24555.150390625,24555.80078125,0
2026-08-07 11:10:00+05:30,24567.599609375,24571.099609375,24565.19921875,24567.19921875,0
2026-08-07 11:15:00+05:30,24562.849609375,24569.099609375,24558.44921875,24569.099609375,0
2026-08-07 11:20:00+05:30,24576.94921875,24577.55078125,24561.150390625,24562.650390625,0
2026-08-07 11:25:00+05:30,24584.80078125,24591.599609375,24575.099609375,24576.25,0
2026-08-07 11:30:00+05:30,24578.599609375,24586.599609375,24575.099609375,24584.75,0
2026-08-07 11:35:00+05:30,24585.69921875,24589.5,24576.099609375,24579.30078125,0
2026-08-07 11:40:00+05:30,24579.349609375,24587.05078125,24579.0,24587.05078125,0
2026-08-07 11:45:00+05:30,24563.150390625,24581.900390625,24563.150390625,24581.5,0
2026-08-07 11:50:00+05:30,24556.44921875,24565.80078125,24550.650390625,24564.0,0
2026-08-07 11:55:00+05:30,24560.94921875,24561.0,24555.349609375,24557.19921875,0
2026-08-07 12:00:00+05:30,24552.5,24563.44921875,24551.75,24562.5,0
2026-08-07 12:05:00+05:30,24551.44921875,24555.5,24545.75,24554.5,0
2026-08-07 12:10:00+05:30,24540.69921875,24553.099609375,24540.150390625,24552.55078125,0
2026-08-07 12:15:00+05:30,24537.44921875,24543.30078125,24532.900390625,24541.150390625,0
2026-08-07 12:20:00+05:30,24538.94921875,24546.94921875,24534.150390625,24537.900390625,0
2026-08-07 12:25:00+05:30,24549.5,24558.400390625,24536.19921875,24538.099609375,0
2026-08-07 12:30:00+05:30,24559.19921875,24561.05078125,24544.80078125,24550.0,0
2026-08-07 12:35:00+05:30,24560.5,24562.44921875,24555.900390625,24559.55078125,0
2026-08-07 12:40:00+05:30,24557.05078125,24562.44921875,24552.44921875,24560.05078125,0
2026-08-07 12:45:00+05:30,24567.5,24570.05078125,24554.650390625,24559.349609375,0
2026-08-07 12:50:00+05:30,24559.30078125,24568.55078125,24554.5,24567.0,0
2026-08-07 12:55:00+05:30,24554.599609375,24561.25,24551.30078125,24559.30078125,0
2026-08-07 13:00:00+05:30,24556.5,24557.55078125,24548.150390625,24553.650390625,0
2026-08-07 13:05:00+05:30,24557.80078125,24567.25,24555.900390625,24556.05078125,0
2026-08-07 13:10:00+05:30,24547.0,24562.44921875,24546.69921875,24557.900390625,0
2026-08-07 13:15:00+05:30,24546.44921875,24560.25,24546.099609375,24547.0,0
2026-08-07 13:20:00+05:30,24564.650390625,24566.0,24546.150390625,24549.150390625,0
2026-08-07 13:25:00+05:30,24565.94921875,24573.5,24563.400390625,24564.80078125,0
2026-08-07 13:30:00+05:30,24547.900390625,24568.44921875,24545.69921875,24567.55078125,0
2026-08-07 13:35:00+05:30,24547.80078125,24558.150390625,24545.349609375,24547.75,0
2026-08-07 13:40:00+05:30,24548.5,24552.30078125,24545.69921875,24547.55078125,0
2026-08-07 13:45:00+05:30,24573.55078125,24574.849609375,24547.69921875,24550.69921875,0
2026-08-07 13:50:00+05:30,24571.19921875,24590.5,24569.0,24573.44921875,0
2026-08-07 13:55:00+05:30,24563.94921875,24574.0,24549.44921875,24572.599609375,0
2026-08-07 14:00:00+05:30,24553.55078125,24579.650390625,24549.849609375,24565.849609375,0
2026-08-07 14:05:00+05:30,24538.19921875,24559.150390625,24532.099609375,24554.849609375,0
2026-08-07 14:10:00+05:30,24526.849609375,24541.44921875,24522.900390625,24539.19921875,0
2026-08-07 14:15:00+05:30,24536.30078125,24542.94921875,24523.150390625,24526.849609375,0
2026-08-07 14:20:00+05:30,24541.30078125,24543.19921875,24529.19921875,24536.55078125,0
2026-08-07 14:25:00+05:30,24534.19921875,24547.099609375,24532.94921875,24544.599609375,0
2026-08-07 14:30:00+05:30,24543.55078125,24549.599609375,24526.150390625,24534.099609375,0
2026-08-07 14:35:00+05:30,24537.099609375,24546.44921875,24535.05078125,24543.44921875,0
2026-08-07 14:40:00+05:30,24538.25,24541.400390625,24531.150390625,24536.69921875,0
2026-08-07 14:45:00+05:30,24559.05078125,24561.44921875,24537.5,24537.900390625,0
2026-08-07 14:50:00+05:30,24531.75,24561.0,24528.55078125,24559.349609375,0
2026-08-07 14:55:00+05:30,24541.80078125,24547.099609375,24531.80078125,24531.94921875,0
2026-08-07 15:00:00+05:30,24550.150390625,24552.44921875,24541.599609375,24542.150390625,0
2026-08-07 15:05:00+05:30,24553.900390625,24554.69921875,24544.650390625,24551.0,0
2026-08-07 15:10:00+05:30,24558.94921875,24565.099609375,24552.19921875,24552.19921875,0
2026-08-07 15:15:00+05:30,24557.0,24557.0,24554.55078125,24554.55078125,0
2026-08-07 15:20:00+05:30,24557.0,24557.0,24557.0,24557.0,0
2026-08-07 15:25:00+05:30,24570.650390625,24570.650390625,24557.0,24557.0,0
2026-08-10 09:15:00+05:30,24602.69921875,24607.69921875,24559.599609375,24584.05078125,0
2026-08-10 09:20:00+05:30,24590.349609375,24620.55078125,24590.0,24602.849609375,0
2026-08-10 09:25:00+05:30,24555.900390625,24592.400390625,24555.25,24589.94921875,0
2026-08-10 09:30:00+05:30,24534.349609375,24560.900390625,24533.5,24557.900390625,0
2026-08-10 09:35:00+05:30,24528.05078125,24536.150390625,24511.30078125,24534.25,0
2026-08-10 09:40:00+05:30,24521.150390625,24530.349609375,24512.94921875,24528.849609375,0
2026-08-10 09:45:00+05:30,24527.599609375,24538.80078125,24518.44921875,24521.75,0
2026-08-10 09:50:00+05:30,24527.900390625,24542.80078125,24524.55078125,24529.30078125,0
2026-08-10 09:55:00+05:30,24534.25,24538.19921875,24525.05078125,24528.25,0
2026-08-10 10:00:00+05:30,24538.5,24551.400390625,24530.25,24536.349609375,0
2026-08-10 10:05:00+05:30,24534.650390625,24547.0,24532.44921875,24540.599609375,0
2026-08-10 10:10:00+05:30,24544.75,24547.69921875,24533.75,24535.30078125,0
2026-08-10 10:15:00+05:30,24574.25,24574.900390625,24545.599609375,24545.900390625,0
2026-08-10 10:20:00+05:30,24592.55078125,24593.80078125,24571.349609375,24574.94921875,0
2026-08-10 10:25:00+05:30,24594.80078125,24595.400390625,24580.25,24594.349609375,0
2026-08-10 10:30:00+05:30,24585.55078125,24601.150390625,24584.849609375,24595.19921875,0
2026-08-10 10:35:00+05:30,24593.849609375,24595.05078125,24585.5,24586.0,0
2026-08-10 10:40:00+05:30,24603.650390625,24605.349609375,24592.900390625,24594.900390625,0
2026-08-10 10:45:00+05:30,24600.900390625,24614.400390625,24600.150390625,24604.099609375,0
2026-08-10 10:50:00+05:30,24588.0,24603.05078125,24586.349609375,24601.19921875,0
2026-08-10 10:55:00+05:30,24588.19921875,24590.900390625,24585.849609375,24588.400390625,0
2026-08-10 11:00:00+05:30,24600.75,24601.05078125,24587.94921875,24588.80078125,0
2026-08-10 11:05:00+05:30,24591.30078125,24602.05078125,24589.349609375,24600.19921875,0
2026-08-10 11:10:00+05:30,24602.349609375,24602.69921875,24586.19921875,24591.94921875,0
2026-08-10 11:15:00+05:30,24601.599609375,24604.150390625,24592.650390625,24602.900390625,0
2026-08-10 11:20:00+05:30,24601.150390625,24607.69921875,24597.150390625,24602.5,0
2026-08-10 11:25:00+05:30,24603.900390625,24610.44921875,24600.19921875,24601.25,0
2026-08-10 11:30:00+05:30,24585.400390625,24604.94921875,24581.650390625,24604.25,0
2026-08-10 11:35:00+05:30,24595.55078125,24599.900390625,24581.05078125,24585.849609375,0
2026-08-10 11:40:00+05:30,24583.150390625,24600.75,24582.69921875,24596.650390625,0
2026-08-10 11:45:00+05:30,24591.25,24598.5,24574.650390625,24583.5,0
2026-08-10 11:50:00+05:30,24586.44921875,24599.400390625,24586.44921875,24591.900390625,0
2026-08-10 11:55:00+05:30,24588.19921875,24597.5,24583.0,24587.650390625,0
2026-08-10 12:00:00+05:30,24594.19921875,24596.25,24584.25,24588.900390625,0
2026-08-10 12:05:00+05:30,24593.94921875,24597.400390625,24587.900390625,24595.25,0
2026-08-10 12:10:00+05:30,24606.80078125,24609.900390625,24591.150390625,24594.099609375,0
2026-08-10 12:15:00+05:30,24608.0,24618.900390625,24604.55078125,24606.599609375,0
2026-08-10 12:20:00+05:30,24602.0,24613.94921875,24601.30078125,24608.75,0
2026-08-10 12:25:00+05:30,24610.599609375,24615.849609375,24602.05078125,24602.80078125,0
2026-08-10 12:30:00+05:30,24609.30078125,24616.900390625,24605.75,24610.349609375,0
2026-08-10 12:35:00+05:30,24612.5,24615.349609375,24601.5,24609.400390625,0
2026-08-10 12:40:00+05:30,24598.25,24614.44921875,24598.099609375,24612.150390625,0
2026-08-10 12:45:00+05:30,24596.099609375,24603.75,24593.44921875,24599.400390625,0
2026-08-10 12:50:00+05:30,24591.05078125,24600.44921875,24588.150390625,24595.69921875,0
2026-08-10 12:55:00+05:30,24587.75,24593.150390625,24583.75,24591.849609375,0
2026-08-10 13:00:00+05:30,24589.94921875,24592.19921875,24577.900390625,24587.099609375,0
2026-08-10 13:05:00+05:30,24579.25,24596.0,24577.69921875,24589.75,0
2026-08-10 13:10:00+05:30,24573.55078125,24583.0,24571.349609375,24578.80078125,0
2026-08-10 13:15:00+05:30,24586.849609375,24589.80078125,24573.099609375,24573.099609375,0
2026-08-10 13:20:00+05:30,24585.599609375,24588.80078125,24581.44921875,24586.94921875,0
2026-08-10 13:25:00+05:30,24589.80078125,24595.349609375,24585.44921875,24585.44921875,0
2026-08-10 13:30:00+05:30,24598.599609375,24600.75,24587.650390625,24590.55078125,0
2026-08-10 13:35:00+05:30,24599.599609375,24602.349609375,24596.30078125,24599.0,0
2026-08-10 13:40:00+05:30,24606.349609375,24608.5,24597.55078125,24599.25,0
2026-08-10 13:45:00+05:30,24604.599609375,24610.30078125,24596.349609375,24606.650390625,0
2026-08-10 13:50:00+05:30,24605.400390625,24608.94921875,24601.0,24605.05078125,0
2026-08-10 13:55:00+05:30,24591.849609375,24606.75,24591.099609375,24605.349609375,0
2026-08-10 14:00:00+05:30,24590.900390625,24598.05078125,24582.5,24591.80078125,0
2026-08-10 14:05:00+05:30,24597.849609375,24605.349609375,24590.0,24590.599609375,0
2026-08-10 14:10:00+05:30,24587.55078125,24600.849609375,24586.94921875,24597.19921875,0
2026-08-10 14:15:00+05:30,24583.900390625,24593.55078125,24583.150390625,24587.94921875,0
2026-08-10 14:20:00+05:30,24587.80078125,24592.44921875,24583.69921875,24584.44921875,0
2026-08-10 14:25:00+05:30,24586.75,24594.400390625,24584.150390625,24586.80078125,0
2026-08-10 14:30:00+05:30,24582.44921875,24591.0,24578.0,24586.75,0
2026-08-10 14:35:00+05:30,24573.94921875,24582.25,24568.099609375,24582.05078125,0
2026-08-10 14:40:00+05:30,24572.5,24578.849609375,24565.55078125,24573.650390625,0
2026-08-10 14:45:00+05:30,24556.25,24572.55078125,24553.69921875,24572.55078125,0
2026-08-10 14:50:00+05:30,24558.94921875,24562.349609375,24549.0,24554.599609375,0
2026-08-10 14:55:00+05:30,24567.849609375,24568.19921875,24554.25,24556.900390625,0
2026-08-10 15:00:00+05:30,24572.0,24574.400390625,24547.599609375,24566.55078125,0
2026-08-10 15:05:00+05:30,24553.5,24575.30078125,24553.25,24572.349609375,0
2026-08-10 15:10:00+05:30,24560.05078125,24567.25,24543.05078125,24555.349609375,0
2026-08-10 15:15:00+05:30,24560.150390625,24560.150390625,24560.150390625,24560.150390625,0
2026-08-10 15:20:00+05:30,24560.150390625,24560.150390625,24560.150390625,24560.150390625,0
2026-08-10 15:25:00+05:30,24583.80078125,24583.80078125,24560.150390625,24560.150390625,0
2026-08-11 09:15:00+05:30,24504.75,24575.5,24501.0,24575.5,0
2026-08-11 09:20:00+05:30,24500.150390625,24506.349609375,24493.0,24503.5,0
2026-08-11 09:25:00+05:30,24487.400390625,24508.30078125,24487.400390625,24499.94921875,0
2026-08-11 09:30:00+05:30,24488.349609375,24493.69921875,24479.05078125,24486.900390625,0
2026-08-11 09:35:00+05:30,24481.75,24497.599609375,24480.900390625,24488.5,0
2026-08-11 09:40:00+05:30,24479.25,24483.80078125,24468.400390625,24482.349609375,0
2026-08-11 09:45:00+05:30,24472.150390625,24483.650390625,24464.150390625,24480.55078125,0
2026-08-11 09:50:00+05:30,24468.599609375,24477.44921875,24464.19921875,24471.69921875,0
2026-08-11 09:55:00+05:30,24486.849609375,24487.55078125,24461.0,24467.349609375,0
2026-08-11 10:00:00+05:30,24486.55078125,24491.849609375,24479.30078125,24486.400390625,0
2026-08-11 10:05:00+05:30,24479.55078125,24489.25,24475.05078125,24486.55078125,0
2026-08-11 10:10:00+05:30,24473.0,24481.900390625,24472.599609375,24479.75,0
2026-08-11 10:15:00+05:30,24467.599609375,24481.05078125,24467.349609375,24473.5,0
2026-08-11 10:20:00+05:30,24470.30078125,24475.150390625,24463.599609375,24467.650390625,0
2026-08-11 10:25:00+05:30,24479.0,24484.80078125,24467.900390625,24470.150390625,0
2026-08-11 10:30:00+05:30,24480.69921875,24485.0,24474.150390625,24479.150390625,0
2026-08-11 10:35:00+05:30,24478.94921875,24484.30078125,24472.349609375,24480.80078125,0
2026-08-11 10:40:00+05:30,24474.75,24481.25,24471.5,24479.400390625,0
2026-08-11 10:45:00+05:30,24468.400390625,24474.849609375,24464.849609375,24474.400390625,0
2026-08-11 10:50:00+05:30,24476.69921875,24481.0,24468.349609375,24468.650390625,0
2026-08-11 10:55:00+05:30,24469.0,24479.30078125,24469.0,24476.900390625,0
2026-08-11 11:00:00+05:30,24452.0,24471.25,24449.69921875,24469.55078125,0
2026-08-11 11:05:00+05:30,24445.650390625,24458.94921875,24445.099609375,24452.0,0
2026-08-11 11:10:00+05:30,24451.25,24451.650390625,24440.400390625,24445.69921875,0
2026-08-11 11:15:00+05:30,24449.19921875,24455.69921875,24444.150390625,24450.94921875,0
2026-08-11 11:20:00+05:30,24445.650390625,24449.55078125,24443.599609375,24449.55078125,0
2026-08-11 11:25:00+05:30,24442.599609375,24447.099609375,24437.55078125,24445.650390625,0
2026-08-11 11:30:00+05:30,24442.599609375,24445.44921875,24436.94921875,24442.80078125,0
2026-08-11 11:35:00+05:30,24447.650390625,24450.150390625,24439.400390625,24442.650390625,0
2026-08-11 11:40:00+05:30,24448.599609375,24452.30078125,24445.400390625,24447.5,0
2026-08-11 11:45:00+05:30,24453.400390625,24456.44921875,24446.44921875,24448.75,0
2026-08-11 11:50:00+05:30,24442.19921875,24455.900390625,24440.900390625,24453.650390625,0
2026-08-11 11:55:00+05:30,24444.05078125,24445.150390625,24435.650390625,24441.900390625,0
2026-08-11 12:00:00+05:30,24431.05078125,24446.0,24429.599609375,24444.099609375,0
2026-08-11 12:05:00+05:30,24434.650390625,24438.25,24429.25,24431.099609375,0
2026-08-11 12:10:00+05:30,24444.650390625,24450.75,24434.25,24434.25,0
2026-08-11 12:15:00+05:30,24439.30078125,24449.0,24434.349609375,24444.0,0
2026-08-11 12:20:00+05:30,24431.849609375,24446.5,24431.25,24439.099609375,0
2026-08-11 12:25:00+05:30,24439.650390625,24441.900390625,24430.349609375,24431.94921875,0
2026-08-11 12:30:00+05:30,24444.25,24446.25,24437.349609375,24439.349609375,0
2026-08-11 12:35:00+05:30,24439.849609375,24445.400390625,24439.44921875,24444.25,0
2026-08-11 12:40:00+05:30,24451.19921875,24452.400390625,24433.5,24440.25,0
2026-08-11 12:45:00+05:30,24458.400390625,24461.75,24448.80078125,24451.94921875,0
2026-08-11 12:50:00+05:30,24448.650390625,24460.05078125,24446.80078125,24458.55078125,0
2026-08-11 12:55:00+05:30,24440.5,24450.55078125,24439.55078125,24448.900390625,0
2026-08-11 13:00:00+05:30,24456.69921875,24456.80078125,24438.900390625,24440.650390625,0
2026-08-11 13:05:00+05:30,24462.0,24466.650390625,24449.80078125,24456.44921875,0
2026-08-11 13:10:00+05:30,24453.150390625,24464.349609375,24451.099609375,24461.900390625,0
2026-08-11 13:15:00+05:30,24450.0,24453.80078125,24442.150390625,24453.349609375,0
2026-08-11 13:20:00+05:30,24452.0,24453.25,24441.80078125,24450.099609375,0
2026-08-11 13:25:00+05:30,24455.05078125,24474.900390625,24451.150390625,24452.150390625,0
2026-08-11 13:30:00+05:30,24469.44921875,24471.44921875,24454.849609375,24454.94921875,0
2026-08-11 13:35:00+05:30,24454.5,24468.80078125,24451.25,24468.80078125,0
2026-08-11 13:40:00+05:30,24460.55078125,24467.44921875,24454.349609375,24454.55078125,0
2026-08-11 13:45:00+05:30,24458.5,24469.099609375,24457.150390625,24460.650390625,0
2026-08-11 13:50:00+05:30,24453.80078125,24462.5,24450.19921875,24457.44921875,0
2026-08-11 13:55:00+05:30,24450.150390625,24453.900390625,24445.80078125,24453.5,0
2026-08-11 14:00:00+05:30,24450.849609375,24455.30078125,24445.80078125,24451.0,0
2026-08-11 14:05:00+05:30,24460.94921875,24466.150390625,24441.099609375,24450.94921875,0
2026-08-11 14:10:00+05:30,24462.55078125,24466.05078125,24453.05078125,24463.94921875,0
2026-08-11 14:15:00+05:30,24454.05078125,24470.0,24452.349609375,24464.19921875,0
2026-08-11 14:20:00+05:30,24458.099609375,24462.05078125,24449.94921875,24453.75,0
2026-08-11 14:25:00+05:30,24449.150390625,24465.849609375,24447.30078125,24459.5,0
2026-08-11 14:30:00+05:30,24443.25,24455.650390625,24442.150390625,24450.150390625,0
2026-08-11 14:35:00+05:30,24437.75,24452.30078125,24435.05078125,24445.80078125,0
2026-08-11 14:40:00+05:30,24448.05078125,24450.099609375,24439.5,24441.599609375,0
2026-08-11 14:45:00+05:30,24453.349609375,24455.44921875,24448.0,24450.30078125,0
2026-08-11 14:50:00+05:30,24456.69921875,24460.150390625,24451.75,24456.099609375,0
2026-08-11 14:55:00+05:30,24464.19921875,24469.19921875,24455.849609375,24459.80078125,0
2026-08-11 15:00:00+05:30,24472.19921875,24472.69921875,24457.30078125,24465.30078125,0
2026-08-11 15:05:00+05:30,24454.599609375,24476.44921875,24452.30078125,24473.75,0
2026-08-11 15:10:00+05:30,24450.0,24457.849609375,24442.650390625,24454.349609375,0
2026-08-11 15:15:00+05:30,24450.25,24450.25,24450.25,24450.25,0
2026-08-11 15:20:00+05:30,24450.25,24450.25,24450.25,24450.25,0
2026-08-11 15:25:00+05:30,24471.69921875,24471.69921875,24450.25,24450.25,0
2026-08-12 09:15:00+05:30,24407.900390625,24472.44921875,24390.900390625,24472.44921875,0
2026-08-12 09:20:00+05:30,24422.900390625,24430.900390625,24403.599609375,24407.150390625,0
2026-08-12 09:25:00+05:30,24457.25,24463.5,24423.0,24423.0,0
2026-08-12 09:30:00+05:30,24440.69921875,24458.55078125,24432.900390625,24457.400390625,0
2026-08-12 09:35:00+05:30,24428.19921875,24442.400390625,24420.80078125,24440.19921875,0
2026-08-12 09:40:00+05:30,24428.150390625,24438.099609375,24425.900390625,24427.849609375,0
2026-08-12 09:45:00+05:30,24401.80078125,24428.849609375,24399.900390625,24428.0,0
2026-08-12 09:50:00+05:30,24409.599609375,24412.099609375,24392.69921875,24402.55078125,0
2026-08-12 09:55:00+05:30,24377.94921875,24410.94921875,24376.55078125,24409.900390625,0
2026-08-12 10:00:00+05:30,24362.900390625,24379.5,24361.55078125,24378.55078125,0
2026-08-12 10:05:00+05:30,24364.75,24367.5,24357.599609375,24362.599609375,0
2026-08-12 10:10:00+05:30,24365.30078125,24372.099609375,24362.25,24363.75,0
2026-08-12 10:15:00+05:30,24373.099609375,24383.349609375,24359.25,24365.099609375,0
2026-08-12 10:20:00+05:30,24374.349609375,24379.69921875,24372.05078125,24373.5,0
2026-08-12 10:25:00+05:30,24371.900390625,24382.150390625,24369.94921875,24374.80078125,0
2026-08-12 10:30:00+05:30,24394.650390625,24400.94921875,24370.19921875,24371.5,0
2026-08-12 10:35:00+05:30,24386.25,24395.94921875,24383.30078125,24395.599609375,0
2026-08-12 10:40:00+05:30,24375.650390625,24387.650390625,24370.599609375,24386.55078125,0
2026-08-12 10:45:00+05:30,24357.25,24376.150390625,24351.849609375,24375.650390625,0
2026-08-12 10:50:00+05:30,24359.5,24361.19921875,24356.44921875,24357.25,0
2026-08-12 10:55:00+05:30,24318.30078125,24361.80078125,24309.400390625,24359.30078125,0
2026-08-12 11:00:00+05:30,24299.94921875,24322.69921875,24297.25,24318.650390625,0
2026-08-12 11:05:00+05:30,24305.849609375,24310.19921875,24293.69921875,24300.30078125,0
2026-08-12 11:10:00+05:30,24302.400390625,24316.900390625,24294.400390625,24305.599609375,0
2026-08-12 11:15:00+05:30,24307.349609375,24308.5,24299.0,24302.900390625,0
2026-08-12 11:20:00+05:30,24303.55078125,24318.80078125,24303.30078125,24307.05078125,0
2026-08-12 11:25:00+05:30,24296.94921875,24308.94921875,24293.099609375,24305.30078125,0
2026-08-12 11:30:00+05:30,24301.69921875,24304.69921875,24286.19921875,24297.05078125,0
2026-08-12 11:35:00+05:30,24285.94921875,24303.0,24284.400390625,24302.349609375,0
2026-08-12 11:40:00+05:30,24293.69921875,24297.19921875,24278.5,24285.94921875,0
2026-08-12 11:45:00+05:30,24291.099609375,24298.05078125,24286.599609375,24294.19921875,0
2026-08-12 11:50:00+05:30,24281.599609375,24292.400390625,24281.5,24290.599609375,0
2026-08-12 11:55:00+05:30,24279.55078125,24285.349609375,24271.25,24282.099609375,0
2026-08-12 12:00:00+05:30,24272.75,24282.25,24271.44921875,24279.650390625,0
2026-08-12 12:05:00+05:30,24272.349609375,24281.75,24270.69921875,24272.55078125,0
2026-08-12 12:10:00+05:30,24267.099609375,24275.650390625,24265.94921875,24272.69921875,0
2026-08-12 12:15:00+05:30,24277.5,24280.099609375,24266.400390625,24267.099609375,0
2026-08-12 12:20:00+05:30,24274.44921875,24278.80078125,24271.650390625,24277.44921875,0
2026-08-12 12:25:00+05:30,24281.30078125,24282.80078125,24272.25,24274.599609375,0
2026-08-12 12:30:00+05:30,24288.599609375,24292.75,24275.25,24282.099609375,0
2026-08-12 12:35:00+05:30,24289.75,24290.849609375,24284.150390625,24288.69921875,0
2026-08-12 12:40:00+05:30,24283.099609375,24303.19921875,24280.400390625,24289.44921875,0
2026-08-12 12:45:00+05:30,24283.19921875,24288.55078125,24275.650390625,24283.19921875,0
2026-08-12 12:50:00+05:30,24275.69921875,24289.75,24274.900390625,24283.30078125,0
2026-08-12 12:55:00+05:30,24275.900390625,24276.849609375,24270.150390625,24275.150390625,0
2026-08-12 13:00:00+05:30,24281.69921875,24286.599609375,24272.900390625,24276.55078125,0
2026-08-12 13:05:00+05:30,24281.099609375,24282.69921875,24277.75,24280.80078125,0
2026-08-12 13:10:00+05:30,24287.94921875,24288.400390625,24278.94921875,24280.94921875,0
2026-08-12 13:15:00+05:30,24296.75,24300.69921875,24284.400390625,24288.25,0
2026-08-12 13:20:00+05:30,24296.0,24298.05078125,24291.599609375,24295.94921875,0
2026-08-12 13:25:00+05:30,24291.55078125,24298.19921875,24282.0,24296.150390625,0
2026-08-12 13:30:00+05:30,24293.44921875,24298.599609375,24290.650390625,24292.849609375,0
2026-08-12 13:35:00+05:30,24293.5,24301.44921875,24288.650390625,24293.5,0
2026-08-12 13:40:00+05:30,24289.30078125,24299.5,24285.55078125,24294.0,0
2026-08-12 13:45:00+05:30,24289.099609375,24292.400390625,24283.400390625,24289.69921875,0
2026-08-12 13:50:00+05:30,24286.599609375,24292.05078125,24285.25,24289.94921875,0
2026-08-12 13:55:00+05:30,24286.44921875,24290.19921875,24280.0,24286.650390625,0
2026-08-12 14:00:00+05:30,24278.55078125,24288.900390625,24276.849609375,24286.400390625,0
2026-08-12 14:05:00+05:30,24284.30078125,24286.099609375,24278.599609375,24278.69921875,0
2026-08-12 14:10:00+05:30,24278.400390625,24287.94921875,24275.400390625,24284.349609375,0
2026-08-12 14:15:00+05:30,24290.0,24291.25,24277.44921875,24278.19921875,0
2026-08-12 14:20:00+05:30,24290.44921875,24296.0,24287.400390625,24289.650390625,0
2026-08-12 14:25:00+05:30,24297.5,24300.69921875,24290.30078125,24290.30078125,0
2026-08-12 14:30:00+05:30,24321.94921875,24331.30078125,24297.75,24298.55078125,0
2026-08-12 14:35:00+05:30,24315.69921875,24325.80078125,24312.55078125,24321.599609375,0
2026-08-12 14:40:00+05:30,24325.94921875,24334.69921875,24314.30078125,24315.80078125,0
2026-08-12 14:45:00+05:30,24322.900390625,24333.19921875,24316.75,24326.0,0
2026-08-12 14:50:00+05:30,24373.94921875,24373.94921875,24319.30078125,24322.19921875,0
2026-08-12 14:55:00+05:30,24370.05078125,24384.900390625,24353.599609375,24374.599609375,0
2026-08-12 15:00:00+05:30,24364.0,24375.44921875,24361.400390625,24371.150390625,0
2026-08-12 15:05:00+05:30,24355.75,24364.19921875,24341.80078125,24363.69921875,0
2026-08-12 15:10:00+05:30,24369.30078125,24375.55078125,24350.80078125,24356.5,0
2026-08-12 15:15:00+05:30,24361.69921875,24361.69921875,24361.69921875,24361.69921875,0
2026-08-12 15:20:00+05:30,24361.69921875,24361.69921875,24361.69921875,24361.69921875,0
2026-08-12 15:25:00+05:30,24435.94921875,24435.94921875,24361.69921875,24361.69921875,0
