SYMBOL,SERIES,SECURITY,HIGH/LOW,INDEX FLAG
769HR27,SG,SDL HR 7.69% 2027,H
AARVEEDEN,BE,AARVEE DEN. & EXP. LTD,H
ADANIPOWER,EQ,ADANI POWER LTD,H
AESTHETIK,SM,AESTHETIK ENGINEERS LTD,H
AGROPHOS,BE,AGRO PHOS INDIA LIMITED,H
AKI,BE,AKI INDIA LIMITED,H
AKIKO,ST,AKIKO GLOBAL SERVICES L,H
ALPSINDUS,BE,ALPS INDUSTRIES LTD.,H
AMDIND,EQ,AMD INDUSTRIES LIMITED,H
ANKITMETAL,BZ,ANKIT MET & POW LTD,H
APEXECO,SM,APEX ECOTECH LIMITED,H
ARVEE,EQ,ARVEE LABORATORIES I LTD,H
ASIANHOTNR,EQ,ASIAN HOTELS (NORTH) LTD,H
ASTRON,EQ,ASTRON PAPER BORD MIL LTD,H
ATGL,EQ,ADANI TOTAL GAS LIMITED,H
AXISCADES,EQ,AXISCADES TECH LTD,H
BAFNAPH,BE,BAFNA PHARMACEUTICALS LTD,H
BAWEJA,SM,BAWEJA STUDIOS LIMITED,H
BGLOBAL,BZ,BHARATIYA GLOBAL INFO LTD,H
BHARATSE,EQ,BHARAT SEATS LIMITED,H
BLUECOAST,BE,BLUE COAST HOTELS LIMITED,H
BOHRAIND,EQ,BOHRA INDUSTRIES LIMITED,H
CEREBRAINT,BZ,CEREBRA INT TECH LTD,H
CHANDAN,ST,CHANDAN HEALTHCARE LTD,H
CUBEXTUB,BE,CUBEXTUBINGS-ROLLSETT,H
CURAA,BE,CURA TECHNOLOGIES LIMITED,H
DCAL,EQ,DISHMAN CARBO AMCIS LTD,H
DENEERS,SM,DE NEERS TOOLS LIMITED,H
DHTL,SM,DOCMODE HEALTH TECH LTD,H
DIL,EQ,DEBOCK INDUSTRIES LIMITED,H
E2E,EQ,E2E NETWORKS LIMITED,H
EASTSILK,BE,EASTERN SILK INDUSTRIES L,H
EDUCOMP,BZ,EDUCOMP SOLUTIONS LTD,H
EMKAY,EQ,EMKAY GLOBAL FIN SERV LTD,H
EQUIPPP,BE,EQUIPPP SOC IMP TECH LTD,H
ESSARSHPNG,EQ,ESSAR SHIPPING LTD,H
FCONSUMER,BE,FUTURE CONSUMER LIMITED,H
FEL,BZ,FUTURE ENTERPRISES LTD,H
FLFL,BZ,FUT LIFESTYLE FASH LTD,H
GATECH,EQ,GACM TECHNOLOGIES LIMITED,H
GATECHDVR,BE,GACM TECHNOLOGIES LIMITED,H
GAYAHWS,BE,GAYATRI HIGHWAYS LIMITED,H
GAYAPROJ,BZ,GAYATRI PROJECTS LTD,H
GCHOTELS,ST,GRAND CONTINENT HOTELS L,H
GFSTEELS,BE,GRAND FOUNDRY LTD,H
GODHA,BE,GODHA CABCON INSULAT LTD,H
GRAPHISAD,SM,GRAPHISADS LIMITED,H
GSTL,SM,GLOBESECURE TECHNO LTD,H
GUJAPOLLO,BE,GUJ. APOLLO IND. LTD.,H
HNGSNGBEES,EQ,NIP IND ETF HANGSENG BEES,H
HVAX,SM,HVAX TECHNOLOGIES LIMITED,H
ICDSLTD,EQ,ICDS LTD,H
IDEA,T0,VODAFONE IDEA LIMITED,H
INDOBORAX,BE,INDO BORAX & CHEMICAL LTD,H
INFOMEDIA,BE,INFOMEDIA PRESS LIMITED,H
INOXGREEN,EQ,INOX GREEN ENERGY SER LTD,H
INTENTECH,EQ,INTENSE TECHNOLOGIES LTD,H
IZMO,BE,IZMO LIMITED,H
JAKHARIA,ST,JAKHARIA FABRIC LIMITED,H
KARMAENG,EQ,KARMA ENERGY LIMITED,H
KATARIA,SM,KATARIA INDUSTRIES LTD,H
KAVDEFENCE,BE,KAVVERI DFS & WIR TEC LTD,H
KAYA,BE,KAYA LIMITED,H
KESORAMIND,EQ,KESORAM INDUSTRIES LTD,H
KHAITANLTD,EQ,KHAITAN (INDIA)LTD.,H
KINGFA,BE,KINGFA SCI & TEC IND LTD.,H
KONSTELEC,SM,KONSTELEC ENGINEERS LTD,H
KOTYARK,ST,KOTYARK INDUSTRIES LTD,H
LOKESHMACH,EQ,LOKESH MACHINES LTD,H
MADHAVBAUG,ST,VAIDYA SANE AYUR LAB LTD,H
MAFANG,EQ,MIRAEAMC - MAFANG,H
MAHKTECH,EQ,MIRAEAMC - MAHKTECH,H
MARINE,EQ,MARINE ELECTRICAL (I) LTD,H
MASPTOP50,EQ,MIRAEAMC - MASPTOP50,H
MEGASOFT,EQ,MEGASOFT LTD,H
MEP,BZ,MEP INFRA. DEVELOPERS LTD,H
MINDTECK,BE,MINDTECK (INDIA) LIMITED,H
MIRCELECTR,BE,MIRCELECTR-DEPO,H
MOMGF,EQ,MOTILALAMC - MOMGF,H
MTEDUCARE,BE,MT EDUCARE LTD,H
NATHBIOGEN,BE,NATH BIO-GENES (I) LTD,H
NEWJAISA,ST,NEWJAISA TECHNOLOGIES LTD,H
NIRMAN,SM,NIRMAN AGRI GENTICS LTD,H
NOIDATOLL,BE,NOIDA TOLL BRIDGE CO LTD,H
ODIGMA,EQ,ODIGMA CONSULTANCY SOL L,H
OMAXAUTO,BE,OMAX AUTOS LTD,H
OMKARCHEM,BZ,OMKAR SPL CHEM LTD,H
ONELIFECAP,EQ,ONELIFE CAP ADVISORS LTD,H
PANACHE,EQ,PANACHE DIGILIFE LIMITED,H
PENTAGON,SM,PENTAGON RUBBER LIMITED,H
PRECISION,SM,PRECISION METALIKS LTD,H
QUINTEGRA,BE,QUINTEGRA SOLUTIONS LTD.,H
RAMAPHO,BE,RAMA PHOSPHATES LIMITED,H
RELINFRA,BE,RELIANCE INFRASTRUCTU LTD,H
RELTD,EQ,RAVINDRA ENERGY LIMITED,H
RICHA,SM,RICHA INFO SYSTEMS LTD,H
RSSOFTWARE,BE,R. S. SOFTWARE (INDIA) LI,H
RUCHINFRA,EQ,RUCHI INFRASTRUCTURE LTD,H
RVTH,EQ,REVATHI EQUIPMENT INDIA L,H
SABEVENTS,BE,SAB EVENTS & GOVERNANCE,H
SALSTEEL,BE,S.A.L. STEEL LTD.,H
SANCO,BZ,SANCO INDUSTRIES LIMITED,H
SANWARIA,BZ,SANWARIA CONSUMER LIMITED,H
SBGLP,EQ,SURATWWALA BUS GROUP LTD,H
SGL,EQ,STL GLOBAL LIMITED,H
SHREEPUSHK,EQ,SHRE PUSH CHEM & FERT LTD,H
SICALLOG,BE,SICAL LOGISTICS LIMITED,H
SITINET,BZ,SITI NETWORKS LIMITED,H
SOLEX,SM,SOLEX ENERGY LIMITED,H
SOMATEX,BE,SOMA TEXTILEI NDUSTRIES L,H
STCINDIA,EQ,THE STATE TRADING CORPN,H
SUPREMEINF,BZ,SUPREME INFRA. LTD,H
SUVEN,EQ,SUVEN LIFE SCIENCES LTD,H
SVLL,BE,SHREE VASU LOGISTICS LTD,H
SWANDEF,BE,SWAN DEFENCE N HEVY IND L,H
TARAPUR,EQ,TARAPUR TRANSFORMERS LTD,H
TAURIAN,ST,TAURIAN MPS LIMITED,H
TCIFINANCE,EQ,TCI FINANCE LTD,H
TECHD,ST,TECHD CYBERSECURITY LTD,H
TECHERA,SM,TECHERA ENGINEER (IND) L,H
TERASOFT,BE,TERA SOFTWARE LIMITED,H
TGL,SM,TEERTH GOPICON LIMITED,H
THESL,SM,THINKING HATS ENTER SOL L,H
THOMASCOTT,EQ,THOMAS SCOTT (INDIA) LTD,H
TRANSWIND,SM,TRANSWIND INFRA LIMITED,H
UNITEDPOLY,BE,UNITED POLYFAB GUJ. LTD.,H
UNIVAFOODS,BE,UNIVA FOODS LIMITED,H
VASA,SM,VASA RETAIL & OVERSEA LTD,H
VILINBIO,SM,VILIN BIO MED LIMITED,H
WAAREEINDO,BE,INDOSOLAR LIMITED,H
YAARI,BE,YAARI DIGI INT SER LTD,H
ZEELEARN,EQ,ZEE LEARN LIMITED,H
AARTECH,EQ,AARTECH SOLONICS LIMITED,L
AGARWALFT,SM,AGARWAL FLOAT GLASS I LTD,L
ARSHIYA,BZ,ARSHIYA LIMITED,L
BALCO,SM,SOLVE PLASTIC PRODUCTS L,L
BLUECHIP,BE,BLUE CHIP INDIA LIMITED,L
BOSS,SM,BOSS PACKAGING SOLU LTD,L
CALSOFTPP,X1,CALSOFT RS.2.50 PPD UP,L
CMICABLES,BZ,CMI LIMITED,L
COMMITTED,ST,COMMITTED CARGO CARE LTD,L
CYBERPP,X1,CYBERMEDIA RS.5 PPD UP,L
DCMFINSERV,EQ,DCM FINANCIAL SERVICES LT,L
DEVX,BE,DEV ACCELERATOR LIMITED,L
DPEL,ST,DIVINE POWER ENERGY LTD,L
DREAMFOLKS,BE,DREAMFOLKS SERVICES LTD,L
FEL,BZ,FUTURE ENTERPRISES LTD,L
FSC,BZ,FUTURE SUPP CHAIN SOL LTD,L
GENSOL,BE,GENSOL ENGINEERING LTD,L
GML,ST,GALAXY MEDICARE LIMITED,L
GOENKA,BZ,GOENKA DIAMOND&JEWELS LTD,L
GSMFOILS,ST,GSM FOILS LIMITED,L
GVKPIL,BE,GVK POW. & INFRA LTD.,L
HAVISHA,BE,SRI HAVISHA HOSP & INFR L,L
HINDMOTORS,EQ,HINDUSTAN MOTORS LIMITED,L
HYBRIDFIN,EQ,HYBRID FINANCIAL SERVICE,L
IL&FSENGG,BZ,IL&FS ENG AND CONS CO LTD,L
INFOMEDIA,BE,INFOMEDIA PRESS LIMITED,L
INNOMET,SM,INNOMET ADVANCED MATERI L,L
ISHAN,SM,ISHAN INTERNATIONAL LTD,L
ITTL,ST,INNOVATIVE TYRE & TUBE LT,L
JPASSOCIAT,BE,JAIPRAKASH ASSOCIATES LTD,L
KAVDEFENCE,BE,KAVVERI DFS & WIR TEC LTD,L
KCEIL,SM,KAY CEE ENERGY & INFRA L,L
KESORAMIND,EQ,KESORAM INDUSTRIES LTD,L
KITEX,EQ,KITEX GARMENTS LTD,L
KRITI,EQ,KRITI INDUSTRIES IND LTD,L
KTL,SZ,KALAHRIDHAAN TRENDZ LTD,L
LAKPRE,BZ,LAKSHMI PRE SCRE LTD,L
LASA,BE,LASA SUPERGENERICS LTD,L
MADHUCON,EQ,MADHUCON PROJECTS LTD.,L
MARSHALL,BZ,MARSHALL MACHINES LTD,L
MOHITIND,BE,MOHIT INDUSTRIES LTD,L
NDTV-RE,BE,NEW DELHI TELEVISION LTD,L
NOIDATOLL,BE,NOIDA TOLL BRIDGE CO LTD,L
ORBTEXP,BE,ORBIT EXPORTS LIMITED,L
OSIAHYPER,BE,OSIA HYPER RETAIL LIMITED,L
PARTH,ST,PARTH ELEC & ENG LTD,L
PNC,BE,PRITISH NANDY COMMUNICATI,L
PURPLEUTED,ST,PURPLE UNITED SALES LTD,L
QUINTEGRA,BE,QUINTEGRA SOLUTIONS LTD.,L
RAJRILTD,BE,RAJ RAYON INDUSTRIES LTD,L
RHFL,EQ,RELIANCE HOME FINANCE LTD,L
RVHL,BE,RAVINDER HEIGHTS LIMITED,L
SABAR,ST,SABAR FLEX INDIA LIMITED,L
SAHAJ,SZ,SAHAJ FASHIONS LIMITED,L
SAIFL,SM,SAMEERA AGRO AND INFRA L,L
SEJALLTD,EQ,SEJAL GLASS LIMITED,L
SHEKHAWATI,EQ,SHEKHAWATI INDUSTRIES LTD,L
SHRIAHIMSA,ST,SHRI AHIMSA NATURALS LTD,L
SILKFLEX,SM,SILKFLEX POLYMERS INDIA L,L
SITINET,BZ,SITI NETWORKS LIMITED,L
SKIL,BZ,SKIL INFRASTRUCTURE LTD.,L
SMLISUZU,EQ,SML ISUZU LIMITED,L
SPECTSTM,SM,SPECTRUM TALENT MGMT LTD,L
SRD,BE,SHANKAR LAL RAMPAL LTD,L
SUPREMEENG,BE,SUPREME ENGINEERING LTD,L
SUULD,BZ,SUUMAYA INDUSTRIES LTD,L
SYNOPTICS,SM,SYNOPTICS TECHNOLOGIES L,L
TARAPUR,EQ,TARAPUR TRANSFORMERS LTD,L
TBI,SM,TBI CORN LIMITED,L
TECHLABS,SM,TRIDENT TECHLABS LIMITED,L
TIRUPATI,SM,SHREE TIRUPATI BALAJEE,L
TVVISION,EQ,TV VISION LIMITED,L
UEL,BE,UJAAS ENERGY LIMITED,L
UNITECH,BZ,UNITECH LIMITED,L
URAVIDEF,EQ,URAVI DEFENCE &TECH LTD,L
UWCSL,SM,ULTRA WIRING CONN SYS LTD,L
VEEKAYEM,SM,VEEKAYEM FASH & APP LTD,L
VELS,SM,VELS FILM INTERNATIONAL L,L
VIAZ,ST,VIAZ TYRES LIMITED,L
VIJIFIN,BE,VIJI FINANCE LIMITED,L
VISASTEEL,BE,VISA STEEL LIMITED,L
WINNY,ST,WINNY IMMIGRA & EDU SER L,L
WINSOME,BZ,WINSOME YARNS LIMITED,L
