GAIN_LOSS,SECURITY,CLOSE_PRIC,PREV_CL_PR,PERCENT_CG
 ,Nifty 50 Sec., , , 
 , , , , 
G,ADANI ENTERPRISES LIMITED,      2629.50,      2524.00,4.18
G,ETERNAL LIMITED,       341.85,       336.55,1.57
G,BAJAJ FINANCE LIMITED,      1006.50,       992.45,1.42
G,ADANI PORT & SEZ LTD,      1444.20,      1427.80,1.15
G,ULTRATECH CEMENT LIMITED,     12650.00,     12508.00,1.14
G,BAJAJ AUTO LIMITED,      9054.50,      8971.50,.93
G,SBI LIFE INSURANCE CO LTD,      1857.70,      1841.70,.87
G,AXIS BANK LIMITED,      1144.40,      1135.90,.75
G,HDFC LIFE INS CO LTD,       787.80,       782.20,.72
G,HINDUSTAN UNILEVER LTD.,      2572.20,      2559.60,.49
G,HERO MOTOCORP LIMITED,      5429.50,      5408.00,.4
G,OIL AND NATURAL GAS CORP.,       237.47,       236.69,.33
G,HINDALCO  INDUSTRIES  LTD,       745.70,       743.30,.32
G,TATA CONSUMER PRODUCT LTD,      1130.10,      1126.80,.29
G,NTPC LTD,       339.20,       338.65,.16
G,POWER GRID CORP. LTD.,       286.65,       286.20,.16
G,BAJAJ FINSERV LTD.,      2069.50,      2067.30,.11
G,COAL INDIA LTD,       394.70,       394.50,.05
G,ASIAN PAINTS LIMITED,      2482.70,      2481.70,.04
 , , , , 
L,TECH MAHINDRA LIMITED,      1505.40,      1553.80,-3.11
L,TATA CONSULTANCY SERV LT,      3073.80,      3169.20,-3.01
L,INFOSYS LIMITED,      1499.50,      1540.20,-2.64
L,WIPRO LTD,       250.33,       255.88,-2.17
L,CIPLA LTD,      1542.20,      1575.80,-2.13
L,HCL TECHNOLOGIES LTD,      1439.90,      1467.40,-1.87
L,TATA MOTORS LIMITED,       696.25,       707.45,-1.58
L,DR. REDDY S LABORATORIES,      1301.40,      1321.70,-1.54
L,TRENT LTD,      5010.50,      5080.00,-1.37
L,INDUSIND BANK LIMITED,       734.30,       744.40,-1.36
L,RELIANCE INDUSTRIES LTD,      1390.60,      1407.40,-1.19
L,JIO FIN SERVICES LTD,       313.85,       317.00,-0.99
L,ITC LTD,       406.95,       410.65,-0.9
L,APOLLO HOSPITALS ENTER. L,      7739.00,      7806.50,-0.86
L,SHRIRAM FINANCE LIMITED,       627.85,       633.20,-0.84
L,LARSEN & TOUBRO LTD.,      3644.50,      3675.40,-0.84
L,GRASIM INDUSTRIES LTD,      2854.10,      2877.90,-0.83
L,STATE BANK OF INDIA,       855.25,       862.35,-0.82
L,SUN PHARMACEUTICAL IND L,      1644.00,      1656.00,-0.72
L,BHARAT ELECTRONICS LTD,       406.40,       408.90,-0.61
L,NESTLE INDIA LIMITED,      1188.30,      1194.50,-0.52
L,JSW STEEL LIMITED,      1117.00,      1122.80,-0.52
L,KOTAK MAHINDRA BANK LTD,      2021.70,      2031.00,-0.46
L,EICHER MOTORS LTD,      6946.00,      6973.50,-0.39
L,BHARTI AIRTEL LIMITED,      1956.20,      1962.40,-0.32
L,MARUTI SUZUKI INDIA LTD.,     15816.00,     15864.00,-0.3
L,TITAN COMPANY LIMITED,      3457.50,      3467.20,-0.28
L,HDFC BANK LTD,       964.20,       966.90,-0.28
L,MAHINDRA & MAHINDRA LTD,      3584.80,      3592.10,-0.2
L,TATA STEEL LIMITED,       171.39,       171.48,-0.05
 , , , , 
 ,Nifty Next 50 Sec., , , 
 , , , , 
G,ADANI GREEN ENERGY LTD,      1152.15,      1030.70,11.78
G,ADANI ENERGY SOLUTION LTD,       937.40,       877.15,6.87
G,INFO EDGE (I) LTD,      1417.70,      1376.10,3.02
G,CHOLAMANDALAM IN & FIN CO,      1630.00,      1590.90,2.46
G,AMBUJA CEMENTS LTD,       590.30,       582.45,1.35
G,LIFE INSURA CORP OF INDIA,       904.50,       893.55,1.23
G,INTERGLOBE AVIATION LTD,      5747.50,      5679.00,1.21
G,ICICI PRU LIFE INS CO LTD,       609.50,       602.55,1.15
G,ICICI LOMBARD GIC LIMITED,      1886.30,      1866.00,1.09
G,CANARA BANK,       118.87,       117.76,0.94
G,UNITED SPIRITS LIMITED,      1339.90,      1328.20,0.88
G,SAMVRDHNA MTHRSN INTL LTD,       109.95,       109.08,0.8
G,TORRENT PHARMACEUTICALS L,      3655.90,      3629.20,0.74
G,VEDANTA LIMITED,       458.45,       455.60,0.63
G,BAJAJ HOLDINGS & INVS LTD,     13279.00,     13206.00,0.55
 , , , , 
L,LTIMINDTREE LIMITED,      5260.00,      5509.50,-4.53
L,HYUNDAI MOTOR INDIA LTD,      2721.70,      2809.30,-3.12
L,DABUR INDIA LTD,       522.05,       535.45,-2.5
L,SIEMENS LTD,      3243.50,      3325.90,-2.48
L,VARUN BEVERAGES LIMITED,       463.95,       474.45,-2.21
L,HINDUSTAN AERONAUTICS LTD,      4808.70,      4916.20,-2.19
L,AVENUE SUPERMARTS LIMITED,      4671.20,      4775.30,-2.18
L,SWIGGY LIMITED,       449.55,       458.45,-1.94
L,DIVI S LABORATORIES LTD,      6092.50,      6200.00,-1.73
L,ABB INDIA LIMITED,      5362.80,      5436.90,-1.36
L,JINDAL STEEL LIMITED,      1032.45,      1046.00,-1.3
L,BHARAT PETROLEUM CORP  LT,       325.40,       329.55,-1.26
L,CG POWER AND IND SOL LTD,       770.20,       779.40,-1.18
L,BAJAJ HOUSING FINANCE LTD,       113.24,       114.58,-1.17
L,INDIAN RAILWAY FIN CORP L,       128.54,       129.69,-0.89
L,THE INDIAN HOTELS CO. LTD,       769.40,       775.55,-0.79
L,HAVELLS INDIA LIMITED,      1581.30,      1590.80,-0.6
L,SHREE CEMENT LIMITED,     29705.00,     29880.00,-0.59
L,BOSCH LIMITED,     39570.00,     39790.00,-0.55
L,GODREJ CONSUMER PRODUCTS,      1232.20,      1238.90,-0.54
L,DLF LIMITED,       773.75,       777.70,-0.51
L,JSW ENERGY LIMITED,       542.95,       545.50,-0.47
L,GAIL (INDIA) LTD,       180.95,       181.65,-0.39
L,BANK OF BARODA,       251.14,       252.08,-0.37
L,PIDILITE INDUSTRIES LTD,      3038.00,      3048.30,-0.34
L,LODHA DEVELOPERS LIMITED,      1212.30,      1216.10,-0.31
L,TATA POWER CO LTD,       395.30,       396.30,-0.25
L,PUNJAB NATIONAL BANK,       113.04,       113.30,-0.23
L,BRITANNIA INDUSTRIES LTD,      6056.50,      6069.50,-0.21
L,ZYDUS LIFESCIENCES LTD,      1035.70,      1037.30,-0.15
 , , , , 
 ,OTHER SECURITIES, , , 
 , , , , 
G,EMKAY GLOBAL FIN SERV LTD,       315.57,       262.98,20
G,PENTAGON RUBBER LIMITED,        67.90,        56.60,19.96
G,KATARIA INDUSTRIES LTD,       118.70,        98.95,19.96
G,ADANI TOTAL GAS LIMITED,       780.75,       651.45,19.85
G,MOTILALAMC - MOMGF,       182.16,       152.13,19.74
G,APEX ECOTECH LIMITED,       164.60,       138.00,19.28
G,STL GLOBAL LIMITED,        17.86,        14.99,19.15
G,SHRE PUSH CHEM & FERT LTD,       451.90,       384.20,17.62
G,DRS CARGO MOVERS LIMITED,        25.00,        22.00,13.64
G,THE STATE TRADING CORPN,       139.20,       123.55,12.67
G,P S RAJ STEELS LIMITED,       210.35,       186.75,12.64
G,AMD INDUSTRIES LIMITED,        63.83,        56.73,12.52
G,CHEMCON SPECIAL CHEM LTD,       258.74,       230.34,12.33
G,SEC RE NCD 10.15% SR VII,       840.00,       749.70,12.04
G,CHAMUNDA ELECTRICAL LTD,        54.60,        48.80,11.89
G,MEDICO REMEDIES LIMITED,        43.23,        38.70,11.71
G,ARHAM TECHNOLOGIES LTD,       108.95,        97.75,11.46
G,RNFI SERVICES LIMITED,       377.35,       340.40,10.85
G,TINNA RUBBER AND INFR LTD,       918.95,       830.60,10.64
G,OM INFRA LIMITED,       121.82,       110.29,10.45
G,SEC RE NCD 9.90% SR IV,       360.00,       326.00,10.43
G,SHALBY LIMITED,       265.62,       240.57,10.41
G,KARMA ENERGY LIMITED,        58.52,        53.20,10
G,HVAX TECHNOLOGIES LIMITED,       852.50,       775.00,10
G,LOKESH MACHINES LTD,       196.46,       178.60,10
G,IFB INDUSTRIES LTD,      1766.70,      1606.40,9.98
G,INTENSE TECHNOLOGIES LTD,       139.00,       126.41,9.96
G,DEBOCK INDUSTRIES LIMITED,         2.11,         1.92,9.9
G,INTL CONVEYORS LIMITED,       104.75,        95.38,9.82
G,GACM TECHNOLOGIES LIMITED,          .81,          .74,9.46
 , , , , 
L,SEC RE NCD 10.35% SR III,       722.00,       822.00,-12.17
L,SEC RE NCD 9.48% SR.V,       399.00,       450.00,-11.33
L,CAREER POINT EDUTECH LTD,       264.63,       295.04,-10.31
L,ZEAL GLOBAL SERVICES LTD,       103.30,       114.40,-9.7
L,PARAMATRIX TECHNOLOGIES L,        84.25,        93.00,-9.41
L,INFOBEANS TECHNO. LTD.,       515.10,       567.70,-9.27
L,INTEGRATED PERSO SER LTD,       349.95,       384.00,-8.87
L,DRC SYSTEMS INDIA LIMITED,        20.11,        22.03,-8.72
L,TIGER LOGISTICS (INDIA) L,        46.23,        50.48,-8.42
L,CRIZAC LIMITED,       316.25,       343.90,-8.04
L,GTL LTD,         9.66,        10.46,-7.65
L,ARO GRANITE IND. LTD.,        38.81,        42.00,-7.6
L,VIMTA LABS LIMITED,       764.20,       825.05,-7.38
L,SNEHAA ORGANICS LIMITED,       103.15,       111.20,-7.24
L,SATTVA ENGINEERING CSTN L,       104.85,       112.90,-7.13
L,HEXAWARE TECHNOLOGIES LTD,       726.85,       781.75,-7.02
L,SEC RE NCD 9.65% SR I,       978.41,      1050.00,-6.82
L,VISION INFRA EQUIP SOL L,       228.00,       244.55,-6.77
L,ENVIROTECH SYSTEMS LTD,       143.85,       153.80,-6.47
L,CONS. CONST. CONSORT LTD,        24.38,        26.04,-6.37
L,NATURAL CAPSULES LIMITED,       232.18,       247.70,-6.27
L,TFB 7.62% 2035 SR. 3B,      1190.00,      1269.00,-6.23
L,GAJANAND INTERNATIONAL L,        12.25,        13.05,-6.13
L,COASTAL CORPORATION LTD,        35.66,        37.96,-6.06
L,MARAL OVERSEAS LTD,        48.43,        51.51,-5.98
L,CARTRADE TECH LIMITED,      2389.20,      2540.60,-5.96
L,PAVNA INDUSTRIES LIMITED,        36.80,        39.10,-5.88
L,SERENCD8.84%SRVICIII&IV,       988.55,      1050.00,-5.85
L,MASK INVESTMENTS LIMITED,       164.56,       174.73,-5.82
L,NUPUR RECYCLERS LIMITED,        73.15,        77.65,-5.8
