SECURITY,NEW,PREVIOUS,NEW_STATUS
SHRE PUSH CHEM & FERT LTD,461,429.9,H
L&T FINANCE LIMITED,252.2,250.79,H
RAVINDRA ENERGY LIMITED,191.77,188.43,H
SHEETAL UNIVERSAL LIMITED,143.75,137.5,H
MIRAEAMC - MAGOLDETF,109.25,108.39,H
GRAND FOUNDRY LTD,10.21,9.73,H
GOI TBILL 364D-16/10/25,99.44,99.15,H
GRAND CONTINENT HOTELS L,202.85,201,H
NDR INVIT TRUST,115,112.75,H
MOTILALAMC - MOMGF,182.16,152.98,H
TANKUP ENGINEERS LIMITED,462.5,453.45,H
TAURIAN MPS LIMITED,267.95,255.2,H
KNOWLEDGE MARINE & EN W L,2599.9,2575,H
BARFLEX POLYFILMS LIMITED,82.4,71.85,H
2.5%GOLDBONDS2028SR-VIII,12611.28,12576.51,H
2.50%GOLDBONDS2029SR-XII,12343,12088.8,H
RELCAPAMC-NETFSDL26,137.34,136.71,H
NETWEB TECH INDIA LTD,3559,3314,H
BIRLASLAMC - SILVER,133.97,133.12,H
EDELAMC - EGOLD,112.65,111.95,H
TERA SOFTWARE LIMITED,469.95,447.6,H
UNIVA FOODS LIMITED,12.93,12.32,H
VIVIANA POWER TECH LTD,1705,1424.95,H
LE MERITE EXPORTS LIMITED,409,398.8,H
LEAD REC AND RUB PROD LTD,85,82.4,H
ASL INDUSTRIES LIMITED,58.95,51.15,H
MOTILALAMC - MONEXT50,70.67,69.97,H
UCL 10.39% SR II,1034,1028.3,H
DHARAN INFRA-EPC LIMITED,0.57,0.56,H
GROWWAMC - GROWWPOWER,10.54,10.48,H
GOI TBILL 91D-18/12/25,98.5,97.06,H
GOKUL AGRO RESOURCES LTD,425,408.2,H
INVESCO INDIA GOLD ETF,9800,9711,H
2.50%GOLDBONDS2028SR-VII,12475,12190,H
SJS ENTERPRISES LIMITED,1515.6,1508.9,H
GROWWAMC - GROWWGOLD,110.62,109.9,H
ROSSELL TECHSYS LIMITED,832,784,H
RNFI SERVICES LIMITED,404,348.9,H
MASK INVESTMENTS LIMITED,185,174.73,H
SMARTWORKS COWORKING SP L,557.85,551,H
GROWWAMC - GROWWNXT50,71.37,70.47,H
KNOWLEDGE REALTY TRUST,113.5,113.2,H
GOI TBILL 182D-25/09/25,99.83,99.76,H
ANLON HEALTHCARE LIMITED,147.7,145.49,H
CHAMUNDA ELECTRICAL LTD,57,54.4,H
MIRAEAMC - MAFANG,169.89,169.41,H
P S RAJ STEELS LIMITED,215,198,H
GLOBE INTL CARRIERS LTD,151.2,148.7,H
ALUWIND INFRA-TECH LTD,95.8,88.8,H
SHRI AHIMSA NATURALS LTD,235,156,H
BGR ENERGY SYSTEMS LTD,273,270,H
AAREY DRUGS & PHARM LTD,80.95,77.93,H
SEC RE NCD SR.VI,1243,1236.69,H
M.V.K. AGRO FOOD PROD LTD,450,441.2,H
YASH OPTICS & LENS LTD,153.5,153.3,H
ARFIN INDIA LIMITED,47.87,47.3,H
GE VERNOVA T&D INDIA LTD,3147,3117.8,H
SBIAMC - SBISILVER,132,129.8,H
OCCL LIMITED,144,124.4,H
N R VANDANA TEX IND LTD,58.9,57.7,H
SWAN CORP LIMITED,506,490.35,H
NEPTUNE PETROCHEMICALS L,179,173,H
PICCADILY AGRO INDUSTRI L,805.5,755,H
MIRAEAMC - MASILVER,131.03,128.49,H
R M DRIP & SPRINK SYS LTD,807.45,800,H
KAVVERI DFS & WIR TEC LTD,115.78,113.46,H
SHRINGAR HOU OF MANGALS L,198.3,193.99,H
LUMAX INDUSTRIES LTD,4497.6,4475,H
UTIAMC - SILVERETF,130.3,130,H
DHARIWALCORP LIMITED,216.75,214.6,H
ICICIPRAMC - ICICISILVE,134.77,133.59,H
HYUNDAI MOTOR INDIA LTD,2890,2849.5,H
INDUS INFRA TRUST,119.25,119.19,H
POLYSIL IRRIGATION SYST L,227.05,222.6,H
PANACHE DIGILIFE LIMITED,326.96,297.24,H
TRAVEL FOOD SERVICES LTD,1394.8,1340.1,H
INDIQUBE SPACES LIMITED,243.8,239.74,H
PRAMARA PROMOTIONS LTD,287,278.3,H
MOTILALAMC - MOSILVER,140,130.66,H
KOTAKMAMC - KOTAKSILVE,130.1,128.4,H
NORBEN TEA &EXPORTS LTD,54.8,53.76,H
HDFCAMC - HDFCSILVER,128.94,126.55,H
NATURAL CAPSULES LIMITED,276,274.75,H
FRANTEMAMC - FICRF3GP,71,65,H
SWAN DEFENCE N HEVY IND L,577.1,549.65,H
POLYCAB INDIA LIMITED,7714,7605,H
GUJARAT THEMIS BIOSYN LTD,424.9,410.7,H
IZMO LIMITED,1109.65,1056.85,H
AXISAMC - AXISVALUE,29.88,29.82,H
CASH UR DRIVE MARKETING L,165,162,H
360ONEAMC - SILVER360,134.98,129.5,H
AARADHYA DISPOSAL INDUS L,131.5,127.9,H
ATHER ENERGY LIMITED,614.4,603,H
URBAN COMPANY LIMITED,201.18,187.5,H
INDOSOLAR LIMITED,506.65,482.55,H
PPAP AUTOMOTIVE LIMITED,234.45,232,H
MEGASOFT LTD,164.36,162.5,H
AXISCADES TECH LTD,1767.9,1750,H
INDIAN METALS & FERRO,1119,1110,H
MUTHOOT FINANCE LIMITED,3061.9,2996.9,H
UNO MINDA LIMITED,1348.3,1330.9,H
BARODABNP - BBNPNBETF,60.6,58.31,H
DSPAMC - DSPSILVETF,128.9,127.66,H
GOI TBILL 364D-09/10/25,99.7,99.61,H
NIPPONAMC - NETFSILVER,128.47,124.88,H
ETERNAL LIMITED,343.9,340,H
GOI TBILL 364D-03/10/25,99.8,99.7,H
AESTHETIK ENGINEERS LTD,137.25,130.75,H
VOLER CAR LIMITED,230,229.05,H
SEC RE NCD 8.50% SR 3,1050,1039,H
DRS CARGO MOVERS LIMITED,25,22,H
BARBEQUE NATION HOSP. LTD,234,241.8,L
MEDICAMEN BIOTECH LIMITED,322,330,L
DRONE DESTINATION LIMITED,79.2,83,L
SKIL INFRASTRUCTURE LTD.,1.55,1.64,L
WINNY IMMIGRA & EDU SER L,71.4,71.95,L
KAYTEX FABRICS LIMITED,103,104.25,L
CEDAAR TEXTILE LIMITED,102.9,103,L
DEV ACCELERATOR LIMITED,54.9,57.79,L
MANGALAM WORLDWIDE LTD,235.25,237.3,L
SAAKSHI MEDTEC N PANELS L,180.35,180.95,L
CYBERMEDIA RS.5 PPD UP,10.91,11.49,L
NECTAR LIFESCIENCES LTD.,15.66,15.98,L
AGS TRANSACT TECH LTD,4.19,4.28,L
DREAMFOLKS SERVICES LTD,112.36,118.28,L
ARUNAYA ORGANICS LIMITED,22.5,22.8,L
SHIVALIC POWER CONTROL L,96.8,97.7,L
PRO FX TECH LIMITED,97.6,99.5,L
PATEL RETAIL LIMITED,230,233.7,L
KALAHRIDHAAN TRENDZ LTD,5.05,5.3,L
REGAAL RESOURCES LIMITED,101.55,102.15,L
TRUST FINTECH LIMITED,53.1,54,L
SANDUR MANG & IRON ORES L,158.75,330,L
NEPHRO CARE INDIA LIMITED,143.25,146,L
TWAMEV CONS AND INFRA LTD,21.54,22.15,L
GRETEX CORPORATE SERVICES,252.95,260.1,L
MARSHALL MACHINES LTD,5.55,5.85,L
GALAXY MEDICARE LIMITED,44.05,46.35,L
SNEHAA ORGANICS LIMITED,100.6,104.95,L
VISHNU PRAKASH R PUNGLI L,103.67,106.4,L
RAJOO ENGINEERS LIMITED,92.8,94.25,L
MAHENDRA REALTO & INFRA L,50,53,L
RISHABH INSTRUMENTS LTD,395.05,405.8,L
SHREEJI SHIPPING GLOBAL L,236,252,L
SHIVASHRIT FOODS LIMITED,126.6,128.5,L
TIGER LOGISTICS (INDIA) L,45.22,49.65,L
CAREER POINT EDUTECH LTD,257.05,277.8,L
ENSER COMMUNICATIONS LTD,20.45,63.9,L
TSC INDIA LIMITED,60.6,62,L
ORTIN GLOBAL LIMITED,12,12.02,L
ZEAL GLOBAL SERVICES LTD,103,109,L
SAMEERA AGRO AND INFRA L,17,52.75,L
URAVI DEFENCE &TECH LTD,285,291.6,L
DIGITIDE SOLUTIONS LTD,177.01,180.91,L
MANGAL ELECTRICAL IND L,475.3,488,L
GLOBE CIVIL PROJECTS LTD,74.85,76.07,L
GOI TBILL 364D-20/08/26,94.29,94.5,L
SATTVA ENGINEERING CSTN L,103,107.15,L

