SYMBOL,SERIES,SECURITY,HIGH/LOW,INDEX FLAG
769HR27,SG,SDL HR 7.69% 2027,H
AAREYDRUGS,BE,AAREY DRUGS & PHARM LTD,H
AESTHETIK,SM,AESTHETIK ENGINEERS LTD,H
AGROPHOS,BE,AGRO PHOS INDIA LIMITED,H
AKI,BE,AKI INDIA LIMITED,H
ALUWIND,ST,ALUWIND INFRA-TECH LTD,H
ANIKINDS,EQ,ANIK INDUSTRIES LTD,H
ARFIN,BE,ARFIN INDIA LIMITED,H
ARTNIRMAN,BE,ART NIRMAN LIMITED,H
ARVEE,EQ,ARVEE LABORATORIES I LTD,H
ASMS,BE,BARTRONICS INDIA LIMITED,H
ATLASCYCLE,EQ,ATLAS CYCLE (HARYANA) LTD,H
BAFNAPH,BE,BAFNA PHARMACEUTICALS LTD,H
BAJEL,EQ,BAJEL PROJECTS LIMITED,H
BBOX,EQ,BLACK BOX LIMITED,H
BGRENERGY,BE,BGR ENERGY SYSTEMS LTD,H
BHARATGEAR,EQ,BHARAT GEARS LTD.,H
BHARATSE,EQ,BHARAT SEATS LIMITED,H
BLUECOAST,BE,BLUE COAST HOTELS LIMITED,H
CEREBRAINT,BZ,CEREBRA INT TECH LTD,H
CMRSL,SM,CYBER MEDIA RES & SER LTD,H
CPEDU,EQ,CAREER POINT EDUTECH LTD,H
CPS,SM,C P S SHAPERS LIMITED,H
CUBEXTUB,BE,CUBEXTUBINGS-ROLLSETT,H
CURAA,BE,CURA TECHNOLOGIES LIMITED,H
DANGEE,EQ,DANGEE DUMS LIMITED,H
DCAL,EQ,DISHMAN CARBO AMCIS LTD,H
DHARIWAL,SM,DHARIWALCORP LIMITED,H
DHTL,SM,DOCMODE HEALTH TECH LTD,H
EQUIPPP,BE,EQUIPPP SOC IMP TECH LTD,H
FEL,BZ,FUTURE ENTERPRISES LTD,H
FLFL,BZ,FUT LIFESTYLE FASH LTD,H
FORCAS,ST,FORCAS STUDIO LIMITED,H
GATECH,EQ,GACM TECHNOLOGIES LIMITED,H
GATECHDVR,BE,GACM TECHNOLOGIES LIMITED,H
GAYAHWS,BE,GAYATRI HIGHWAYS LIMITED,H
GCHOTELS,ST,GRAND CONTINENT HOTELS L,H
GOENKA,BZ,GOENKA DIAMOND&JEWELS LTD,H
GRAPHISAD,SM,GRAPHISADS LIMITED,H
GSTL,SM,GLOBESECURE TECHNO LTD,H
GTECJAINX,EQ,G-TEC JAINX EDUCATION LTD,H
GVKPIL,BE,GVK POW. & INFRA LTD.,H
GVPTECH,EQ,GVP INFOTECH LIMITED,H
HIRECT,EQ,HIND RECTIFIER LIMITED,H
ICDSLTD,EQ,ICDS LTD,H
IDEA,T0,VODAFONE IDEA LIMITED,H
IMPEXFERRO,BZ,IMPEX FERRO TECH LIMITED,H
INFOMEDIA,BE,INFOMEDIA PRESS LIMITED,H
INOXGREEN,EQ,INOX GREEN ENERGY SER LTD,H
INTENTECH,EQ,INTENSE TECHNOLOGIES LTD,H
ISFT,EQ,INTRASOFT TECH. LTD,H
IZMO,BE,IZMO LIMITED,H
JALAN,SM,JALAN TRANSOLU. INDIA LTD,H
JAYBARMARU,BE,JAYBHARATMARU-,H
KAVDEFENCE,BE,KAVVERI DFS & WIR TEC LTD,H
KAYA,BE,KAYA LIMITED,H
KCEIL,SM,KAY CEE ENERGY & INFRA L,H
KESORAMIND,EQ,KESORAM INDUSTRIES LTD,H
KORE,SM,JAY JALARAM TECHNO LTD,H
KRITI,BE,KRITI INDUSTRIES IND LTD,H
LRRPL,SM,LEAD REC AND RUB PROD LTD,H
MAFANG,EQ,MIRAEAMC - MAFANG,H
MAHKTECH,EQ,MIRAEAMC - MAHKTECH,H
MASKINVEST,EQ,MASK INVESTMENTS LIMITED,H
MASPTOP50,EQ,MIRAEAMC - MASPTOP50,H
MEGAFLEX,SM,MEGA FLEX PLASTICS LTD,H
MEGASOFT,EQ,MEGASOFT LTD,H
MEP,BZ,MEP INFRA. DEVELOPERS LTD,H
MINDTECK,BE,MINDTECK (INDIA) LIMITED,H
MORARJEE,BZ,MORARJEE TEXTILES LIMITED,H
NATCAPSUQ,EQ,NATURAL CAPSULES LIMITED,H
NDTV,EQ,NDTV LTD,H
NIRAJISPAT,BE,NIRAJ ISPAT IND LTD,H
NIRMAN,SM,NIRMAN AGRI GENTICS LTD,H
NOIDATOLL,BE,NOIDA TOLL BRIDGE CO LTD,H
ODIGMA,EQ,ODIGMA CONSULTANCY SOL L,H
ONELIFECAP,EQ,ONELIFE CAP ADVISORS LTD,H
ORCHPHARMA,EQ,ORCHID PHARMA LIMITED,H
ORTEL,BZ,ORTEL COMMUNICATIONS LTD,H
PANACHE,EQ,PANACHE DIGILIFE LIMITED,H
PARSVNATH,BE,PARSVNATH DEVELOPER LTD,H
PERFECT,SZ,PERFECT INFRAENGINEER LTD,H
RELTD,EQ,RAVINDRA ENERGY LIMITED,H
RICHA,SM,RICHA INFO SYSTEMS LTD,H
ROLLT,EQ,ROLLATAINERS LIMITED,H
RVTH,EQ,REVATHI EQUIPMENT INDIA L,H
SABEVENTS,BE,SAB EVENTS & GOVERNANCE,H
SAHAJ,SZ,SAHAJ FASHIONS LIMITED,H
SANCO,BZ,SANCO INDUSTRIES LIMITED,H
SANWARIA,BZ,SANWARIA CONSUMER LIMITED,H
SEJALLTD,EQ,SEJAL GLASS LIMITED,H
SETCO,EQ,SETCO AUTOMOTIVE LTD,H
SICALLOG,BE,SICAL LOGISTICS LIMITED,H
SITINET,BZ,SITI NETWORKS LIMITED,H
SRD,BE,SHANKAR LAL RAMPAL LTD,H
SYNOPTICS,SM,SYNOPTICS TECHNOLOGIES L,H
TARAPUR,EQ,TARAPUR TRANSFORMERS LTD,H
TAURIAN,ST,TAURIAN MPS LIMITED,H
TECHERA,SM,TECHERA ENGINEER (IND) L,H
TERASOFT,BE,TERA SOFTWARE LIMITED,H
TFL,EQ,TRANSWARRANTY FIN. LTD.,H
TGL,SM,TEERTH GOPICON LIMITED,H
THOMASCOTT,EQ,THOMAS SCOTT (INDIA) LTD,H
TRIGYN,EQ,TRIGYN TECHNOLOGIES LTD,H
TRU,EQ,TRUCAP FINANCE LIMITED,H
UCL,SM,USHANTI COLOUR CHEM LTD,H
UNITECH,BZ,UNITECH LIMITED,H
VIVIANA,ST,VIVIANA POWER TECH LTD,H
WINSOME,BZ,WINSOME YARNS LIMITED,H
ZEELEARN,EQ,ZEE LEARN LIMITED,H
68GS2060,GS,GOI LOAN  6.8% 2060,L
AISL,SM,ANI INTEGRATED SERV LTD.,L
AKIKO,ST,AKIKO GLOBAL SERVICES L,L
ALPSINDUS,BE,ALPS INDUSTRIES LTD.,L
ANSALAPI,BZ,ANSAL PROP & INFRA LTD,L
BGRENERGY,BE,BGR ENERGY SYSTEMS LTD,L
BIRDYS,ST,GRILL SPLENDOUR SER LTD,L
CALSOFTPP,X1,CALSOFT RS.2.50 PPD UP,L
COMPINFO,BZ,COMPUAGE INFOCOM LTD,L
CONTI,SM,CONTINENTAL SEED CHEM LTD,L
CURAA,BE,CURA TECHNOLOGIES LIMITED,L
CYBERPP,X1,CYBERMEDIA RS.5 PPD UP,L
DESTINY,SM,DESTINY LOGISTICS & I LTD,L
DEVX,BE,DEV ACCELERATOR LIMITED,L
DREAMFOLKS,BE,DREAMFOLKS SERVICES LTD,L
EQUIPPP,BE,EQUIPPP SOC IMP TECH LTD,L
FELDVR,BZ,FUTURE ENTERPRISES LTD,L
GML,ST,GALAXY MEDICARE LIMITED,L
GTECJAINX,EQ,G-TEC JAINX EDUCATION LTD,L
GVKPIL,BE,GVK POW. & INFRA LTD.,L
HINDMOTORS,BE,HINDUSTAN MOTORS LIMITED,L
HRHNEXT,SM,HRH NEXT SERVICES LIMITED,L
IDEA,T0,VODAFONE IDEA LIMITED,L
INNOMET,SM,INNOMET ADVANCED MATERI L,L
ITTL,ST,INNOVATIVE TYRE & TUBE LT,L
KANDARP,ST,KANDARP DG SMART BPO LTD,L
MADHUCON,EQ,MADHUCON PROJECTS LTD.,L
MAL,ST,MANGALAM ALLOYS LIMITED,L
MOHITIND,BE,MOHIT INDUSTRIES LTD,L
MTEDUCARE,BE,MT EDUCARE LTD,L
NEWJAISA,ST,NEWJAISA TECHNOLOGIES LTD,L
NOIDATOLL,BE,NOIDA TOLL BRIDGE CO LTD,L
OSIAHYPER,BE,OSIA HYPER RETAIL LIMITED,L
PAR,BE,PAR DRUGS AND CHEM LTD,L
PPSL,ST,PICTUREPOST STUDIOS LTD,L
PRAENG,BE,PRAJAY ENG. SYN. LTD.,L
PRECISION,SM,PRECISION METALIKS LTD,L
PREMIER,BE,PREMIER LIMITED,L
PURPLEUTED,ST,PURPLE UNITED SALES LTD,L
RAJRILTD,BE,RAJ RAYON INDUSTRIES LTD,L
RAMCOSYS,EQ,RAMCO SYSTEMS LTD.,L
RELINFRA,BE,RELIANCE INFRASTRUCTU LTD,L
ROLLT,EQ,ROLLATAINERS LIMITED,L
SAHAJ,SZ,SAHAJ FASHIONS LIMITED,L
SAIFL,ST,SAMEERA AGRO AND INFRA L,L
SALSTEEL,BE,S.A.L. STEEL LTD.,L
SANGANI,SM,SANGANI HOSPITALS LIMITED,L
SATIPOLY,SM,SATI POLY PLAST LIMITED,L
SITINET,BZ,SITI NETWORKS LIMITED,L
TGL,SM,TEERTH GOPICON LIMITED,L
VAKRANGEE,EQ,VAKRANGEE LIMITED,L
VEEKAYEM,SM,VEEKAYEM FASH & APP LTD,L
VELS,SM,VELS FILM INTERNATIONAL L,L
VERTEXPLUS,ST,VERTEXPLUS TECHNOLOGIES L,L
VHLTD,BE,VICEROY HOTELS LIMITED,L
VLEGOV,EQ,VL E GOV AND IT SOL LTD,L
WINSOME,BZ,WINSOME YARNS LIMITED,L
ZODIAC,BE,ZODIAC ENERGY LIMITED,L
