SECURITY,NEW,PREVIOUS,NEW_STATUS
RAVINDRA ENERGY LIMITED,188.43,184.25,H
DENTA WATER N INFRA SOL L,476.8,471.35,H
TANKUP ENGINEERS LIMITED,453.45,444.6,H
TAURIAN MPS LIMITED,255.2,243.05,H
RADICO KHAITAN LTD,3067,3035.7,H
TERA SOFTWARE LIMITED,447.6,435.55,H
LE MERITE EXPORTS LIMITED,398.8,393.8,H
LEAD REC AND RUB PROD LTD,82.4,81,H
VINSYS IT SERVICES IND LT,475,450,H
DHARAN INFRA-EPC LIMITED,0.56,0.55,H
VISAMAN GLOBAL SALES LTD,117.05,115,H
INDIGRID INFRASTRUCT TRST,172.05,170.65,H
VIVIANA POWER TECH LTD,1458.85,1418.95,H
ADITYA VISION LIMITED,583.4,560.15,H
SEC RE NCD SR III,1165.4,1161.04,H
MASK INVESTMENTS LIMITED,174.73,174.4,H
SMARTWORKS COWORKING SP L,551,544.9,H
KNOWLEDGE REALTY TRUST,113.2,112.98,H
GROWWAMC - GROWWNXT50,70.47,70.36,H
GANESH HOUSING LIMITED,893,886.8,H
GLOBE INTL CARRIERS LTD,148.7,146.5,H
EDELAMC - EBBETF0430,1579.38,1579.24,H
SEJAL GLASS LIMITED,826.15,786.85,H
AAREY DRUGS & PHARM LTD,77.93,75.74,H
KOTAK GOLD ETF,94.5,94.06,H
ZERODHAAMC - GOLDCASE,17.92,17.8,H
M.V.K. AGRO FOOD PROD LTD,441.2,432.6,H
AEL 9% 2030 SR VI,1025,1024,H
GOI TBILL 182D-27/11/25,98.84,98.8,H
GOI TBILL 91D-06/11/25,99.3,99.2,H
ARFIN INDIA LIMITED,47.3,45.5,H
SEC RE NCD 10.15% SR I,1029,1020,H
GE VERNOVA T&D INDIA LTD,3117.8,3003.9,H
NEPTUNE PETROCHEMICALS L,173,172,H
BELRISE INDUSTRIES LTD,159.9,156.91,H
KAVVERI DFS & WIR TEC LTD,113.46,85.81,H
KRISHIVAL FOODS LIMITED,471,469.4,H
SWAN CORP LIMITED,490.35,485.25,H
PANACHE DIGILIFE LIMITED,297.24,285,H
PRAMARA PROMOTIONS LTD,278.3,273.95,H
ONECLICK LOGISTICS IND L,279.5,269.5,H
HYUNDAI MOTOR INDIA LTD,2849.5,2734.8,H
DHARIWALCORP LIMITED,214.6,193.9,H
INTERIORS & MORE LIMITED,633,619.8,H
INDUS INFRA TRUST,119.19,118.85,H
POLYSIL IRRIGATION SYST L,222.6,218.25,H
SG MART LIMITED,389.55,388.85,H
GOI TBILL 91D-04/12/25,98.85,98.8,H
VIKRAN ENGINEERING LTD,116.64,114.66,H
NORBEN TEA &EXPORTS LTD,53.76,52.71,H
IZMO LIMITED,1056.85,1006.55,H
MIRAEAMC - MAHKTECH,28.75,27.64,H
FRANTEMAMC - FICRF3GP,65,60,H
HDFCAMC - HDFCSILVER,126.55,125.2,H
NAVKAR URBANSTRUCTURE LTD,2.87,2.4,H
AARADHYA DISPOSAL INDUS L,127.9,124.9,H
AONEAMC - AONEGOLD,10.61,10.59,H
URBAN COMPANY LIMITED,187.5,179,H
MARUTI SUZUKI INDIA LTD.,16060,15939,H
INDIAN METALS & FERRO,1110,1104.5,H
AXISCADES TECH LTD,1750,1740,H
SEC RE NCD 9.56% SR VI,1133.1,1099,H
AESTHETIK ENGINEERS LTD,130.75,124.55,H
GOI TBILL 364D-03/10/25,99.7,99.65,H
OSEL DEVICES LIMITED,657.8,649.4,H
ETERNAL LIMITED,340,338.5,H
IIFL 9.60% TR I SR VIII,1133,1005,H
VCCL12% 2029,99300,98500,H
VODAFONE IDEA LIMITED,8.6,8.07,H
VOLER CAR LIMITED,229.05,224.6,H
STL NETWORKS LIMITED,35.4,30.31,H
BARBEQUE NATION HOSP. LTD,241.8,246.55,L
DRONE DESTINATION LIMITED,83,84,L
SUNTECH INFRA SOLUTIONS L,58.35,61.5,L
KAYTEX FABRICS LIMITED,104.25,107.5,L
SAAKSHI MEDTEC N PANELS L,180.95,184.3,L
DEV ACCELERATOR LIMITED,57.79,59,L
DJ MEDIAPRINT & LOG LTD,94,95,L
NECTAR LIFESCIENCES LTD.,15.98,16.31,L
DREAMFOLKS SERVICES LTD,118.28,123,L
AGS TRANSACT TECH LTD,4.28,4.3,L
SHIVALIC POWER CONTROL L,97.7,98,L
GOI LOAN 7.88% 2030,104.55,104.68,L
PATEL RETAIL LIMITED,233.7,235.6,L
GANESH HOUSING LIMITED,850.6,863.15,L
CEMINDIA PROJECTS LIMITED,747.05,809.6,L
SURATWWALA BUS GROUP LTD,31.3,31.36,L
ONYX BIOTEC LIMITED,44.55,45,L
MANUGRAPH INDIA LIMITED,22,22.08,L
ATC ENERGIES SYSTEM LTD,58,60.85,L
SAROJA PHARMA INDUS IND L,45.15,47,L
NEPHRO CARE INDIA LIMITED,146,146.2,L
SEC RED NCD 9.70% SR. V,945,1006.6,L
TWAMEV CONS AND INFRA LTD,22.15,23.25,L
TEERTH GOPICON LIMITED,47.2,49.65,L
GRETEX CORPORATE SERVICES,260.1,273.1,L
GALAXY MEDICARE LIMITED,46.35,48.75,L
VISHNU PRAKASH R PUNGLI L,106.4,108.3,L
MAHENDRA REALTO & INFRA L,53,55.5,L
RISHABH INSTRUMENTS LTD,405.8,414.3,L
SHIVASHRIT FOODS LIMITED,128.5,130,L
SEC RE NCD 9.16% SR.V,416.5,425,L
SAMEERA AGRO AND INFRA L,17.9,18.85,L
INDO US BIOTECH LTD,137.2,138.13,L
DIGITIDE SOLUTIONS LTD,180.91,184.93,L
JYOTI GLOBAL PLAST LTD,53,54.1,L
MANGAL ELECTRICAL IND L,488,493.25,L

