SERIES,SYMBOL,SECURITY,RECORD_DT,BC_STRT_DT,BC_END_DT,EX_DT,ND_STRT_DT,ND_END_DT,PURPOSE
BE,TATAMOTORS,Tata Motors Limited,14/10/2025, , ,14/10/2025, , ,DEMERGER                 
BE,SKFINDIA,SKF India Limited,15/10/2025, , ,15/10/2025, , ,DEMERGER                 
BE,UEL,Ujaas Energy Limited,10/10/2025, , ,10/10/2025, , ,BONUS 2:1                
BE,AGIIL,Agi Infra Limited,10/10/2025, , ,10/10/2025, , ,FVSPLT FRM RS 5 TO RE 1  
BE,GOKULAGRO,Gokul Agro Resources Ltd,14/10/2025, , ,14/10/2025, , ,FVSPLT FRM RS 2 TO RE 1  
BE,TATAINVEST,Tata Inv. Corpn Ltd.,14/10/2025, , ,14/10/2025, , ,FVSPLT FRM RS 10 TO RE 1 
BE,LGHL,Laxmi Goldorna House Ltd,10/10/2025, , ,10/10/2025, , ,BONUS 7:5                
BE,HEXT,Hexaware Technologies Ltd,10/10/2025, , ,10/10/2025, , ,INT DIV - RS 5.75 PER SH 
BE,CAPTRUST,Capital Trust Limited,10/10/2025, , ,10/10/2025, , ,RIGHTS 1:1 @ PRM RS 4/-  
BE,RCF,RASHTRIYA CHEMICALS & FER,10/10/2025, , ,10/10/2025, , ,DIV - RS 1.32 PER SH     
BE,ROLEXRINGS,Rolex Rings Limited,17/10/2025, , ,17/10/2025, , ,FVSPLT FRM RS 10 TO RE 1 
BE,UNIVASTU,Univastu India Limited,13/10/2025, , ,13/10/2025, , ,BONUS 2:1                
EQ,TATAMOTORS,Tata Motors Limited,14/10/2025, , ,14/10/2025, , ,DEMERGER                 
EQ,SKFINDIA,SKF India Limited,15/10/2025, , ,15/10/2025, , ,DEMERGER                 
EQ,UEL,Ujaas Energy Limited,10/10/2025, , ,10/10/2025, , ,BONUS 2:1                
EQ,AGIIL,Agi Infra Limited,10/10/2025, , ,10/10/2025, , ,FVSPLT FRM RS 5 TO RE 1  
EQ,GOKULAGRO,Gokul Agro Resources Ltd,14/10/2025, , ,14/10/2025, , ,FVSPLT FRM RS 2 TO RE 1  
EQ,TATAINVEST,Tata Inv. Corpn Ltd.,14/10/2025, , ,14/10/2025, , ,FVSPLT FRM RS 10 TO RE 1 
EQ,LGHL,Laxmi Goldorna House Ltd,10/10/2025, , ,10/10/2025, , ,BONUS 7:5                
EQ,HEXT,Hexaware Technologies Ltd,10/10/2025, , ,10/10/2025, , ,INT DIV - RS 5.75 PER SH 
EQ,CAPTRUST,Capital Trust Limited,10/10/2025, , ,10/10/2025, , ,RIGHTS 1:1 @ PRM RS 4/-  
EQ,RCF,Rashtriya Chem Fert Ltd.,10/10/2025, , ,10/10/2025, , ,DIV - RS 1.32 PER SH     
EQ,ROLEXRINGS,Rolex Rings Limited,17/10/2025, , ,17/10/2025, , ,FVSPLT FRM RS 10 TO RE 1 
EQ,UNIVASTU,Univastu India Limited,13/10/2025, , ,13/10/2025, , ,BONUS 2:1                
GB,SGBOCT25V,2.50% GOLDBONDS2025SR-V,28/10/2025, , , , , ,REDEMPTION               
GB,SGBOCT25,2.50% GOLDBONDS2025SR-III,14/10/2025, , , , , ,REDEMPTION               
GB,SGBOCT25IV,2.50% GOLDBONDS2025SR-IV,18/10/2025, , , , , ,REDEMPTION               
GS,690GS2065,GOI LOAN  6.90% 2065,14/10/2025, , ,14/10/2025, , ,INTEREST PAYMENT         
GS,GS261025C,GOI STRIPS C 261025,20/10/2025, , , , , ,REDEMPTION               
GS,706GS2046,GOI LOAN 7.06% 2046,09/10/2025, , ,09/10/2025, , ,INTEREST PAYMENT         
GS,633GS2035,GOI LOAN  6.33% 2035,14/10/2025, , ,14/10/2025, , ,INTEREST PAYMENT         
N0,98VFPL28,VFPL 9.80% 2028 Sr 17,10/10/2025, , ,10/10/2025, , ,INTEREST PAYMENT         
N0,708PGC34,PGC 7.08% 2034 Sr LXXIX,10/10/2025, , ,10/10/2025, , ,INTEREST PAYMENT         
N0,857IHFL26,IHFL 8.57% 2026 Sr J1,10/10/2025, , ,10/10/2025, , ,INTEREST PAYMENT         
N0,10IIFL26,IIFL Samasta 10% 2026,13/10/2025, , ,13/10/2025, , ,INT PAYMNT/PART REDEMPTN 
N0,1025PATE28,PATE 10.25% 2028,10/10/2025, , ,10/10/2025, , ,INTEREST PAYMENT         
N0,SIHF27,SIHF T-Bill lkd 27 Sr 28,14/10/2025, , ,14/10/2025, , ,INTEREST PAYMENT         
N0,765SHFL29,SHFL 7.65% 2029 Sr 344,10/10/2025, , ,10/10/2025, , ,INTEREST PAYMENT         
N0,7798LTFH29,LTFH 7.798% 2029 Sr F,13/10/2025, , ,13/10/2025, , ,INTEREST PAYMENT         
N0,744SIDBI28,SIDBI 7.44% 2028 Sr IV,09/10/2025, , ,09/10/2025, , ,INTEREST PAYMENT         
N0,835TCSL27,Tvs Credit 8.35% 2027,13/10/2025, , ,13/10/2025, , ,INTEREST PAYMENT         
N0,950ISF26,IIFL Samasta 9.50% 2026,15/10/2025, , ,15/10/2025, , ,INT PAYMENT/PART REDMPTN 
N0,712INBK34,INBK 7.12% 2034 Sr II,10/10/2025, , ,10/10/2025, , ,INTEREST PAYMENT         
N1,948SCL27D,Sec Re NCD 9.48% Sr V,10/10/2025, , ,10/10/2025, , ,INTEREST PAYMENT         
N1,902SCL27C,Sec Re NCD 9.02% Sr V,10/10/2025, , ,10/10/2025, , ,INTEREST PAYMENT         
N1,79NHIT35,Sec Re NCD 7.90% STRPP A,10/10/2025, , ,10/10/2025, , ,INTEREST PAYMENT         
N1,1040UCL27B,Sec Re NCD 10.40% Sr III,09/10/2025, , ,09/10/2025, , ,INTEREST PAYMENT         
N1,1025UCL26A,Sec Re NCD 10.25% Sr II,09/10/2025, , ,09/10/2025, , ,INTEREST PAYMENT         
N1,1015UCL26,Sec Re NCD 10.15% Sr I,09/10/2025, , ,09/10/2025, , ,INTEREST PAYMENT         
N1,1025SCL34B,Sec Re NCD 10.25% Sr XII,10/10/2025, , ,10/10/2025, , ,INTEREST PAYMENT         
N1,980SCL34B,Sec Re NCD 9.80% Sr XII,10/10/2025, , ,10/10/2025, , ,INTEREST PAYMENT         
N1,971SCL29B,Sammaan Capital Limited,10/10/2025, , ,10/10/2025, , ,INTEREST PAYMENT         
N1,1003SCL31A,Sec Re NCD 10.03% Sr X,10/10/2025, , ,10/10/2025, , ,INTEREST PAYMENT         
N1,89IHFL29,IIFL Home Finance Limited,16/10/2025, , ,16/10/2025, , ,INTEREST PAYMENT         
N1,925SCL29C,Sec Re NCD 9.25% Sr VIII,10/10/2025, , ,10/10/2025, , ,INTEREST PAYMENT         
N1,925SCL26F,Sec Re NCD 9.25% Sr II,10/10/2025, , ,10/10/2025, , ,INTEREST PAYMENT         
N2,79NHIT40,Sec Re NCD 7.90% STRPP B,10/10/2025, , ,10/10/2025, , ,INTEREST PAYMENT         
N3,79NHIT47,Sec Re NCD 7.90% STRPP C,10/10/2025, , ,10/10/2025, , ,INTEREST PAYMENT         
NA,931SFIL26A,SeReNCD8.75%SrVICI&II,10/10/2025, , ,10/10/2025, , ,INTEREST PAYMENT         
NB,96SFIL24A,SeReNCD8.84%SrVICIII&IV,10/10/2025, , ,10/10/2025, , ,INTEREST PAYMENT         
NB,105UCL2026,Sec Re NCD 10.5% Sr IV,12/10/2025, , ,10/10/2025, , ,INTEREST PAYMENT         
ND,10UCL26,UCL 10.00% Sr I,09/10/2025, , ,09/10/2025, , ,INTEREST PAYMENT         
NF,1015UCL27,UCL 10.15% Sr III,09/10/2025, , ,09/10/2025, , ,INTEREST PAYMENT         
NG,1025UCL27A,UCL 10.25% Sr IV,09/10/2025, , ,09/10/2025, , ,INTEREST PAYMENT         
NH,1050UCL28,UCL 10.50% Sr V,09/10/2025, , ,09/10/2025, , ,INTEREST PAYMENT         
NT,975SCL28,SEC RE NCD 8.89% SR.VIII,09/10/2025, , ,09/10/2025, , ,INTEREST PAYMENT         
NU,98SFIL26,Sec Re NCD 9.80% Sr.V,10/10/2025, , ,10/10/2025, , ,INTEREST PAYMENT         
NV,935SCL28,UNSE RE NCD 8.89% SR.X,09/10/2025, , ,09/10/2025, , ,INTEREST PAYMENT         
NW,850SCL25A,UNSE RE NCD 9.35% SR.X,09/10/2025, , ,09/10/2025, , ,INTEREST PAYMENT         
NY,866SFIL23A,Sec Re NCD 9.57% Sr.VIII,10/10/2025, , ,10/10/2025, , ,INTEREST PAYMENT         
NZ,890SFIL23A,Sec Re NCD 10.03% Sr.VIII,10/10/2025, , ,10/10/2025, , ,INTEREST PAYMENT         
SG,747GJ25,SDL GJ 7.47% 2025,23/10/2025, , , , , ,REDEMPTION               
SG,538CG25,SDL CG 5.38% 2025,24/10/2025, , , , , ,REDEMPTION               
SG,763ML25,SDL ML 7.63% 2025,23/10/2025, , , , , ,REDEMPTION               
SM,MOS,Mos Utility Limited,14/10/2025, , ,14/10/2025, , ,BONUS 1:1                
SM,GICL,Globe Intl Carriers Ltd,15/10/2025, , ,15/10/2025, , ,BONUS 1:1                
SM,IEML,Indian Emulsifiers Ltd,10/10/2025, , ,10/10/2025, , ,RIGHTS 1:2 @ PRM RS 70/- 
SM,GICL,Globe Intl Carriers Ltd,15/10/2025, , ,15/10/2025, , ,FVSPLT FRM RS 10 TO RS 5 
SM,USASEEDS,Upsurge Seeds of Agri Ltd,10/10/2025, , ,10/10/2025, , ,BONUS 3:7                
SQ,MOS,Mos Utility Limited,14/10/2025, , ,14/10/2025, , ,BONUS 1:1                
SQ,USASEEDS,Upsurge Seeds of Agri Ltd,10/10/2025, , ,10/10/2025, , ,BONUS 3:7                
SQ,GICL,Globe Intl Carriers Ltd,15/10/2025, , ,15/10/2025, , ,FVSPLT FRM RS 10 TO RS 5 
SQ,IEML,Indian Emulsifiers Ltd,10/10/2025, , ,10/10/2025, , ,RIGHTS 1:2 @ PRM RS 70/- 
SQ,GICL,Globe Intl Carriers Ltd,15/10/2025, , ,15/10/2025, , ,BONUS 1:1                
ST,GICL,Globe Intl Carriers Ltd,15/10/2025, , ,15/10/2025, , ,FVSPLT FRM RS 10 TO RS 5 
ST,GICL,Globe Intl Carriers Ltd,15/10/2025, , ,15/10/2025, , ,BONUS 1:1                
ST,IEML,Indian Emulsifiers Ltd,10/10/2025, , ,10/10/2025, , ,RIGHTS 1:2 @ PRM RS 70/- 
ST,MOS,Mos Utility Limited,14/10/2025, , ,14/10/2025, , ,BONUS 1:1                
ST,USASEEDS,Upsurge Seeds of Agri Ltd,10/10/2025, , ,10/10/2025, , ,BONUS 3:7                
U1,89IHFL29,IIFL Home Finance Limited,16/10/2025, , ,16/10/2025, , ,INTEREST PAYMENT         
U1,925SCL29C,Sec Re NCD 9.25% Sr VIII,10/10/2025, , ,10/10/2025, , ,INTEREST PAYMENT         
U1,1025SCL34B,Sec Re NCD 10.25% Sr XII,10/10/2025, , ,10/10/2025, , ,INTEREST PAYMENT         
U1,948SCL27D,Sec Re NCD 9.48% Sr V,10/10/2025, , ,10/10/2025, , ,INTEREST PAYMENT         
U1,971SCL29B,Sammaan Capital Limited,10/10/2025, , ,10/10/2025, , ,INTEREST PAYMENT         
U1,1003SCL31A,Sec Re NCD 10.03% Sr X,10/10/2025, , ,10/10/2025, , ,INTEREST PAYMENT         
U1,980SCL34B,Sec Re NCD 9.80% Sr XII,10/10/2025, , ,10/10/2025, , ,INTEREST PAYMENT         
U1,925SCL26F,Sec Re NCD 9.25% Sr II,10/10/2025, , ,10/10/2025, , ,INTEREST PAYMENT         
U1,902SCL27C,Sec Re NCD 9.02% Sr V,10/10/2025, , ,10/10/2025, , ,INTEREST PAYMENT         
U1,79NHIT35,Sec Re NCD 7.90% STRPP A,10/10/2025, , ,10/10/2025, , ,INTEREST PAYMENT         
U1,1040UCL27B,Sec Re NCD 10.40% Sr III,09/10/2025, , ,09/10/2025, , ,INTEREST PAYMENT         
U1,1025UCL26A,Sec Re NCD 10.25% Sr II,09/10/2025, , ,09/10/2025, , ,INTEREST PAYMENT         
U1,1015UCL26,Sec Re NCD 10.15% Sr I,09/10/2025, , ,09/10/2025, , ,INTEREST PAYMENT         
U2,79NHIT40,Sec Re NCD 7.90% STRPP B,10/10/2025, , ,10/10/2025, , ,INTEREST PAYMENT         
U3,79NHIT47,Sec Re NCD 7.90% STRPP C,10/10/2025, , ,10/10/2025, , ,INTEREST PAYMENT         
UA,931SFIL26A,SeReNCD8.75%SrVICI&II,10/10/2025, , ,10/10/2025, , ,INTEREST PAYMENT         
UB,96SFIL24A,SeReNCD8.84%SrVICIII&IV,10/10/2025, , ,10/10/2025, , ,INTEREST PAYMENT         
UB,105UCL2026,Sec Re NCD 10.5% Sr IV,12/10/2025, , ,10/10/2025, , ,INTEREST PAYMENT         
UD,10UCL26,UCL 10.00% Sr I,09/10/2025, , ,09/10/2025, , ,INTEREST PAYMENT         
UF,1015UCL27,UCL 10.15% Sr III,09/10/2025, , ,09/10/2025, , ,INTEREST PAYMENT         
UG,1025UCL27A,UCL 10.25% Sr IV,09/10/2025, , ,09/10/2025, , ,INTEREST PAYMENT         
UH,1050UCL28,UCL 10.50% Sr V,09/10/2025, , ,09/10/2025, , ,INTEREST PAYMENT         
UT,975SCL28,SEC RE NCD 8.89% SR.VIII,09/10/2025, , ,09/10/2025, , ,INTEREST PAYMENT         
UU,98SFIL26,Sec Re NCD 9.80% Sr.V,10/10/2025, , ,10/10/2025, , ,INTEREST PAYMENT         
UV,935SCL28,UNSE RE NCD 8.89% SR.X,09/10/2025, , ,09/10/2025, , ,INTEREST PAYMENT         
UW,850SCL25A,UNSE RE NCD 9.35% SR.X,09/10/2025, , ,09/10/2025, , ,INTEREST PAYMENT         
UY,866SFIL23A,Sec Re NCD 9.57% Sr.VIII,10/10/2025, , ,10/10/2025, , ,INTEREST PAYMENT         
UZ,890SFIL23A,Sec Re NCD 10.03% Sr.VIII,10/10/2025, , ,10/10/2025, , ,INTEREST PAYMENT         

