SYMBOL,SERIES,SECURITY,HIGH/LOW,INDEX FLAG
675GS2029,GS,GOI LOAN   6.75% 2029,H
772GS2055,GS,GOI LOAN 7.72% 2055,H
AARVEEDEN,BE,AARVEE DEN. & EXP. LTD,H
ABMINTLLTD,EQ,ABM INTERNATIONAL LTD,H
AGSTRA,BZ,AGS TRANSACT TECH LTD,H
AHCL,BE,ANLON HEALTHCARE LIMITED,H
AILIMITED,SM,ABHISHEK INTEGRATIONS LTD,H
ALKALI,EQ,ALKALI METALS LTD,H
ALPSINDUS,BE,ALPS INDUSTRIES LTD.,H
ANSALAPI,BZ,ANSAL PROP & INFRA LTD,H
ASCOM,ST,ASCOM LEASIN & INVEST LTD,H
AUSOMENT,EQ,AUSOM ENTERPRISE LIMITED,H
BALCO,SM,SOLVE PLASTIC PRODUCTS L,H
BGRENERGY,BE,BGR ENERGY SYSTEMS LTD,H
BOHRAIND,EQ,BOHRA INDUSTRIES LIMITED,H
C2C,ST,C2C ADVANCED SYSTEMS LTD,H
CALSOFT,EQ,CALIFORNIA SOFTWARE CO LT,H
CALSOFTPP,E1,CALSOFT RS.2.50 PPD UP,H
CAPTRUST,EQ,CAPITAL TRUST LIMITED,H
CEREBRAINT,BZ,CEREBRA INT TECH LTD,H
CHANDAN,ST,CHANDAN HEALTHCARE LTD,H
COFFEEDAY,BE,COFFEE DAY ENTERPRISE LTD,H
CYBERPP,X1,CYBERMEDIA RS.5 PPD UP,H
DHTL,ST,DOCMODE HEALTH TECH LTD,H
DPEL,ST,DIVINE POWER ENERGY LTD,H
DREAMFOLKS,BE,DREAMFOLKS SERVICES LTD,H
EASTSILK,BE,EASTERN SILK INDUSTRIES L,H
EMKAY,BE,EMKAY GLOBAL FIN SERV LTD,H
ESFL,SM,ESSEN SPECIALITY FILMS L,H
FABTECH,BE,FABTECH TECHNOLOGIES LTD,H
FEL,BZ,FUTURE ENTERPRISES LTD,H
FELDVR,BZ,FUTURE ENTERPRISES LTD,H
FINKURVE,EQ,FINKURVE FINANCIAL SERV L,H
GATECH,EQ,GACM TECHNOLOGIES LIMITED,H
GCHOTELS,ST,GRAND CONTINENT HOTELS L,H
GKENERGY,EQ,GK ENERGY LIMITED,H
GMBREW,EQ,G M BREWERIES LTD,H
GOENKA,BZ,GOENKA DIAMOND&JEWELS LTD,H
GPECO,ST,GP ECO SOLUTIONS INDIA L,H
HDFCSILVER,EQ,HDFCAMC - HDFCSILVER,H
HYBRIDFIN,EQ,HYBRID FINANCIAL SERVICE,H
IMPEXFERRO,BZ,IMPEX FERRO TECH LIMITED,H
INDOTHAI,EQ,INDO THAI SEC LTD,H
INTENTECH,BE,INTENSE TECHNOLOGIES LTD,H
JINDALPHOT,EQ,JINDAL PHOTO LIMITED,H
JPASSOCIAT,BE,JAIPRAKASH ASSOCIATES LTD,H
JPOLYINVST,EQ,JIND POL INV & FIN CO LTD,H
KARMAENG,BE,KARMA ENERGY LIMITED,H
KCEIL,SM,KAY CEE ENERGY & INFRA L,H
KLL,SM,KAUSHALYA LOGISTICS LTD,H
LAKPRE,BZ,LAKSHMI PRE SCRE LTD,H
MAANALU,EQ,MAAN ALUMINIUM LIMITED,H
MAFANG,EQ,MIRAEAMC - MAFANG,H
MANAV,SM,MANAV INFRA PROJECTS LTD,H
MASPTOP50,EQ,MIRAEAMC - MASPTOP50,H
MEP,BZ,MEP INFRA. DEVELOPERS LTD,H
MONQ50,EQ,MOTILALAMC - MONQ50,H
MTEDUCARE,BE,MT EDUCARE LTD,H
MUNISH,ST,MUNISH FORGE LIMITED,H
NACLIND,BE,NACL INDUSTRIES LIMITED,H
NAGREEKCAP,EQ,NAGREEKA CAP & INFR.LTD,H
NAGREEKEXP,EQ,NAGREEKA EXPORTS LTD.,H
NIKITA,SM,NIKITA PAPERS LIMITED,H
NILASPACES,BE,NILA SPACES LIMITED,H
NIRMAN,SM,NIRMAN AGRI GENTICS LTD,H
NOIDATOLL,BE,NOIDA TOLL BRIDGE CO LTD,H
OMFREIGHT,BE,OM FREIGHT FORWARDERS LTD,H
OSELDEVICE,ST,OSEL DEVICES LIMITED,H
PALREDTEC,EQ,PALRED TECHNOLOGIES LTD,H
PARSVNATH,BE,PARSVNATH DEVELOPER LTD,H
PPSL,ST,PICTUREPOST STUDIOS LTD,H
PRAENG,BE,PRAJAY ENG. SYN. LTD.,H
PRAXIS,BE,PRAXIS HOME RETAIL LTD,H
QVCEL,SM,QVC EXPORTS LIMITED,H
REFRACTORY,SM,REFRACTORY SHAPES LIMITED,H
SAATVIKGL,EQ,SAATVIK GREEN ENERGY LTD,H
SANWARIA,BZ,SANWARIA CONSUMER LIMITED,H
SBISILVER,EQ,SBIAMC - SBISILVER,H
SEJALLTD,EQ,SEJAL GLASS LIMITED,H
SETUINFRA,BZ,SETUBANDHAN INFRA LTD,H
SGBDEC25,GB,2.50%GOLDBONDS 2025 SR-X,H
SGBFEB28IX,GB,2.50%GOLDBONDS2028SR-IX,H
SHANTI,EQ,SHANTI OVERSEAS INDIA LTD,H
SHREEJISPG,EQ,SHREEJI SHIPPING GLOBAL L,H
SITINET,BZ,SITI NETWORKS LIMITED,H
SKMEGGPROD,BE,SKM EGG PROD-ROLL SETT,H
SOMATEX,BE,SOMA TEXTILEI NDUSTRIES L,H
SOTAC,SM,SOTAC PHARMACEUTICALS LTD,H
SPCENET,EQ,SPACENET ENTERS IND LTD,H
SUBAHOTELS,ST,SUBA HOTELS LIMITED,H
SUPREMEINF,BZ,SUPREME INFRA. LTD,H
TAC,ST,TAC INFOSEC LIMITED,H
TAKE,EQ,TAKE SOLUTIONS LTD,H
TARAPUR,EQ,TARAPUR TRANSFORMERS LTD,H
TATSILV,EQ,TATAAML-TATSILV,H
TECHERA,SM,TECHERA ENGINEER (IND) L,H
TECHLABS,SM,TRIDENT TECHLABS LIMITED,H
TIJARIA,EQ,TIJARIA POLYPIPES LTD,H
TRU,EQ,TRUCAP FINANCE LIMITED,H
UEL,BE,UJAAS ENERGY LIMITED,H
UNITECH,EQ,UNITECH LTD,H
UNITEDPOLY,BE,UNITED POLYFAB GUJ. LTD.,H
VCL,EQ,VAXTEX COTFAB LIMITED,H
VELS,SM,VELS FILM INTERNATIONAL L,H
VIJAYPD,ST,VIJAYPD CEUTICAL LIMITED,H
VISASTEEL,EQ,VISA STEEL LIMITED,H
VIVO,SM,VIVO COLLAB SOLUTIONS LTD,H
WAAREEINDO,BE,INDOSOLAR LIMITED,H
WALPAR,SM,WALPAR NUTRITIONS LIMITED,H
ZENITHSTL,EQ,ZENITH STEEL PIP IND LTD,H
1035UCL26,NA,SEC RE NCD 10.35% SR III,L
AAATECH,BE,AAA TECHNOLOGIES LIMITED,L
ADVANCE,BE,ADVANCE AGROLIFE LIMITED,L
AKI,BE,AKI INDIA LIMITED,L
ALPSINDUS,BE,ALPS INDUSTRIES LTD.,L
ARSHIYA,BZ,ARSHIYA LIMITED,L
ASPIRE,SM,ASPIRE & INNOVATIVE ADV L,L
ATLANTAA,BE,ATLANTAA LIMITED,L
BAGDIGITAL,ST,B.A.G.CONVERGENCE LIMITED,L
BMWVENTLTD,BE,BMW VENTURES LIMITED,L
CADSYS,SM,CADSYS (INDIA) LIMITED,L
CMRSL,SM,CYBER MEDIA RES & SER LTD,L
COMPINFO,BZ,COMPUAGE INFOCOM LTD,L
COOLCAP-RE,ST,COOL CAPS INDUSTRIES LTD,L
CYBERTECH,BE,CYBERTECH SYSTEMS & SOFTW,L
FEL,BZ,FUTURE ENTERPRISES LTD,L
FLYSBS,ST,FLYSBS AVIATION LIMITED,L
FMNL,EQ,FUTURE MKT NETWORKS LTD,L
GATECH,EQ,GACM TECHNOLOGIES LIMITED,L
GATECHDVR,BE,GACM TECHNOLOGIES LIMITED,L
GAYAHWS,BE,GAYATRI HIGHWAYS LIMITED,L
GML,SM,GALAXY MEDICARE LIMITED,L
GREENLEAF,ST,GREENLEAF ENVIROTECH LTD,L
GURUNANAK,ST,GURUNANAK AGRICULTUR IN L,L
GVPTECHPP,E1,GVPTECH RE.1 PPD UP,L
HPTL,SM,HP TELECOM INDIA LIMITED,L
IDEALTECHO,ST,IDEAL TECHNOPLAST IND LTD,L
IMPEXFERRO,BZ,IMPEX FERRO TECH LIMITED,L
INFLUX,ST,INFLUX HEALTHTECH LIMITED,L
INFOMEDIA,BE,INFOMEDIA PRESS LIMITED,L
ITTL,ST,INNOVATIVE TYRE & TUBE LT,L
IZMO,BE,IZMO LIMITED,L
JALAN,SM,JALAN TRANSOLU. INDIA LTD,L
KANDARP,ST,KANDARP DG SMART BPO LTD,L
KAVDEFENCE,BE,KAVVERI DFS & WIR TEC LTD,L
KCK,ST,KCK INDUSTRIES LTD,L
MADHAVBAUG,ST,VAIDYA SANE AYUR LAB LTD,L
MCLEODRUSS,EQ,MCLEOD RUSSEL INDIA LTD.,L
MCON,SM,MCON RASAYAN INDIA LTD,L
MEGAFLEX,SM,MEGA FLEX PLASTICS LTD,L
MGSL,ST,MATRIX GEO SOLUTIONS LTD,L
MONOPHARMA,SM,MONO PHARMACARE LIMITED,L
MORARJEE,BZ,MORARJEE TEXTILES LIMITED,L
MPEL,ST,MANAS POLYMER N ENERGIE L,L
NIBE,EQ,NIBE LIMITED,L
NIRAJ,EQ,NIRAJ CEMENT STRUC LTD,L
OMKARCHEM,BZ,OMKAR SPL CHEM LTD,L
ORTINGLOBE,BE,ORTIN GLOBAL LIMITED,L
PRIMECAB,ST,PRIME CABLE INDUSTRIES L,L
PURVFLEXI,ST,PURV FLEXIPACK LIMITED,L
RAJRILTD,BE,RAJ RAYON INDUSTRIES LTD,L
RISHABH,BE,RISHABH INSTRUMENTS LTD,L
SAIFL,SM,SAMEERA AGRO AND INFRA L,L
SATIPOLY,SM,SATI POLY PLAST LIMITED,L
SETUINFRA,BZ,SETUBANDHAN INFRA LTD,L
SHANKARA,EQ,SHANKARA BLDG PRODUCT LTD,L
SHEEL,ST,SHEEL BIOTECH LIMITED,L
SIDDHICOTS,ST,SIDDHI COTSPIN LIMITED,L
SILKFLEX,SM,SILKFLEX POLYMERS INDIA L,L
SOLEX,EQ,SOLEX ENERGY LIMITED,L
SUMEETINDS,EQ,SUMEET IND LIMITED,L
SYNOPTICS,SM,SYNOPTICS TECHNOLOGIES L,L
TAURIAN,ST,TAURIAN MPS LIMITED,L
TECHD,SM,TECHD CYBERSECURITY LTD,L
THESL,SM,THINKING HATS ENTER SOL L,L
TNTELE,EQ,TAMILNADU TELECOMMUNICATI,L
VILINBIO,SM,VILIN BIO MED LIMITED,L
VITAL,SM,VITAL CHEMTECH LIMITED,L
VSCL,SM,VADIVARHE SPCLTY CHEM LTD,L
WINSOME,BZ,WINSOME YARNS LIMITED,L
YUDIZ,SM,YUDIZ SOLUTIONS LIMITED,L
