SECURITY,NEW,PREVIOUS,NEW_STATUS
FORTIS HEALTHCARE LTD,1072.55,1060.1,H
2.5%GOLDBONDS2028SR-III,13391,13236.99,H
2.50%GOLDBONDS2026SR-XIV,13500,13200,H
2.50%GOLDBONDS2029SR-IV,13444,13250,H
2.50%GOLDBONDS2029SR-XI,13800,13393.45,H
ZOTA HEALTH CARE LIMITED,1577,1555,H
MIRAEAMC - MAGOLDETF,119.89,119.4,H
GOI TBILL 364D-16/10/25,99.5,99.49,H
2.50%GOLDBONDS2030SR-III,15174.94,15068.75,H
360ONEAMC - GOLD360,139.9,137.25,H
2.50%GOLDBONDS 2025 SR-XI,13500,12800,H
BOND 8.46% TAX FREE S2A,1200,1199,H
AXISCADES TECH LTD,1733.8,1508.6,H
AEL 9.15% 2028 SR IV,1019,1017.69,H
AARADHYA DISPOSAL INDUS L,174.9,173,H
GRAND CONTINENT HOTELS L,211.65,202.9,H
BIRLASLAMC - SILVER,173.26,163.15,H
2.5%GOLDBONDS2028SR-VIII,14549,14300,H
2.50%GOLDBONDS2026SR-I,14499,13579.5,H
2.50%GOLDBONDS2028SR-VI,14000,13499.99,H
2.50%GOLDBONDS2029SR-XII,13434.8,13250,H
2.50%GOLDBONDS2026SR-III,13840,13185.53,H
PARIN ENTERPRISES LIMITED,551,410.95,H
TATAAML-TATSILV,17.05,15.42,H
AUTHUM INVEST & INFRA LTD,3298,3295,H
2.50%GOLDBONDS2031SR-I,14908.49,14799,H
EDELAMC - EGOLD,123.15,122.7,H
BLACKBUCK LIMITED,688.8,669.9,H
2.50% GOLDBONDS2025SR-VII,13300,12350,H
GROWWAMC - GROWWSLVR,172.86,158,H
GOI TBILL 364D-03/09/26,95,94.1,H
SEC RE NCD SR.IV,1210.38,1195,H
ASL INDUSTRIES LIMITED,67.6,66.3,H
VIJAYPD CEUTICAL LIMITED,39.5,37.65,H
V2 RETAIL LIMITED,2465,2384.9,H
INDIGRID INFRASTRUCT TRST,173.79,172.05,H
SUNDARAM FINANCE HOLD LTD,675,660,H
2.5%GOLDBONDS2029SR-II,13579.8,13250,H
2.5%GOLDBONDS2029SR-III,13650,13284,H
2.50%GOLDBONDS2027SR-V,13210,13150,H
2.50%GOLDBONDS2028SR-IV,13384.01,13218,H
2.50%GOLDBONDS2028SR-VII,13420,13300,H
2.50%GOLDBONDS2029SR-X,13420,13249.97,H
2.50%GOLDBONDS 2025 SR-X,13640,13190,H
GROWWAMC - GROWWGOLD,123.02,120.58,H
2.50%GOLDBONDS2030SR-II,14390,14300,H
SP REFRACTORIES LIMITED,158.2,156.3,H
SRM CONTRACTORS LIMITED,584.9,578.95,H
SEC RE NCD 8.50% SR 3,1069,1067,H
SEC RE NCD 9.30% SR.IV,1080.8,1079.8,H
SMARTWORKS COWORKING SP L,617.9,598.9,H
GOI TBILL 364D-15/01/26,98.29,98,H
JAIN RESOURCE RECYCLING L,356.6,346.7,H
SYSTEMATIX CORP SERVICE L,151.19,149,H
GK ENERGY LIMITED,192.34,186.59,H
SUBA HOTELS LIMITED,178.4,169.95,H
USHA MARTIN LTD.,485.9,481.9,H
GLOBE INTL CARRIERS LTD,172,169.95,H
2.5%GOLDBONDS2029SR-I,13485,13289.99,H
2.50%GOLDBONDS2026SR-II,13500,13324.98,H
2.50%GOLDBONDS2027SR-VI,13474.3,13229,H
2.50%GOLDBONDS2028SR-II,13430,13234.99,H
2.50%GOLDBONDS2028SR-V,13475,13289.98,H
SEJAL GLASS LIMITED,852.3,826.15,H
KOTAK GOLD ETF,102.99,102.65,H
BGR ENERGY SYSTEMS LTD,319.6,304.39,H
AXISAMC - AXISILVER,176,159.5,H
HDFC GOLD ETF,105.84,105.1,H
2.50%GOLDBONDS2031SR-II,15480,15030,H
M.V.K. AGRO FOOD PROD LTD,555.7,544.9,H
ARFIN INDIA LIMITED,50.9,50,H
NIKITA PAPERS LIMITED,136.95,133.3,H
LLOYD RE.0.50 PPD UP,48.5,47.73,H
JINDAL PHOTO LIMITED,1386.7,1265,H
V MARC INDIA LIMITED,523,513,H
2.5%GOLDBONDS2029SR-VI,13790,13362.97,H
2.50% GOLDBONDS2025SR-III,12600,12585,H
2.50%GOLDBONDS2027SR-II,13500,13000,H
NILA SPACES LIMITED,19.78,18.84,H
SBIAMC - SBISILVER,175.9,155.01,H
2.50%GOLDBONDS2031SR-III,15446.98,15094,H
MIRAEAMC - MASILVER,162.9,153,H
DIVINE POWER ENERGY LTD,270.1,258,H
SHRINGAR HOU OF MANGALS L,211.5,210.5,H
BLUESTONE JEWEL LFSTL LTD,793,728.8,H
TECHD CYBERSECURITY LTD,794,783.95,H
2.5%GOLDBONDS2029SR-VII,13690,13389,H
2.50%GOLDBONDS2028SR-I,13799,13650,H
2.50%GOLDBONDS2028SR-VIII,13435.86,13199.99,H
2.50%GOLDBONDS2029SR-V,13761.75,13500,H
STALLION IND FLUOROCHEM L,337.8,321.95,H
POLYSIL IRRIGATION SYST L,282.8,277.7,H
UTIAMC - SILVERETF,169.55,154.99,H
ARIHANT ACADEMY LIMITED,508,251.2,H
ICICIPRAMC - ICICISILVE,170,156.6,H
CHANDAN HEALTHCARE LTD,274.3,267,H
TRAVEL FOOD SERVICES LTD,1435,1401,H
MOTILALAMC - MOSILVER,164.55,154.86,H
GOI TBILL 182D-08/01/26,98.18,97.3,H
MATRIX GEO SOLUTIONS LTD,120,118.15,H
MUNISH FORGE LIMITED,115.75,110.25,H
MAHAMAYA STEEL INDS LTD,532.75,514,H
2.50%GOLDBONDS2027SR-III,13750,13700,H
2.50%GOLDBONDS2027SR-IV,13500,13380,H
2.50%GOLDBONDS2029SR-IX,13499.99,13265,H
2.50%GOLDBONDS2030SR-X,14000,13990,H
KOTAKMAMC - KOTAKSILVE,168,153.9,H
HDFCAMC - HDFCSILVER,172.21,151.5,H
EDELAMC - ESILVER,165.27,155.92,H
ZERODHAAMC - SILVERCASE,18.05,17,H
2.50%GOLDBONDS2027SR-I,13450,13299.95,H
2.50%GOLDBONDS2032SR-IV,16999,16990,H
SDL GA 7.73% 2033,100,98,H
AONEAMC - AONEGOLD,11.66,11.52,H
APMD 9.30% 2029 STRPP C,103259.36,103198.36,H
GOI LOAN  5.91% 2028,101.39,101,H
INDOSOLAR LIMITED,712.65,678.75,H
PRIME CABLE INDUSTRIES L,84,83.9,H
SAATVIK GREEN ENERGY LTD,551.7,506,H
GOI TBILL 182D-22/01/26,98.34,98.13,H
OM FREIGHT FORWARDERS LTD,89.84,85.57,H
AGS TRANSACT TECH LTD,4.79,4.57,H
INDIAN METALS & FERRO,1255,1197.05,H
2.50%GOLDBONDS2025SR-VIII,12900,12800,H
2.50%GOLDBONDS2028SR-IX,14663,13330,H
2.50%GOLDBONDS2030SR-IX,13900,13785,H
2.50%GOLDBONDS2025SR-XIII,13000,12780,H
NIPPONAMC - NETFSILVER,165,152.93,H
OMFURN INDIA LIMITED,140,138.5,H
ASTER DM HEALTHCARE LTD.,715,706,H
2.50%GOLDBONDS2030SR-I,14394,14298.98,H
DSPAMC - DSPSILVETF,163.96,150,H
COMMERCIAL SYN BAGS LTD,159,158.98,H
ISHAN DYES N CHEMICALS L,79.4,74.5,H
KALYANI FORGE LIMITED,849.65,811.55,H
ETERNAL LIMITED,347.5,343.9,H
CALSOFT RS.2.50 PPD UP,5.61,5.1,H
DHARAN INFRA-EPC LIMITED,0.54,0.53,H
VODAFONE IDEA LIMITED,9.1,8.6,H
GOI TBILL 182D-26/03/26,96.93,96.89,H
M AND B ENGINEERING LTD,364,370,L
SUNTECH INFRA SOLUTIONS L,48.05,49,L
SAAKSHI MEDTEC N PANELS L,167.75,169.15,L
3I INFOTECH LTD,1.26,1.56,L
MANAS POLYMER N ENERGIE L,136.35,138.9,L
SOLEX ENERGY LIMITED,1629.6,1652.45,L
EASY TRIP PLANNERS LTD,7.92,7.93,L
DSJ KEEP LEARNING LTD,2.46,2.55,L
ARUNAYA ORGANICS LIMITED,21.3,21.85,L
APMD 9.30% 2030 STRPP D,100605.21,100963,L
NECTAR LIFESCIENCES LTD.,14.01,14.11,L
ABCL 8.1% SR VI,1012.8,1025,L
SIDDHI COTSPIN LIMITED,54.55,57.4,L
RELIANCE HOME FINANCE LTD,3.6,3.7,L
3I INFOTECH LIMITED,19.05,19.5,L
DEV INFO TECHNOLOGY LTD,39.82,40,L
DUDIGITAL GLOBAL LIMITED,35.05,35.6,L
VEDANT FASHIONS LIMITED,674.4,680,L
INSPIRE FILMS LIMITED,15.25,16.25,L
PRESSTONIC ENGINEERING L,68.4,70.15,L
LAKSHYA POWERTECH LIMITED,111,120,L
PATEL RETAIL LIMITED,220.25,220.5,L
GANESH HOUSING LIMITED,810.5,829.5,L
GALAXY MEDICARE LIMITED,20.4,21.45,L
JFL LIFE SCIENCES LIMITED,11.85,12.3,L
SMVD POLY PACK LIMITED,5.65,5.9,L
ANUH PHARMA LIMITED,80.51,80.75,L
SPECTRUM ELECTRIC IND LTD,1256.2,1268.1,L
ATC ENERGIES SYSTEM LTD,45.5,46.5,L
SIGMA SOLVE LIMITED,51.7,350.15,L
CP CAPITAL LIMITED,122.1,122.97,L
GE POWER INDIA LIMITED,316.15,317,L
SEC RE NCD 9.80% SR.V,226,250,L
SDL MH 7.13% 2037,91,95,L
BAFNA PHARMACEUTICALS LTD,162.47,165.79,L
ECOLINE EXIM LIMITED,132,132.1,L
GOI TBILL 364D-09/07/26,95.51,95.86,L
BABA FOOD PROCESSING,34.55,35,L
ADDICTIVE LEARNING TECH L,135,140,L
BOHRA INDUSTRIES LIMITED,19.85,20.75,L
OLA ELECTRIC MOBILITY LTD,49.41,51,L
SWAN CORP LIMITED,434,438.25,L
TECHD CYBERSECURITY LTD,609.85,612,L
SNEHAA ORGANICS LIMITED,86,87.1,L
ADVANCE AGROLIFE LIMITED,102.88,108.3,L
SHIVALIK RASAYAN LIMITED,409.15,418,L
TIPS MUSIC LIMITED,542,551.3,L
VISHNU PRAKASH R PUNGLI L,88,89.2,L
FISCHER MEDICAL VENTURE L,91.53,96.52,L
ELLENBARRIE INDUS GASES L,432.95,433,L
SHREEJI SHIPPING GLOBAL L,222,222.07,L
SG MART LIMITED,338.45,350.5,L
SHIVASHRIT FOODS LIMITED,122.1,123.15,L
HDB FINANCIAL SERVICES L,728.3,732.7,L
TIGER LOGISTICS (INDIA) L,44.07,44.11,L
BMW VENTURES LIMITED,57.54,60.34,L
OPTIVALUE TEK CONSULT LTD,88.4,93,L
SHEEL BIOTECH LIMITED,90.8,91,L
B.A.G.CONVERGENCE LIMITED,100.75,101,L
GURUNANAK AGRICULTUR IN L,44.15,46.45,L
SHANKARA BLDG PRODUCT LTD,137.45,214,L
ROTO PUMPS LIMITED,73.2,75,L
R K SWAMY LIMITED,140.05,140.1,L
MCON RASAYAN INDIA LTD,55.1,57.5,L
PATTECH FITWELL TUB COM L,111.2,113.45,L
URBAN COMPANY LIMITED,159.76,161.37,L
VALIANT ORGANICS LIMITED,315,318,L
8.76% TAX FREETRI SR2B,1079.9,1080,L
GANGA BATH FITTINGS LTD,24.3,24.75,L
REFRACTORY SHAPES LIMITED,39,40.05,L
COOL CAPS INDUSTRIES LTD,2.8,3.1,L
CLEAN SCIENCE & TECH LTD,1035.7,1049.1,L
AXITA COTTON LIMITED,8.41,8.5,L
INTEGRA ESSENTIA LIMITED,1.69,1.7,L
MANGAL ELECTRICAL IND L,439.95,446,L
SATTVA ENGINEERING CSTN L,82,90,L

