SYMBOL,SERIES,SECURITY,HIGH/LOW
ABINFRA,EQ,A B INFRABUILD LIMITED,H
ABMINTLLTD,BE,ABM INTERNATIONAL LTD,H
ADVANCE,EQ,ADVANCE AGROLIFE LIMITED,H
ALPSINDUS,BE,ALPS INDUSTRIES LTD.,H
ANONDITA,ST,ANONDITA MEDICARE LIMITED,H
ANSALAPI,BZ,ANSAL PROP & INFRA LTD,H
ARROWGREEN,EQ,ARROW GREENTECH LIMITED,H
ARTNIRMAN,EQ,ART NIRMAN LIMITED,H
ARVINDPORT,SM,ARVIND PORT AND INFRA LTD,H
ASHOKLEY,T0,ASHOK LEYLAND LTD,H
BGRENERGY,BE,BGR ENERGY SYSTEMS LTD,H
BIRDYS,ST,GRILL SPLENDOUR SER LTD,H
C2C,ST,C2C ADVANCED SYSTEMS LTD,H
CBAZAAR,SM,NET AVENUE TECHNOLOGIES L,H
COMPINFO,BZ,COMPUAGE INFOCOM LTD,H
CPS,SM,C P S SHAPERS LIMITED,H
CTE,EQ,CAMBRIDGE TECH ENTER LTD,H
DUCON,EQ,DUCON INFRATECHNOLOGIES L,H
FEL,BZ,FUTURE ENTERPRISES LTD,H
FLFL,BZ,FUT LIFESTYLE FASH LTD,H
FMNL,EQ,FUTURE MKT NETWORKS LTD,H
FSC,BZ,FUTURE SUPP CHAIN SOL LTD,H
GATECHDVR,EQ,GACM TECHNOLOGIES LIMITED,H
GLFL,EQ,GUJARAT LEASE FINANCING L,H
GOENKA,BZ,GOENKA DIAMOND&JEWELS LTD,H
GSTL,SM,GLOBESECURE TECHNO LTD,H
GTECJAINX,EQ,G-TEC JAINX EDUCATION LTD,H
GUJRAFFIA,BE,GUJARAT RAFFIA INDUST LTD,H
GVKPIL,BE,GVK POW. & INFRA LTD.,H
HNGSNGBEES,EQ,NIP IND ETF HANGSENG BEES,H
HOMESFY,SM,HOMESFY REALTY LIMITED,H
HTMEDIA,BE,HT MEDIA LIMITED,H
IMPEXFERRO,BZ,IMPEX FERRO TECH LIMITED,H
INTENTECH,BE,INTENSE TECHNOLOGIES LTD,H
ISHAN,SM,ISHAN INTERNATIONAL LTD,H
ITTL,ST,INNOVATIVE TYRE & TUBE LT,H
IWARE,ST,IWARE SUPPLYCHAIN SER LTD,H
JAYNECOIND,EQ,JAYASWAL NECO INDUSTR LTD,H
KAVDEFENCE,BE,KAVVERI DFS & WIR TEC LTD,H
MAANALU,EQ,MAAN ALUMINIUM LIMITED,H
MADHAVBAUG,ST,VAIDYA SANE AYUR LAB LTD,H
MAFANG,EQ,MIRAEAMC - MAFANG,H
MAHKTECH,EQ,MIRAEAMC - MAHKTECH,H
MASPTOP50,EQ,MIRAEAMC - MASPTOP50,H
MCON,SM,MCON RASAYAN INDIA LTD,H
MEGASOFT,EQ,MEGASOFT LTD,H
MEP,BZ,MEP INFRA. DEVELOPERS LTD,H
MORARJEE,BZ,MORARJEE TEXTILES LIMITED,H
MOXSH,SM,MOXSH OVERSEAS EDUCON LTD,H
MYMUDRA,ST,MY MUDRA FINCORP LIMITED,H
NORBTEAEXP,BE,NORBEN TEA &EXPORTS LTD,H
ORCHASP,BE,ORCHASP LIMITED,H
OSWALSEEDS,BE,SHREEOSWAL S AND CHE LTD,H
PATTECH,ST,PATTECH FITWELL TUB COM L,H
PERFECT,SZ,PERFECT INFRAENGINEER LTD,H
PRECISION,SM,PRECISION METALIKS LTD,H
PREMIER,BE,PREMIER LIMITED,H
PROZONER,BE,PROZONE REALTY LIMITED,H
PRUDMOULI,EQ,PRUDENTIAL SUGAR CORPORAT,H
PVP,BE,PVP VENTURES LIMITED,H
RAJRILTD,BE,RAJ RAYON INDUSTRIES LTD,H
REFRACTORY,SM,REFRACTORY SHAPES LIMITED,H
RICHA,SM,RICHA INFO SYSTEMS LTD,H
SADBHIN,BE,SADBHAV INFRA PROJ LTD.,H
SANWARIA,BZ,SANWARIA CONSUMER LIMITED,H
SCML,SM,SHARP CHUCKS N MACHINES L,H
SEJALLTD,EQ,SEJAL GLASS LIMITED,H
SETUINFRA,BZ,SETUBANDHAN INFRA LTD,H
SIDDHICOTS,SM,SIDDHI COTSPIN LIMITED,H
SIKKO,EQ,SIKKO INDUSTRIES LIMITED,H
SILKFLEX,SM,SILKFLEX POLYMERS INDIA L,H
SITINET,BZ,SITI NETWORKS LIMITED,H
SLONE,SM,SLONE INFOSYSTEMS LIMITED,H
SOMATEX,BE,SOMA TEXTILEI NDUSTRIES L,H
SRPL,BZ,SHREE RAM PROTEINS LTD.,H
TAC,ST,TAC INFOSEC LIMITED,H
TAKE,BE,TAKE SOLUTIONS LTD,H
TANKUP,ST,TANKUP ENGINEERS LIMITED,H
TRANSWIND,SM,TRANSWIND INFRA LIMITED,H
UTKAR-RE,BE,UTKARSH SMALL FIN BANK L,H
UTKARSHBNK,EQ,UTKARSH SMALL FIN BANK L,H
VERITAAS,SM,VERITAAS ADVERTISING LTD,H
WINSOME,BZ,WINSOME YARNS LIMITED,H
21STCENMGM,EQ,21ST CENTURY MGMT SERVICE,L
772GS2055,GS,GOI LOAN 7.72% 2055,L
AAATECH,BE,AAA TECHNOLOGIES LIMITED,L
ABMINTLLTD,BE,ABM INTERNATIONAL LTD,L
ANKITMETAL,BZ,ANKIT MET & POW LTD,L
ATLANTAA,BE,ATLANTAA LIMITED,L
BALAJIPHOS,ST,BALAJI PHOSPHATES LIMITED,L
BGRENERGY,BE,BGR ENERGY SYSTEMS LTD,L
CAPTRUST,EQ,CAPITAL TRUST LIMITED,L
CBAZAAR,SM,NET AVENUE TECHNOLOGIES L,L
CEREBRAINT,BZ,CEREBRA INT TECH LTD,L
CYBERPP,X1,CYBERMEDIA RS.5 PPD UP,L
DHARAN,BZ,DHARAN INFRA-EPC LIMITED,L
DIVYADHAN,SM,DIVYADHAN RECYCLING IND L,L
DRSDILIP,SM,DRS DILIP ROADLINES LTD.,L
EMAMIREAL,EQ,EMAMI REALTY LIMITED,L
ESCONET,SM,ESCONET TECHNOLOGIES LTD,L
ESFL,SM,ESSEN SPECIALITY FILMS L,L
FEL,BZ,FUTURE ENTERPRISES LTD,L
FELDVR,BZ,FUTURE ENTERPRISES LTD,L
GAYAHWS,BE,GAYATRI HIGHWAYS LIMITED,L
GIRIRAJ,SM,GIRIRAJ CIVIL DEVP LTD,L
GKENERGY,EQ,GK ENERGY LIMITED,L
GSTL,SM,GLOBESECURE TECHNO LTD,L
HYBRIDFIN,BE,HYBRID FINANCIAL SERVICE,L
IEML-RE,ST,INDIAN EMULSIFERS LTD,L
INDOTHAI,BE,INDO THAI SEC LTD,L
INFOMEDIA,BE,INFOMEDIA PRESS LIMITED,L
INNOMET,SM,INNOMET ADVANCED MATERI L,L
ITTL,ST,INNOVATIVE TYRE & TUBE LT,L
IZMO,BE,IZMO LIMITED,L
K2INFRA,SM,K2 INFRAGEN LIMITED,L
KAVDEFENCE,BE,KAVVERI DFS & WIR TEC LTD,L
KCEIL,SM,KAY CEE ENERGY & INFRA L,L
KONSTELEC,SM,KONSTELEC ENGINEERS LTD,L
LAKPRE,BZ,LAKSHMI PRE SCRE LTD,L
LCCINFOTEC,EQ,LCC INFOTECH LTD,L
LOYALTEX,EQ,LOYAL TEXTILE MILLS LTD,L
MASKINVEST,BE,MASK INVESTMENTS LIMITED,L
MPTODAY,SM,M P TODAY MEDIA LIMITED,L
NAGREEKCAP,BE,NAGREEKA CAP & INFR.LTD,L
NIRMAN,SM,NIRMAN AGRI GENTICS LTD,L
ORCHASP,BE,ORCHASP LIMITED,L
ORTEL,BZ,ORTEL COMMUNICATIONS LTD,L
PERFECT,SZ,PERFECT INFRAENGINEER LTD,L
PIGL,BE,POWER INSTRUMENT (G) LTD,L
PRAXIS,BE,PRAXIS HOME RETAIL LTD,L
QVCEL,SM,QVC EXPORTS LIMITED,L
RELIABLE,BE,RELIABLE DATA SERVICE LTD,L
SADHNANIQ,BE,SADHANA NITROCHEM LIMITED,L
SANWARIA,BZ,SANWARIA CONSUMER LIMITED,L
SELMC,EQ,SEL MANUFACTURING CO LTD,L
SIKKO,EQ,SIKKO INDUSTRIES LIMITED,L
SITINET,BZ,SITI NETWORKS LIMITED,L
STALLION,BE,STALLION IND FLUOROCHEM L,L
SUMEETINDS,BE,SUMEET IND LIMITED,L
TAKE,BE,TAKE SOLUTIONS LTD,L
TARAPUR,BE,TARAPUR TRANSFORMERS LTD,L
TAURIAN,ST,TAURIAN MPS LIMITED,L
TRUST,ST,TRUST FINTECH LIMITED,L
UTKAR-RE,BE,UTKARSH SMALL FIN BANK L,L
VISASTEEL,BE,VISA STEEL LIMITED,L
WEWIN,BE,WE WIN LIMITED,L
WINSOME,BZ,WINSOME YARNS LIMITED,L
