SERIES,SYMBOL,SECURITY,RECORD_DT,BC_STRT_DT,BC_END_DT,EX_DT,ND_STRT_DT,ND_END_DT,PURPOSE
BE,GLENMARK,Glenmark Pharma Ltd,03/10/2025, , ,03/10/2025, , ,INTDIV - RS 2.50 PER SH  
BE,CYBERTECH,Cybertech Systems & Softw,06/10/2025, , ,06/10/2025, , ,SPLDIV - RS 20 PER SH    
BE,SHILPAMED,Shilpa Medicare Ltd,03/10/2025, , ,03/10/2025, , ,BONUS 1:1                
BE,GOKULAGRO,Gokul Agro Resources Ltd,14/10/2025, , ,14/10/2025, , ,FVSPLT FRM RS 2 TO RE 1  
BE,FCL,Fineotex Chemical Limited,03/10/2025, , ,03/10/2025, , ,INTDIV - RE 0.80 PER SH  
BE,AGIIL,Agi Infra Limited,10/10/2025, , ,10/10/2025, , ,FVSPLT FRM RS 5 TO RE 1  
BE,TATAINVEST,Tata Inv. Corpn Ltd.,14/10/2025, , ,14/10/2025, , ,FVSPLT FRM RS 10 TO RE 1 
BE,SUMEETINDS,Sumeet Ind Limited,03/10/2025, , ,03/10/2025, , ,FVSPLT FRM RS 10 TO RS 2 
BE,SIGMA,Sigma Solve Limited,06/10/2025, , ,06/10/2025, , ,FVSPLT FRM RS 10 TO RE 1 
BO,SIGMA,Sigma Solve Limited,06/10/2025, , ,06/10/2025, , ,FVSPLT FRM RS 10 TO RE 1 
EQ,CYBERTECH,Cybertech Systems & Softw,06/10/2025, , ,06/10/2025, , ,SPLDIV - RS 20 PER SH    
EQ,GOKULAGRO,Gokul Agro Resources Ltd,14/10/2025, , ,14/10/2025, , ,FVSPLT FRM RS 2 TO RE 1  
EQ,AGIIL,Agi Infra Limited,10/10/2025, , ,10/10/2025, , ,FVSPLT FRM RS 5 TO RE 1  
EQ,SHILPAMED,Shilpa Medicare Ltd,03/10/2025, , ,03/10/2025, , ,BONUS 1:1                
EQ,SUMEETINDS,Sumeet Ind Limited,03/10/2025, , ,03/10/2025, , ,FVSPLT FRM RS 10 TO RS 2 
EQ,GLENMARK,Glenmark Pharma Ltd,03/10/2025, , ,03/10/2025, , ,INTDIV - RS 2.50 PER SH  
EQ,FCL,Fineotex Chemical Limited,03/10/2025, , ,03/10/2025, , ,INTDIV - RE 0.80 PER SH  
EQ,TATAINVEST,Tata Inv. Corpn Ltd.,14/10/2025, , ,14/10/2025, , ,FVSPLT FRM RS 10 TO RE 1 
EQ,SIGMA,Sigma Solve Limited,06/10/2025, , ,06/10/2025, , ,FVSPLT FRM RS 10 TO RE 1 
GB,SGBOCT25IV,2.50% GOLDBONDS2025SR-IV,18/10/2025, , , , , ,REDEMPTION               
GB,SGBOCT25,2.50% GOLDBONDS2025SR-III,14/10/2025, , , , , ,REDEMPTION               
GB,SGBOCT25V,2.50% GOLDBONDS2025SR-V,28/10/2025, , , , , ,REDEMPTION               
GS,GS101025C,GOI STRIPS C 101025,08/10/2025, , , , , ,REDEMPTION               
GS,GS261025C,GOI STRIPS C 261025,20/10/2025, , , , , ,REDEMPTION               
N0,757LICH29,LICH 7.57% 2029 Sr 447,03/10/2025, , ,03/10/2025, , ,INTEREST PAYMENT         
N0,744SIDBI28,SIDBI 7.44% 2028 Sr IV,09/10/2025, , ,09/10/2025, , ,INTEREST PAYMENT         
N0,PCHFL23125,3M OIS Spread 2.08 BPS,08/10/2025, , ,08/10/2025, , ,INTEREST PAYMENT         
N0,PCHF230125,3M OIS Spread 2.33 BPS,08/10/2025, , ,08/10/2025, , ,INTEREST PAYMENT         
N0,950ISF27C,ISF 9.50% 2027,08/10/2025, , ,08/10/2025, , ,INTEREST PAYMENT         
N0,7875NIIF30,NIIF 7.875% 30 Sr PP 03,08/10/2025, , ,08/10/2025, , ,INTEREST PAYMENT         
N0,111ESFB31,ESFB 11.1% 2031 Sr 1,01/10/2025, , ,01/10/2025, , ,INTEREST PAYMENT         
N0,975ISF28,ISF 9.75% NCD 2028,01/10/2025, , ,01/10/2025, , ,INTEREST PAYMENT         
N0,87IHFL25,IHFL 8.7% 2025 Sr G1,03/10/2025, , , , , ,INT PAYMENT/REDEMPTION   
N0,950ISF27B,ISF 9.50% 2027,04/10/2025, , ,03/10/2025, , ,INT PAYMNT/PART REDMPTN  
N0,950ISF27A,ISF 9.50% 2027,07/10/2025, , ,07/10/2025, , ,INTEREST PAYMENT         
N0,774LICH27,LICH 7.74% 2027 Sr 448,07/10/2025, , ,07/10/2025, , ,INTEREST PAYMENT         
N1,735PFCL35,7.35% Tax Free NCD,01/10/2025, , ,01/10/2025, , ,INTEREST PAYMENT         
N3,760PFCL35,7.60% Tax Free NCD,01/10/2025, , ,01/10/2025, , ,INTEREST PAYMENT         
N5,1025NFL25,Sec Re NCD 10.25% Sr.II,03/10/2025, , , , , ,INT PAYMENT/REDEMPTION   
N6,1075NFL25,Sec Re NCD 10.75% Sr.III,03/10/2025, , , , , ,INT PAYMENT/REDEMPTION   
N7,1050NFL26,Sec Re NCD 10.50% Sr.IV,03/10/2025, , ,03/10/2025, , ,INTEREST PAYMENT         
NB,851HUDCO28,8.51% Tax FreeTrI Sr2A,03/10/2025, , ,03/10/2025, , ,INTEREST PAYMENT         
NB,885AEL28,AEL 8.85% 2028 Sr III,01/10/2025, , ,01/10/2025, , ,INTEREST PAYMENT         
ND,876HUDCO28,8.76% Tax FreeTrI Sr2B,03/10/2025, , ,03/10/2025, , ,INTEREST PAYMENT         
NE,9AEL30,AEL 9% 2030 Sr VI,01/10/2025, , ,01/10/2025, , ,INTEREST PAYMENT         
SG,747GJ25,SDL GJ 7.47% 2025,23/10/2025, , , , , ,REDEMPTION               
SG,763ML25,SDL ML 7.63% 2025,23/10/2025, , , , , ,REDEMPTION               
SG,538CG25,SDL CG 5.38% 2025,24/10/2025, , , , , ,REDEMPTION               
SG,604AS25,SDL AS 6.04% 2025,04/10/2025, , , , , ,REDEMPTION               
SG,594CG25,SDL CG 5.94% 2025,04/10/2025, , , , , ,REDEMPTION               
SM,MOS,Mos Utility Limited,14/10/2025, , ,14/10/2025, , ,BONUS 1:1                
SM,GICL,Globe Intl Carriers Ltd,15/10/2025, , ,15/10/2025, , ,FVSPLT FRM RS 10 TO RS 5 
SM,USASEEDS,Upsurge Seeds of Agri Ltd,10/10/2025, , ,10/10/2025, , ,BONUS 3:7                
SQ,MOS,Mos Utility Limited,14/10/2025, , ,14/10/2025, , ,BONUS 1:1                
SQ,GICL,Globe Intl Carriers Ltd,15/10/2025, , ,15/10/2025, , ,FVSPLT FRM RS 10 TO RS 5 
SQ,USASEEDS,Upsurge Seeds of Agri Ltd,10/10/2025, , ,10/10/2025, , ,BONUS 3:7                
ST,GICL,Globe Intl Carriers Ltd,15/10/2025, , ,15/10/2025, , ,FVSPLT FRM RS 10 TO RS 5 
ST,MOS,Mos Utility Limited,14/10/2025, , ,14/10/2025, , ,BONUS 1:1                
ST,USASEEDS,Upsurge Seeds of Agri Ltd,10/10/2025, , ,10/10/2025, , ,BONUS 3:7                
U1,735PFCL35,7.35% Tax Free NCD,01/10/2025, , ,01/10/2025, , ,INTEREST PAYMENT         
U3,760PFCL35,7.60% Tax Free NCD,01/10/2025, , ,01/10/2025, , ,INTEREST PAYMENT         
U5,1025NFL25,Sec Re NCD 10.25% Sr.II,03/10/2025, , , , , ,INT PAYMENT/REDEMPTION   
U6,1075NFL25,Sec Re NCD 10.75% Sr.III,03/10/2025, , , , , ,INT PAYMENT/REDEMPTION   
U7,1050NFL26,Sec Re NCD 10.50% Sr.IV,03/10/2025, , ,03/10/2025, , ,INTEREST PAYMENT         
UB,851HUDCO28,8.51% Tax FreeTrI Sr2A,03/10/2025, , ,03/10/2025, , ,INTEREST PAYMENT         
UB,885AEL28,AEL 8.85% 2028 Sr III,01/10/2025, , ,01/10/2025, , ,INTEREST PAYMENT         
UD,876HUDCO28,8.76% Tax FreeTrI Sr2B,03/10/2025, , ,03/10/2025, , ,INTEREST PAYMENT         
UE,9AEL30,AEL 9% 2030 Sr VI,01/10/2025, , ,01/10/2025, , ,INTEREST PAYMENT         

