SYMBOL,SERIES,SECURITY,HIGH/LOW,INDEX FLAG
AAATECH,EQ,AAA TECHNOLOGIES LIMITED,H
ABHAPOWER,ST,ABHA POWER N STEEL LTD,H
ABINFRA,EQ,A B INFRABUILD LIMITED,H
ABMINTLLTD,BE,ABM INTERNATIONAL LTD,H
ALPSINDUS,BE,ALPS INDUSTRIES LTD.,H
ANIKINDS,EQ,ANIK INDUSTRIES LTD,H
ANSALAPI,BZ,ANSAL PROP & INFRA LTD,H
ARSHIYA,BZ,ARSHIYA LIMITED,H
ASTRON,EQ,ASTRON PAPER BORD MIL LTD,H
ATLANTAA,EQ,ATLANTAA LIMITED,H
ATLANTAELE,EQ,ATLANTA ELECTRICALS LTD,H
ATLASCYCLE,EQ,ATLAS CYCLE (HARYANA) LTD,H
BGRENERGY,BE,BGR ENERGY SYSTEMS LTD,H
BHARATGEAR,BE,BHARAT GEARS LTD,H
BHARATSE,EQ,BHARAT SEATS LIMITED,H
BIRDYS,ST,GRILL SPLENDOUR SER LTD,H
BLUECOAST,BE,BLUE COAST HOTELS LIMITED,H
BLUEJET,EQ,BLUE JET HEALTHCARE LTD,H
BSLGOLDETF,EQ,ADITYBIRLA SL GOLD ETF-GR,H
CALSOFTPP,X1,CALSOFT RS.2.50 PPD UP,H
CBAZAAR,SM,NET AVENUE TECHNOLOGIES L,H
CEREBRAINT,BZ,CEREBRA INT TECH LTD,H
COMPINFO,BZ,COMPUAGE INFOCOM LTD,H
CONTI,SM,CONTINENTAL SEED CHEM LTD,H
CTE,EQ,CAMBRIDGE TECH ENTER LTD,H
DENEERS,SM,DE NEERS TOOLS LIMITED,H
DHTL,ST,DOCMODE HEALTH TECH LTD,H
DIVINEHIRA,SM,DIVINE HIRA JEWELLERS LTD,H
DSSL,EQ,DYNACONS SYS & SOLN LTD,H
E2E,EQ,E2E NETWORKS LIMITED,H
EASTSILK,BE,EASTERN SILK INDUSTRIES L,H
ELECTHERM,EQ,ELECTROTHERM (I) LTD.,H
ENSER,SM,ENSER COMMUNICATIONS LTD,H
EQUIPPP,BE,EQUIPPP SOC IMP TECH LTD,H
ESCONET,SM,ESCONET TECHNOLOGIES LTD,H
ESSARSHPNG,EQ,ESSAR SHIPPING LTD,H
FEL,BZ,FUTURE ENTERPRISES LTD,H
FINKURVE,EQ,FINKURVE FINANCIAL SERV L,H
FLFL,BZ,FUT LIFESTYLE FASH LTD,H
GATECHDVR,BE,GACM TECHNOLOGIES LIMITED,H
GAYAHWS,BE,GAYATRI HIGHWAYS LIMITED,H
GODHA,BE,GODHA CABCON INSULAT LTD,H
GOENKA,BZ,GOENKA DIAMOND&JEWELS LTD,H
GRAPHISAD,SM,GRAPHISADS LIMITED,H
GTECJAINX,EQ,G-TEC JAINX EDUCATION LTD,H
GVKPIL,BE,GVK POW. & INFRA LTD.,H
GVPTECHPP,E1,GVPTECH RE.1 PPD UP,H
HCC,EQ,HINDUSTAN CONSTRUCTION CO,H
HNGSNGBEES,EQ,NIP IND ETF HANGSENG BEES,H
IFBAGRO,EQ,IFB AGRO INDUSTRIES LTD,H
INDOBORAX,BE,INDO BORAX & CHEMICAL LTD,H
IRIS,BE,IRIS BUSINESS SERV LTD,H
ITTL,ST,INNOVATIVE TYRE & TUBE LT,H
JAINREC,EQ,JAIN RESOURCE RECYCLING L,H
JAKHARIA,ST,JAKHARIA FABRIC LIMITED,H
JPASSOCIAT,BE,JAIPRAKASH ASSOCIATES LTD,H
K2INFRA,SM,K2 INFRAGEN LIMITED,H
KAVDEFENCE,BE,KAVVERI DFS & WIR TEC LTD,H
KERNEX,EQ,KERNEX MICROSYS(I) LTD,H
LAKPRE,BZ,LAKSHMI PRE SCRE LTD,H
LASA,BE,LASA SUPERGENERICS LTD,H
LCCINFOTEC,EQ,LCC INFOTECH LTD,H
LEXUS,EQ,LEXUS GRANITO (INDIA) LTD,H
MAFANG,EQ,MIRAEAMC - MAFANG,H
MAHASTEEL,EQ,MAHAMAYA STEEL INDS LTD,H
MAHKTECH,EQ,MIRAEAMC - MAHKTECH,H
MANAV,SM,MANAV INFRA PROJECTS LTD,H
MASON,ST,MASON INFRATECH LIMITED,H
MASPTOP50,EQ,MIRAEAMC - MASPTOP50,H
MEDIORG,SM,MEDICAMEN ORGANICS LTD,H
MEP,BZ,MEP INFRA. DEVELOPERS LTD,H
MGSL,ST,MATRIX GEO SOLUTIONS LTD,H
MIEL,ST,MANGLAM INFRA & ENG LTD,H
MONOLITH,ST,MONOLITHISCH INDIA LTD,H
MTEDUCARE,BE,MT EDUCARE LTD,H
NEXTMEDIA,EQ,NEXT MEDIAWORKS LIMITED,H
NIRAJISPAT,EQ,NIRAJ ISPAT IND LTD,H
NOIDATOLL,BE,NOIDA TOLL BRIDGE CO LTD,H
OILCOUNTUB,EQ,OIL COUNTRY TUBULAR LTD,H
OMKARCHEM,BZ,OMKAR SPL CHEM LTD,H
ONELIFECAP,EQ,ONELIFE CAP ADVISORS LTD,H
ORCHASP,EQ,ORCHASP LIMITED,H
ORIANA,SM,ORIANA POWER LIMITED,H
OSWALSEEDS,BE,SHREEOSWAL S AND CHE LTD,H
OWAIS,SM,OWAIS METAL & MINERAL,H
PARSVNATH,BE,PARSVNATH DEVELOPER LTD,H
PRAENG,BE,PRAJAY ENG. SYN. LTD.,H
PRECISION,SM,PRECISION METALIKS LTD,H
PRIMECAB,ST,PRIME CABLE INDUSTRIES L,H
PRIZOR,ST,PRIZOR VIZTECH LIMITED,H
PROLIFE,SM,PROLIFE INDUSTRIES LTD,H
PROZONER,EQ,PROZONE REALTY LIMITED,H
QUADPRO,SM,QUADPRO ITES LIMITED,H
RELTD,EQ,RAVINDRA ENERGY LIMITED,H
RHFL,BE,RELIANCE HOME FINANCE LTD,H
SANWARIA,BZ,SANWARIA CONSUMER LIMITED,H
SATIPOLY,SM,SATI POLY PLAST LIMITED,H
SEJALLTD,EQ,SEJAL GLASS LIMITED,H
SGLTL,EQ,STANDARD GLASS LIN TECH L,H
SHAHALLOYS,EQ,SHAH ALLOYS LIMITED,H
SHANTI,EQ,SHANTI OVERSEAS INDIA LTD,H
SHRIAHIMSA,ST,SHRI AHIMSA NATURALS LTD,H
SIKKO,EQ,SIKKO INDUSTRIES LIMITED,H
SILGO,BE,SILGO RETAIL LIMITED,H
SITINET,BZ,SITI NETWORKS LIMITED,H
SPCENET,EQ,SPACENET ENTERS IND LTD,H
SRD,BE,SHANKAR LAL RAMPAL LTD,H
STLTECH,EQ,STERLITE TECHNOLOGIES LTD,H
SUBEXLTD,EQ,SUBEX LTD,H
TAC,ST,TAC INFOSEC LIMITED,H
TAKE,EQ,TAKE SOLUTIONS LTD,H
TARAPUR,EQ,TARAPUR TRANSFORMERS LTD,H
TECHD,ST,TECHD CYBERSECURITY LTD,H
THESL,SM,THINKING HATS ENTER SOL L,H
THOMASCOTT,EQ,THOMAS SCOTT (INDIA) LTD,H
TIMESCAN,ST,TIMESCAN LOGISTICS IND L,H
TIRUPATI,SM,SHREE TIRUPATI BALAJEE,H
TNPETRO,BE,TAMILNADU PETROPRODUCTS L,H
TRANSWIND,SM,TRANSWIND INFRA LIMITED,H
UEL,BE,UJAAS ENERGY LIMITED,H
UNITEDPOLY,BE,UNITED POLYFAB GUJ. LTD.,H
URAVIDEF,EQ,URAVI DEFENCE &TECH LTD,H
VCL,BE,VAXTEX COTFAB LIMITED,H
VENUSREM,EQ,VENUS REMEDIES LIMITED,H
VIJIFIN,BE,VIJI FINANCE LIMITED,H
VIPULLTD,EQ,VIPUL LIMITED,H
VISASTEEL,EQ,VISA STEEL LIMITED,H
WAAREEINDO,BE,INDOSOLAR LIMITED,H
WALCHANNAG,EQ,WALCHANDNAGAR INDUSTRIES,H
WINSOME,BZ,WINSOME YARNS LIMITED,H
WTICAB,ST,WISE TRAVEL INDIA LIMITED,H
XELPMOC,EQ,XELPMOC DESIGN & TECH LTD,H
ZENITHEXPO,EQ,ZENITH EXPORTS LTD,H
21STCENMGM,EQ,21ST CENTURY MGMT SERVICE,L
AILIMITED,SM,ABHISHEK INTEGRATIONS LTD,L
ALPSINDUS,BE,ALPS INDUSTRIES LTD.,L
AMBANIORGO,SM,AMBANI ORGOCHEM LIMITED,L
ARSHIYA,BZ,ARSHIYA LIMITED,L
ASTRON,EQ,ASTRON PAPER BORD MIL LTD,L
BAJAJINDEF,EQ,INDEF MANUFACTURING LTD,L
BALCO,SM,SOLVE PLASTIC PRODUCTS L,L
BLUECOAST,BE,BLUE COAST HOTELS LIMITED,L
BMWVENTLTD,BE,BMW VENTURES LIMITED,L
C2C,ST,C2C ADVANCED SYSTEMS LTD,L
CADSYS,SM,CADSYS (INDIA) LIMITED,L
CMRSL,SM,CYBER MEDIA RES & SER LTD,L
COOLCAP-RE,ST,COOL CAPS INDUSTRIES LTD,L
CUBEXTUB,BE,CUBEXTUBINGS-ROLLSETT,L
CYBERPP,X1,CYBERMEDIA RS.5 PPD UP,L
DYNAMIC,SM,DYNAMIC SRVCS & SEC LTD,L
ECOLINE,ST,ECOLINE EXIM LIMITED,L
EMKAY,BE,EMKAY GLOBAL FIN SERV LTD,L
ESCONET,SM,ESCONET TECHNOLOGIES LTD,L
ESFL,SM,ESSEN SPECIALITY FILMS L,L
FEL,BZ,FUTURE ENTERPRISES LTD,L
FELDVR,BZ,FUTURE ENTERPRISES LTD,L
FMNL,EQ,FUTURE MKT NETWORKS LTD,L
GATECH,EQ,GACM TECHNOLOGIES LIMITED,L
GML,SM,GALAXY MEDICARE LIMITED,L
GOLDSTAR,SM,GOLDSTAR POWER LIMITED,L
GURUNANAK,ST,GURUNANAK AGRICULTUR IN L,L
GVPTECHPP,E1,GVPTECH RE.1 PPD UP,L
HAVISHA,BE,SRI HAVISHA HOSP & INFR L,L
HOLMARC,SM,HOLMARC OPTO MECHATRO L,L
HOMESFY,SM,HOMESFY REALTY LIMITED,L
ICDSLTD,EQ,ICDS LTD,L
IL&FSENGG,BZ,IL&FS ENG AND CONS CO LTD,L
INDIFRA,ST,INDIFRA LIMITED,L
ISHAN,SM,ISHAN INTERNATIONAL LTD,L
ITTL,ST,INNOVATIVE TYRE & TUBE LT,L
IZMO,BE,IZMO LIMITED,L
JFLLIFE,SM,JFL LIFE SCIENCES LIMITED,L
JSWHL,EQ,JSW HOLDINGS LIMITED,L
KANDARP,ST,KANDARP DG SMART BPO LTD,L
KAVDEFENCE,BE,KAVVERI DFS & WIR TEC LTD,L
KEEPLEARN,EQ,DSJ KEEP LEARNING LTD,L
MAANALU,EQ,MAAN ALUMINIUM LIMITED,L
MGSL,ST,MATRIX GEO SOLUTIONS LTD,L
MTEDUCARE,BE,MT EDUCARE LTD,L
NIRMAN,SM,NIRMAN AGRI GENTICS LTD,L
ODIGMA,BE,ODIGMA CONSULTANCY SOL L,L
ORTEL,BZ,ORTEL COMMUNICATIONS LTD,L
OSIAHYPER,BE,OSIA HYPER RETAIL LIMITED,L
PARASPETRO,EQ,PARAS PETROFILS LTD.,L
PERFECT,SZ,PERFECT INFRAENGINEER LTD,L
PHANTOMFX,ST,PHANTOM DIGITAL EFF LTD,L
PREMIER,BE,PREMIER LIMITED,L
PRIMECAB,ST,PRIME CABLE INDUSTRIES L,L
RAJRILTD,BE,RAJ RAYON INDUSTRIES LTD,L
REFRACTORY,SM,REFRACTORY SHAPES LIMITED,L
RICHA,SM,RICHA INFO SYSTEMS LTD,L
RVHL,BE,RAVINDER HEIGHTS LIMITED,L
RVTH,EQ,REVATHI EQUIPMENT INDIA L,L
SABAR,ST,SABAR FLEX INDIA LIMITED,L
SANWARIA,BZ,SANWARIA CONSUMER LIMITED,L
SETUINFRA,BZ,SETUBANDHAN INFRA LTD,L
SHANKARA,BE,SHANKARA BLDG PRODUCT LTD,L
SIDDHICOTS,ST,SIDDHI COTSPIN LIMITED,L
TECHERA,SM,TECHERA ENGINEER (IND) L,L
TGL,SM,TEERTH GOPICON LIMITED,L
TRU,EQ,TRUCAP FINANCE LIMITED,L
UNITEDPOLY,BE,UNITED POLYFAB GUJ. LTD.,L
VEEKAYEM,SM,VEEKAYEM FASH & APP LTD,L
VIAZ,ST,VIAZ TYRES LIMITED,L
VMSTMT,BE,VMS TMT LIMITED,L
WINSOME,BZ,WINSOME YARNS LIMITED,L
