GAIN_LOSS,SECURITY,CLOSE_PRIC,PREV_CL_PR,PERCENT_CG
 ,Nifty 50 Sec., , , 
 , , , , 
G,TATA MOTORS LIMITED,       718.35,       680.20,5.61
G,SHRIRAM FINANCE LIMITED,       648.70,       616.10,5.29
G,KOTAK MAHINDRA BANK LTD,      2063.30,      1992.70,3.54
G,ADANI ENTERPRISES LIMITED,      2592.70,      2505.90,3.46
G,TRENT LTD,      4832.00,      4677.50,3.3
G,SUN PHARMACEUTICAL IND L,      1636.20,      1594.30,2.63
G,AXIS BANK LIMITED,      1159.50,      1131.60,2.47
G,JIO FIN SERVICES LTD,       300.05,       293.20,2.34
G,ICICI BANK LTD.,      1372.00,      1348.00,1.78
G,DR. REDDY S LABORATORIES,      1244.70,      1223.70,1.72
G,HDFC BANK LTD,       965.25,       951.00,1.5
G,OIL AND NATURAL GAS CORP.,       243.04,       239.50,1.48
G,TATA CONSUMER PRODUCT LTD,      1144.80,      1129.30,1.37
G,ADANI PORT & SEZ LTD,      1422.70,      1403.50,1.37
G,TITAN COMPANY LIMITED,      3408.30,      3367.00,1.23
G,GRASIM INDUSTRIES LTD,      2789.70,      2756.90,1.19
G,NESTLE INDIA LIMITED,      1166.40,      1152.90,1.17
G,TECH MAHINDRA LIMITED,      1416.00,      1400.30,1.12
G,ETERNAL LIMITED,       329.00,       325.50,1.08
G,MAHINDRA & MAHINDRA LTD,      3463.40,      3427.00,1.06
G,INDUSIND BANK LIMITED,       743.15,       735.55,1.03
G,ITC LTD,       405.60,       401.55,1.01
G,HDFC LIFE INS CO LTD,       764.00,       756.45,1
G,TATA CONSULTANCY SERV LT,      2914.20,      2888.40,.89
G,HINDUSTAN UNILEVER LTD.,      2536.20,      2514.40,.87
G,WIPRO LTD,       241.07,       239.37,.71
G,CIPLA LTD,      1513.00,      1503.30,.65
G,BHARAT ELECTRONICS LTD,       406.50,       403.95,.63
G,SBI LIFE INSURANCE CO LTD,      1801.10,      1790.60,.59
G,HINDALCO  INDUSTRIES  LTD,       765.95,       761.95,.52
 , , , , 
L,BAJAJ FINANCE LIMITED,       987.70,       998.90,-1.12
L,ULTRATECH CEMENT LIMITED,     12095.00,     12222.00,-1.04
L,STATE BANK OF INDIA,       864.10,       872.45,-0.96
L,TATA STEEL LIMITED,       167.51,       168.77,-0.75
L,HERO MOTOCORP LIMITED,      5432.50,      5472.50,-0.73
L,ASIAN PAINTS LIMITED,      2335.80,      2350.00,-0.6
L,BAJAJ AUTO LIMITED,      8626.50,      8678.50,-0.6
L,BHARTI AIRTEL LIMITED,      1867.60,      1878.40,-0.57
L,MARUTI SUZUKI INDIA LTD.,     15965.00,     16029.00,-0.4
L,COAL INDIA LTD,       388.50,       389.95,-0.37
L,NTPC LTD,       340.25,       340.45,-0.06
 , , , , 
 ,Nifty Next 50 Sec., , , 
 , , , , 
G,ADANI POWER LTD,       152.51,       144.65,5.43
G,ADANI GREEN ENERGY LTD,      1064.70,      1026.85,3.69
G,ADANI ENERGY SOLUTION LTD,       896.35,       872.25,2.76
G,INFO EDGE (I) LTD,      1338.60,      1309.30,2.24
G,UNITED SPIRITS LIMITED,      1346.70,      1324.30,1.69
G,INDIAN RAILWAY FIN CORP L,       125.54,       123.51,1.64
G,BAJAJ HOUSING FINANCE LTD,       111.47,       110.01,1.33
G,DLF LIMITED,       722.30,       713.00,1.3
G,REC LIMITED,       377.55,       372.85,1.26
G,HINDUSTAN AERONAUTICS LTD,      4803.40,      4746.50,1.2
G,JSW ENERGY LIMITED,       536.45,       530.85,1.05
G,ZYDUS LIFESCIENCES LTD,       991.15,       981.90,0.94
G,DABUR INDIA LTD,       495.05,       491.30,0.76
G,ICICI LOMBARD GIC LIMITED,      1903.60,      1889.80,0.73
G,TATA POWER CO LTD,       391.15,       388.65,0.64
G,TVS MOTOR COMPANY  LTD,      3457.80,      3438.70,0.56
G,PIDILITE INDUSTRIES LTD,      1475.40,      1468.00,0.5
G,BOSCH LIMITED,     38320.00,     38145.00,0.46
G,LIFE INSURA CORP OF INDIA,       904.10,       900.35,0.42
G,BANK OF BARODA,       259.60,       258.54,0.41
G,THE INDIAN HOTELS CO. LTD,       723.25,       720.30,0.41
G,DIVI S LABORATORIES LTD,      5710.00,      5689.50,0.36
G,LODHA DEVELOPERS LIMITED,      1139.80,      1135.80,0.35
G,SAMVRDHNA MTHRSN INTL LTD,       106.00,       105.65,0.33
G,ABB INDIA LIMITED,      5199.00,      5183.30,0.3
G,ICICI PRU LIFE INS CO LTD,       596.60,       595.20,0.24
G,POWER FIN CORP LTD.,       411.15,       410.25,0.22
G,INTERGLOBE AVIATION LTD,      5606.00,      5594.50,0.21
G,AMBUJA CEMENTS LTD,       571.10,       569.95,0.2
G,JINDAL STEEL LIMITED,      1065.00,      1063.75,0.12
 , , , , 
L,BAJAJ HOLDINGS & INVS LTD,     11996.00,     12247.00,-2.05
L,HYUNDAI MOTOR INDIA LTD,      2537.20,      2584.40,-1.83
L,GODREJ CONSUMER PRODUCTS,      1148.60,      1166.90,-1.57
L,SWIGGY LIMITED,       417.75,       422.95,-1.23
L,HAVELLS INDIA LIMITED,      1485.20,      1502.00,-1.12
L,TORRENT PHARMACEUTICALS L,      3567.10,      3603.20,-1
L,GAIL (INDIA) LTD,       174.56,       176.29,-0.98
L,LTIMINDTREE LIMITED,      5123.00,      5157.50,-0.67
L,AVENUE SUPERMARTS LIMITED,      4449.90,      4475.40,-0.57
L,BRITANNIA INDUSTRIES LTD,      5966.50,      5991.00,-0.41
L,CHOLAMANDALAM IN & FIN CO,      1605.30,      1610.80,-0.34
L,PUNJAB NATIONAL BANK,       112.55,       112.83,-0.25
L,SIEMENS LTD,      3121.50,      3129.20,-0.25
L,VEDANTA LIMITED,       464.85,       465.80,-0.2
L,VARUN BEVERAGES LIMITED,       442.95,       443.70,-0.17
L,CG POWER AND IND SOL LTD,       739.80,       740.95,-0.16
L,INDIAN OIL CORP LTD,       149.70,       149.79,-0.06
 , , , , 
 ,OTHER SECURITIES, , , 
 , , , , 
G,ATLANTAA LIMITED,        46.38,        38.65,20
G,OWAIS METAL & MINERAL,       507.10,       422.60,20
G,SIKKO INDUSTRIES LIMITED,        88.41,        73.68,19.99
G,UNSEC RED NCD 10.5% SR.VI,      1221.00,      1020.20,19.68
G,DYNACONS SYS & SOLN LTD,      1011.25,       859.95,17.59
G,BOROSIL SCIENTIFIC LTD,       148.67,       127.40,16.7
G,TVS SRICHAKRA LIMITED,      3701.10,      3176.40,16.52
G,SEC RED NCD 10.6% SR. VII,      1231.00,      1065.00,15.59
G,SURYODAY SMALL FIN BK LTD,       155.59,       134.98,15.27
G,SUN TV NETWORK LIMITED,       602.90,       523.45,15.18
G,GLOBAL SURFACES LIMITED,        98.20,        85.36,15.04
G,MOS UTILITY LIMITED,        47.85,        41.80,14.47
G,RADIOWALLA NETWORK LTD,        69.75,        61.10,14.16
G,RACL GEARTECH LIMITED,      1218.10,      1070.15,13.83
G,AEROFLEX NEU LIMITED,        90.04,        79.34,13.49
G,SIGMA SOLVE LIMITED,       579.55,       512.70,13.04
G,PROZONE REALTY LIMITED,        60.17,        53.47,12.53
G,MAZDA LIMITED,       291.70,       261.75,11.44
G,NETWEB TECH INDIA LTD,      4062.10,      3648.50,11.34
G,INDIA NIPPON ELECT  LTD,      1003.85,       902.40,11.24
G,AAA TECHNOLOGIES LIMITED,        87.74,        79.61,10.21
G,GEM AROMATICS LIMITED,       257.94,       234.10,10.18
G,FINKURVE FINANCIAL SERV L,       114.07,       103.70,10
G,ATLANTA ELECTRICALS LTD,       871.90,       792.65,10
G,GREENPANEL INDUSTRIES LTD,       297.30,       270.30,9.99
G,NEXT MEDIAWORKS LIMITED,         6.92,         6.30,9.84
G,DE NEERS TOOLS LIMITED,       181.35,       165.15,9.81
G,MAXPOSURE LIMITED,        57.90,        52.75,9.76
G,HEMISPHERE PROP IND LTD,       182.86,       166.81,9.62
G,N.B.I. IND. FIN. CO. LTD,      2764.10,      2521.80,9.61
 , , , , 
L,COOL CAPS INDUSTRIES LTD,         8.70,        14.50,-40
L,SHANTHALA FMCG PRODUCTS L,        32.50,        36.30,-10.47
L,CEDAAR TEXTILE LIMITED,        85.40,        95.00,-10.11
L,GALAXY MEDICARE LIMITED,        29.20,        32.45,-10.02
L,P. E. ANALYTICS LIMITED,       184.00,       204.00,-9.8
L,SCL 10.25% SR XII,       900.30,       985.00,-8.6
L,GAYATRI RUBB AND CHEM LTD,       339.00,       370.00,-8.38
L,SMVD POLY PACK LIMITED,         5.90,         6.40,-7.81
L,SEC RE NCD 8.89% SR.VIII,       926.10,      1000.00,-7.39
L,PENTAGON RUBBER LIMITED,        70.90,        76.50,-7.32
L,ROCKINGDEALS CIRCU ECO L,       187.35,       202.00,-7.25
L,SCL 9.71% 2029 SR VIII,       901.20,       970.00,-7.09
L,KONSTELEC ENGINEERS LTD,        62.00,        66.60,-6.91
L,IDENTICAL BRAINS STUDIO L,        40.10,        42.95,-6.64
L,JIWANRAM SHEODUTTRA IND L,         7.40,         7.90,-6.33
L,BHARAT ROAD NETWORK LTD,        21.45,        22.86,-6.17
L,D K ENTERPRISES GLOBAL L,        69.85,        74.40,-6.12
L,TAX FREE7.50% SR.104 A,      1150.00,      1220.10,-5.75
L,PARAS PETROFILS LTD.,         2.14,         2.27,-5.73
L,7.34 NCD 19FEB28 TR1 SR2,      1042.00,      1105.00,-5.7
L,PROVENTUS AGROCOM LIMITED,      1110.00,      1175.00,-5.53
L,MIRAEAMC - METAL,        10.14,        10.72,-5.41
L,SEC RE NCD 9.90% SR IV,       359.95,       379.68,-5.2
L,MOTILALAMC - MOGOLD,       117.25,       123.65,-5.18
L,TRUCAP FINANCE LIMITED,        10.51,        11.07,-5.06
L,INDIFRA LIMITED,        17.00,        17.90,-5.03
L,ASTRON PAPER BORD MIL LTD,        12.51,        13.17,-5.01
L,HOMESFY REALTY LIMITED,       229.90,       242.00,-5
L,VIAZ TYRES LIMITED,        79.80,        84.00,-5
L,SOLVE PLASTIC PRODUCTS L,        29.45,        31.00,-5
