SERIES,SYMBOL,SECURITY,RECORD_DT,BC_STRT_DT,BC_END_DT,EX_DT,ND_STRT_DT,ND_END_DT,PURPOSE
U5,10CAGL27,Sec Re NCD 10% Sr. V,2025-10-31,,,2025-10-31,,,INTEREST PAYMENT
N0,12AFIL28,AFIL 12% 2028,2025-11-01,,,2025-10-31,,,INTEREST PAYMENT
N0,12VCCL28,VCCL 12% 2028,2025-11-01,,,2025-10-31,,,INTEREST PAYMENT
TB,182D061125,GOI TBILL 182D-06/11/25,2025-11-03,,,,,,REDEMPTION
TB,182D131125,GOI TBILL 182D-13/11/25,2025-11-11,,,,,,REDEMPTION
TB,364D061125,GOI TBILL 364D-06/11/25,2025-11-03,,,,,,REDEMPTION
TB,364D131125,GOI TBILL 364D-13/11/25,2025-11-11,,,,,,REDEMPTION
GS,515GS2025,GOI LOAN  5.15% 2025,2025-11-04,,,,,,REDEMPTION
SG,535CG25,SDL CG 5.35% 2025,2025-11-01,,,,,,REDEMPTION
SG,694TN25,SDL TN 6.94% 2025,2025-11-11,,,,,,REDEMPTION
N0,840MCSL31,MCSL 8.40% 2031 Sr BD,2025-11-01,,,2025-10-31,,,INT PAYMNT/PART REDEMPTN
UG,852LTF27,SeReNCD 8.52% Sr.VII OpI,2025-10-31,,,2025-10-31,,,INTEREST PAYMENT
UH,87LTF27,SeReNCD 8.70% Sr.VII OpII,2025-10-31,,,2025-10-31,,,INTEREST PAYMENT
TB,91D061125,GOI TBILL 91D-06/11/25,2025-11-03,,,,,,REDEMPTION
TB,91D131125,GOI TBILL 91D-13/11/25,2025-11-11,,,,,,REDEMPTION
N3,960CAGL25,Sec Re NCD 9.60% Sr. III,2025-10-31,,,,,,INT PAYMNT/REDEMPTN
U3,960CAGL25,Sec Re NCD 9.60% Sr. III,2025-10-31,,,,,,INT PAYMNT/REDEMPTN
N0,975ISF28,ISF 9.75% NCD 2028,2025-11-01,,,2025-10-31,,,INTEREST PAYMENT
N0,975PCPL27,PCPL 9.75% 2027,2025-11-02,,,2025-10-31,,,INTEREST PAYMENT
N0,975SIPL27A,SIPL 9.75% 2027 Sr Tr II,2025-10-31,,,2025-10-31,,,INT PAYMNT/PART REDEMPTN
N0,975SIPL27B,SIIPL 9.75% 2027 Sr III,2025-10-31,,,2025-10-31,,,INT PAYMNT/PART REDEMPTN
BE,BEML,BEML Limited,2025-11-03,,,2025-11-03,,,FVSPLT FRM RS 10 TO RS 5
BL,BEML,BEML Limited,2025-11-03,,,2025-11-03,,,FVSPLT FRM RS 10 TO RS 5
EQ,BEML,BEML Limited,2025-11-03,,,2025-11-03,,,FVSPLT FRM RS 10 TO RS 5
IQ,BEML,BEML Limited,2025-11-03,,,2025-11-03,,,FVSPLT FRM RS 10 TO RS 5
T0,BEML,BEML Limited,2025-11-03,,,2025-11-03,,,FVSPLT FRM RS 10 TO RS 5
TL,BEML,BEML Limited,2025-11-03,,,2025-11-03,,,FVSPLT FRM RS 10 TO RS 5
N4,CAGL25A,Sec Re NCD Sr. IV,2025-10-31,,,,,,INT PAYMNT/REDEMPTN
U4,CAGL25A,Sec Re NCD Sr. IV,2025-10-31,,,,,,INT PAYMNT/REDEMPTN
BE,COFORGE,Coforge Limited,2025-10-31,,,2025-10-31,,,INTDIV - RS 4 PER SH
BL,COFORGE,Coforge Limited,2025-10-31,,,2025-10-31,,,INTDIV - RS 4 PER SH
EQ,COFORGE,Coforge Limited,2025-10-31,,,2025-10-31,,,INTDIV - RS 4 PER SH
IQ,COFORGE,Coforge Limited,2025-10-31,,,2025-10-31,,,INTDIV - RS 4 PER SH
T0,COFORGE,Coforge Limited,2025-10-31,,,2025-10-31,,,INTDIV - RS 4 PER SH
TL,COFORGE,Coforge Limited,2025-10-31,,,2025-10-31,,,INTDIV - RS 4 PER SH
BE,FCL,Fineotex Chemical Limited,2025-10-31,,,2025-10-31,,,BONUS 4:1
BE,FCL,Fineotex Chemical Limited,2025-10-31,,,2025-10-31,,,FVSPLT FRM RS 2 TO RE 1
BL,FCL,Fineotex Chemical Limited,2025-10-31,,,2025-10-31,,,BONUS 4:1
BL,FCL,Fineotex Chemical Limited,2025-10-31,,,2025-10-31,,,FVSPLT FRM RS 2 TO RE 1
EQ,FCL,Fineotex Chemical Limited,2025-10-31,,,2025-10-31,,,FVSPLT FRM RS 2 TO RE 1
EQ,FCL,Fineotex Chemical Limited,2025-10-31,,,2025-10-31,,,BONUS 4:1
IQ,FCL,Fineotex Chemical Limited,2025-10-31,,,2025-10-31,,,BONUS 4:1
IQ,FCL,Fineotex Chemical Limited,2025-10-31,,,2025-10-31,,,FVSPLT FRM RS 2 TO RE 1
BE,GEEKAYWIRE,Geekay Wires Limited,2025-10-30,,,2025-10-30,,,FVSPLT FRM RS 2 TO RE 1
BL,GEEKAYWIRE,Geekay Wires Limited,2025-10-30,,,2025-10-30,,,FVSPLT FRM RS 2 TO RE 1
EQ,GEEKAYWIRE,Geekay Wires Limited,2025-10-30,,,2025-10-30,,,FVSPLT FRM RS 2 TO RE 1
IQ,GEEKAYWIRE,Geekay Wires Limited,2025-10-30,,,2025-10-30,,,FVSPLT FRM RS 2 TO RE 1
GS,GS101125C,GOI STRIPS C 101125,2025-11-06,,,,,,REDEMPTION
BE,LAURUSLABS,Laurus Labs Limited,2025-10-31,,,2025-10-31,,,INTDIV - RE 0.80 PER SH
BL,LAURUSLABS,Laurus Labs Limited,2025-10-31,,,2025-10-31,,,INTDIV - RE 0.80 PER SH
EQ,LAURUSLABS,Laurus Labs Limited,2025-10-31,,,2025-10-31,,,INTDIV - RE 0.80 PER SH
IQ,LAURUSLABS,Laurus Labs Limited,2025-10-31,,,2025-10-31,,,INTDIV - RE 0.80 PER SH
T0,LAURUSLABS,Laurus Labs Limited,2025-10-31,,,2025-10-31,,,INTDIV - RE 0.80 PER SH
TL,LAURUSLABS,Laurus Labs Limited,2025-10-31,,,2025-10-31,,,INTDIV - RE 0.80 PER SH
BE,MANGCHEFER,Mangalore Chemicals & Fer,2025-10-31,,,,,,MERGER
BL,MANGCHEFER,Mangalore Chemicals & Fer,2025-10-31,,,,,,MERGER
EQ,MANGCHEFER,Mangalore Chemicals & Fer,2025-10-31,,,,,,MERGER
IQ,MANGCHEFER,Mangalore Chemicals & Fer,2025-10-31,,,,,,MERGER
BE,NRBBEARING,NRB Bearings Limited,2025-10-31,,,2025-10-31,,,INTDIV - RS 2.50 PER SH
BL,NRBBEARING,NRB Bearings Limited,2025-10-31,,,2025-10-31,,,INTDIV - RS 2.50 PER SH
EQ,NRBBEARING,NRB Bearings Limited,2025-10-31,,,2025-10-31,,,INTDIV - RS 2.50 PER SH
IQ,NRBBEARING,NRB Bearings Limited,2025-10-31,,,2025-10-31,,,INTDIV - RS 2.50 PER SH
BE,PDSL,PDS Limited,2025-10-31,,,2025-10-31,,,INTDIV - RS 1.65 PER SH
BL,PDSL,PDS Limited,2025-10-31,,,2025-10-31,,,INTDIV - RS 1.65 PER SH
EQ,PDSL,PDS Limited,2025-10-31,,,2025-10-31,,,INTDIV - RS 1.65 PER SH
IQ,PDSL,PDS Limited,2025-10-31,,,2025-10-31,,,INTDIV - RS 1.65 PER SH
GB,SGBNOV25,2.50% GOLDBONDS2025SR-VII,2025-11-11,,,,,,REDEMPTION
GB,SGBNOV25VI,2.50% GOLDBONDS2025SR-VI,2025-11-03,,,,,,REDEMPTION
BE,SPLPETRO,Supreme Petrochem Limited,2025-10-31,,,2025-10-31,,,INTDIV - RS 2.50 PER SH
BL,SPLPETRO,Supreme Petrochem Limited,2025-10-31,,,2025-10-31,,,INTDIV - RS 2.50 PER SH
EQ,SPLPETRO,Supreme Petrochem Limited,2025-10-31,,,2025-10-31,,,INTDIV - RS 2.50 PER SH
IQ,SPLPETRO,Supreme Petrochem Limited,2025-10-31,,,2025-10-31,,,INTDIV - RS 2.50 PER SH
T0,SPLPETRO,Supreme Petrochem Limited,2025-10-31,,,2025-10-31,,,INTDIV - RS 2.50 PER SH
TL,SPLPETRO,Supreme Petrochem Limited,2025-10-31,,,2025-10-31,,,INTDIV - RS 2.50 PER SH
