SYMBOL,SERIES,SECURITY,HIGH/LOW
21STCENMGM,EQ,21ST CENTURY MGMT SERVICE,H
ABMINTLLTD,BE,ABM INTERNATIONAL LTD,H
AKSHAR,BE,AKSHAR SPINTEX LIMITED,H
ALPSINDUS,BE,ALPS INDUSTRIES LTD.,H
ANONDITA,ST,ANONDITA MEDICARE LIMITED,H
ARIHANTACA,ST,ARIHANT ACADEMY LIMITED,H
ARVINDPORT,SM,ARVIND PORT AND INFRA LTD,H
ASTRON,EQ,ASTRON PAPER BORD MIL LTD,H
ATLANTAA,BE,ATLANTAA LIMITED,H
AURIGROW,EQ,AURI GROW INDIA LIMITED,H
BGRENERGY,BE,BGR ENERGY SYSTEMS LTD,H
BIKEWO,SM,BIKEWO GREEN TECH LIMITED,H
BULKCORP,SM,BULKCORP INTERNATIONAL L,H
CALSOFTPP,E1,CALSOFT RS.2.50 PPD UP,H
CAPTRUST,EQ,CAPITAL TRUST LIMITED,H
CEREBRAINT,BZ,CEREBRA INT TECH LTD,H
CONTI,SM,CONTINENTAL SEED CHEM LTD,H
DHARAN,BZ,DHARAN INFRA-EPC LIMITED,H
DRONE,SM,DRONE DESTINATION LIMITED,H
ELGIRUBCO,BE,ELGI RUBBER CO. LTD,H
ESSENTIA,EQ,INTEGRA ESSENTIA LIMITED,H
EUROTEXIND,EQ,EUROTEX INDUSTRIES LTD,H
FEL,BZ,FUTURE ENTERPRISES LTD,H
FELDVR,BZ,FUTURE ENTERPRISES LTD,H
FLFL,BZ,FUT LIFESTYLE FASH LTD,H
FMNL,BE,FUTURE MKT NETWORKS LTD,H
GATECHDVR,EQ,GACM TECHNOLOGIES LIMITED,H
GAYAHWS,BE,GAYATRI HIGHWAYS LIMITED,H
HIRECT,EQ,HIND RECTIFIER LIMITED,H
HNGSNGBEES,EQ,NIP IND ETF HANGSENG BEES,H
IDBI,T0,IDBI BANK LIMITED,H
INDIACEM,EQ,THE INDIA CEMENTS LIMITED,H
INFLUX,ST,INFLUX HEALTHTECH LIMITED,H
ISHAN,SM,ISHAN INTERNATIONAL LTD,H
ITTL,ST,INNOVATIVE TYRE & TUBE LT,H
IWARE,ST,IWARE SUPPLYCHAIN SER LTD,H
JAINIK,ST,JAINIK POWER CABLES LTD,H
KEYFINSERV,EQ,KEYNOTE FIN SERV LTD.,H
KKVAPOW,SM,KKV AGRO POWERS LTD.,H
KOTYARK,ST,KOTYARK INDUSTRIES LTD,H
LRRPL,SM,LEAD REC AND RUB PROD LTD,H
LYPSAGEMS,EQ,LYPSA GEMS & JEWEL LTD,H
MADHUCON,EQ,MADHUCON PROJECTS LTD.,H
MAFANG,EQ,MIRAEAMC - MAFANG,H
MAHKTECH,EQ,MIRAEAMC - MAHKTECH,H
MAL,SM,MANGALAM ALLOYS LIMITED,H
MASPTOP50,EQ,MIRAEAMC - MASPTOP50,H
MEGAFLEX,SM,MEGA FLEX PLASTICS LTD,H
MEP,BZ,MEP INFRA. DEVELOPERS LTD,H
MONOPHARMA,SM,MONO PHARMACARE LIMITED,H
MOXSH,ST,MOXSH OVERSEAS EDUCON LTD,H
NECLIFE,BE,NECTAR LIFESCIENCES LTD.,H
PRAENG,BE,PRAJAY ENG. SYN. LTD.,H
QSIFHDG,SF,QUANT AMC - QSIFHDG,H
REFRACTORY,SM,REFRACTORY SHAPES LIMITED,H
RICHA,SM,RICHA INFO SYSTEMS LTD,H
RNPL,SM,RENOL POLYCHEM LIMITED,H
ROLTA,BZ,ROLTA INDIA LTD,H
RVTH,EQ,REVATHI EQUIPMENT INDIA L,H
SAAKSHI,ST,SAAKSHI MEDTEC N PANELS L,H
SANWARIA,BZ,SANWARIA CONSUMER LIMITED,H
SCML,ST,SHARP CHUCKS N MACHINES L,H
SELMC,BE,SEL MANUFACTURING CO LTD,H
SETUINFRA,BZ,SETUBANDHAN INFRA LTD,H
SEYAIND,BE,SEYA INDUSTRIES LIMITED,H
SHANTHALA,SM,SHANTHALA FMCG PRODUCTS L,H
SHRIAHIMSA,ST,SHRI AHIMSA NATURALS LTD,H
SITINET,BZ,SITI NETWORKS LIMITED,H
SKMEGGPROD,BE,SKM EGG PROD-ROLL SETT,H
SMLT,EQ,SARTHAK METALS LIMITED,H
SOLEX,EQ,SOLEX ENERGY LIMITED,H
SOMATEX,BE,SOMA TEXTILEI NDUSTRIES L,H
SOUTHWEST,EQ,SOUTH WEST PINNACLE LTD,H
SRPL,BZ,SHREE RAM PROTEINS LTD.,H
TAC,ST,TAC INFOSEC LIMITED,H
TANKUP,ST,TANKUP ENGINEERS LIMITED,H
TECHD,ST,TECHD CYBERSECURITY LTD,H
TECILCHEM,BE,TECIL CHEMICALS,H
TVSHLTD,BE,TVS HOLDINGS LIMITED,H
UWCSL,SM,ULTRA WIRING CONN SYS LTD,H
V2RETAIL,EQ,V2 RETAIL LIMITED,H
VGL,BE,VARVEE GLOBAL LIMITED,H
VISAMAN,ST,VISAMAN GLOBAL SALES LTD,H
WINSOME,BZ,WINSOME YARNS LIMITED,H
WIPL,EQ,THE WESTERN INDIA PLY LTD,H
YAARI,BE,YAARI DIGI INT SER LTD,H
AMCL,ST,ANB METAL CAST LIMITED,L
ANSALAPI,BZ,ANSAL PROP & INFRA LTD,L
ASPIRE,SM,ASPIRE & INNOVATIVE ADV L,L
BALAJIPHOS,ST,BALAJI PHOSPHATES LIMITED,L
CYBERPP,X1,CYBERMEDIA RS.5 PPD UP,L
DIVYADHAN,SM,DIVYADHAN RECYCLING IND L,L
DRL,SM,DHANUKA REALTY LIMITED,L
FEL,BZ,FUTURE ENTERPRISES LTD,L
FELDVR,BZ,FUTURE ENTERPRISES LTD,L
GAYAHWS,BE,GAYATRI HIGHWAYS LIMITED,L
GCHOTELS,ST,GRAND CONTINENT HOTELS L,L
GIRIRAJ,SM,GIRIRAJ CIVIL DEVP LTD,L
GOLDSTAR,SM,GOLDSTAR POWER LIMITED,L
GUJRAFFIA,BE,GUJARAT RAFFIA INDUST LTD,L
GVKPIL,BE,GVK POW. & INFRA LTD.,L
HOMESFY,SM,HOMESFY REALTY LIMITED,L
HYBRIDFIN,BE,HYBRID FINANCIAL SERVICE,L
INFOBEAN,EQ,INFOBEANS TECHNO. LTD.,L
ISHAN,SM,ISHAN INTERNATIONAL LTD,L
JALAN,SM,JALAN TRANSOLU. INDIA LTD,L
JFLLIFE,SM,JFL LIFE SCIENCES LIMITED,L
K2INFRA,SM,K2 INFRAGEN LIMITED,L
KCK,ST,KCK INDUSTRIES LTD,L
KICL,BE,KALYANI INVEST CO LTD,L
LAKPRE,BZ,LAKSHMI PRE SCRE LTD,L
LATTEYS,BE,LATTEYS INDUSTRIES LTD,L
MEDIORG,SM,MEDICAMEN ORGANICS LTD,L
MIEL,ST,MANGLAM INFRA & ENG LTD,L
MODTHREAD,EQ,MODERN THREADS INDIA LTD,L
NAMAN,SM,NAMAN IN-STORE (INDIA) L,L
NIRMAN,SM,NIRMAN AGRI GENTICS LTD,L
NSIL,BE,NALWA SONS INVESTMENT LTD,L
OCCLLTD,EQ,OCCL LIMITED,L
OMAXAUTO,BE,OMAX AUTOS LTD,L
PENTAGON,ST,PENTAGON RUBBER LIMITED,L
PILANIINVS,BE,PILANI INV & IND COR LTD,L
PROLIFE,SM,PROLIFE INDUSTRIES LTD,L
QFIL,SM,QUALITY FOILS (INDIA) LTD,L
REFRACTORY,SM,REFRACTORY SHAPES LIMITED,L
RICHA,SM,RICHA INFO SYSTEMS LTD,L
SADHNANIQ,BE,SADHANA NITROCHEM LIMITED,L
SANGANI,SM,SANGANI HOSPITALS LIMITED,L
SANWARIA,BZ,SANWARIA CONSUMER LIMITED,L
SEJALLTD,BE,SEJAL GLASS LIMITED,L
SIKKO,BE,SIKKO INDUSTRIES LIMITED,L
SLONE,SM,SLONE INFOSYSTEMS LIMITED,L
STALLION,BE,STALLION IND FLUOROCHEM L,L
SUNDARAM,EQ,SUNDARAM MULTI PAP LTD,L
TAKE,BE,TAKE SOLUTIONS LTD,L
TECHERA,ST,TECHERA ENGINEER (IND) L,L
TERASOFT,BE,TERA SOFTWARE LIMITED,L
VERTEXPLUS,ST,VERTEXPLUS TECHNOLOGIES L,L
