SECURITY,NEW,PREVIOUS,NEW_STATUS
ADITYA BIRLA CAPITAL LTD.     ,328.80,318.30,H
AIMTRON ELECTRONICS LTD       ,838.85,835.00,H
ANONDITA MEDICARE LIMITED     ,567.35,540.35,H
AONEAMC - AONETOTAL           ,12.49,12.41,H
ARFIN INDIA LIMITED           ,56.00,55.00,H
C P S SHAPERS LIMITED         ,1030.00,1017.00,H
CHANDAN HEALTHCARE LTD        ,355.00,350.80,H
CONNPLEX CINEMAS LIMITED      ,248.90,242.00,H
CUMMINS INDIA LTD             ,4398.40,4366.20,H
DIVINE POWER ENERGY LTD       ,282.90,282.25,H
E FACTOR EXPERIENCES LTD      ,333.00,331.00,H
EURO PRATIK SALES LIMITED     ,330.00,305.70,H
G M BREWERIES LTD             ,1316.65,1295.00,H
GROWWAMC - GROWWSC250         ,10.47,10.00,H
HBL ENGINEERING LTD           ,1033.65,1018.80,H
ICICIPRAMC - METALIETF        ,11.05,10.90,H
ICICIPRAMC - VAL30IETF        ,14.46,14.40,H
INDIAN BANK                   ,860.80,856.90,H
INDIGRID INFRASTRUCT TRST     ,174.00,173.87,H
IWARE SUPPLYCHAIN SER LTD     ,195.15,185.90,H
KOTAKMAMC - NIFTY100EW        ,35.23,34.83,H
MAHAMAYA STEEL INDS LTD       ,615.00,610.50,H
MAHENDRA REALTO & INFRA L     ,80.40,80.00,H
MAXVOLT ENERGY INDUS L        ,340.00,334.00,H
MEGASOFT LTD                  ,214.00,204.43,H
MIRAEAMC - BANKPSU            ,81.74,81.65,H
MIRAEAMC - MAFANG             ,177.55,174.60,H
MIRAEAMC - MASPTOP50          ,71.42,70.59,H
MOTILALAMC - MOINFRA          ,63.80,63.47,H
POLYCAB INDIA LIMITED         ,7868.50,7794.50,H
PSP PROJECTS LIMITED          ,949.85,947.95,H
RHETAN TMT LIMITED            ,23.43,23.15,H
S.A.L. STEEL LTD.             ,37.78,37.07,H
SAGILITY LIMITED              ,57.89,56.40,H
SHARP CHUCKS N MACHINES L     ,148.60,148.00,H
SHRINGAR HOU OF MANGALS L     ,226.85,218.08,H
SJS ENTERPRISES LIMITED       ,1628.00,1588.80,H
SOMA TEXTILEI NDUSTRIES L     ,132.68,126.37,H
TANKUP ENGINEERS LIMITED      ,542.50,516.70,H
TATA MOTORS PASS VEH LTD      ,419.00,415.00,H
TD POWER SYSTEMS LTD.         ,693.00,684.80,H
THE INDIA CEMENTS LIMITED     ,430.45,412.80,H
VST TILLERS TRACTORS LTD      ,6127.00,6069.00,H
3I INFOTECH LIMITED           ,17.06,18.38,L
ASPIRE & INNOVATIVE ADV L     ,17.75,18.65,L
BODHI TREE MULTIMEDIA LTD     ,7.11,7.28,L
CLEAN SCIENCE & TECH LTD      ,1012.70,1033.00,L
DELTA AUTOCORP LIMITED        ,56.25,58.25,L
GLOBALE TESSILE LIMITED       ,11.99,12.04,L
GROWWAMC - GROWWSC250         ,9.90,10.00,L
ISHAN INTERNATIONAL LTD       ,0.80,0.85,L
JHS SVENDGAARD RETAIL V L     ,31.49,31.50,L
K2 INFRAGEN LIMITED           ,53.50,54.75,L
MONO PHARMACARE LIMITED       ,19.55,20.10,L
QUADRANT FUTURE TEK LTD       ,355.75,356.00,L
SESHAASAI TECHNOLOGIES L      ,362.55,367.95,L
STUDIO LSD LIMITED            ,18.50,18.65,L
SURAJ LIMITED                 ,278.20,284.70,L
VIGOR PLAST INDIA LIMITED     ,81.00,81.65,L
VL E GOV AND IT SOL LTD       ,23.35,23.45,L
