SERIES,SYMBOL,SECURITY,RECORD_DT,BC_STRT_DT,BC_END_DT,EX_DT,ND_STRT_DT,ND_END_DT,PURPOSE
N6,1048IIFL27,IIFL Samasta10.48% 2027,2026-02-21,,,2026-02-20,,,INTEREST PAYMENT
U6,1048IIFL27,IIFL Samasta10.48% 2027,2026-02-21,,,2026-02-20,,,INTEREST PAYMENT
N6,10IIFL29,Sec Re NCD 9% Sr.VI,2026-02-19,,,2026-02-18,,,INTEREST PAYMENT
U6,10IIFL29,Sec Re NCD 9% Sr.VI,2026-02-19,,,2026-02-18,,,INTEREST PAYMENT
N0,116VCCL27A,VCCL 11.6% 2027 Sr A,2026-02-20,,,2026-02-20,,,INTEREST PAYMENT
N0,118VCCL27B,VCCL 11.8% 2027 Sr B,2026-02-20,,,2026-02-20,,,INTEREST PAYMENT
N0,125VCCL31,VCCL 12.5% 2031,2026-02-18,,,2026-02-18,,,INTEREST PAYMENT
N0,12VCCL29B,VCCL 12% 2029,2026-02-17,,,2026-02-17,,,INTEREST PAYMENT
TB,182D270226,GOI TBILL 182D-27/02/26,2026-02-25,,,,,,REDEMPTION
TB,364D200226,GOI TBILL 364D-20/02/26,2026-02-17,,,,,,REDEMPTION
TB,364D270226,GOI TBILL 364D-27/02/26,2026-02-25,,,,,,REDEMPTION
SG,63PY26,SDL PY 6.3% 2026,2026-02-21,,,,,,REDEMPTION
NB,704NHAI26,Tax Free 7.04% Sr. IA,2026-02-20,,,2026-02-20,,,INT PAYMENT/REDEMPTN
UB,704NHAI26,Tax Free 7.04% Sr. IA,2026-02-20,,,2026-02-20,,,INT PAYMENT/REDEMPTN
NC,729NHAI26,Tax Free 7.29% Sr. IB,2026-02-20,,,2026-02-20,,,INT PAYMENT/REDEMPTION
UC,729NHAI26,Tax Free 7.29% Sr. IB,2026-02-20,,,2026-02-20,,,INT PAYMENT/REDEMPTION
N0,734UCL28,UCL 7.34% 2028 Sr I,2026-02-18,,,2026-02-18,,,INTEREST PAYMENT
N0,734UCL30,UCL 7.34% 2030 Sr II,2026-02-18,,,2026-02-18,,,INTEREST PAYMENT
NA,753IRED34,IREDA 7.53% 2034 Sr XV F,2026-02-19,,,2026-02-18,,,INTEREST PAYMENT
UA,753IRED34,IREDA 7.53% 2034 Sr XV F,2026-02-19,,,2026-02-18,,,INTEREST PAYMENT
N0,760CIT38,CIT 7.60% 2038 Sr 2,2026-02-18,,,2026-02-18,,,INT PAYMENT/PART REDMPTN
N0,764ABL34,Axis Bank 7.64% 2034 Sr7,2026-02-20,,,2026-02-20,,,INTEREST PAYMENT
NG,812ABCL28,Aditya Birla Capital Limi,2026-02-18,,,2026-02-18,,,INTEREST PAYMENT
UG,812ABCL28,Aditya Birla Capital Limi,2026-02-18,,,2026-02-18,,,INTEREST PAYMENT
N6,829PFL29,Poonawalla Fincorp Ltd,2026-02-19,,,2026-02-18,,,INTEREST PAYMENT
U6,829PFL29,Poonawalla Fincorp Ltd,2026-02-19,,,2026-02-18,,,INTEREST PAYMENT
N2,82HUDCO27,8.20 NCD05MAR27 FV 1000,2026-02-18,,,2026-02-18,,,INTEREST PAYMENT
U2,82HUDCO27,8.20 NCD 05MAR27 FV 1000,2026-02-18,,,2026-02-18,,,INTEREST PAYMENT
N3,83044SMF29,SMFG 8.3044% 2029 Sr 105,2026-02-19,,,2026-02-18,,,INTEREST PAYMENT
U3,83044SMF29,SMFG 8.3044% 2029 Sr 105,2026-02-19,,,2026-02-18,,,INTEREST PAYMENT
MB,843SCFL27,SEC RE NCD 8.43% SR.VIII,2026-02-20,,,2026-02-20,,,INTEREST PAYMENT
YB,843SCFL27,SEC RE NCD 8.43% SR.VIII,2026-02-20,,,2026-02-20,,,INTEREST PAYMENT
NQ,860CIFC29,Chola 8.60% 2029 Sr 637,2026-02-18,,,2026-02-18,,,INTEREST PAYMENT
UQ,860CIFC29,Chola 8.60% 2029 Sr 637,2026-02-18,,,2026-02-18,,,INTEREST PAYMENT
N8,865SCL26,SEC RED NCD 8.65% SR. V,2026-02-18,,,2026-02-18,,,INTEREST PAYMENT
U8,865SCL26,SEC RED NCD 8.65% SR. V,2026-02-18,,,2026-02-18,,,INTEREST PAYMENT
N1,872MMFSL26,8.72% Unsecured NCD,2026-02-19,,,2026-02-18,,,INTEREST PAYMENT
U1,872MMFSL26,8.72% Unsecured NCD,2026-02-19,,,2026-02-18,,,INTEREST PAYMENT
NC,879SCL26,UNS RED NCD 8.79% SR.VIII,2026-02-18,,,2026-02-18,,,INTEREST PAYMENT
UC,879SCL26,UNS RED NCD 8.79% SR.VIII,2026-02-18,,,2026-02-18,,,INTEREST PAYMENT
MC,889SCFL27,SEC RE NCD 8.89% SR.VIII,2026-02-20,,,2026-02-20,,,INTEREST PAYMENT
YC,889SCFL27,SEC RE NCD 8.89% SR.VIII,2026-02-20,,,2026-02-20,,,INTEREST PAYMENT
N0,905CIFL32,CIFL 9.05% 2032 SD75,2026-02-18,,,2026-02-18,,,INTEREST PAYMENT
TB,91D260226,GOI TBILL 91D-26/02/26,2026-02-24,,,,,,REDEMPTION
N9,925CAGL26,Sec Re NCD 9.25% Sr III,2026-02-20,,,2026-02-20,,,INTEREST PAYMENT
U9,925CAGL26,Sec Re NCD 9.25% Sr III,2026-02-20,,,2026-02-20,,,INTEREST PAYMENT
NB,940CAGL27,Sec Re NCD 9.40% Sr V,2026-02-20,,,2026-02-20,,,INTEREST PAYMENT
UB,940CAGL27,Sec Re NCD 9.40% Sr V,2026-02-20,,,2026-02-20,,,INTEREST PAYMENT
N2,950BCIPL28,BCIPL 9.50% 2028,2026-02-20,,,2026-02-20,,,INTEREST/PART REDEMPTION
U2,950BCIPL28,BCIPL 9.50% 2028,2026-02-20,,,2026-02-20,,,INTEREST/PART REDEMPTION
N0,950ISF27,ISF 9.50% 2027,2026-02-18,,,2026-02-18,,,INTEREST PAYMENT
N0,960SFL35,SFL 9.60% 2035,2026-02-20,,,2026-02-20,,,INTEREST PAYMENT
ND,970CAGL28,Sec Re NCD 9.70% Sr VII,2026-02-20,,,2026-02-20,,,INTEREST PAYMENT
UD,970CAGL28,Sec Re NCD 9.70% Sr VII,2026-02-20,,,2026-02-20,,,INTEREST PAYMENT
N0,985CCSP28,CCSPL 9.85% 2028 Sr 5,2026-02-17,,,2026-02-17,,,INTEREST PAYMENT
N0,990IIFL27A,IIFL 9.90% 2027 Sr D31,2026-02-19,,,2026-02-18,,,INTEREST PAYMENT
BE,ALKEM,Alkem Laboratories Ltd.,2026-02-20,,,2026-02-20,,,INTDIV - RS 43 PER SH
BL,ALKEM,Alkem Laboratories Ltd.,2026-02-20,,,2026-02-20,,,INTDIV - RS 43 PER SH
EQ,ALKEM,Alkem Laboratories Ltd.,2026-02-20,,,2026-02-20,,,INTDIV - RS 43 PER SH
IQ,ALKEM,Alkem Laboratories Ltd.,2026-02-20,,,2026-02-20,,,INTDIV - RS 43 PER SH
T0,ALKEM,Alkem Laboratories Ltd.,2026-02-20,,,2026-02-20,,,INTDIV - RS 43 PER SH
TL,ALKEM,Alkem Laboratories Ltd.,2026-02-20,,,2026-02-20,,,INTDIV - RS 43 PER SH
BE,ASHIANA,Ashiana Housing Ltd,2026-02-19,,,2026-02-18,,,INTDIV - RE 1 PER SH
BL,ASHIANA,Ashiana Housing Ltd,2026-02-19,,,2026-02-18,,,INTDIV - RE 1 PER SH
EQ,ASHIANA,Ashiana Housing Ltd,2026-02-19,,,2026-02-18,,,INTDIV - RE 1 PER SH
IQ,ASHIANA,Ashiana Housing Ltd,2026-02-19,,,2026-02-18,,,INTDIV - RE 1 PER SH
BE,AVTNPL,AVT Natural Products Limi,2026-02-19,,,2026-02-18,,,INTDIV - RE 0.35 PER SH
BL,AVTNPL,AVT Natural Products Limi,2026-02-19,,,2026-02-18,,,INTDIV - RE 0.35 PER SH
EQ,AVTNPL,AVT Natural Products Limi,2026-02-19,,,2026-02-18,,,INTDIV - RE 0.35 PER SH
IQ,AVTNPL,AVT Natural Products Limi,2026-02-19,,,2026-02-18,,,INTDIV - RE 0.35 PER SH
BE,BBTC,Bombay Burmah Trading ,2026-02-20,,,2026-02-20,,,INTDIV - RS 17 PER SH
BL,BBTC,Bombay Burmah Trading ,2026-02-20,,,2026-02-20,,,INTDIV - RS 17 PER SH
EQ,BBTC,Bombay Burmah Trading ,2026-02-20,,,2026-02-20,,,INTDIV - RS 17 PER SH
IQ,BBTC,Bombay Burmah Trading ,2026-02-20,,,2026-02-20,,,INTDIV - RS 17 PER SH
T0,BBTC,Bombay Burmah Trading ,2026-02-20,,,2026-02-20,,,INTDIV - RS 17 PER SH
TL,BBTC,Bombay Burmah Trading ,2026-02-20,,,2026-02-20,,,INTDIV - RS 17 PER SH
BE,BECTORFOOD,Mrs Bectors Food Spe Ltd,2026-02-17,,,2026-02-17,,,INTDIV - RE 0.60 PER SH
BL,BECTORFOOD,Mrs Bectors Food Spe Ltd,2026-02-17,,,2026-02-17,,,INTDIV - RE 0.60 PER SH
EQ,BECTORFOOD,Mrs Bectors Food Spe Ltd,2026-02-17,,,2026-02-17,,,INTDIV - RE 0.60 PER SH
IQ,BECTORFOOD,Mrs Bectors Food Spe Ltd,2026-02-17,,,2026-02-17,,,INTDIV - RE 0.60 PER SH
T0,BECTORFOOD,Mrs Bectors Food Spe Ltd,2026-02-17,,,2026-02-17,,,INTDIV - RE 0.60 PER SH
TL,BECTORFOOD,Mrs Bectors Food Spe Ltd,2026-02-17,,,2026-02-17,,,INTDIV - RE 0.60 PER SH
BE,BEPL,Bhansal Engg PolyLtd-Depo,2026-02-19,,,2026-02-18,,,INTDIV - RE 1 PER SH
BL,BEPL,Bhansali Eng. Polymers Lt,2026-02-19,,,2026-02-18,,,INTDIV - RE 1 PER SH
EQ,BEPL,Bhansali Eng. Polymers Lt,2026-02-19,,,2026-02-18,,,INTDIV - RE 1 PER SH
IQ,BEPL,Bhansali Eng. Polymers Lt,2026-02-19,,,2026-02-18,,,INTDIV - RE 1 PER SH
BE,BHARATFORG,Bharat Forge Ltd,2026-02-18,,,2026-02-18,,,INTDIV - RS 2 PER SH
BL,BHARATFORG,Bharat Forge Ltd,2026-02-18,,,2026-02-18,,,INTDIV - RS 2 PER SH
EQ,BHARATFORG,Bharat Forge Ltd,2026-02-18,,,2026-02-18,,,INTDIV - RS 2 PER SH
IQ,BHARATFORG,Bharat Forge Ltd,2026-02-18,,,2026-02-18,,,INTDIV - RS 2 PER SH
T0,BHARATFORG,Bharat Forge Ltd,2026-02-18,,,2026-02-18,,,INTDIV - RS 2 PER SH
TL,BHARATFORG,Bharat Forge Ltd,2026-02-18,,,2026-02-18,,,INTDIV - RS 2 PER SH
BE,BLISSGVS,Bliss GVS Pharma Ltd,2026-02-18,,,2026-02-18,,,INTDIV - RE 0.50 PER SH
BL,BLISSGVS,Bliss GVS Pharma Ltd,2026-02-18,,,2026-02-18,,,INTDIV - RE 0.50 PER SH
EQ,BLISSGVS,Bliss GVS Pharma Ltd,2026-02-18,,,2026-02-18,,,INTDIV - RE 0.50 PER SH
IQ,BLISSGVS,Bliss GVS Pharma Ltd,2026-02-18,,,2026-02-18,,,INTDIV - RE 0.50 PER SH
BE,CANTABIL,Cantabil Retail Ltd,2026-02-20,,,2026-02-20,,,INTDIV - RE 0.75 PER SH
BL,CANTABIL,Cantabil Retail Ltd,2026-02-20,,,2026-02-20,,,INTDIV - RE 0.75 PER SH
EQ,CANTABIL,Cantabil Retail Ltd,2026-02-20,,,2026-02-20,,,INTDIV - RE 0.75 PER SH
IQ,CANTABIL,Cantabil Retail Ltd,2026-02-20,,,2026-02-20,,,INTDIV - RE 0.75 PER SH
BE,CMSINFO,CMS Info Systems Limited,2026-02-18,,,2026-02-18,,,INTDIV - RS 2.75 PER SH
BL,CMSINFO,CMS Info Systems Limited,2026-02-18,,,2026-02-18,,,INTDIV - RS 2.75 PER SH
EQ,CMSINFO,CMS Info Systems Limited,2026-02-18,,,2026-02-18,,,INTDIV - RS 2.75 PER SH
IQ,CMSINFO,CMS Info Systems Limited,2026-02-18,,,2026-02-18,,,INTDIV - RS 2.75 PER SH
BE,COALINDIA,Coal India Ltd,2026-02-18,,,2026-02-18,,,INTDIV - RS 5.50 PER SH
BL,COALINDIA,Coal India Ltd,2026-02-18,,,2026-02-18,,,INTDIV - RS 5.50 PER SH
EQ,COALINDIA,Coal India Ltd,2026-02-18,,,2026-02-18,,,INTDIV - RS 5.50 PER SH
IQ,COALINDIA,Coal India Ltd,2026-02-18,,,2026-02-18,,,INTDIV - RS 5.50 PER SH
T0,COALINDIA,Coal India Ltd,2026-02-18,,,2026-02-18,,,INTDIV - RS 5.50 PER SH
TL,COALINDIA,Coal India Ltd,2026-02-18,,,2026-02-18,,,INTDIV - RS 5.50 PER SH
BE,DCW,DCW Ltd,2026-02-20,,,2026-02-20,,,INTDIV - RE 0.10 PER SH
BL,DCW,DCW Ltd,2026-02-20,,,2026-02-20,,,INTDIV - RE 0.10 PER SH
EQ,DCW,DCW Ltd,2026-02-20,,,2026-02-20,,,INTDIV - RE 0.10 PER SH
IQ,DCW,DCW Ltd,2026-02-20,,,2026-02-20,,,INTDIV - RE 0.10 PER SH
BE,DDEVPLSTIK,Ddev Plastiks Ind Ltd,2026-02-20,,,2026-02-20,,,INTDIV - RE 0.50 PER SH
BL,DDEVPLSTIK,Ddev Plastiks Ind Ltd,2026-02-20,,,2026-02-20,,,INTDIV - RE 0.50 PER SH
EQ,DDEVPLSTIK,Ddev Plastiks Ind Ltd,2026-02-20,,,2026-02-20,,,INTDIV - RE 0.50 PER SH
IQ,DDEVPLSTIK,Ddev Plastiks Ind Ltd,2026-02-20,,,2026-02-20,,,INTDIV - RE 0.50 PER SH
BE,FSL,Firstsource Solutions Lim,2026-02-20,,,2026-02-20,,,INTDIV - RS 5.50 PER SH
BL,FSL,Firstsource Solutions Lim,2026-02-20,,,2026-02-20,,,INTDIV - RS 5.50 PER SH
EQ,FSL,Firstsource Solutions Lim,2026-02-20,,,2026-02-20,,,INTDIV - RS 5.50 PER SH
IQ,FSL,Firstsource Solutions Lim,2026-02-20,,,2026-02-20,,,INTDIV - RS 5.50 PER SH
T0,FSL,Firstsource Solutions Lim,2026-02-20,,,2026-02-20,,,INTDIV - RS 5.50 PER SH
TL,FSL,Firstsource Solutions Lim,2026-02-20,,,2026-02-20,,,INTDIV - RS 5.50 PER SH
BE,GOODLUCK,Goodluck India Limited,2026-02-19,,,2026-02-18,,,INTDIV - RS 3 PER SH
BL,GOODLUCK,Goodluck India Limited,2026-02-19,,,2026-02-18,,,INTDIV - RS 3 PER SH
EQ,GOODLUCK,Goodluck India Limited,2026-02-19,,,2026-02-18,,,INTDIV - RS 3 PER SH
IQ,GOODLUCK,Goodluck India Limited,2026-02-19,,,2026-02-18,,,INTDIV - RS 3 PER SH
BE,GRINFRA,G R Infraprojects Limited,2026-02-19,,,2026-02-18,,,INTDIV - RS 2.50 PER SH
BL,GRINFRA,G R Infraprojects Limited,2026-02-19,,,2026-02-18,,,INTDIV - RS 2.50 PER SH
EQ,GRINFRA,G R Infraprojects Limited,2026-02-19,,,2026-02-18,,,INTDIV - RS 2.50 PER SH
IQ,GRINFRA,G R Infraprojects Limited,2026-02-19,,,2026-02-18,,,INTDIV - RS 2.50 PER SH
T0,GRINFRA,G R Infraprojects Limited,2026-02-19,,,2026-02-18,,,INTDIV - RS 2.50 PER SH
TL,GRINFRA,G R Infraprojects Limited,2026-02-19,,,2026-02-18,,,INTDIV - RS 2.50 PER SH
GS,GS220226C,GOI STRIPS C 220226,2026-02-18,,,,,,REDEMPTION
BE,HAL,Hindustan Aeronautics Ltd,2026-02-18,,,2026-02-18,,,INT DIV - RS 35 PER SH
BL,HAL,Hindustan Aeronautics Ltd,2026-02-18,,,2026-02-18,,,INT DIV - RS 35 PER SH
EQ,HAL,Hindustan Aeronautics Ltd,2026-02-18,,,2026-02-18,,,INT DIV - RS 35 PER SH
IQ,HAL,Hindustan Aeronautics Ltd,2026-02-18,,,2026-02-18,,,INT DIV - RS 35 PER SH
T0,HAL,Hindustan Aeronautics Ltd,2026-02-18,,,2026-02-18,,,INT DIV - RS 35 PER SH
TL,HAL,Hindustan Aeronautics Ltd,2026-02-18,,,2026-02-18,,,INT DIV - RS 35 PER SH
BE,HIKAL,Hikal Limited,2026-02-17,,,2026-02-17,,,INTDIV - RE 0.20 PER SH
BL,HIKAL,Hikal Limited,2026-02-17,,,2026-02-17,,,INTDIV - RE 0.20 PER SH
EQ,HIKAL,Hikal Limited,2026-02-17,,,2026-02-17,,,INTDIV - RE 0.20 PER SH
IQ,HIKAL,Hikal Limited,2026-02-17,,,2026-02-17,,,INTDIV - RE 0.20 PER SH
BE,HONDAPOWER,Honda I Power Product Ltd,2026-02-19,,,2026-02-18,,,INTDIV - RS 3.50 PER SH
BL,HONDAPOWER,Honda I Power Product Ltd,2026-02-19,,,2026-02-18,,,INTDIV - RS 3.50 PER SH
EQ,HONDAPOWER,Honda I Power Product Ltd,2026-02-19,,,2026-02-18,,,INTDIV - RS 3.50 PER SH
IQ,HONDAPOWER,Honda I Power Product Ltd,2026-02-19,,,2026-02-18,,,INTDIV - RS 3.50 PER SH
BE,IGIL,Internatio Gemm Ins (I) L,2026-02-17,,,2026-02-17,,,INTDIV - RS 2.50 PER SH
BL,IGIL,Internatio Gemm Ins (I) L,2026-02-17,,,2026-02-17,,,INTDIV - RS 2.50 PER SH
EQ,IGIL,Internatio Gemm Ins (I) L,2026-02-17,,,2026-02-17,,,INTDIV - RS 2.50 PER SH
IQ,IGIL,Internatio Gemm Ins (I) L,2026-02-17,,,2026-02-17,,,INTDIV - RS 2.50 PER SH
T0,IGIL,Internatio Gemm Ins (I) L,2026-02-17,,,2026-02-17,,,INTDIV - RS 2.50 PER SH
TL,IGIL,Internatio Gemm Ins (I) L,2026-02-17,,,2026-02-17,,,INTDIV - RS 2.50 PER SH
BE,IGL,Indraprastha Gas Limited,2026-02-19,,,2026-02-18,,,INTDIV - RS 3.25 PER SH
BL,IGL,Indraprastha Gas Limited,2026-02-19,,,2026-02-18,,,INTDIV - RS 3.25 PER SH
EQ,IGL,Indraprastha Gas Limited,2026-02-19,,,2026-02-18,,,INTDIV - RS 3.25 PER SH
IQ,IGL,Indraprastha Gas Limited,2026-02-19,,,2026-02-18,,,INTDIV - RS 3.25 PER SH
T0,IGL,Indraprastha Gas Limited,2026-02-19,,,2026-02-18,,,INTDIV - RS 3.25 PER SH
TL,IGL,Indraprastha Gas Limited,2026-02-19,,,2026-02-18,,,INTDIV - RS 3.25 PER SH
IV,INDIGRID,India Grid Trust,2026-02-17,,,2026-02-17,,,DISTRIBUTION - RS 4
BE,INDNIPPON,India Nippon Elect Ltd,2026-02-20,,,2026-02-20,,,INTDIV - RS 15.50 PER SH
BL,INDNIPPON,India Nippon Elect Ltd,2026-02-20,,,2026-02-20,,,INTDIV - RS 15.50 PER SH
EQ,INDNIPPON,India Nippon Elect Ltd,2026-02-20,,,2026-02-20,,,INTDIV - RS 15.50 PER SH
IQ,INDNIPPON,India Nippon Elect Ltd,2026-02-20,,,2026-02-20,,,INTDIV - RS 15.50 PER SH
IV,INTERISE,Interise Trust,2026-02-17,,,2026-02-17,,,DISTRIBUTION - RS 3.81
BE,IOLCP,IOL Chem and Pharma Ltd,2026-02-17,,,2026-02-17,,,INTDIV - RE 1 PER SH
BL,IOLCP,IOL Chem and Pharma Ltd,2026-02-17,,,2026-02-17,,,INTDIV - RE 1 PER SH
EQ,IOLCP,IOL Chem and Pharma Ltd,2026-02-17,,,2026-02-17,,,INTDIV - RE 1 PER SH
IQ,IOLCP,IOL Chem and Pharma Ltd,2026-02-17,,,2026-02-17,,,INTDIV - RE 1 PER SH
BE,IRB,IRB Infrastructure Develo,2026-02-19,,,2026-02-18,,,INTDIV - RE 0.07 PER SH
BL,IRB,IRB Infrastructure Develo,2026-02-19,,,2026-02-18,,,INTDIV - RE 0.07 PER SH
EQ,IRB,IRB Infrastructure Develo,2026-02-19,,,2026-02-18,,,INTDIV - RE 0.07 PER SH
IQ,IRB,IRB Infrastructure Develo,2026-02-19,,,2026-02-18,,,INTDIV - RE 0.07 PER SH
T0,IRB,IRB Infrastructure Develo,2026-02-19,,,2026-02-18,,,INTDIV - RE 0.07 PER SH
TL,IRB,IRB Infrastructure Develo,2026-02-19,,,2026-02-18,,,INTDIV - RE 0.07 PER SH
BE,IRCON,Ircon International Ltd,2026-02-17,,,2026-02-17,,,INTDIV - RS 1.20 PER SH
BL,IRCON,Ircon International Ltd,2026-02-17,,,2026-02-17,,,INTDIV - RS 1.20 PER SH
EQ,IRCON,Ircon International Ltd,2026-02-17,,,2026-02-17,,,INTDIV - RS 1.20 PER SH
IQ,IRCON,Ircon International Ltd,2026-02-17,,,2026-02-17,,,INTDIV - RS 1.20 PER SH
T0,IRCON,Ircon International Ltd,2026-02-17,,,2026-02-17,,,INTDIV - RS 1.20 PER SH
TL,IRCON,Ircon International Ltd,2026-02-17,,,2026-02-17,,,INTDIV - RS 1.20 PER SH
BE,IRCTC,Indian Rail Tour Corp Ltd,2026-02-20,,,2026-02-20,,,INTDIV - RS 3.50 PER SH
BL,IRCTC,Indian Rail Tour Corp Ltd,2026-02-20,,,2026-02-20,,,INTDIV - RS 3.50 PER SH
EQ,IRCTC,Indian Rail Tour Corp Ltd,2026-02-20,,,2026-02-20,,,INTDIV - RS 3.50 PER SH
IQ,IRCTC,Indian Rail Tour Corp Ltd,2026-02-20,,,2026-02-20,,,INTDIV - RS 3.50 PER SH
T0,IRCTC,Indian Rail Tour Corp Ltd,2026-02-20,,,2026-02-20,,,INTDIV - RS 3.50 PER SH
TL,IRCTC,Indian Rail Tour Corp Ltd,2026-02-20,,,2026-02-20,,,INTDIV - RS 3.50 PER SH
BE,KIRLOSENG,Kirloskar Oil Eng Ltd,2026-02-20,,,2026-02-20,,,INTDIV - RS 2.50 PER SH
BL,KIRLOSENG,Kirloskar Oil Eng Ltd,2026-02-20,,,2026-02-20,,,INTDIV - RS 2.50 PER SH
EQ,KIRLOSENG,Kirloskar Oil Eng Ltd,2026-02-20,,,2026-02-20,,,INTDIV - RS 2.50 PER SH
IQ,KIRLOSENG,Kirloskar Oil Eng Ltd,2026-02-20,,,2026-02-20,,,INTDIV - RS 2.50 PER SH
T0,KIRLOSENG,Kirloskar Oil Eng Ltd,2026-02-20,,,2026-02-20,,,INTDIV - RS 2.50 PER SH
TL,KIRLOSENG,Kirloskar Oil Eng Ltd,2026-02-20,,,2026-02-20,,,INTDIV - RS 2.50 PER SH
BE,MSTCLTD,MSTC Limited,2026-02-18,,,2026-02-18,,,INTDIV - RS 7.60 PER SH
BL,MSTCLTD,MSTC Limited,2026-02-18,,,2026-02-18,,,INTDIV - RS 7.60 PER SH
EQ,MSTCLTD,MSTC Limited,2026-02-18,,,2026-02-18,,,INTDIV - RS 7.60 PER SH
IQ,MSTCLTD,MSTC Limited,2026-02-18,,,2026-02-18,,,INTDIV - RS 7.60 PER SH
BE,NATCOPHARM,Natco Pharma Limited,2026-02-18,,,2026-02-18,,,INTDIV - RS 1.50 PER SH
BL,NATCOPHARM,Natco Pharma Limited,2026-02-18,,,2026-02-18,,,INTDIV - RS 1.50 PER SH
EQ,NATCOPHARM,Natco Pharma Limited,2026-02-18,,,2026-02-18,,,INTDIV - RS 1.50 PER SH
IQ,NATCOPHARM,Natco Pharma Limited,2026-02-18,,,2026-02-18,,,INTDIV - RS 1.50 PER SH
T0,NATCOPHARM,Natco Pharma Limited,2026-02-18,,,2026-02-18,,,INTDIV - RS 1.50 PER SH
TL,NATCOPHARM,Natco Pharma Limited,2026-02-18,,,2026-02-18,,,INTDIV - RS 1.50 PER SH
BE,NAUKRI,Info Edge (India) Limited,2026-02-20,,,2026-02-20,,,INTDIV - RS 2.40 PER SH
BL,NAUKRI,Info Edge (India) Limited,2026-02-20,,,2026-02-20,,,INTDIV - RS 2.40 PER SH
EQ,NAUKRI,Info Edge (India) Limited,2026-02-20,,,2026-02-20,,,INTDIV - RS 2.40 PER SH
IQ,NAUKRI,Info Edge (India) Limited,2026-02-20,,,2026-02-20,,,INTDIV - RS 2.40 PER SH
T0,NAUKRI,Info Edge (India) Limited,2026-02-20,,,2026-02-20,,,INTDIV - RS 2.40 PER SH
TL,NAUKRI,Info Edge (India) Limited,2026-02-20,,,2026-02-20,,,INTDIV - RS 2.40 PER SH
BE,NCLIND,NCL Industries Limited,2026-02-21,,,2026-02-20,,,INTDIV - RS 1.50 PER SH
BL,NCLIND,NCL Industries Limited,2026-02-21,,,2026-02-20,,,INTDIV - RS 1.50 PER SH
EQ,NCLIND,NCL Industries Limited,2026-02-21,,,2026-02-20,,,INTDIV - RS 1.50 PER SH
IQ,NCLIND,NCL Industries Limited,2026-02-21,,,2026-02-20,,,INTDIV - RS 1.50 PER SH
IV,NXT-INFRA,Nxt-Infra Trust,2026-02-17,,,2026-02-17,,,DISTRIBUTION - RS 7.4825
BE,OIL,Oil India Ltd,2026-02-18,,,2026-02-18,,,INTDIV - RS 7 PER SH
BL,OIL,Oil India Ltd,2026-02-18,,,2026-02-18,,,INTDIV - RS 7 PER SH
EQ,OIL,Oil India Ltd,2026-02-18,,,2026-02-18,,,INTDIV - RS 7 PER SH
IQ,OIL,Oil India Ltd,2026-02-18,,,2026-02-18,,,INTDIV - RS 7 PER SH
T0,OIL,Oil India Ltd,2026-02-18,,,2026-02-18,,,INTDIV - RS 7 PER SH
TL,OIL,Oil India Ltd,2026-02-18,,,2026-02-18,,,INTDIV - RS 7 PER SH
BE,ONGC,OIL AND NATURAL GAS CORP.,2026-02-18,,,2026-02-18,,,INTDIV - RS 6.25 PER SH
BL,ONGC,Oil & Natural Gas Corp,2026-02-18,,,2026-02-18,,,INTDIV - RS 6.25 PER SH
EQ,ONGC,Oil & Natural Gas Corp,2026-02-18,,,2026-02-18,,,INTDIV - RS 6.25 PER SH
IQ,ONGC,Oil & Natural Gas Corp,2026-02-18,,,2026-02-18,,,INTDIV - RS 6.25 PER SH
T0,ONGC,Oil & Natural Gas Corp,2026-02-18,,,2026-02-18,,,INTDIV - RS 6.25 PER SH
TL,ONGC,Oil & Natural Gas Corp,2026-02-18,,,2026-02-18,,,INTDIV - RS 6.25 PER SH
IV,OSEINTRUST,Oriental InfraTrust,2026-02-18,,,2026-02-18,,,DISTRIBUTION - RS 2.2834
BE,PFC,Power Finance Corporation,2026-02-20,,,2026-02-20,,,INTDIV - RS 4 PER SH
BL,PFC,Power Finance Corporation,2026-02-20,,,2026-02-20,,,INTDIV - RS 4 PER SH
EQ,PFC,Power Finance Corporation,2026-02-20,,,2026-02-20,,,INTDIV - RS 4 PER SH
IQ,PFC,Power Finance Corporation,2026-02-20,,,2026-02-20,,,INTDIV - RS 4 PER SH
T0,PFC,Power Finance Corporation,2026-02-20,,,2026-02-20,,,INTDIV - RS 4 PER SH
TL,PFC,Power Finance Corporation,2026-02-20,,,2026-02-20,,,INTDIV - RS 4 PER SH
BE,PIIND,PI Industries Ltd,2026-02-23,,,2026-02-23,,,INTDIV - RS 5 PER SH
BL,PIIND,PI Industries Ltd,2026-02-23,,,2026-02-23,,,INTDIV - RS 5 PER SH
EQ,PIIND,PI Industries Ltd,2026-02-23,,,2026-02-23,,,INTDIV - RS 5 PER SH
IQ,PIIND,PI Industries Ltd,2026-02-23,,,2026-02-23,,,INTDIV - RS 5 PER SH
T0,PIIND,PI Industries Ltd,2026-02-23,,,2026-02-23,,,INTDIV - RS 5 PER SH
TL,PIIND,PI Industries Ltd,2026-02-23,,,2026-02-23,,,INTDIV - RS 5 PER SH
BE,PRECWIRE,Precision Wires India Ltd,2026-02-19,,,2026-02-18,,,INTDIV - RE 0.35 PER SH
BL,PRECWIRE,Precision Wires India Ltd,2026-02-19,,,2026-02-18,,,INTDIV - RE 0.35 PER SH
EQ,PRECWIRE,Precision Wires India Ltd,2026-02-19,,,2026-02-18,,,INTDIV - RE 0.35 PER SH
IQ,PRECWIRE,Precision Wires India Ltd,2026-02-19,,,2026-02-18,,,INTDIV - RE 0.35 PER SH
BE,PTC,PTC India Limited,2026-02-20,,,2026-02-20,,,INTDIV - RS 3 PER SH
BL,PTC,PTC India Limited,2026-02-20,,,2026-02-20,,,INTDIV - RS 3 PER SH
BZ,PTC,PTC India Limited,2026-02-20,,,2026-02-20,,,INTDIV - RS 3 PER SH
EQ,PTC,PTC India Limited,2026-02-20,,,2026-02-20,,,INTDIV - RS 3 PER SH
IQ,PTC,PTC India Limited,2026-02-20,,,2026-02-20,,,INTDIV - RS 3 PER SH
BE,RACLGEAR,RACL Geartech Limited,2026-02-20,,,2026-02-20,,,INTDIV - RS 1.50 PER SH
BL,RACLGEAR,RACL Geartech Limited,2026-02-20,,,2026-02-20,,,INTDIV - RS 1.50 PER SH
EQ,RACLGEAR,RACL Geartech Limited,2026-02-20,,,2026-02-20,,,INTDIV - RS 1.50 PER SH
IQ,RACLGEAR,RACL Geartech Limited,2026-02-20,,,2026-02-20,,,INTDIV - RS 1.50 PER SH
BE,RCF,RASHTRIYA CHEMICALS & FER,2026-02-20,,,2026-02-20,,,INTDIV - RE 1 PER SH
BL,RCF,Rashtriya Chem Fert Ltd.,2026-02-20,,,2026-02-20,,,INTDIV - RE 1 PER SH
EQ,RCF,Rashtriya Chem Fert Ltd.,2026-02-20,,,2026-02-20,,,INTDIV - RE 1 PER SH
IQ,RCF,Rashtriya Chem Fert Ltd.,2026-02-20,,,2026-02-20,,,INTDIV - RE 1 PER SH
BE,SADHNANIQ,Sadhana Nitrochem Limited,2026-02-19,,,2026-02-18,,,RIGHTS 8:1 @ PRM RS 0/-
BL,SADHNANIQ,Sadhana Nitrochem Limited,2026-02-19,,,2026-02-18,,,RIGHTS 8:1 @ PRM RS 0/-
EQ,SADHNANIQ,Sadhana Nitrochem Limited,2026-02-19,,,2026-02-18,,,RIGHTS 8:1 @ PRM RS 0/-
IQ,SADHNANIQ,Sadhana Nitrochem Limited,2026-02-19,,,2026-02-18,,,RIGHTS 8:1 @ PRM RS 0/-
BE,SCI,SHIPPING CORP OF INDIA LT,2026-02-17,,,2026-02-17,,,INTDIV - RS 3.50 PER SH
BL,SCI,Shipping Corp of India ,2026-02-17,,,2026-02-17,,,INTDIV - RS 3.50 PER SH
EQ,SCI,Shipping Corp of India ,2026-02-17,,,2026-02-17,,,INTDIV - RS 3.50 PER SH
IQ,SCI,Shipping Corp of India ,2026-02-17,,,2026-02-17,,,INTDIV - RS 3.50 PER SH
BE,SENCO,Senco Gold Limited,2026-02-20,,,2026-02-20,,,INTDIV - RE 0.75 PER SH
BL,SENCO,Senco Gold Limited,2026-02-20,,,2026-02-20,,,INTDIV - RE 0.75 PER SH
EQ,SENCO,Senco Gold Limited,2026-02-20,,,2026-02-20,,,INTDIV - RE 0.75 PER SH
IQ,SENCO,Senco Gold Limited,2026-02-20,,,2026-02-20,,,INTDIV - RE 0.75 PER SH
BE,SICALLOG,Sical Logistics Limited,2026-02-18,,,2026-02-18,,,RIGHTS 11:5@PRM RS 54/-
BL,SICALLOG,Sical Logistics Limited,2026-02-18,,,2026-02-18,,,RIGHTS 11:5@PRM RS 54/-
EQ,SICALLOG,Sical Logistics Limited,2026-02-18,,,2026-02-18,,,RIGHTS 11:5@PRM RS 54/-
IQ,SICALLOG,Sical Logistics Limited,2026-02-18,,,2026-02-18,,,RIGHTS 11:5@PRM RS 54/-
BE,SIL,STANDARD INDUSTRIES LTD.,2026-02-20,,,2026-02-20,,,INTDIV - RE 0.55 PER SH
BL,SIL,Standard Industries Limit,2026-02-20,,,2026-02-20,,,INTDIV - RE 0.55 PER SH
EQ,SIL,Standard Industries Limit,2026-02-20,,,2026-02-20,,,INTDIV - RE 0.55 PER SH
IQ,SIL,Standard Industries Limit,2026-02-20,,,2026-02-20,,,INTDIV - RE 0.55 PER SH
BE,SJVN,SJVN Ltd,2026-02-20,,,2026-02-20,,,INTDIV - RS 1.15 PER SH
BL,SJVN,SJVN Ltd,2026-02-20,,,2026-02-20,,,INTDIV - RS 1.15 PER SH
EQ,SJVN,SJVN Ltd,2026-02-20,,,2026-02-20,,,INTDIV - RS 1.15 PER SH
IQ,SJVN,SJVN Ltd,2026-02-20,,,2026-02-20,,,INTDIV - RS 1.15 PER SH
T0,SJVN,SJVN Ltd,2026-02-20,,,2026-02-20,,,INTDIV - RS 1.15 PER SH
TL,SJVN,SJVN Ltd,2026-02-20,,,2026-02-20,,,INTDIV - RS 1.15 PER SH
BE,TORNTPHARM,TORNTPHARM - Depo,2026-02-19,,,2026-02-18,,,INTDIV - RS 29 PER SH
BL,TORNTPHARM,Torrent Pharma Ltd.,2026-02-19,,,2026-02-18,,,INTDIV - RS 29 PER SH
EQ,TORNTPHARM,Torrent Pharma Ltd.,2026-02-19,,,2026-02-18,,,INTDIV - RS 29 PER SH
IQ,TORNTPHARM,Torrent Pharma Ltd.,2026-02-19,,,2026-02-18,,,INTDIV - RS 29 PER SH
T0,TORNTPHARM,Torrent Pharma Ltd.,2026-02-19,,,2026-02-18,,,INTDIV - RS 29 PER SH
TL,TORNTPHARM,Torrent Pharma Ltd.,2026-02-19,,,2026-02-18,,,INTDIV - RS 29 PER SH
BE,UNIDT,United Drilling Tools Ltd,2026-02-20,,,2026-02-20,,,INTDIV - RE 0.60 PER SH
BL,UNIDT,United Drilling Tools Ltd,2026-02-20,,,2026-02-20,,,INTDIV - RE 0.60 PER SH
EQ,UNIDT,United Drilling Tools Ltd,2026-02-20,,,2026-02-20,,,INTDIV - RE 0.60 PER SH
IQ,UNIDT,United Drilling Tools Ltd,2026-02-20,,,2026-02-20,,,INTDIV - RE 0.60 PER SH
BE,UNITEDTEA,United Nilgiri Tea Ltd,2026-02-18,,,2026-02-18,,,INTDIV - RE 1 PER SH
BL,UNITEDTEA,United Nilgiri Tea Ltd,2026-02-18,,,2026-02-18,,,INTDIV - RE 1 PER SH
EQ,UNITEDTEA,United Nilgiri Tea Ltd,2026-02-18,,,2026-02-18,,,INTDIV - RE 1 PER SH
BE,WEL,Wonder Electricals Ltd,2026-02-20,,,2026-02-20,,,INTDIV - RE 0.10 PER SH
BL,WEL,Wonder Electricals Ltd,2026-02-20,,,2026-02-20,,,INTDIV - RE 0.10 PER SH
EQ,WEL,Wonder Electricals Ltd,2026-02-20,,,2026-02-20,,,INTDIV - RE 0.10 PER SH
IQ,WEL,Wonder Electricals Ltd,2026-02-20,,,2026-02-20,,,INTDIV - RE 0.10 PER SH
