SYMBOL,SERIES,SECURITY,HIGH/LOW
679GS2034A,GS,GOI LOAN   6.79% 2034,H
AILIMITED,SM,ABHISHEK INTEGRATIONS LTD,H
AIRAN,EQ,AIRAN LIMITED,H
AMCL,ST,ANB METAL CAST LIMITED,H
ANSALAPI,BZ,ANSAL PROP & INFRA LTD,H
ARSHIYA,BZ,ARSHIYA LIMITED,H
BIOPOL,ST,BIOPOL CHEMICALS LIMITED,H
BLUECHIP,EQ,BLUE CHIP INDIA LIMITED,H
BRANDMAN,ST,BRANDMAN RETAIL LIMITED,H
CADSYS,SM,CADSYS (INDIA) LIMITED,H
CAPTRUST,EQ,CAPITAL TRUST LIMITED,H
CEDAAR,SM,CEDAAR TEXTILE LIMITED,H
CKKRETAIL,ST,C K K RETAIL MART LIMITED,H
COOLCAPS,SM,COOL CAPS INDUSTRIES LTD,H
DCMSIL,BE,DCM SHRIRAM INTERNATNL L,H
DHARAN,BZ,DHARAN INFRA-EPC LIMITED,H
DSFCL,BE,DCM SHRIRAM FINE CHEM LTD,H
EASEMYTRIP,EQ,EASY TRIP PLANNERS LTD,H
EPACKPEB,EQ,EPACK PREFAB TECHN LTD,H
EUROTEXIND,BE,EUROTEX IND & EXPORTS LTD,H
EXCELLENT,ST,EXCELLENT WIRES N PACK L,H
FEL,BZ,FUTURE ENTERPRISES LTD,H
FLFL,BZ,FUT LIFESTYLE FASH LTD,H
FMNL,EQ,FUTURE MKT NETWORKS LTD,H
FORGEAUTO,SM,FORGE AUTO INTERNATION L,H
GICL,ST,GLOBE INTL CARRIERS LTD,H
GJL,ST,GROVER JEWELLS LIMITED,H
GKENERGY,EQ,GK ENERGY LIMITED,H
GLFL,EQ,GUJARAT LEASE FINANCING L,H
GLOBAL,BE,GLOBAL EDUCATION LIMITED,H
GRCL,SM,GAYATRI RUBB AND CHEM LTD,H
GVPIL,EQ,GE POWER INDIA LIMITED,H
HNGSNGBEES,EQ,NIP IND ETF HANGSENG BEES,H
HPTL,SM,HP TELECOM INDIA LIMITED,H
ITTL,ST,INNOVATIVE TYRE & TUBE LT,H
JITFINFRA,EQ,JITF INFRALOGISTICS LTD,H
JPASSOCIAT,BE,JAIPRAKASH ASSOCIATES LTD,H
KARMAENG,EQ,KARMA ENERGY LIMITED,H
KOTHARIPRO,EQ,KOTHARI PRODUCTS LTD,H
KSR,BE,KSR FOOTWEAR LIMITED,H
LCCINFOTEC,BE,LCC INFOTECH LTD,H
LOTUSEYE,EQ,LOTUS EYE HOSP & INST L,H
MAFANG,EQ,MIRAEAMC - MAFANG,H
MAHKTECH,EQ,MIRAEAMC - MAHKTECH,H
MANAKALUCO,BE,MANAK ALUMINIUM CO. LTD.,H
MANAV,SM,MANAV INFRA PROJECTS LTD,H
MASPTOP50,EQ,MIRAEAMC - MASPTOP50,H
MAXVOLT,ST,MAXVOLT ENERGY INDUS L,H
NIRAJISPAT,BE,NIRAJ ISPAT IND LTD,H
NORBTEAEXP,BE,NORBEN TEA &EXPORTS LTD,H
ONELIFECAP,BE,ONELIFE CAP ADVISORS LTD,H
ORCHASP,EQ,ORCHASP LIMITED,H
ORTEL,BZ,ORTEL COMMUNICATIONS LTD,H
ORTINGLOBE,BE,ORTIN GLOBAL LIMITED,H
PATTECH,SM,PATTECH FITWELL TUB COM L,H
QUESTLAB,ST,QUEST LABORATORIES LTD,H
RAJRILTD,BE,RAJ RAYON INDUSTRIES LTD,H
RELINFRA,BE,RELIANCE INFRASTRUCTU LTD,H
REXPIPES,SM,REX PIPES AND CABLES LTD,H
S&SPOWER,EQ,S&S POWER SWITCHGEARS LTD,H
SADBHAV,EQ,SADBHAV ENGINEERING LTD,H
SATIPOLY,SM,SATI POLY PLAST LIMITED,H
SELMC,BE,SEL MANUFACTURING CO LTD,H
SHEETAL,ST,SHEETAL UNIVERSAL LIMITED,H
SHRENIK,BZ,SHRENIK LIMITED,H
SITINET,BZ,SITI NETWORKS LIMITED,H
SMLMAH,EQ,SML MAHINDRA LIMITED,H
SOMATEX,BE,SOMA TEXTILEI NDUSTRIES L,H
SUPREMEENG,BZ,SUPREME ENGINEERING LTD,H
SYNOPTICS,SM,SYNOPTICS TECHNOLOGIES L,H
SYSTANGO,ST,SYSTANGO TECHNOLOGIES LTD,H
TAPIFRUIT,SM,TAPI FRUIT PROCESSING LTD,H
TECHLABS,SM,TRIDENT TECHLABS LIMITED,H
TPHQ,EQ,TEAMO PRODUCTIONS HQ LTD,H
UNIECOM,EQ,UNICOMMERCE ESOLUTIONS L,H
VILINBIO,ST,VILIN BIO MED LIMITED,H
VIVIMEDLAB,EQ,VIVIMED LABS LIMITED,H
WAAREEINDO,BE,INDOSOLAR LIMITED,H
WINSOME,BZ,WINSOME YARNS LIMITED,H
AGUL,SM,A G UNIVERSAL LIMITED,L
AQYLON,BE,AQYLON NEXUS LIMITED,L
AURIGROW,BE,AURI GROW INDIA LIMITED,L
BHAGYANGR,BE,BHAGYANAGAR INDIA LIMITED,L
BIOPOL,ST,BIOPOL CHEMICALS LIMITED,L
BRANDMAN,ST,BRANDMAN RETAIL LIMITED,L
CEDAAR,SM,CEDAAR TEXTILE LIMITED,L
COMPINFO,BZ,COMPUAGE INFOCOM LTD,L
DHARAN,BZ,DHARAN INFRA-EPC LIMITED,L
DHTL,ST,DOCMODE HEALTH TECH LTD,L
DIRL,SM,DHANUKA INFRA REALTY LTD,L
DSFCL,BE,DCM SHRIRAM FINE CHEM LTD,L
EASTSILK,BE,EASTERN SILK INDUSTRIES L,L
FOCE,SM,FOCE INDIA LIMITED,L
GANESHIN,SM,GANESH INFRAWORLD LIMITED,L
GAYAHWS,EQ,GAYATRI HIGHWAYS LIMITED,L
GRAPHISAD,ST,GRAPHISADS LIMITED,L
HRHNEXT,SM,HRH NEXT SERVICES LIMITED,L
IL&FSENGG,BZ,IL&FS ENG AND CONS CO LTD,L
JALAN,ST,JALAN TRANSOLU. INDIA LTD,L
KAVDEFENCE,EQ,KAVVERI DFS & WIR TEC LTD,L
KWIL,BE,KWALITY WALL'S (INDIA) L,L
LAXMICOT,BE,LAXMI COTSPIN LIMITED,L
LCCINFOTEC,BE,LCC INFOTECH LTD,L
MAL,SM,MANGALAM ALLOYS LIMITED,L
MCON,ST,MCON RASAYAN INDIA LTD,L
MEP,BZ,MEP INFRA. DEVELOPERS LTD,L
MHHL,SM,MOHINI HEALTH&HYGIENE LTD,L
MIEL,SM,MANGLAM INFRA & ENG LTD,L
MILTON,ST,MILTON INDUSTRIES LIMITED,L
MTEDUCARE,BE,MT EDUCARE LTD,L
NEWJAISA,SM,NEWJAISA TECHNOLOGIES LTD,L
NIRAJISPAT,BE,NIRAJ ISPAT IND LTD,L
NIRMAN,SM,NIRMAN AGRI GENTICS LTD,L
NRVANDANA,ST,N R VANDANA TEX IND LTD,L
OMKARCHEM,BZ,OMKAR SPL CHEM LTD,L
PALREDTEC,EQ,PALRED TECHNOLOGIES LTD,L
PARASPETRO,BE,PARAS PETROFILS LTD.,L
PERFECT,SZ,PERFECT INFRAENGINEER LTD,L
POLYSIL,ST,POLYSIL IRRIGATION SYST L,L
PRECISION,SM,PRECISION METALIKS LTD,L
PREMIER,BE,PREMIER LIMITED,L
PROLIFE,SM,PROLIFE INDUSTRIES LTD,L
RAJRILTD,BE,RAJ RAYON INDUSTRIES LTD,L
RELINFRA,BE,RELIANCE INFRASTRUCTU LTD,L
SANCO,BZ,SANCO INDUSTRIES LIMITED,L
SANWARIA,BZ,SANWARIA CONSUMER LIMITED,L
SETUINFRA,BZ,SETUBANDHAN INFRA LTD,L
SHUBHLAXMI,ST,SHUBHLAXMI JEWEL ART LTD,L
SICALLOG,BE,SICAL LOGISTICS LIMITED,L
SIKKO,EQ,SIKKO INDUSTRIES LIMITED,L
SPRL,SM,SP REFRACTORIES LIMITED,L
STALLION,EQ,STALLION IND FLUOROCHEM L,L
SUPREMEENG,BZ,SUPREME ENGINEERING LTD,L
TAKE,BE,TAKE SOLUTIONS LTD,L
TGL,ST,TEERTH GOPICON LIMITED,L
THESL,SM,THINKING HATS ENTER SOL L,L
TIJARIA,BE,TIJARIA POLYPIPES LTD,L
UEL,EQ,UJAAS ENERGY LIMITED,L
UNITEDPOLY,EQ,UNITED POLYFAB GUJ. LTD.,L
VASA,SM,VASA RETAIL & OVERSEA LTD,L
VCL,BE,VAXTEX COTFAB LIMITED,L
VELS,SM,VELS FILM INTERNATIONAL L,L
VIAZ,SM,VIAZ TYRES LIMITED,L
VISAMAN,ST,VISAMAN GLOBAL SALES LTD,L
WINSOME,BZ,WINSOME YARNS LIMITED,L
YUDIZ,SM,YUDIZ SOLUTIONS LIMITED,L
