SECURITY,NEW,PREVIOUS,NEW_STATUS
AYE FINANCE LIMITED           ,149.69,133.80,H
BLISS GVS PHARMA LTD          ,243.90,225.20,H
BRANDMAN RETAIL LIMITED       ,233.45,222.35,H
C K K RETAIL MART LIMITED     ,240.65,229.20,H
COMMERCIAL SYN BAGS LTD       ,192.30,190.00,H
DCM SHRIRAM FINE CHEM LTD     ,52.50,60.58,H
DCM SHRIRAM INTERNATNL L      ,52.21,60.58,H
DIVINE HIRA JEWELLERS LTD     ,270.50,260.00,H
DSPAMC - DSPPSBKETF           ,96.08,94.00,H
DYNAMATIC TECHNOLOGIES        ,10254.50,10039.50,H
FORCE MOTORS LIMITED          ,25990.00,25050.00,H
FRACTAL ANALYTICS LIMITED     ,921.00,897.30,H
FRESHARA AGRO EXPORTS LTD     ,225.00,221.95,H
GROVER JEWELLS LIMITED        ,122.40,116.60,H
HDFCAMC HDFCPSUBK             ,96.26,94.59,H
ICICIPRAMC - IPRU5008         ,63.90,63.19,H
ICICIPRAMC - PSUBANKICI       ,96.62,94.87,H
JIND POL INV & FIN CO LTD     ,1283.95,1240.00,H
KIRLOSKAR OIL ENG LTD         ,1475.50,1450.00,H
KOTAK PSU BANK                ,1010.00,945.00,H
MANAV INFRA PROJECTS LTD      ,39.90,38.00,H
MAX FINANCIAL SERV LTD        ,1865.00,1857.40,H
MIRAEAMC - BANKPSU            ,95.96,93.73,H
MIRAEAMC - HEALTHCARE         ,18.52,18.44,H
MIRAEAMC - MAMFGETF           ,163.05,161.10,H
MTAR TECHNOLOGIES LIMITED     ,3822.00,3748.70,H
NATIONAL HIGHW INFRA TRUS     ,155.00,154.75,H
PARAMPARA DAIRY DLGHT LTD     ,10.50,10.25,H
PARK MEDI WORLD LIMITED       ,180.00,179.60,H
PASHUPATI COTSPIN LIMITED     ,921.90,915.50,H
R&B DENIMS LIMITED            ,184.70,181.90,H
RACL GEARTECH LIMITED         ,1691.90,1441.60,H
REX PIPES AND CABLES LTD      ,189.00,180.00,H
S.A.L. STEEL LTD.             ,49.57,48.71,H
SBI-ETF NIFTY BANK            ,640.00,636.47,H
SBIAMC - SBIBPB               ,55.00,53.92,H
SHEETAL UNIVERSAL LIMITED     ,252.35,240.35,H
SHREEJI SHIPPING GLOBAL L     ,418.50,418.00,H
SHRINGAR HOU OF MANGALS L     ,256.25,250.70,H
SML MAHINDRA LIMITED          ,5115.30,4940.00,H
AGS TRANSACT TECH LTD         ,3.60,3.66,L
ALLCARGO LOGISTICS LTD        ,8.86,8.91,L
ARMOUR SECURITY (INDIA) L     ,23.50,26.50,L
AURI GROW INDIA LIMITED       ,0.32,0.33,L
BIOPOL CHEMICALS LIMITED      ,95.25,100.25,L
BLUESTONE JEWEL LFSTL LTD     ,399.80,404.00,L
BRAINBEES SOLUTIONS LTD       ,228.10,236.80,L
CAPITAL INFRA TRUST           ,70.00,70.81,L
CELL POINT (INDIA) LTD        ,15.00,15.05,L
CELLO WORLD LIMITED           ,466.40,468.00,L
CLEAN SCIENCE & TECH LTD      ,737.55,740.10,L
DCM SHRIRAM FINE CHEM LTD     ,47.50,60.58,L
DCM SHRIRAM INTERNATNL L      ,49.50,60.58,L
DELPHI WORLD MONEY LTD        ,13.55,14.00,L
DHANUKA INFRA REALTY LTD      ,17.15,18.05,L
DHARIWALCORP LIMITED          ,69.25,70.65,L
FRACTAL ANALYTICS LIMITED     ,830.00,831.30,L
FROG INNOVATIONS LIMITED      ,128.00,130.00,L
GANESH CONSUMER PRODUCT L     ,185.21,186.61,L
GO FASHION INDIA LTD          ,331.00,335.00,L
GROWWAMC - GROWWSLVR          ,22.26,22.53,L
HALDER VENTURE LIMITED        ,250.50,250.95,L
HAPPY SQUARE OUTSOURC S L     ,47.15,49.00,L
INTERIORS & MORE LIMITED      ,163.00,165.05,L
KAMDHENU VENTURES LIMITED     ,4.48,4.90,L
KWALITY WALL'S (INDIA) L      ,27.95,28.31,L
MAXPOSURE LIMITED             ,34.10,34.60,L
MAYASHEEL VENTURES LTD        ,45.65,46.00,L
MOVING MEDIA ENTER LTD        ,36.00,37.80,L
NEPHRO CARE INDIA LIMITED     ,76.00,87.00,L
OLA ELECTRIC MOBILITY LTD     ,27.36,28.70,L
ORKLA INDIA LIMITED           ,533.25,536.00,L
PICTUREPOST STUDIOS LTD       ,8.50,8.80,L
ROUTE MOBILE LIMITED          ,529.00,532.60,L
SADHANA NITROCHEM LIMITED     ,5.52,5.59,L
SOLVE PLASTIC PRODUCTS L      ,22.45,23.10,L
THINKING HATS ENTER SOL L     ,17.65,18.10,L
UPSURGE SEEDS OF AGRI LTD     ,119.80,125.65,L
VICTORY ELEC VEHICL INT L     ,18.05,19.00,L
VIGOR PLAST INDIA LIMITED     ,55.05,56.00,L
VIKRAN ENGINEERING LTD        ,74.13,76.82,L
VISHWARAJ SUGAR IND LTD       ,5.51,5.74,L
WEWORK INDIA MANAGEMENT L     ,555.00,555.60,L
