SYMBOL,SERIES,SECURITY,HIGH/LOW
985SFIL28,NO,SEC RE NCD 9.85% SR.VIII,H
ABINFRA,EQ,A B INFRABUILD LIMITED,H
AGSTRA,BZ,AGS TRANSACT TECH LTD,H
ALLCARGO,BE,ALLCARGO LOGISTICS LTD,H
ALPSINDUS,EQ,ALPS INDUSTRIES LTD,H
ASMS,BE,BARTRONICS INDIA LIMITED,H
ASPIRE,SM,ASPIRE & INNOVATIVE ADV L,H
ASTEC,EQ,ASTEC LIFESCIENCES LTD,H
AURIGROW,EQ,AURI GROW INDIA LIMITED,H
BHAGYANGR,BE,BHAGYANAGAR INDIA LIMITED,H
BIKEWO,SM,BIKEWO GREEN TECH LIMITED,H
CADSYS,SM,CADSYS (INDIA) LIMITED,H
CBAZAAR,SM,NET AVENUE TECHNOLOGIES L,H
COMMITTED,ST,COMMITTED CARGO CARE LTD,H
CURAA,BE,CURA TECHNOLOGIES LIMITED,H
DIVINEHIRA,ST,DIVINE HIRA JEWELLERS LTD,H
DREDGECORP,EQ,DREDGING CORP OF INDIA,H
DYNAMIC,SM,DYNAMIC SRVCS & SEC LTD,H
ESCONET,SM,ESCONET TECHNOLOGIES LTD,H
EXCEL,BE,EXCEL REALTY N INFRA LTD,H
FEL,BZ,FUTURE ENTERPRISES LTD,H
FLFL,BZ,FUT LIFESTYLE FASH LTD,H
GATECH,EQ,GACM TECHNOLOGIES LIMITED,H
GAYAHWS,BE,GAYATRI HIGHWAYS LIMITED,H
GSTL,SM,GLOBESECURE TECHNO LTD,H
GUJRAFFIA,BE,GUJARAT RAFFIA INDUST LTD,H
GVKPIL,BE,GVK POW. & INFRA LTD.,H
HOMESFY,SM,HOMESFY REALTY LIMITED,H
HPTL,ST,HP TELECOM INDIA LIMITED,H
IDEA,T0,VODAFONE IDEA LIMITED,H
IL&FSENGG,BZ,IL&FS ENG AND CONS CO LTD,H
INFLUX,ST,INFLUX HEALTHTECH LIMITED,H
INTENTECH,BE,INTENSE TECHNOLOGIES LTD,H
ITTL,ST,INNOVATIVE TYRE & TUBE LT,H
IWARE,ST,IWARE SUPPLYCHAIN SER LTD,H
JEYYAM,ST,JEYYAM GLOBAL FOODS LTD,H
JITFINFRA,BE,JITF INFRALOGISTICS LTD,H
JSWHL,EQ,JSW HOLDINGS LIMITED,H
K2INFRA,SM,K2 INFRAGEN LIMITED,H
KCK,ST,KCK INDUSTRIES LTD,H
KESORAMIND,EQ,KESORAM INDUSTRIES LTD,H
KKVAPOW,SM,KKV AGRO POWERS LTD.,H
LAGNAM,EQ,LAGNAM SPINTEX LIMITED,H
LCCINFOTEC,EQ,LCC INFOTECH LTD,H
MAFANG,EQ,MIRAEAMC - MAFANG,H
MAHKTECH,EQ,MIRAEAMC - MAHKTECH,H
MANAV,ST,MANAV INFRA PROJECTS LTD,H
MASPTOP50,EQ,MIRAEAMC - MASPTOP50,H
MIEL,ST,MANGLAM INFRA & ENG LTD,H
MONOPHARMA,SM,MONO PHARMACARE LIMITED,H
MONQ50,EQ,MOTILALAMC - MONQ50,H
MSPL,EQ,MSP STEEL & POWER LTD.,H
MTEDUCARE,BE,MT EDUCARE LTD,H
NAVKARURB,EQ,NAVKAR URBANSTRUCTURE LTD,H
NIRMAN,SM,NIRMAN AGRI GENTICS LTD,H
OMKARCHEM,BZ,OMKAR SPL CHEM LTD,H
ORTEL,BZ,ORTEL COMMUNICATIONS LTD,H
PERFECT,SZ,PERFECT INFRAENGINEER LTD,H
PIRAMALFIN,BE,PIRAMAL FINANCE LIMITED,H
PKTEA,BE,THE P K TEA PROD CO LTD,H
PREMIER,BE,PREMIER LIMITED,H
PROLIFE,SM,PROLIFE INDUSTRIES LTD,H
REFRACTORY,SM,REFRACTORY SHAPES LIMITED,H
RHFL,BZ,RELIANCE HOME FINANCE LTD,H
SABAR,ST,SABAR FLEX INDIA LIMITED,H
SABTNL,EQ,SRI ADHIKARI BRO TELE N L,H
SACHEEROME,ST,SACHEEROME LIMITED,H
SANWARIA,BZ,SANWARIA CONSUMER LIMITED,H
SATIPOLY,SM,SATI POLY PLAST LIMITED,H
SECURKLOUD,EQ,SECUREKLOUD TECH LIMITED,H
SEJALLTD,BE,SEJAL GLASS LIMITED,H
SETUINFRA,BZ,SETUBANDHAN INFRA LTD,H
SHETHJI,ST,SHREEJI GLOBAL FMCG LTD,H
SHUBHLAXMI,SM,SHUBHLAXMI JEWEL ART LTD,H
SIGMA,BE,SIGMA SOLVE LIMITED,H
SITINET,BZ,SITI NETWORKS LIMITED,H
SOLEX,EQ,SOLEX ENERGY LIMITED,H
SOTAC,SM,SOTAC PHARMACEUTICALS LTD,H
SUPREMEENG,BZ,SUPREME ENGINEERING LTD,H
TECHD,ST,TECHD CYBERSECURITY LTD,H
TGL,SM,TEERTH GOPICON LIMITED,H
THESL,SM,THINKING HATS ENTER SOL L,H
TNTELE,EQ,TAMILNADU TELECOMMUNICATI,H
UFO,EQ,UFO MOVIEZ INDIA LTD.,H
UNIHEALTH,SM,UNIHEALTH HOSPITALS LTD,H
UWCSL,SM,ULTRA WIRING CONN SYS LTD,H
V2RETAIL,EQ,V2 RETAIL LIMITED,H
VCL,EQ,VAXTEX COTFAB LIMITED,H
VISAMAN,ST,VISAMAN GLOBAL SALES LTD,H
VISASTEEL,BE,VISA STEEL LIMITED,H
VLEGOV,EQ,VL E GOV AND IT SOL LTD,H
WINSOME,BZ,WINSOME YARNS LIMITED,H
YESBANK,T0,YES BANK LIMITED,H
ZENITHEXPO,EQ,ZENITH EXPORTS LTD,H
21STCENMGM,EQ,21ST CENTURY MGMT SERVICE,L
709KL52,SG,SDL KL 7.09% 2052,L
AARADHYA,ST,AARADHYA DISPOSAL INDUS L,L
ABMINTLLTD,BE,ABM INTERNATIONAL LTD,L
AESTHETIK,SM,AESTHETIK ENGINEERS LTD,L
AMBANIORGO,SM,AMBANI ORGOCHEM LIMITED,L
AMCL,ST,ANB METAL CAST LIMITED,L
ANSALAPI,BZ,ANSAL PROP & INFRA LTD,L
ARSHIYA,BZ,ARSHIYA LIMITED,L
ARVINDPORT,SM,ARVIND PORT AND INFRA LTD,L
ASTRON,EQ,ASTRON PAPER BORD MIL LTD,L
ATLANTAA,BE,ATLANTAA LIMITED,L
BALAJIPHOS,ST,BALAJI PHOSPHATES LIMITED,L
BHAGYANGR,BE,BHAGYANAGAR INDIA LIMITED,L
BLUECOAST,BE,BLUE COAST HOTELS LIMITED,L
CAPTRUST,EQ,CAPITAL TRUST LIMITED,L
COMPINFO,BZ,COMPUAGE INFOCOM LTD,L
CPS,SM,C P S SHAPERS LIMITED,L
CURAA,BE,CURA TECHNOLOGIES LIMITED,L
CURIS,ST,CURIS LIFESCIENCES LTD,L
DHARAN,BZ,DHARAN INFRA-EPC LIMITED,L
DIVYADHAN,SM,DIVYADHAN RECYCLING IND L,L
EQUIPPP,BE,EQUIPPP SOC IMP TECH LTD,L
ESFL,SM,ESSEN SPECIALITY FILMS L,L
FISCHER,EQ,FISCHER MEDICAL VENTURE L,L
FLEXITUFF,EQ,FLEXITUFF VENTURES INT L,L
GAYAHWS,BE,GAYATRI HIGHWAYS LIMITED,L
GCHOTELS,ST,GRAND CONTINENT HOTELS L,L
GIRIRAJ,SM,GIRIRAJ CIVIL DEVP LTD,L
GOLDENTOBC,BZ,GOLDEN TOBACCO LIMITED,L
GOLDSTAR,SM,GOLDSTAR POWER LIMITED,L
GSTL,SM,GLOBESECURE TECHNO LTD,L
IDEALTECHO,ST,IDEAL TECHNOPLAST IND LTD,L
ISHAN,SM,ISHAN INTERNATIONAL LTD,L
JIOFIN,T0,JIO FIN SERVICES LTD,L
KARNIKA,ST,KARNIKA INDUSTRIES LTD,L
KAYA,EQ,KAYA LIMITED,L
KEEPLEARN,EQ,DSJ KEEP LEARNING LTD,L
KORE,ST,JAY JALARAM TECHNO LTD,L
LATTEYS,BE,LATTEYS INDUSTRIES LTD,L
LCCINFOTEC,EQ,LCC INFOTECH LTD,L
MADHUCON,EQ,MADHUCON PROJECTS LTD.,L
MAL,SM,MANGALAM ALLOYS LIMITED,L
MASKINVEST,BE,MASK INVESTMENTS LIMITED,L
MAXVOLT,ST,MAXVOLT ENERGY INDUS L,L
MCLOUD,EQ,MAGELLANIC CLOUD LIMITED,L
MEDIORG,SM,MEDICAMEN ORGANICS LTD,L
MEP,BZ,MEP INFRA. DEVELOPERS LTD,L
NAMAN,SM,NAMAN IN-STORE (INDIA) L,L
NAVKARURB,EQ,NAVKAR URBANSTRUCTURE LTD,L
NEELAM,SM,NEELAM LINENS & GAR (I) L,L
ORCHASP,BE,ORCHASP LIMITED,L
PRECISION,SM,PRECISION METALIKS LTD,L
READYMIX,ST,READYMIX CONSTRU MACHI L,L
RELINFRA,BE,RELIANCE INFRASTRUCTU LTD,L
RICHA,ST,RICHA INFO SYSTEMS LTD,L
RISHABH,BE,RISHABH INSTRUMENTS LTD,L
RUCHINFRA,EQ,RUCHI INFRASTRUCTURE LTD,L
SADHNANIQ,BE,SADHANA NITROCHEM LIMITED,L
SAMAY,ST,SAMAY PROJECT SERVICES L,L
SANCO,BZ,SANCO INDUSTRIES LIMITED,L
SETUINFRA,BZ,SETUBANDHAN INFRA LTD,L
SIDDHIKA,SM,SIDDHIKA COATINGS LIMITED,L
SITINET,BZ,SITI NETWORKS LIMITED,L
STALLION,BE,STALLION IND FLUOROCHEM L,L
TAURIAN,ST,TAURIAN MPS LIMITED,L
TERASOFT,BE,TERA SOFTWARE LIMITED,L
TRUST,ST,TRUST FINTECH LIMITED,L
VALIANTORG,EQ,VALIANT ORGANICS LIMITED,L
XELPMOC,BE,XELPMOC DESIGN & TECH LTD,L
YASHOPTICS,ST,YASH OPTICS & LENS LTD,L
