SYMBOL,SERIES,SECURITY,HIGH/LOW
21STCENMGM,EQ,21ST CENTURY MGMT SERVICE,H
718GS2033,GS,GOI LOAN  7.18% 2033,H
AMJUMBO,SM,A AND M JUMBO BAGS LTD,H
ASTRON,EQ,ASTRON PAPER BORD MIL LTD,H
ATLANTAA,BE,ATLANTAA LIMITED,H
AURIGROW,BE,AURI GROW INDIA LIMITED,H
AXISCADES,BE,AXISCADES TECH LTD,H
BHAGYANGR,BE,BHAGYANAGAR INDIA LIMITED,H
BORANA,BE,BORANA WEAVES LIMITED,H
CCCL,BE,CONS. CONST. CONSORT LTD,H
CMICABLES,BZ,CMI LIMITED,H
CPS,ST,C P S SHAPERS LIMITED,H
DENEERS,SM,DE NEERS TOOLS LIMITED,H
DHARAN,BZ,DHARAN INFRA-EPC LIMITED,H
DPEL,ST,DIVINE POWER ENERGY LTD,H
DRSDILIP,SM,DRS DILIP ROADLINES LTD.,H
EMBDL,BE,EMBASSY DEVELOPMENTS LTD,H
FEL,BZ,FUTURE ENTERPRISES LTD,H
FELDVR,BZ,FUTURE ENTERPRISES LTD,H
FLFL,BZ,FUT LIFESTYLE FASH LTD,H
GAYAHWS,BE,GAYATRI HIGHWAYS LIMITED,H
GAYAPROJ,BZ,GAYATRI PROJECTS LTD,H
GFSTEELS,BE,GRAND FOUNDRY LTD,H
GOYALALUM,EQ,GOYAL ALUMINIUMS LIMITED,H
ITTL,ST,INNOVATIVE TYRE & TUBE LT,H
JALAN,ST,JALAN TRANSOLU. INDIA LTD,H
KSR,EQ,KSR FOOTWEAR LIMITED,H
LCCINFOTEC,BE,LCC INFOTECH LTD,H
LGHL,EQ,LAXMI GOLDORNA HOUSE LTD,H
MAFANG,EQ,MIRAEAMC - MAFANG,H
MAHKTECH,EQ,MIRAEAMC - MAHKTECH,H
MANAKSTEEL,EQ,MANAKSIA STEELS LTD,H
MANGALAM,EQ,MANGALAM DRUG & CHEM LTD,H
MASPTOP50,EQ,MIRAEAMC - MASPTOP50,H
MCL,EQ,MADHAV COPPER LIMITED,H
MEESHO,EQ,MEESHO LIMITED,H
MEP,BZ,MEP INFRA. DEVELOPERS LTD,H
MILTON,SM,MILTON INDUSTRIES LIMITED,H
MIRCELECTR,EQ,MIRC ELECTRONICS LTD,H
NARMADA,BE,NARMADA AGROBASE LIMITED,H
NAVKARURB,EQ,NAVKAR URBANSTRUCTURE LTD,H
NEUEON,BE,NEUEON CORPORATION LTD,H
NIRMAN,SM,NIRMAN AGRI GENTICS LTD,H
PALREDTEC,EQ,PALRED TECHNOLOGIES LTD,H
PENTAGON,ST,PENTAGON RUBBER LIMITED,H
QUICKTOUCH,SM,QUICKTOUCH TECHNOLOGIES L,H
RAJRILTD,BE,RAJ RAYON INDUSTRIES LTD,H
SACHEEROME,ST,SACHEEROME LIMITED,H
SANCO,BZ,SANCO INDUSTRIES LIMITED,H
SANWARIA,BZ,SANWARIA CONSUMER LIMITED,H
SELMC,BE,SEL MANUFACTURING CO LTD,H
SEYAIND,BE,SEYA INDUSTRIES LIMITED,H
SHAHALLOYS,EQ,SHAH ALLOYS LIMITED,H
SHANTHALA,ST,SHANTHALA FMCG PRODUCTS L,H
SHIVAUM,EQ,SHIV AUM STEELS LIMITED,H
SHRENIK,BZ,SHRENIK LIMITED,H
SIGMA,BE,SIGMA SOLVE LIMITED,H
SILVERTUC,EQ,SILVER TOUCH TECHNO LTD,H
SITINET,BZ,SITI NETWORKS LIMITED,H
SUNLITE,ST,SUNLITE RECYCLING IND LTD,H
SUPREMEENG,BZ,SUPREME ENGINEERING LTD,H
SVPGLOB,BE,SVP GLOBAL TEXTILES LTD,H
SWANDEF,BE,SWAN DEFENCE N HEVY IND L,H
TCIFINANCE,BE,TCIFINANCELTD-ROLL SETT,H
TERASOFT,BE,TERA SOFTWARE LIMITED,H
TFCILTD,EQ,TOURISM FINANCE CORP. OF,H
TPHQ,EQ,TEAMO PRODUCTIONS HQ LTD,H
TRU,EQ,TRUCAP FINANCE LIMITED,H
UNITEDPOLY,BE,UNITED POLYFAB GUJ. LTD.,H
UNIVAFOODS,BE,UNIVA FOODS LIMITED,H
URAVIDEF,EQ,URAVI DEFENCE &TECH LTD,H
VCL,BE,VAXTEX COTFAB LIMITED,H
VILINBIO,SM,VILIN BIO MED LIMITED,H
VSCL,SM,VADIVARHE SPCLTY CHEM LTD,H
WINSOME,BZ,WINSOME YARNS LIMITED,H
21STCENMGM,EQ,21ST CENTURY MGMT SERVICE,L
687AP35,SG,SDL AP 6.87% 2035,L
A2ZINFRA,EQ,A2Z INFRA ENGINEERING LTD,L
AAATECH,BE,AAA TECHNOLOGIES LIMITED,L
ABAN,BE,ABAN OFFSHORE LTD.,L
AILIMITED,SM,ABHISHEK INTEGRATIONS LTD,L
ANSALAPI,BZ,ANSAL PROP & INFRA LTD,L
ARIHANTACA,ST,ARIHANT ACADEMY LIMITED,L
ARISTO,SM,ARISTO BIO T AND LIFESC L,L
ARVINDPORT,SM,ARVIND PORT AND INFRA LTD,L
AXITA,BE,AXITA COTTON LIMITED,L
BGLOBAL,BZ,BHARATIYA GLOBAL INFO LTD,L
BLUECHIP,BE,BLUE CHIP INDIA LIMITED,L
BLUECOAST,EQ,BLUE COAST HOTELS LIMITED,L
CADSYS,SM,CADSYS (INDIA) LIMITED,L
CBAZAAR,ST,NET AVENUE TECHNOLOGIES L,L
CMICABLES,BZ,CMI LIMITED,L
CMRSL,SM,CYBER MEDIA RES & SER LTD,L
COMPINFO,BZ,COMPUAGE INFOCOM LTD,L
CYBERMEDIA,EQ,CYBER MEDIA (INDIA) LTD.,L
DHARAN,BZ,DHARAN INFRA-EPC LIMITED,L
DHARARAIL,ST,DHARA RAIL PROJECTS LTD,L
DIVYADHAN,SM,DIVYADHAN RECYCLING IND L,L
DRSDILIP,SM,DRS DILIP ROADLINES LTD.,L
E2ERAIL,ST,E TO E TRANS INFRA LTD,L
EASTSILK,BE,EASTERN SILK INDUSTRIES L,L
EDUCOMP,BZ,EDUCOMP SOLUTIONS LTD,L
EPWINDIA,ST,EPW INDIA LIMITED,L
ESFL,SM,ESSEN SPECIALITY FILMS L,L
EUROTEXIND,BE,EUROTEX IND & EXPORTS LTD,L
FCONSUMER,BZ,FUTURE CONSUMER LIMITED,L
FEL,BZ,FUTURE ENTERPRISES LTD,L
FICRF3GP,MF,FRANTEMAMC - FICRF3GP,L
GAYAHWS,BE,GAYATRI HIGHWAYS LIMITED,L
GIRIRAJ,SM,GIRIRAJ CIVIL DEVP LTD,L
GKENERGY,EQ,GK ENERGY LIMITED,L
GLFL,BE,GUJARAT LEASE FINANCING L,L
GRAPHISAD,SM,GRAPHISADS LIMITED,L
GRCL,SM,GAYATRI RUBB AND CHEM LTD,L
HILTON-RE1,BE,HILTON METAL FORGING LTD,L
HOACFOODS,ST,HOAC FOODS INDIA LIMITED,L
IBULLSLTD,EQ,INDIABULLS LIMITED,L
INDOTHAI,EQ,INDO THAI SEC LTD,L
JALAN,ST,JALAN TRANSOLU. INDIA LTD,L
JFLLIFE,SM,JFL LIFE SCIENCES LIMITED,L
JPASSOCIAT,BE,JAIPRAKASH ASSOCIATES LTD,L
KAVDEFENCE,EQ,KAVVERI DFS & WIR TEC LTD,L
KESORAMIND,BE,KESORAM INDUSTRIES LTD,L
MAHASTEEL,BE,MAHAMAYA STEEL INDS LTD,L
MARC,ST,MARC TECHNOCRATS LIMITED,L
MAXVOLT,ST,MAXVOLT ENERGY INDUS L,L
MEP,BZ,MEP INFRA. DEVELOPERS LTD,L
MVKAGRO,SM,M.V.K. AGRO FOOD PROD LTD,L
NECLIFE,BE,NECTAR LIFESCIENCES LTD.,L
NEWJAISA,SM,NEWJAISA TECHNOLOGIES LTD,L
ORTEL,BZ,ORTEL COMMUNICATIONS LTD,L
OSWALSEEDS,EQ,SHREEOSWAL S AND CHE LTD,L
POLYSIL,ST,POLYSIL IRRIGATION SYST L,L
PRUDMOULI,EQ,PRUDENTIAL SUGAR CORPORAT,L
QUINTEGRA,BE,QUINTEGRA SOLUTIONS LTD.,L
RAJESHEXPO,BZ,RAJESH EXPORTS LTD,L
RELINFRA,BE,RELIANCE INFRASTRUCTU LTD,L
RICHA,ST,RICHA INFO SYSTEMS LTD,L
S&SPOWER,EQ,S&S POWER SWITCHGEARS LTD,L
SADBHAV,BE,SADBHAV ENGINEERING LTD,L
SAHAJ,SZ,SAHAJ FASHIONS LIMITED,L
SATECH,ST,S A TECH SOFTWARE INDIA L,L
SETUINFRA,BZ,SETUBANDHAN INFRA LTD,L
SHRIKANHA,SM,SHRI KANHA STAINLESS LTD,L
SHYAMDHANI,ST,SHYAM DHANI INDUSTRIES L,L
SICALLOG,BE,SICAL LOGISTICS LIMITED,L
SIGNORIA,SM,SIGNORIA CREATION LIMITED,L
SKIL,BZ,SKIL INFRASTRUCTURE LTD.,L
SOCL,ST,SUNDREX OIL COMPANY LTD,L
SPECTSTM,SM,SPECTRUM TALENT MGMT LTD,L
STALLION,BE,STALLION IND FLUOROCHEM L,L
TAKE,BE,TAKE SOLUTIONS LTD,L
TARAPUR,BE,TARAPUR TRANSFORMERS LTD,L
THESL,SM,THINKING HATS ENTER SOL L,L
TVVISION,BE,TV VISION LIMITED,L
UEL,BE,UJAAS ENERGY LIMITED,L
UNIVAFOODS,BE,UNIVA FOODS LIMITED,L
USASEEDS,SM,UPSURGE SEEDS OF AGRI LTD,L
VHLTD,BE,VICEROY HOTELS LIMITED,L
VIESL,ST,VISION INFRA EQUIP SOL L,L
VINEET-RE,BE,VINEET LABORATORIES LTD,L
VISASTEEL,BE,VISA STEEL LIMITED,L
VIVIMEDLAB,EQ,VIVIMED LABS LIMITED,L
WAAREEINDO,EQ,INDOSOLAR LIMITED,L
WINSOME,BZ,WINSOME YARNS LIMITED,L
YUDIZ,SM,YUDIZ SOLUTIONS LIMITED,L
