SERIES,SYMBOL,SECURITY,RECORD_DT,BC_STRT_DT,BC_END_DT,EX_DT,ND_STRT_DT,ND_END_DT,PURPOSE
NV,1003SCL30A,SEC RE NCD 10.03% SR X,2025-11-24,,,2025-11-24,,,INTEREST PAYMENT
UV,1003SCL30A,SEC RE NCD 10.03% SR X,2025-11-24,,,2025-11-24,,,INTEREST PAYMENT
N1,1003SCL32,Sammaan Capital Limited,2025-12-04,,,2025-12-04,,,INTEREST PAYMENT
U1,1003SCL32,Sammaan Capital Limited,2025-12-04,,,2025-12-04,,,INTEREST PAYMENT
N1,1025SCL35A,Sammaan Capital Limited,2025-12-04,,,2025-12-04,,,INTEREST PAYMENT
U1,1025SCL35A,Sammaan Capital Limited,2025-12-04,,,2025-12-04,,,INTEREST PAYMENT
,1040NFL26,Sec Re NCD 10.40% Sr.II,2025-11-28,,,2025-11-28,,,INTEREST PAYMENT
UA,1040NFL26,Sec Re NCD 10.40% Sr.II,2025-11-28,,,2025-11-28,,,INTEREST PAYMENT
N5,1050ISFL28,Sec Re NCD 10.50% Sr 6,2025-12-06,,,2025-12-05,,,INTEREST PAYMENT
U5,1050ISFL28,Sec Re NCD 10.50% Sr 6,2025-12-06,,,2025-12-05,,,INTEREST PAYMENT
N7,1050NFL26,Sec Re NCD 10.50% Sr.IV,2025-12-03,,,2025-12-03,,,INTEREST PAYMENT
U7,1050NFL26,Sec Re NCD 10.50% Sr.IV,2025-12-03,,,2025-12-03,,,INTEREST PAYMENT
NC,1065NFL27,Sec Re NCD 10.65% Sr.IV,2025-11-28,,,2025-11-28,,,INTEREST PAYMENT
UC,1065NFL27,Sec Re NCD 10.65% Sr.IV,2025-11-28,,,2025-11-28,,,INTEREST PAYMENT
N5,10CAGL27,Sec Re NCD 10% Sr. V,2025-12-02,,,2025-12-02,,,INTEREST PAYMENT
U5,10CAGL27,Sec Re NCD 10% Sr. V,2025-12-02,,,2025-12-02,,,INTEREST PAYMENT
N3,10ISFL26,Sec Re NCD 10% Sr 4,2025-12-06,,,2025-12-05,,,INTEREST PAYMENT
U3,10ISFL26,Sec Re NCD 10% Sr 4,2025-12-06,,,2025-12-05,,,INTEREST PAYMENT
N0,116VCCL26,VCCL 11.6% 2026 Sr A,2025-11-29,,,2025-11-28,,,INTEREST PAYMENT
N0,116VCCL26A,VCCL 11.6% 2026 Sr A,2025-12-05,,,2025-12-05,,,INTEREST PAYMENT
N0,116VCCL27,VCCL 11.6% 2027 Sr A,2025-12-06,,,2025-12-05,,,INTEREST PAYMENT
N0,1180VCCL26,VCCL 11.80% 2026 Sr B,2025-11-29,,,2025-11-28,,,INTEREST PAYMENT
N0,118VCCL27,VCCL 11.8% 2027 Sr B,2025-12-05,,,2025-12-05,,,INTEREST PAYMENT
N0,118VCCL27A,VCCL 11.8% 2027 Sr B,2025-12-06,,,2025-12-05,,,INTEREST PAYMENT
N0,12AFIL27,AFIL 12% 2027 Sr 1,2025-12-07,,,2025-12-05,,,INTEREST PAYMENT
N0,12DCCL27,DCCL 12% 2027 Sr II,2025-12-04,,,2025-12-04,,,INTEREST PAYMENT
N0,12VCCL27A,VCCL 12% 2027 Sr C,2025-11-29,,,2025-11-28,,,INTEREST PAYMENT
N0,12VCCL27B,VCCL 12% 2027,2025-12-06,,,2025-12-05,,,INTEREST PAYMENT
N0,12VCCL27D,VCCL 12% 2027 Sr C,2025-12-05,,,2025-12-05,,,INTEREST PAYMENT
N0,12VCCL28,VCCL 12% 2028,2025-12-01,,,2025-12-01,,,INTEREST PAYMENT
TB,182D271125,GOI TBILL 182D-27/11/25,2025-11-25,,,,,,REDEMPTION
TB,364D271125,GOI TBILL 364D-27/11/25,2025-11-25,,,,,,REDEMPTION
GS,662GS2051,GOI LOAN 6.62% 2051,2025-11-27,,,2025-11-27,,,INTEREST PAYMENT
SG,687RJ25,SDL RJ 6.87% 2025,2025-11-25,,,,,,REDEMPTION
NF,707IRFC25,Tax Free 7.07% Sr. 102,2025-12-05,,,2025-12-05,,,INTEREST PAYMENT/REDEMPT
UF,707IRFC25,Tax Free 7.07% Sr. 102,2025-12-05,,,2025-12-05,,,INTEREST PAYMENT/REDEMPT
N0,710PFCL35,PFCL 7.10% 2035 Sr 243B,2025-11-24,,,2025-11-24,,,INTEREST PAYMENT
N0,711PFCL40,PFCL 7.11% 2040 Sr 243A,2025-11-24,,,2025-11-24,,,INTEREST PAYMENT
N0,714EXIM29,EXIM 7.14% 2029 Sr 1,2025-11-27,,,2025-11-27,,,INTEREST PAYMENT
N0,714NPC39,NPC 7.14% 2039 Sr 39,2025-12-02,,,2025-12-02,,,INTEREST PAYMENT
N0,720NHB31,NHB 7.20% 2031,2025-12-03,,,2025-12-03,,,INTEREST PAYMENT
N0,723DMEDL34,DME 7.23% 2034 Sr I,2025-11-26,,,2025-11-26,,,INTEREST PAYMENT
N0,724TFSIL27,TFSIL 7.24% 2027 Sr S54,2025-11-30,,,2025-11-28,,,INTEREST PAYMENT
NI,732IRFC25,Tax Free  7.32% Sr. 102 A,2025-12-05,,,2025-12-05,,,INT PAYMNT/REDEMPTN
UI,732IRFC25,Tax Free  7.32% Sr. 102 A,2025-12-05,,,2025-12-05,,,INT PAYMNT/REDEMPTN
N0,745BTL28,BTL 7.45% 2028 Sr XXVI,2025-11-30,,,2025-11-28,,,INTEREST PAYMENT
N0,765NBFID38,NABFID 7.65% 2038 Sr 1,2025-12-08,,,2025-12-08,,,INTEREST PAYMENT
N0,766LICH29,LICH 7.66% 2029 Sr 451,2025-11-26,,,2025-11-26,,,INTEREST PAYMENT
N9,769HUDCO31,7.69% Tax FreeTrII Sr2B,2025-11-24,,,2025-11-24,,,INTEREST PAYMENT
U9,769HUDCO31,7.69% Tax FreeTrII Sr2B,2025-11-24,,,2025-11-24,,,INTEREST PAYMENT
N0,769LICH26,LICH 7.69% 2026 Sr 449,2025-11-26,,,2025-11-26,,,INTEREST PAYMENT
N0,770SHFL29,SHFL 7.70% 2029 Sr 345,2025-12-05,,,2025-12-05,,,INTEREST PAYMENT
N0,774PSB34,PSB 7.74% 2034 Sr 1,2025-12-05,,,2025-12-05,,,INTEREST PAYMENT
N0,775LTFL27,LFL 7.75% 2027 Sr G,2025-11-28,,,2025-11-28,,,INTEREST PAYMENT
N0,775SFL26,SFL 7.75% 2026 Sr Y4,2025-11-28,,,2025-11-28,,,INTEREST PAYMENT
N0,779SIDBI27,SIDBI 7.79% 2027 Sr VI,2025-12-05,,,2025-12-05,,,INTEREST PAYMENT
N0,780SICC29,SICC 7.80% 2029 Sr 111,2025-12-01,,,2025-12-01,,,INTEREST PAYMENT
N1,78ABCL33,ABCL 7.8% Sr V,2025-11-24,,,2025-11-24,,,INTEREST PAYMENT
U1,78ABCL33,ABCL 7.8% Sr V,2025-11-24,,,2025-11-24,,,INTEREST PAYMENT
N0,799TFSIL27,TFSIL 7.99% 2027 Sr 49,2025-12-04,,,2025-12-04,,,INTEREST PAYMENT
N7,801TCH28,Sec Red NCD 8.01% Sr.IV,2025-11-28,,,2025-11-28,,,INTEREST PAYMENT
U7,801TCH28,Sec Red NCD 8.01% Sr.IV,2025-11-28,,,2025-11-28,,,INTEREST PAYMENT
N0,803ICPR34,ICPR 8.03% 2034 Sr 1,2025-12-03,,,2025-12-03,,,INTEREST PAYMENT
N0,813PNBH33,PHFL 8.13% 2033,2025-12-05,,,2025-12-05,,,INTEREST PAYMENT
N0,815SHFL25,SHFL 8.15% 2025 Sr 338,2025-12-03,,,2025-12-03,,,INT PAYMENT/REDEMPTION
N0,816KSFP29,KSFP 8.164% 2029 Sr I1,2025-12-04,,,2025-12-04,,,INTEREST PAYMENT
N8,81TCHF28,Sec Red NCD 8.10% Sr.IV,2025-11-28,,,2025-11-28,,,INTEREST PAYMENT
U8,81TCHF28,Sec Red NCD 8.10% Sr.IV,2025-11-28,,,2025-11-28,,,INTEREST PAYMENT
N0,840MCSL31,MCSL 8.40% 2031 Sr BD,2025-12-01,,,2025-12-01,,,INT PAYMNT/PART REDEMPTN
N2,848NTPC28,8.48%S-R-NCD Series 2A,2025-12-01,,,2025-12-01,,,INTEREST PAYMENT
U2,848NTPC28,8.48%S-R-NCD Series 2A,2025-12-01,,,2025-12-01,,,INTEREST PAYMENT
N0,850KGEL30,KGEL 8.50% 2030,2025-11-26,,,2025-11-26,,,INT PAYMENT/PART REDMPTN
NW,850SCL25A,UNSE RE NCD 9.35% SR.X,2025-12-09,,,2025-12-09,,,INTEREST PAYMENT
UW,850SCL25A,UNSE RE NCD 9.35% SR.X,2025-12-09,,,2025-12-09,,,INTEREST PAYMENT
NG,852LTF27,SeReNCD 8.52% Sr.VII OpI,2025-11-28,,,2025-11-28,,,INTEREST PAYMENT
UG,852LTF27,SeReNCD 8.52% Sr.VII OpI,2025-11-28,,,2025-11-28,,,INTEREST PAYMENT
NM,85LTF26,SeReNCD 8.50% Sr.VI Op11,2025-12-08,,,2025-12-08,,,INTEREST PAYMENT
UM,85LTF26,SeReNCD 8.50% Sr.VI Op11,2025-12-08,,,2025-12-08,,,INTEREST PAYMENT
NN,865LTF26,SeReNCD 8.65% Sr.VI Op12,2025-12-08,,,2025-12-08,,,INTEREST PAYMENT
UN,865LTF26,SeReNCD 8.65% Sr.VI Op12,2025-12-08,,,2025-12-08,,,INTEREST PAYMENT
N3,866NTPC33,8.66%S-R-NCD Series 3A,2025-12-01,,,2025-12-01,,,INTEREST PAYMENT
U3,866NTPC33,8.66%S-R-NCD Series 3A,2025-12-01,,,2025-12-01,,,INTEREST PAYMENT
N5,873NTPC28,8.73%S-R-NCD Series 2B,2025-12-01,,,2025-12-01,,,INTEREST PAYMENT
U5,873NTPC28,8.73%S-R-NCD Series 2B,2025-12-01,,,2025-12-01,,,INTEREST PAYMENT
NH,87LTF27,SeReNCD 8.70% Sr.VII OpII,2025-11-28,,,2025-11-28,,,INTEREST PAYMENT
UH,87LTF27,SeReNCD 8.70% Sr.VII OpII,2025-11-28,,,2025-11-28,,,INTEREST PAYMENT
N6,884LTF29,Se Re NCD 8.84% Sr.VI Op1,2025-11-28,,,2025-11-28,,,INTEREST PAYMENT
U6,884LTF29,Se Re NCD 8.84% Sr.VI Op1,2025-11-28,,,2025-11-28,,,INTEREST PAYMENT
NI,885MFL28,MFL 8.85% 2028,2025-12-05,,,2025-12-05,,,INTEREST PAYMENT
UI,885MFL28,MFL 8.85% 2028,2025-12-05,,,2025-12-05,,,INTEREST PAYMENT
N6,891NTPC33,8.91%S-R-NCD Series 3B,2025-12-01,,,2025-12-01,,,INTEREST PAYMENT
U6,891NTPC33,8.91%S-R-NCD Series 3B,2025-12-01,,,2025-12-01,,,INTEREST PAYMENT
N7,898LTF29,SeReNCD 8.98% Sr.VI Op2,2025-11-28,,,2025-11-28,,,INTEREST PAYMENT
U7,898LTF29,SeReNCD 8.98% Sr.VI Op2,2025-11-28,,,2025-11-28,,,INTEREST PAYMENT
NM,902SCL26A,SEC RE NCD 9.02% SR V,2025-11-24,,,2025-11-24,,,INTEREST PAYMENT
UM,902SCL26A,SEC RE NCD 9.02% SR V,2025-11-24,,,2025-11-24,,,INTEREST PAYMENT
N1,902SCL28,Sammaan Capital Limited,2025-12-04,,,2025-12-04,,,INTEREST PAYMENT
U1,902SCL28,Sammaan Capital Limited,2025-12-04,,,2025-12-04,,,INTEREST PAYMENT
MI,903SFL28,Shriram Finance Limited,2025-11-26,,,2025-11-26,,,INTEREST PAYMENT
YI,903SFL28,Shriram Finance Limited,2025-11-26,,,2025-11-26,,,INTEREST PAYMENT
TB,91D281125,GOI TBILL 91D-28/11/25,2025-11-26,,,,,,REDEMPTION
N0,921ISFL25,Sec Re NCD 9.21% Sr 1,2025-12-06,,,2025-12-05,,,INT PAYMNT/REDEMPTN
NY,925SCL25G,SEC RE NCD 9.8% SR XII,2025-11-24,,,2025-11-24,,,INTEREST PAYMENT
UY,925SCL25G,SEC RE NCD 9.8% SR XII,2025-11-24,,,2025-11-24,,,INTEREST PAYMENT
N1,925SCL27B,Sammaan Capital Limited,2025-12-04,,,2025-12-04,,,INTEREST PAYMENT
U1,925SCL27B,Sammaan Capital Limited,2025-12-04,,,2025-12-04,,,INTEREST PAYMENT
AM,925SCL28,SEC RE NCD 9.25% SR.VIII,2025-12-08,,,2025-12-08,,,INTEREST PAYMENT
NS,925SCL28A,SEC RE NCD 9.25% SR VIII,2025-11-24,,,2025-11-24,,,INTEREST PAYMENT
US,925SCL28A,SEC RE NCD 9.25% SR VIII,2025-11-24,,,2025-11-24,,,INTEREST PAYMENT
N3,932AEL27,Sec Re NCD 9.32% Sr III,2025-11-26,,,2025-11-26,,,INTEREST PAYMENT
U3,932AEL27,Sec Re NCD 9.32% Sr III,2025-11-26,,,2025-11-26,,,INTEREST PAYMENT
NV,935SCL28,UNSE RE NCD 8.89% SR.X,2025-12-09,,,2025-12-09,,,INTEREST PAYMENT
UV,935SCL28,UNSE RE NCD 8.89% SR.X,2025-12-09,,,2025-12-09,,,INTEREST PAYMENT
NN,948SCL26A,SEC RE NCD 9.48% SR V,2025-11-24,,,2025-11-24,,,INTEREST PAYMENT
UN,948SCL26A,SEC RE NCD 9.48% SR V,2025-11-24,,,2025-11-24,,,INTEREST PAYMENT
AI,948SCL26D,SEC RE NCD 9.48% SR.V,2025-12-08,,,2025-12-08,,,INTEREST PAYMENT
N1,948SCL28,Sammaan Capital Limited,2025-12-04,,,2025-12-04,,,INTEREST PAYMENT
U1,948SCL28,Sammaan Capital Limited,2025-12-04,,,2025-12-04,,,INTEREST PAYMENT
N0,950ISF27B,ISF 9.50% 2027,2025-12-04,,,2025-12-04,,,INT PAYMNT/PART RDMPTION
N6,956AEL29,Sec Re NCD 9.56% Sr VI,2025-11-26,,,2025-11-26,,,INTEREST PAYMENT
U6,956AEL29,Sec Re NCD 9.56% Sr VI,2025-11-26,,,2025-11-26,,,INTEREST PAYMENT
N1,960ISFL25,Sec Re NCD 9.60% Sr 2,2025-12-06,,,2025-12-05,,,INT PAYMNT/REDEMPTN
U1,960ISFL25,Sec Re NCD 9.60% Sr 2,2025-12-06,,,2025-12-05,,,INT PAYMNT/REDEMPTN
N0,965ISF28,ISF 9.65% 2028,2025-11-27,,,2025-11-27,,,INTEREST PAYMENT
NZ,965SCL25F,SEC RE NCD 10.25% SR XII,2025-11-24,,,2025-11-24,,,INTEREST PAYMENT
UZ,965SCL25F,SEC RE NCD 10.25% SR XII,2025-11-24,,,2025-11-24,,,INTEREST PAYMENT
N0,965SFL27,SFL 9.65% 2027,2025-11-28,,,2025-11-28,,,INTEREST PAYMENT
AN,971SCL28,SEC RE NCD 9.71% SR.VIII,2025-12-08,,,2025-12-08,,,INTEREST PAYMENT
NT,971SCL28A,SEC RE NCD 9.71% SR VIII,2025-11-24,,,2025-11-24,,,INTEREST PAYMENT
UT,971SCL28A,SEC RE NCD 9.71% SR VIII,2025-11-24,,,2025-11-24,,,INTEREST PAYMENT
N1,971SCL30,Sammaan Capital Limited,2025-12-04,,,2025-12-04,,,INTEREST PAYMENT
U1,971SCL30,Sammaan Capital Limited,2025-12-04,,,2025-12-04,,,INTEREST PAYMENT
N1,971SCL30A,Sammaan Capital Limited,2025-12-04,,,2025-12-04,,,INTEREST PAYMENT
U1,971SCL30A,Sammaan Capital Limited,2025-12-04,,,2025-12-04,,,INTEREST PAYMENT
N0,975ISF28,ISF 9.75% NCD 2028,2025-12-01,,,2025-12-01,,,INTEREST PAYMENT
NT,975SCL28,SEC RE NCD 8.89% SR.VIII,2025-12-09,,,2025-12-09,,,INTEREST PAYMENT
UT,975SCL28,SEC RE NCD 8.89% SR.VIII,2025-12-09,,,2025-12-09,,,INTEREST PAYMENT
N1,980SCL35,Sammaan Capital Limited,2025-12-04,,,2025-12-04,,,INTEREST PAYMENT
U1,980SCL35,Sammaan Capital Limited,2025-12-04,,,2025-12-04,,,INTEREST PAYMENT
N0,990IIFL27,IFL 9.90% 2027 Sr D28,2025-12-04,,,2025-12-04,,,INTEREST PAYMENT
BE,CAMS,Computer Age Mngt Ser Ltd,2025-12-05,,,2025-12-05,,,FV SPLT FRM RS 10 TO RS 2
BL,CAMS,Computer Age Mngt Ser Ltd,2025-12-05,,,2025-12-05,,,FV SPLT FRM RS 10 TO RS 2
EQ,CAMS,Computer Age Mngt Ser Ltd,2025-12-05,,,2025-12-05,,,FV SPLT FRM RS 10 TO RS 2
IQ,CAMS,Computer Age Mngt Ser Ltd,2025-12-05,,,2025-12-05,,,FV SPLT FRM RS 10 TO RS 2
T0,CAMS,Computer Age Mngt Ser Ltd,2025-12-05,,,2025-12-05,,,FV SPLT FRM RS 10 TO RS 2
TL,CAMS,Computer Age Mngt Ser Ltd,2025-12-05,,,2025-12-05,,,FV SPLT FRM RS 10 TO RS 2
N0,CITI27,3M TBILL LKD 27 Sr 817,2025-11-30,,,2025-11-28,,,INTEREST PAYMENT
BE,HDFCAMC,HDFC AMC Limited,2025-11-26,,,2025-11-26,,,BONUS 1:1
BL,HDFCAMC,HDFC AMC Limited,2025-11-26,,,2025-11-26,,,BONUS 1:1
EQ,HDFCAMC,HDFC AMC Limited,2025-11-26,,,2025-11-26,,,BONUS 1:1
IQ,HDFCAMC,HDFC AMC Limited,2025-11-26,,,2025-11-26,,,BONUS 1:1
T0,HDFCAMC,HDFC AMC Limited,2025-11-26,,,2025-11-26,,,BONUS 1:1
TL,HDFCAMC,HDFC AMC Limited,2025-11-26,,,2025-11-26,,,BONUS 1:1
BE,HINDUNILVR,Hindustan Unilever Ltd,2025-12-05,,,2025-12-05,,,DEMERGER
BL,HINDUNILVR,Hindustan Unilever Ltd,2025-12-05,,,2025-12-05,,,DEMERGER
EQ,HINDUNILVR,Hindustan Unilever Ltd,2025-12-05,,,2025-12-05,,,DEMERGER
IQ,HINDUNILVR,Hindustan Unilever Ltd,2025-12-05,,,2025-12-05,,,DEMERGER
T0,HINDUNILVR,Hindustan Unilever Ltd,2025-12-05,,,2025-12-05,,,DEMERGER
TL,HINDUNILVR,Hindustan Unilever Ltd,2025-12-05,,,2025-12-05,,,DEMERGER
BE,PFC,Power Finance Corporation,2025-11-26,,,2025-11-26,,,INTDIV - RS 3.65 PER SH
BL,PFC,Power Finance Corporation,2025-11-26,,,2025-11-26,,,INTDIV - RS 3.65 PER SH
EQ,PFC,Power Finance Corporation,2025-11-26,,,2025-11-26,,,INTDIV - RS 3.65 PER SH
IQ,PFC,Power Finance Corporation,2025-11-26,,,2025-11-26,,,INTDIV - RS 3.65 PER SH
T0,PFC,Power Finance Corporation,2025-11-26,,,2025-11-26,,,INTDIV - RS 3.65 PER SH
TL,PFC,Power Finance Corporation,2025-11-26,,,2025-11-26,,,INTDIV - RS 3.65 PER SH
GB,SGBNOV25IX,2.50%GOLDBONDS 2025SR-IX,2025-11-25,,,,,,REDEMPTION
BE,SIKKO,Sikko Industries Limited,2025-11-27,,,2025-11-27,,,FVSPLT FRM RS 10 TO RE 1
BL,SIKKO,Sikko Industries Limited,2025-11-27,,,2025-11-27,,,FVSPLT FRM RS 10 TO RE 1
EQ,SIKKO,Sikko Industries Limited,2025-11-27,,,2025-11-27,,,FVSPLT FRM RS 10 TO RE 1
IQ,SIKKO,Sikko Industries Limited,2025-11-27,,,2025-11-27,,,FVSPLT FRM RS 10 TO RE 1
BE,THYROCARE,Thyrocare Tech Ltd,2025-11-28,,,2025-11-28,,,BONUS 2:1
BL,THYROCARE,Thyrocare Tech Ltd,2025-11-28,,,2025-11-28,,,BONUS 2:1
EQ,THYROCARE,Thyrocare Tech Ltd,2025-11-28,,,2025-11-28,,,BONUS 2:1
IQ,THYROCARE,Thyrocare Tech Ltd,2025-11-28,,,2025-11-28,,,BONUS 2:1
