SYMBOL,SERIES,SECURITY,HIGH/LOW
948SCL26A,NN,SEC RE NCD 9.48% SR V,H
ACCORD,SM,ACCORD SYNERGY LIMITED,H
ALPSINDUS,EQ,ALPS INDUSTRIES LTD,H
AMCL,ST,ANB METAL CAST LIMITED,H
AURIGROW,EQ,AURI GROW INDIA LIMITED,H
AUSOMENT,EQ,AUSOM ENTERPRISE LIMITED,H
BGRENERGY,BE,BGR ENERGY SYSTEMS LTD,H
BIKEWO,SM,BIKEWO GREEN TECH LIMITED,H
CBAZAAR,SM,NET AVENUE TECHNOLOGIES L,H
CLEDUCATE,BE,CL EDUCATE LIMITED,H
CMICABLES,BZ,CMI LIMITED,H
COMPINFO,BZ,COMPUAGE INFOCOM LTD,H
DHARAN,BZ,DHARAN INFRA-EPC LIMITED,H
DHARIWAL,ST,DHARIWALCORP LIMITED,H
DIGJAMLMTD,BE,DIGJAM LTD,H
DPEL,ST,DIVINE POWER ENERGY LTD,H
DYNAMIC,SM,DYNAMIC SRVCS & SEC LTD,H
EASTSILK,BE,EASTERN SILK INDUSTRIES L,H
EDUCOMP,BZ,EDUCOMP SOLUTIONS LTD,H
EFACTOR,ST,E FACTOR EXPERIENCES LTD,H
FCONSUMER,BE,FUTURE CONSUMER LIMITED,H
FEL,BZ,FUTURE ENTERPRISES LTD,H
FISCHER,EQ,FISCHER MEDICAL VENTURE L,H
FLEXITUFF,EQ,FLEXITUFF VENTURES INT L,H
FLFL,BZ,FUT LIFESTYLE FASH LTD,H
GAYAPROJ,BZ,GAYATRI PROJECTS LTD,H
GFSTEELS,BE,GRAND FOUNDRY LTD,H
GIRIRAJ,SM,GIRIRAJ CIVIL DEVP LTD,H
GRAPHISAD,SM,GRAPHISADS LIMITED,H
GSTL,SM,GLOBESECURE TECHNO LTD,H
GUJRAFFIA,BE,GUJARAT RAFFIA INDUST LTD,H
GVKPIL,BE,GVK POW. & INFRA LTD.,H
INDOTHAI,BE,INDO THAI SEC LTD,H
INTEGRITY,SM,INTEGRITY INFRABUILD DE L,H
ITTL,ST,INNOVATIVE TYRE & TUBE LT,H
JETFREIGHT,EQ,JET FREIGHT LOGISTICS LTD,H
JPASSOCIAT,BE,JAIPRAKASH ASSOCIATES LTD,H
JSWHL,EQ,JSW HOLDINGS LIMITED,H
KTL,SZ,KALAHRIDHAAN TRENDZ LTD,H
LCCINFOTEC,EQ,LCC INFOTECH LTD,H
MADHUCON,EQ,MADHUCON PROJECTS LTD.,H
MAFANG,EQ,MIRAEAMC - MAFANG,H
MAHKTECH,EQ,MIRAEAMC - MAHKTECH,H
MARSHALL,BZ,MARSHALL MACHINES LTD,H
MASPTOP50,EQ,MIRAEAMC - MASPTOP50,H
MCON,SM,MCON RASAYAN INDIA LTD,H
MEDIORG,SM,MEDICAMEN ORGANICS LTD,H
MONQ50,EQ,MOTILALAMC - MONQ50,H
NDLVENTURE,BE,NDL VENTURES LIMITED,H
ORCHASP,BE,ORCHASP LIMITED,H
ORTEL,BZ,ORTEL COMMUNICATIONS LTD,H
OSWALSEEDS,BE,SHREEOSWAL S AND CHE LTD,H
QUINTEGRA,BE,QUINTEGRA SOLUTIONS LTD.,H
RKEC,EQ,RKEC PROJECTS LIMITED,H
ROLTA,BZ,ROLTA INDIA LTD,H
SABAR,ST,SABAR FLEX INDIA LIMITED,H
SABEVENTS,BE,SAB EVENTS & GOVERNANCE,H
SABTNL,EQ,SRI ADHIKARI BRO TELE N L,H
SACHEEROME,ST,SACHEEROME LIMITED,H
SAMBHAAV,BE,SAMBHAAV MEDIA LTD,H
SANWARIA,BZ,SANWARIA CONSUMER LIMITED,H
SECURKLOUD,EQ,SECUREKLOUD TECH LIMITED,H
SEJALLTD,BE,SEJAL GLASS LIMITED,H
SETUINFRA,BZ,SETUBANDHAN INFRA LTD,H
SHANTHALA,ST,SHANTHALA FMCG PRODUCTS L,H
SHEKHAWATI,EQ,SHEKHAWATI INDUSTRIES LTD,H
SHUBHLAXMI,SM,SHUBHLAXMI JEWEL ART LTD,H
SHYAMCENT,EQ,SHYAM CENTURY FERROUS LTD,H
SICALLOG,BE,SICAL LOGISTICS LIMITED,H
SIGNORIA,SM,SIGNORIA CREATION LIMITED,H
SITINET,BZ,SITI NETWORKS LIMITED,H
SRPL,BZ,SHREE RAM PROTEINS LTD.,H
SUPREMEENG,BZ,SUPREME ENGINEERING LTD,H
SUPREMEINF,BZ,SUPREME INFRA. LTD,H
SWANDEF,BE,SWAN DEFENCE N HEVY IND L,H
TECHD,ST,TECHD CYBERSECURITY LTD,H
TRU,EQ,TRUCAP FINANCE LIMITED,H
UMESLTD,EQ,USHA MARTIN EDU & SOL LTD,H
UNIHEALTH,ST,UNIHEALTH HOSPITALS LTD,H
UNIVAFOODS,BE,UNIVA FOODS LIMITED,H
VCL,EQ,VAXTEX COTFAB LIMITED,H
VHLTD,BE,VICEROY HOTELS LIMITED,H
VIJIFIN,EQ,VIJI FINANCE LIMITED,H
VLSFINANCE,EQ,VLS FINANCE LTD,H
YASHOPTICS,ST,YASH OPTICS & LENS LTD,H
YUDIZ,SM,YUDIZ SOLUTIONS LIMITED,H
21STCENMGM,EQ,21ST CENTURY MGMT SERVICE,L
AAREYDRUGS,BE,AAREY DRUGS & PHARM LTD,L
ADVENTHTL,BE,ADVENT HOTELS INTERNATI L,L
AGSTRA,BZ,AGS TRANSACT TECH LTD,L
AGUL,SM,A G UNIVERSAL LIMITED,L
AKIKO,ST,AKIKO GLOBAL SERVICES L,L
ALLCARGO,BE,ALLCARGO LOGISTICS LTD,L
AMBANIORGO,SM,AMBANI ORGOCHEM LIMITED,L
ANSALAPI,BZ,ANSAL PROP & INFRA LTD,L
ANTELOPUS,EQ,ANTELOPUS SELAN ENRGY LTD,L
ANTGRAPHIC,EQ,ANTARCTICA LTD,L
APOLLO,EQ,APOLLO MICRO SYSTEMS LTD,L
ARSHIYA,BZ,ARSHIYA LIMITED,L
ASPIRE,SM,ASPIRE & INNOVATIVE ADV L,L
ASTRON,EQ,ASTRON PAPER BORD MIL LTD,L
ATL-RE,BE,ALLCARGO TERMINALS LTD,L
ATLANTAA,BE,ATLANTAA LIMITED,L
AXISCADES,BE,AXISCADES TECH LTD,L
BALAJIPHOS,ST,BALAJI PHOSPHATES LIMITED,L
BASILIC,SM,BASILIC FLY STUDIO LTD,L
BGLOBAL,BZ,BHARATIYA GLOBAL INFO LTD,L
BHAGYANGR,BE,BHAGYANAGAR INDIA LIMITED,L
BIKEWO,SM,BIKEWO GREEN TECH LIMITED,L
BLUECHIP,BE,BLUE CHIP INDIA LIMITED,L
BLUECOAST,BE,BLUE COAST HOTELS LIMITED,L
BOSS,SM,BOSS PACKAGING SOLU LTD,L
C2C,ST,C2C ADVANCED SYSTEMS LTD,L
CAPTRUST,EQ,CAPITAL TRUST LIMITED,L
CENTRUM,EQ,CENTRUM CAPITAL LIMITED,L
CEREBRAINT,BZ,CEREBRA INT TECH LTD,L
CTE,EQ,CAMBRIDGE TECH ENTER LTD,L
CURAA,BE,CURA TECHNOLOGIES LIMITED,L
DHTL,ST,DOCMODE HEALTH TECH LTD,L
DIGJAMLMTD,BE,DIGJAM LTD,L
DIVYADHAN,SM,DIVYADHAN RECYCLING IND L,L
ELGIRUBCO,BE,ELGI RUBBER CO. LTD,L
EMAMIREAL,EQ,EMAMI REALTY LIMITED,L
ESSARSHPNG,BE,ESSAR SHIPPING LTD,L
FELDVR,BZ,FUTURE ENTERPRISES LTD,L
FINBUD,ST,FINBUD FINANCIAL SERV LTD,L
FLFL,BZ,FUT LIFESTYLE FASH LTD,L
FMNL,BE,FUTURE MKT NETWORKS LTD,L
FOCE,SM,FOCE INDIA LIMITED,L
GAYAHWS,BE,GAYATRI HIGHWAYS LIMITED,L
GCHOTELS,ST,GRAND CONTINENT HOTELS L,L
GENSOL,BZ,GENSOL ENGINEERING LTD,L
GIRIRAJ,SM,GIRIRAJ CIVIL DEVP LTD,L
GOENKA,BZ,GOENKA DIAMOND&JEWELS LTD,L
GSTL,SM,GLOBESECURE TECHNO LTD,L
HITECHGEAR,BE,THE HI-TECH GEARS LIMITED,L
HRHNEXT,SM,HRH NEXT SERVICES LIMITED,L
IBULLSLTD,BE,INDIABULLS LIMITED,L
INFLUX,ST,INFLUX HEALTHTECH LIMITED,L
INNOMET,SM,INNOMET ADVANCED MATERI L,L
ISHAN,SM,ISHAN INTERNATIONAL LTD,L
IWARE,ST,IWARE SUPPLYCHAIN SER LTD,L
IZMO,BE,IZMO LIMITED,L
JPASSOCIAT,BE,JAIPRAKASH ASSOCIATES LTD,L
K2INFRA,SM,K2 INFRAGEN LIMITED,L
KCK,ST,KCK INDUSTRIES LTD,L
KDL,SM,KORE DIGITAL LIMITED,L
KIOCL,EQ,KIOCL LIMITED,L
KTL,SZ,KALAHRIDHAAN TRENDZ LTD,L
LANCORHOL,BE,LANCOR HOLDINGS LIMITED,L
LASA,BE,LASA SUPERGENERICS LTD,L
LRRPL,SM,LEAD REC AND RUB PROD LTD,L
MANAKALUCO,BE,MANAK ALUMINIUM CO. LTD.,L
MARINETRAN,SM,MARINETRANS INDIA LIMITED,L
MARSHALL,BZ,MARSHALL MACHINES LTD,L
MAXVOLT,ST,MAXVOLT ENERGY INDUS L,L
MAYASHEEL,ST,MAYASHEEL VENTURES LTD,L
MEGASOFT,BE,MEGASOFT LTD,L
MEP,BZ,MEP INFRA. DEVELOPERS LTD,L
MILTON,SM,MILTON INDUSTRIES LIMITED,L
MIRCELECTR,BE,MIRCELECTR-DEPO,L
MPTODAY,SM,M P TODAY MEDIA LIMITED,L
NAVKARURB,EQ,NAVKAR URBANSTRUCTURE LTD,L
NEELAM,SM,NEELAM LINENS & GAR (I) L,L
NEWJAISA,ST,NEWJAISA TECHNOLOGIES LTD,L
NIRAJISPAT,EQ,NIRAJ ISPAT IND LTD,L
NIRMAN,SM,NIRMAN AGRI GENTICS LTD,L
ORICONENT,BE,ORICON ENTERPRISES LTD,L
OSIAHYPER,BE,OSIA HYPER RETAIL LIMITED,L
PANACHE,BE,PANACHE DIGILIFE LIMITED,L
PANSARI,EQ,PANSARI DEVELOPERS LTD,L
PENTAGON,ST,PENTAGON RUBBER LIMITED,L
PRAXIS,BE,PRAXIS HOME RETAIL LTD,L
PROLIFE,SM,PROLIFE INDUSTRIES LTD,L
PULZ,SM,PULZ ELECTRONICS LIMITED,L
PURVFLEXI,ST,PURV FLEXIPACK LIMITED,L
QUINTEGRA,BE,QUINTEGRA SOLUTIONS LTD.,L
RELINFRA,BE,RELIANCE INFRASTRUCTU LTD,L
RICHA,ST,RICHA INFO SYSTEMS LTD,L
RSSOFTWARE,EQ,R. S. SOFTWARE (INDIA) LI,L
RVHL,BE,RAVINDER HEIGHTS LIMITED,L
S&SPOWER,EQ,S&S POWER SWITCHGEARS LTD,L
SABAR,ST,SABAR FLEX INDIA LIMITED,L
SADHNANIQ,BE,SADHANA NITROCHEM LIMITED,L
SAHAJ,SZ,SAHAJ FASHIONS LIMITED,L
SAMAY,ST,SAMAY PROJECT SERVICES L,L
SANGANI,SM,SANGANI HOSPITALS LIMITED,L
SATIPOLY,SM,SATI POLY PLAST LIMITED,L
SECL,ST,SALASAR EXTERIOR CONT LTD,L
SECURKLOUD,EQ,SECUREKLOUD TECH LIMITED,L
SETCO,EQ,SETCO AUTOMOTIVE LTD,L
SETUINFRA,BZ,SETUBANDHAN INFRA LTD,L
SEYAIND,BE,SEYA INDUSTRIES LIMITED,L
SHANTHALA,ST,SHANTHALA FMCG PRODUCTS L,L
SHETHJI,ST,SHREEJI GLOBAL FMCG LTD,L
SIMBHALS,BZ,SIMBHAOLI SUGARS LTD.,L
SITINET,BZ,SITI NETWORKS LIMITED,L
SKIL,BZ,SKIL INFRASTRUCTURE LTD.,L
SPCENET,BE,SPACENET ENTERS IND LTD,L
SRPL,BZ,SHREE RAM PROTEINS LTD.,L
STALLION,BE,STALLION IND FLUOROCHEM L,L
SUNLITE,ST,SUNLITE RECYCLING IND LTD,L
SUPREMEENG,BZ,SUPREME ENGINEERING LTD,L
SUULD,BZ,SUUMAYA INDUSTRIES LTD,L
TAURIAN,ST,TAURIAN MPS LIMITED,L
TECHERA,ST,TECHERA ENGINEER (IND) L,L
TECHLABS,SM,TRIDENT TECHLABS LIMITED,L
TERASOFT,BE,TERA SOFTWARE LIMITED,L
TGL,SM,TEERTH GOPICON LIMITED,L
TICL,BE,TWAMEV CONS AND INFRA LTD,L
TRUST,ST,TRUST FINTECH LIMITED,L
UEL,BE,UJAAS ENERGY LIMITED,L
URAVIDEF,EQ,URAVI DEFENCE &TECH LTD,L
UWCSL,SM,ULTRA WIRING CONN SYS LTD,L
VALIANTORG,EQ,VALIANT ORGANICS LIMITED,L
VCL,EQ,VAXTEX COTFAB LIMITED,L
VIAZ,ST,VIAZ TYRES LIMITED,L
VIESL,ST,VISION INFRA EQUIP SOL L,L
VIRINCHI,BE,VIRINCHI LIMITED,L
VISASTEEL,BE,VISA STEEL LIMITED,L
VITAL,SM,VITAL CHEMTECH LIMITED,L
VLEGOV,EQ,VL E GOV AND IT SOL LTD,L
VOLERCAR,ST,VOLER CAR LIMITED,L
WAAREEINDO,BE,INDOSOLAR LIMITED,L
XELPMOC,BE,XELPMOC DESIGN & TECH LTD,L
ZENITHEXPO,EQ,ZENITH EXPORTS LTD,L
