SERIES,SYMBOL,SECURITY,RECORD_DT,BC_STRT_DT,BC_END_DT,EX_DT,ND_STRT_DT,ND_END_DT,PURPOSE
N1,1003SCL32,Sammaan Capital Limited,2025-11-04,,,2025-11-04,,,INTEREST PAYMENT
U1,1003SCL32,Sammaan Capital Limited,2025-11-04,,,2025-11-04,,,INTEREST PAYMENT
N0,1020CCSP27,CCSP 10.20% 2027 Sr 02,2025-11-04,,,2025-11-04,,,INTEREST PAYMENT
N1,1025SCL35A,Sammaan Capital Limited,2025-11-04,,,2025-11-04,,,INTEREST PAYMENT
U1,1025SCL35A,Sammaan Capital Limited,2025-11-04,,,2025-11-04,,,INTEREST PAYMENT
N0,116VCCL26A,VCCL 11.6% 2026 Sr A,2025-11-05,,,2025-11-04,,,INTEREST PAYMENT
N0,116VCCL27,VCCL 11.6% 2027 Sr A,2025-11-06,,,2025-11-06,,,INTEREST PAYMENT
N0,118VCCL27,VCCL 11.8% 2027 Sr B,2025-11-05,,,2025-11-04,,,INTEREST PAYMENT
N0,118VCCL27A,VCCL 11.8% 2027 Sr B,2025-11-06,,,2025-11-06,,,INTEREST PAYMENT
N0,12DCCL27,DCCL 12% 2027 Sr II,2025-11-04,,,2025-11-04,,,INTEREST PAYMENT
N0,12VCCL27B,VCCL 12% 2027,2025-11-06,,,2025-11-06,,,INTEREST PAYMENT
N0,12VCCL27D,VCCL 12% 2027 Sr C,2025-11-05,,,2025-11-04,,,INTEREST PAYMENT
TB,182D131125,GOI TBILL 182D-13/11/25,2025-11-11,,,,,,REDEMPTION
TB,182D201125,GOI TBILL 182D-20/11/25,2025-11-18,,,,,,REDEMPTION
TB,364D131125,GOI TBILL 364D-13/11/25,2025-11-11,,,,,,REDEMPTION
TB,364D211125,GOI TBILL 364D-21/11/25,2025-11-19,,,,,,REDEMPTION
GS,515GS2025,GOI LOAN  5.15% 2025,2025-11-04,,,,,,REDEMPTION
SG,689TN25,SDL TN 6.89% 2025,2025-11-18,,,,,,REDEMPTION
SG,694TN25,SDL TN 6.94% 2025,2025-11-11,,,,,,REDEMPTION
N0,723SBI39,SBI 7.23% 2039 Sr 3,2025-11-04,,,2025-11-04,,,INTEREST PAYMENT
N0,7425NIIF30,NIIF 7.425% 2030,2025-11-05,,,2025-11-04,,,INTEREST PAYMENT
N0,747ABCL29,ABCL 7.4669% 2029 Sr B1,2025-11-06,,,2025-11-06,,,INTEREST PAYMENT
N1,902SCL28,Sammaan Capital Limited,2025-11-04,,,2025-11-04,,,INTEREST PAYMENT
U1,902SCL28,Sammaan Capital Limited,2025-11-04,,,2025-11-04,,,INTEREST PAYMENT
TB,91D131125,GOI TBILL 91D-13/11/25,2025-11-11,,,,,,REDEMPTION
TB,91D201125,GOI TBILL 91D-20/11/25,2025-11-18,,,,,,REDEMPTION
N1,925SCL27B,Sammaan Capital Limited,2025-11-04,,,2025-11-04,,,INTEREST PAYMENT
U1,925SCL27B,Sammaan Capital Limited,2025-11-04,,,2025-11-04,,,INTEREST PAYMENT
N1,948SCL28,Sammaan Capital Limited,2025-11-04,,,2025-11-04,,,INTEREST PAYMENT
U1,948SCL28,Sammaan Capital Limited,2025-11-04,,,2025-11-04,,,INTEREST PAYMENT
N0,950ISF27B,ISF 9.50% 2027,2025-11-04,,,2025-11-04,,,INT PAYMENT/PART REDPTN
N1,971SCL30,Sammaan Capital Limited,2025-11-04,,,2025-11-04,,,INTEREST PAYMENT
U1,971SCL30,Sammaan Capital Limited,2025-11-04,,,2025-11-04,,,INTEREST PAYMENT
N1,971SCL30A,Sammaan Capital Limited,2025-11-04,,,2025-11-04,,,INTEREST PAYMENT
U1,971SCL30A,Sammaan Capital Limited,2025-11-04,,,2025-11-04,,,INTEREST PAYMENT
N1,980SCL35,Sammaan Capital Limited,2025-11-04,,,2025-11-04,,,INTEREST PAYMENT
U1,980SCL35,Sammaan Capital Limited,2025-11-04,,,2025-11-04,,,INTEREST PAYMENT
BE,BALKRISIND,BALKRISHNA IND. LTD,2025-11-07,,,2025-11-07,,,INTDIV - RS 4 PER SH
BL,BALKRISIND,Balkrishna Ind. Ltd,2025-11-07,,,2025-11-07,,,INTDIV - RS 4 PER SH
EQ,BALKRISIND,Balkrishna Ind. Ltd,2025-11-07,,,2025-11-07,,,INTDIV - RS 4 PER SH
IQ,BALKRISIND,Balkrishna Ind. Ltd,2025-11-07,,,2025-11-07,,,INTDIV - RS 4 PER SH
T0,BALKRISIND,Balkrishna Ind. Ltd,2025-11-07,,,2025-11-07,,,INTDIV - RS 4 PER SH
TL,BALKRISIND,Balkrishna Ind. Ltd,2025-11-07,,,2025-11-07,,,INTDIV - RS 4 PER SH
BE,BEPL,Bhansal Engg PolyLtd-Depo,2025-11-05,,,2025-11-04,,,INTDIV - RE 1 PER SH
BL,BEPL,Bhansali Eng. Polymers Lt,2025-11-05,,,2025-11-04,,,INTDIV - RE 1 PER SH
EQ,BEPL,Bhansali Eng. Polymers Lt,2025-11-05,,,2025-11-04,,,INTDIV - RE 1 PER SH
IQ,BEPL,Bhansali Eng. Polymers Lt,2025-11-05,,,2025-11-04,,,INTDIV - RE 1 PER SH
BE,COALINDIA,Coal India Ltd,2025-11-04,,,2025-11-04,,,INTDIV - RS 10.25 PER SH
BL,COALINDIA,Coal India Ltd,2025-11-04,,,2025-11-04,,,INTDIV - RS 10.25 PER SH
EQ,COALINDIA,Coal India Ltd,2025-11-04,,,2025-11-04,,,INTDIV - RS 10.25 PER SH
IQ,COALINDIA,Coal India Ltd,2025-11-04,,,2025-11-04,,,INTDIV - RS 10.25 PER SH
T0,COALINDIA,Coal India Ltd,2025-11-04,,,2025-11-04,,,INTDIV - RS 10.25 PER SH
TL,COALINDIA,Coal India Ltd,2025-11-04,,,2025-11-04,,,INTDIV - RS 10.25 PER SH
IV,CUBEINVIT,Cube Highways Trust,2025-11-04,,,2025-11-04,,,DIV/DISTRIBUTN - RS 3.60
BE,GODREJCP,Godrej Cons Products Ltd ,2025-11-07,,,2025-11-07,,,INTDIV - RS 5 PER SH
BL,GODREJCP,Godrej Cons Products Ltd ,2025-11-07,,,2025-11-07,,,INTDIV - RS 5 PER SH
EQ,GODREJCP,Godrej Cons Products Ltd ,2025-11-07,,,2025-11-07,,,INTDIV - RS 5 PER SH
IQ,GODREJCP,Godrej Cons Products Ltd ,2025-11-07,,,2025-11-07,,,INTDIV - RS 5 PER SH
T0,GODREJCP,Godrej Cons Products Ltd ,2025-11-07,,,2025-11-07,,,INTDIV - RS 5 PER SH
TL,GODREJCP,Godrej Cons Products Ltd ,2025-11-07,,,2025-11-07,,,INTDIV - RS 5 PER SH
GS,GS101125C,GOI STRIPS C 101125,2025-11-06,,,,,,REDEMPTION
BE,HAPPSTMNDS,Happiest Minds Techno Ltd,2025-11-04,,,2025-11-04,,,INTDIV - RS 2.75 PER SH
BL,HAPPSTMNDS,Happiest Minds Techno Ltd,2025-11-04,,,2025-11-04,,,INTDIV - RS 2.75 PER SH
EQ,HAPPSTMNDS,Happiest Minds Techno Ltd,2025-11-04,,,2025-11-04,,,INTDIV - RS 2.75 PER SH
IQ,HAPPSTMNDS,Happiest Minds Techno Ltd,2025-11-04,,,2025-11-04,,,INTDIV - RS 2.75 PER SH
T0,HAPPSTMNDS,Happiest Minds Techno Ltd,2025-11-04,,,2025-11-04,,,INTDIV - RS 2.75 PER SH
TL,HAPPSTMNDS,Happiest Minds Techno Ltd,2025-11-04,,,2025-11-04,,,INTDIV - RS 2.75 PER SH
BE,HINDPETRO,HINDUSTAN PERTOLEUM CORP,2025-11-06,,,2025-11-06,,,INTDIV - RS 5 PER SH
BL,HINDPETRO,Hindustan Petroleum Corp,2025-11-06,,,2025-11-06,,,INTDIV - RS 5 PER SH
EQ,HINDPETRO,Hindustan Petroleum Corp,2025-11-06,,,2025-11-06,,,INTDIV - RS 5 PER SH
IQ,HINDPETRO,Hindustan Petroleum Corp,2025-11-06,,,2025-11-06,,,INTDIV - RS 5 PER SH
T0,HINDPETRO,Hindustan Petroleum Corp,2025-11-06,,,2025-11-06,,,INTDIV - RS 5 PER SH
TL,HINDPETRO,Hindustan Petroleum Corp,2025-11-06,,,2025-11-06,,,INTDIV - RS 5 PER SH
BE,MAZDOCK,Mazagon Dock Shipbuil Ltd,2025-11-04,,,2025-11-04,,,INTDIV - RS 6 PER SH
BL,MAZDOCK,Mazagon Dock Shipbuil Ltd,2025-11-04,,,2025-11-04,,,INTDIV - RS 6 PER SH
EQ,MAZDOCK,Mazagon Dock Shipbuil Ltd,2025-11-04,,,2025-11-04,,,INTDIV - RS 6 PER SH
IQ,MAZDOCK,Mazagon Dock Shipbuil Ltd,2025-11-04,,,2025-11-04,,,INTDIV - RS 6 PER SH
T0,MAZDOCK,Mazagon Dock Shipbuil Ltd,2025-11-04,,,2025-11-04,,,INTDIV - RS 6 PER SH
TL,MAZDOCK,Mazagon Dock Shipbuil Ltd,2025-11-04,,,2025-11-04,,,INTDIV - RS 6 PER SH
BE,NAM-INDIA,Nippon L I A M Ltd,2025-11-06,,,2025-11-06,,,INTDIV - RS 9 PER SH
BL,NAM-INDIA,Nippon L I A M Ltd,2025-11-06,,,2025-11-06,,,INTDIV - RS 9 PER SH
EQ,NAM-INDIA,Nippon L I A M Ltd,2025-11-06,,,2025-11-06,,,INTDIV - RS 9 PER SH
IQ,NAM-INDIA,Nippon L I A M Ltd,2025-11-06,,,2025-11-06,,,INTDIV - RS 9 PER SH
T0,NAM-INDIA,Nippon L I A M Ltd,2025-11-06,,,2025-11-06,,,INTDIV - RS 9 PER SH
TL,NAM-INDIA,Nippon L I A M Ltd,2025-11-06,,,2025-11-06,,,INTDIV - RS 9 PER SH
BE,NTPC,NTPC Limited,2025-11-07,,,2025-11-07,,,INTDIV - RS 2.75 PER SH
BL,NTPC,NTPC Limited,2025-11-07,,,2025-11-07,,,INTDIV - RS 2.75 PER SH
EQ,NTPC,NTPC Limited,2025-11-07,,,2025-11-07,,,INTDIV - RS 2.75 PER SH
IQ,NTPC,NTPC Limited,2025-11-07,,,2025-11-07,,,INTDIV - RS 2.75 PER SH
T0,NTPC,NTPC Limited,2025-11-07,,,2025-11-07,,,INTDIV - RS 2.75 PER SH
TL,NTPC,NTPC Limited,2025-11-07,,,2025-11-07,,,INTDIV - RS 2.75 PER SH
BE,RAILTEL,Railtel Corp of Ind Ltd,2025-11-04,,,2025-11-04,,,INTDIV - RE 1 PER SH
BL,RAILTEL,Railtel Corp of Ind Ltd,2025-11-04,,,2025-11-04,,,INTDIV - RE 1 PER SH
EQ,RAILTEL,Railtel Corp of Ind Ltd,2025-11-04,,,2025-11-04,,,INTDIV - RE 1 PER SH
IQ,RAILTEL,Railtel Corp of Ind Ltd,2025-11-04,,,2025-11-04,,,INTDIV - RE 1 PER SH
T0,RAILTEL,Railtel Corp of Ind Ltd,2025-11-04,,,2025-11-04,,,INTDIV - RE 1 PER SH
TL,RAILTEL,Railtel Corp of Ind Ltd,2025-11-04,,,2025-11-04,,,INTDIV - RE 1 PER SH
BE,RRKABEL,R R Kabel Limited,2025-11-07,,,2025-11-07,,,INTDIV - RS 4 PER SH
BL,RRKABEL,R R Kabel Limited,2025-11-07,,,2025-11-07,,,INTDIV - RS 4 PER SH
EQ,RRKABEL,R R Kabel Limited,2025-11-07,,,2025-11-07,,,INTDIV - RS 4 PER SH
IQ,RRKABEL,R R Kabel Limited,2025-11-07,,,2025-11-07,,,INTDIV - RS 4 PER SH
T0,RRKABEL,R R Kabel Limited,2025-11-07,,,2025-11-07,,,INTDIV - RS 4 PER SH
TL,RRKABEL,R R Kabel Limited,2025-11-07,,,2025-11-07,,,INTDIV - RS 4 PER SH
IV,SEITINVIT,Sustainable Energy Infra,2025-11-05,,,2025-11-04,,,DISTRIBUTN - RS 2.81909
GB,SGBNOV25,2.50% GOLDBONDS2025SR-VII,2025-11-11,,,,,,REDEMPTION
GB,SGBNOV258,2.50%GOLDBONDS2025SR-VIII,2025-11-18,,,,,,REDEMPTION
BE,SHAREINDIA,Share Ind. Securities Ltd,2025-11-06,,,2025-11-06,,,INTDIV - RE 0.40 PER SH
BL,SHAREINDIA,Share Ind. Securities Ltd,2025-11-06,,,2025-11-06,,,INTDIV - RE 0.40 PER SH
EQ,SHAREINDIA,Share Ind. Securities Ltd,2025-11-06,,,2025-11-06,,,INTDIV - RE 0.40 PER SH
IQ,SHAREINDIA,Share Ind. Securities Ltd,2025-11-06,,,2025-11-06,,,INTDIV - RE 0.40 PER SH
IV,SHREMINVIT,Shrem Invit,2025-11-05,,,2025-11-04,,,DISTRIBUTION - RS 3.7248
BE,SHRIRAMFIN,Shriram Finance Limited,2025-11-07,,,2025-11-07,,,INTDIV - RS 4.80 PER SH
BL,SHRIRAMFIN,Shriram Finance Limited,2025-11-07,,,2025-11-07,,,INTDIV - RS 4.80 PER SH
EQ,SHRIRAMFIN,Shriram Finance Limited,2025-11-07,,,2025-11-07,,,INTDIV - RS 4.80 PER SH
IQ,SHRIRAMFIN,Shriram Finance Limited,2025-11-07,,,2025-11-07,,,INTDIV - RS 4.80 PER SH
T0,SHRIRAMFIN,Shriram Finance Limited,2025-11-07,,,2025-11-07,,,INTDIV - RS 4.80 PER SH
TL,SHRIRAMFIN,Shriram Finance Limited,2025-11-07,,,2025-11-07,,,INTDIV - RS 4.80 PER SH
BE,SUNDRMFAST,Sundram Fasteners Ltd,2025-11-04,,,2025-11-04,,,INTDIV - RS 3.75 PER SH
BL,SUNDRMFAST,Sundram Fasteners Ltd,2025-11-04,,,2025-11-04,,,INTDIV - RS 3.75 PER SH
EQ,SUNDRMFAST,Sundram Fasteners Ltd,2025-11-04,,,2025-11-04,,,INTDIV - RS 3.75 PER SH
IQ,SUNDRMFAST,Sundram Fasteners Ltd,2025-11-04,,,2025-11-04,,,INTDIV - RS 3.75 PER SH
T0,SUNDRMFAST,Sundram Fasteners Ltd,2025-11-04,,,2025-11-04,,,INTDIV - RS 3.75 PER SH
TL,SUNDRMFAST,Sundram Fasteners Ltd,2025-11-04,,,2025-11-04,,,INTDIV - RS 3.75 PER SH
BE,TDPOWERSYS,TD Power Systems Ltd.,2025-11-06,,,2025-11-06,,,INTDIV - RE 1 PER SH
BL,TDPOWERSYS,TD Power Systems Ltd.,2025-11-06,,,2025-11-06,,,INTDIV - RE 1 PER SH
EQ,TDPOWERSYS,TD Power Systems Ltd.,2025-11-06,,,2025-11-06,,,INTDIV - RE 1 PER SH
IQ,TDPOWERSYS,TD Power Systems Ltd.,2025-11-06,,,2025-11-06,,,INTDIV - RE 1 PER SH
BE,VAIBHAVGBL,Vaibhav Gems Ltd,2025-11-06,,,2025-11-06,,,INTDIV - RS 1.50 PER SH
BL,VAIBHAVGBL,Vaibhav Gems Limited,2025-11-06,,,2025-11-06,,,INTDIV - RS 1.50 PER SH
EQ,VAIBHAVGBL,Vaibhav Gems Limited,2025-11-06,,,2025-11-06,,,INTDIV - RS 1.50 PER SH
IQ,VAIBHAVGBL,Vaibhav Gems Limited,2025-11-06,,,2025-11-06,,,INTDIV - RS 1.50 PER SH
