GAIN_LOSS,SECURITY,CLOSE_PRIC,PREV_CL_PR,PERCENT_CG
 ,Nifty 50 Sec., , , 
 , , , , 
G,POWER GRID CORP. LTD.,       293.30,       288.60,1.63
G,NTPC LTD,       347.60,       343.00,1.34
G,HINDUSTAN UNILEVER LTD.,      2549.50,      2522.20,1.08
G,TATA CONSUMER PRODUCT LTD,      1140.10,      1128.50,1.03
G,MARUTI SUZUKI INDIA LTD.,     16249.00,     16097.00,.94
G,JSW STEEL LIMITED,      1149.10,      1138.40,.94
G,HCL TECHNOLOGIES LTD,      1442.30,      1429.80,.87
G,NESTLE INDIA LIMITED,      1178.60,      1168.40,.87
G,OIL AND NATURAL GAS CORP.,       238.52,       236.66,.79
G,CIPLA LTD,      1538.00,      1527.10,.71
G,LARSEN & TOUBRO LTD.,      3673.80,      3657.60,.44
G,ASIAN PAINTS LIMITED,      2457.20,      2446.90,.42
G,BAJAJ FINANCE LIMITED,      1029.75,      1025.50,.41
G,EICHER MOTORS LTD,      7011.50,      6990.50,.3
G,TRENT LTD,      4897.00,      4891.00,.12
 , , , , 
L,TATA MOTORS LIMITED,       682.95,       701.35,-2.62
L,BHARAT ELECTRONICS LTD,       395.45,       404.45,-2.23
L,ADANI ENTERPRISES LIMITED,      2619.80,      2676.40,-2.11
L,WIPRO LTD,       244.59,       249.63,-2.02
L,INDUSIND BANK LIMITED,       740.75,       755.25,-1.92
L,JIO FIN SERVICES LTD,       306.75,       312.55,-1.86
L,HERO MOTOCORP LIMITED,      5277.00,      5370.50,-1.74
L,BAJAJ AUTO LIMITED,      8839.00,      8984.50,-1.62
L,ULTRATECH CEMENT LIMITED,     12214.00,     12401.00,-1.51
L,TECH MAHINDRA LIMITED,      1452.40,      1471.90,-1.32
L,MAHINDRA & MAHINDRA LTD,      3574.90,      3614.60,-1.1
L,AXIS BANK LIMITED,      1158.90,      1170.80,-1.02
L,TATA CONSULTANCY SERV LT,      3035.40,      3062.40,-0.88
L,ICICI BANK LTD.,      1382.70,      1394.30,-0.83
L,KOTAK MAHINDRA BANK LTD,      2031.30,      2047.70,-0.8
L,DR. REDDY S LABORATORIES,      1298.10,      1308.40,-0.79
L,ETERNAL LIMITED,       335.80,       338.35,-0.75
L,BAJAJ FINSERV LTD.,      2069.20,      2084.40,-0.73
L,ADANI PORT & SEZ LTD,      1431.60,      1441.60,-0.69
L,HINDALCO  INDUSTRIES  LTD,       741.05,       745.90,-0.65
L,HDFC BANK LTD,       951.05,       957.20,-0.64
L,HDFC LIFE INS CO LTD,       770.25,       775.05,-0.62
L,TITAN COMPANY LIMITED,      3418.30,      3439.20,-0.61
L,SHRIRAM FINANCE LIMITED,       625.15,       628.80,-0.58
L,ITC LTD,       401.00,       403.20,-0.55
L,APOLLO HOSPITALS ENTER. L,      7643.50,      7684.00,-0.53
L,STATE BANK OF INDIA,       866.20,       870.60,-0.51
L,RELIANCE INDUSTRIES LTD,      1383.00,      1389.80,-0.49
L,BHARTI AIRTEL LIMITED,      1931.10,      1938.70,-0.39
L,TATA STEEL LIMITED,       172.66,       173.29,-0.36
 , , , , 
 ,Nifty Next 50 Sec., , , 
 , , , , 
G,PIDILITE INDUSTRIES LTD,      1519.50,      1489.30,2.03
G,HYUNDAI MOTOR INDIA LTD,      2755.70,      2721.50,1.26
G,CANARA BANK,       122.91,       121.90,0.83
G,UNITED SPIRITS LIMITED,      1350.90,      1341.20,0.72
G,BRITANNIA INDUSTRIES LTD,      5970.50,      5934.00,0.62
G,DABUR INDIA LTD,       517.80,       515.00,0.54
G,BANK OF BARODA,       254.37,       253.23,0.45
G,CHOLAMANDALAM IN & FIN CO,      1630.20,      1623.80,0.39
G,AVENUE SUPERMARTS LIMITED,      4645.80,      4633.90,0.26
 , , , , 
L,ADANI POWER LTD,       144.50,       162.35,-10.99
L,ADANI ENERGY SOLUTION LTD,       889.00,       925.10,-3.9
L,SAMVRDHNA MTHRSN INTL LTD,       107.96,       112.08,-3.68
L,DLF LIMITED,       733.65,       759.40,-3.39
L,ADANI GREEN ENERGY LTD,      1095.25,      1131.45,-3.2
L,SWIGGY LIMITED,       438.45,       449.20,-2.39
L,LODHA DEVELOPERS LIMITED,      1179.40,      1205.40,-2.16
L,PUNJAB NATIONAL BANK,       111.01,       113.43,-2.13
L,VEDANTA LIMITED,       448.45,       457.20,-1.91
L,HAVELLS INDIA LIMITED,      1544.50,      1572.30,-1.77
L,TVS MOTOR COMPANY  LTD,      3453.00,      3512.70,-1.7
L,JSW ENERGY LIMITED,       535.15,       543.85,-1.6
L,BOSCH LIMITED,     38760.00,     39390.00,-1.6
L,HINDUSTAN AERONAUTICS LTD,      4723.90,      4799.90,-1.58
L,GAIL (INDIA) LTD,       175.91,       178.66,-1.54
L,AMBUJA CEMENTS LTD,       582.65,       591.60,-1.51
L,INDIAN RAILWAY FIN CORP L,       125.59,       127.29,-1.34
L,TATA POWER CO LTD,       390.30,       395.50,-1.31
L,VARUN BEVERAGES LIMITED,       452.60,       458.50,-1.29
L,SIEMENS LTD,      3201.00,      3240.40,-1.22
L,REC LIMITED,       382.00,       386.70,-1.22
L,ABB INDIA LIMITED,      5237.30,      5298.70,-1.16
L,DIVI S LABORATORIES LTD,      5984.00,      6051.00,-1.11
L,LTIMINDTREE LIMITED,      5207.00,      5262.50,-1.05
L,TORRENT PHARMACEUTICALS L,      3614.60,      3651.50,-1.01
L,INDIAN OIL CORP LTD,       146.77,       148.24,-0.99
L,JINDAL STEEL LIMITED,      1052.65,      1062.70,-0.95
L,ICICI LOMBARD GIC LIMITED,      1878.40,      1894.70,-0.86
L,ZYDUS LIFESCIENCES LTD,      1036.00,      1044.85,-0.85
L,INTERGLOBE AVIATION LTD,      5686.00,      5732.00,-0.8
 , , , , 
 ,OTHER SECURITIES, , , 
 , , , , 
G,PROVENTUS AGROCOM LIMITED,      1165.80,       971.50,20
G,DRS CARGO MOVERS LIMITED,        36.00,        30.00,20
G,ZUARI INDUSTRIES LIMITED,       376.05,       313.40,19.99
G,NHB 8.90 NCD TR II SR 3 B,      7399.50,      6248.10,18.43
G,AURO IMPEX & CHEMICALS L,        52.80,        45.85,15.16
G,BEARDSELL LIMITED,        35.80,        31.11,15.08
G,AARTI SURFACTANTS LIMITED,       172.00,       150.00,14.67
G,BHARAT GEARS LTD.,       120.28,       105.75,13.74
G,N R AGARWAL INDS LTD,       414.55,       368.85,12.39
G,MUNJAL AUTO IND. LTD.,       103.98,        93.44,11.28
G,PARADEEP PHOSPHATES LTD,       192.73,       173.74,10.93
G,GOODLUCK INDIA LIMITED,      1238.90,      1119.50,10.67
G,U. Y. FINCORP LIMITED,        15.63,        14.14,10.54
G,SEC RE NCD 9.71% SR VIII,       991.00,       900.30,10.07
G,KARMA ENERGY LIMITED,        70.80,        64.37,9.99
G,DYNAMIC SRVCS & SEC LTD,       121.30,       110.30,9.97
G,SEC RE NCD 9.90% SR IV,       474.60,       432.00,9.86
G,SHARP CHUCKS N MACHINES L,       102.60,        93.70,9.5
G,BAJAJ HEALTHCARE LIMITED,       507.25,       463.45,9.45
G,AARADHYA DISPOSAL INDUS L,       150.15,       137.20,9.44
G,SEC RE NCD 10.35% SR III,       790.00,       722.00,9.42
G,TATA INVESTMENT CORP LTD,      8863.50,      8138.00,8.91
G,MINDA CORPORATION LTD,       579.10,       534.50,8.34
G,STL NETWORKS LIMITED,        33.04,        30.54,8.19
G,ROYAL ARC ELECTRODES LTD,       173.00,       160.00,8.13
G,ENFUSE SOLUTIONS LIMITED,       219.00,       203.15,7.8
G,SEC RE NCD 10.30% SR.VII,       646.00,       601.50,7.4
G,SANDUR MANG & IRON ORES L,       170.45,       158.75,7.37
G,RATNAVEER PRECISION ENG L,       157.60,       146.80,7.36
G,GIRIRAJ CIVIL DEVP LTD,       369.00,       344.65,7.07
 , , , , 
L,SEC RE NCD 9.80% SR.V,       456.00,       570.00,-20
L,EIMCO ELECON (INDIA) LTD,      1723.50,      2031.20,-15.15
L,KALANA ISPAT LIMITED,        34.50,        39.45,-12.55
L,INDIAN EMULSIFIERS LTD,       143.65,       157.30,-8.68
L,SMVD POLY PACK LIMITED,         6.40,         7.00,-8.57
L,STL GLOBAL LIMITED,        16.64,        18.11,-8.12
L,THAAI CASTING LIMITED,       118.05,       128.00,-7.77
L,ADANI TOTAL GAS LIMITED,       667.30,       722.95,-7.7
L,M K PROTEINS LIMITED,         7.05,         7.61,-7.36
L,INTENSE TECHNOLOGIES LTD,       127.70,       137.77,-7.31
L,QUALITY POWER ELEC EQUP L,       972.20,      1046.65,-7.11
L,AAKAAR MEDICAL TECHNO LTD,        87.90,        94.60,-7.08
L,SWARAJ ENGINES LTD,      4204.10,      4497.50,-6.52
L,TRIGYN TECHNOLOGIES LTD,        84.64,        90.32,-6.29
L,DRONE DESTINATION LIMITED,        69.80,        74.40,-6.18
L,ASPIRE & INNOVATIVE ADV L,        20.75,        22.10,-6.11
L,INDO FARM EQUIPMENT LTD,       249.61,       265.43,-5.96
L,GACM TECHNOLOGIES LIMITED,          .84,          .89,-5.62
L,GAYATRI RUBB AND CHEM LTD,       352.40,       373.00,-5.52
L,JTEKT INDIA LIMITED,       174.76,       184.86,-5.46
L,PONDY OXIDES & CHEM LTD,      1220.90,      1291.30,-5.45
L,ACE INTEGRATED SOLU. LTD.,        24.17,        25.55,-5.4
L,AMD INDUSTRIES LIMITED,        58.12,        61.42,-5.37
L,RUCHIRA PAPERS LIMITED,       151.03,       159.60,-5.37
L,BALRAMPUR CHINI MILLS LTD,       469.70,       496.25,-5.35
L,PATEL INT. LOG. LTD,        15.06,        15.90,-5.28
L,MARATHON NXTGEN REALT LTD,       637.80,       673.20,-5.26
L,ACCRETION PHARMA LIMITED,        60.85,        64.20,-5.22
L,SAFE ENTER RETAIL FIX LTD,       204.50,       215.75,-5.21
L,INDIFRA LIMITED,        17.90,        18.85,-5.04
