SECURITY,NEW,PREVIOUS,NEW_STATUS
SUDARSHAN CHEMICAL INDS L,1603,1539,H
TATA INVESTMENT CORP LTD,9099.5,8238,H
QUALITY POWER ELEC EQUP L,1072,1054.9,H
E2E NETWORKS LIMITED,3468.9,3428.2,H
GOI LOAN  6.54% 2032,105.89,105.15,H
2.5%GOLDBONDS2028SR-III,12079.99,12028,H
2.50%GOLDBONDS2029SR-IV,12209,12179.99,H
2.50%GOLDBONDS2030SR-III,13799.98,13799,H
2.50%GOLDBONDS2026SR-XIV,12400,12300,H
SEC RE NCD 9% SR.VI,1075,1070,H
HP TELECOM INDIA LIMITED,252.75,230.45,H
KAYA LIMITED,481.95,463,H
TANKUP ENGINEERS LIMITED,481.1,471.75,H
DIVINE HIRA JEWELLERS LTD,92.4,90.2,H
GOI TBILL 364D-28/05/26,96.27,96.15,H
BIL VYAPAR LIMITED,14.4,13.67,H
TAURIAN MPS LIMITED,295.35,281.3,H
NETWEB TECH INDIA LTD,3610,3585,H
BIRLASLAMC - SILVER,139.68,136.83,H
ASK AUTOMOTIVE LIMITED,578.5,555,H
2.50%GOLDBONDS2028SR-VI,12099,12060,H
2.50%GOLDBONDS2031SR-I,13377.99,13350,H
VISAMAN GLOBAL SALES LTD,121.15,118.8,H
GROWWAMC - GROWWPOWER,10.7,10.68,H
IIFL TR I SR II,1045,1025.8,H
INFIBEAM RE.0.5 PPD UP,10.52,10.5,H
GOI TBILL 364D-07/05/26,96.58,96.25,H
DHARAN INFRA-EPC LIMITED,0.59,0.58,H
GROWWAMC - GROWWGOLD,112.8,112.62,H
V2 RETAIL LIMITED,2015,2014,H
2.5%GOLDBONDS2029SR-II,12444,12300,H
2.50%GOLDBONDS2028SR-IV,12106,12094,H
ADITYA VISION LIMITED,587,583.4,H
SEC RED NCD 9.30% SR. II,1100,1097.25,H
AMBER ENTERPRISES (I) LTD,8420,8394,H
SUMEET IND LIMITED,159.14,151.87,H
SEC RE NCD 8.60% SR 5,1050,1014,H
NATIONAL HIGHW INFRA TRUS,140.01,140,H
KNOWLEDGE REALTY TRUST,114.25,113.5,H
STATE BANK OF INDIA,874.95,850.5,H
GOI TBILL 364D-25/06/26,95.86,95.55,H
AEL 8.85% 2028 SR III,1035,1025,H
GOI TBILL 364D-21/05/26,96.37,95.66,H
HDFC GOLD ETF,100.64,98.47,H
P S RAJ STEELS LIMITED,239.35,224,H
DSPAMC - DSPGOLDETF,112.49,111.6,H
AXISAMC - AXISILVER,138.14,136.27,H
ZERODHAAMC - GOLDCASE,18.24,18.22,H
2.5%GOLDBONDS2029SR-I,12224.77,12199,H
2.50%GOLDBONDS2026SR-II,12300,12050,H
2.50%GOLDBONDS2031SR-II,13875,13699,H
M.V.K. AGRO FOOD PROD LTD,468.15,459,H
GOI TBILL 91D-06/11/25,99.35,99.3,H
SHRI AHIMSA NATURALS LTD,246.5,243.15,H
ARFIN INDIA LIMITED,49.54,48.6,H
JAYBHARATMARU-,109.2,107.07,H
NEXUS SELECT TRUST,162.49,158.94,H
SBIAMC - SBISILVER,133.6,133.17,H
2.50%GOLDBONDS2027SR-V,12479.99,12200,H
AGARWAL TOUGH GLASS IND L,174.05,169.5,H
SAKAR HEALTHCARE LIMITED,378.2,376,H
NEPTUNE PETROCHEMICALS L,183,179,H
SEC RE NCD SR 4,1173,1170.5,H
MIRAEAMC - MASILVER,133.95,132.83,H
MOTILALAMC - MOGOLD,118.8,115.45,H
KAVVERI DFS & WIR TEC LTD,127.63,121.56,H
ASAHI INDIA GLASS LIMITED,932.8,922.3,H
LUMAX INDUSTRIES LTD,4783.8,4637.6,H
LUMAX AUTO TECH LTD,1294,1254,H
UTIAMC - SILVERETF,134.8,133.14,H
2.5%GOLDBONDS2029SR-VII,12300,12239,H
ADITYA BIRLA CAPITAL LTD.,299.4,295,H
ICICI PRUDENTIAL GOLD ETF,98.81,98.59,H
ICICIPRAMC - ICICISILVE,138.37,136.64,H
PANACHE DIGILIFE LIMITED,366.56,349.11,H
LAXMI GOLDORNA HOUSE LTD,959,958,H
POLYSIL IRRIGATION SYST L,236.15,231.55,H
MOTILALAMC - MOSILVER,141,140,H
INDIAN BANK,722,712,H
HDFCAMC - HDFCSILVER,133.44,131.89,H
KOTAKMAMC - KOTAKSILVE,135.48,132.94,H
2.50%GOLDBONDS2032SR-IV,14865.4,14838,H
360ONEAMC - SILVER360,139.23,138.8,H
AADHAR HOUSING FINANCE L,547.8,546.05,H
2.50%GOLDBONDS2027SR-I,12221.3,12100,H
IZMO LIMITED,1223.35,1165.1,H
SCL 0% 2026 SR III,1040,1035,H
SEC RE NCD 8.50% SR.IV,1036.8,1021,H
PPAP AUTOMOTIVE LIMITED,234.76,234.45,H
AARADHYA DISPOSAL INDUS L,155,138,H
AONEAMC - AONEGOLD,10.96,10.74,H
MARUTI SUZUKI INDIA LTD.,16375,16325,H
MEGASOFT LTD,174,172.57,H
MUTHOOT FINANCE LIMITED,3100.8,3078.1,H
NIPPONAMC - NETFSILVER,130.35,129.94,H
DSPAMC - DSPSILVETF,133.6,130.63,H
MIRAEAMC - MASPTOP50,68.66,68.36,H
CHOICE INTERNATIONAL LTD,832,830,H
UNIONAMC - UNIONGOLD,116,112.25,H
AESTHETIK ENGINEERS LTD,148.3,141.25,H
INDIAN METALS & FERRO,1186.4,1176.3,H
GOI TBILL 91D-02/10/25,99.8,99.75,H
TEAM INDIA GUARANTY LTD,266.1,253.45,H
MONOLITHISCH INDIA LTD,498,494.8,H
VIGOR PLAST INDIA LIMITED,94.55,94.4,H
DRS CARGO MOVERS LIMITED,36,30,H
TECHD CYBERSECURITY LTD,424.45,404.25,H
DRONE DESTINATION LIMITED,69.2,74,L
VIPUL LIMITED,9.4,9.44,L
BARBEQUE NATION HOSP. LTD,225,230.5,L
KAUSHALYA LOGISTICS LTD,63.6,66.2,L
TIMESCAN LOGISTICS IND L,49.75,52.35,L
CEDAAR TEXTILE LIMITED,97,99,L
KAYTEX FABRICS LIMITED,102.5,103,L
EURO PRATIK SALES LIMITED,243,247.06,L
CYBERMEDIA RS.5 PPD UP,9.84,10.36,L
DEV ACCELERATOR LIMITED,54.03,54.9,L
MANGALAM WORLDWIDE LTD,230,235,L
SAAKSHI MEDTEC N PANELS L,175.6,177,L
HOMESFY REALTY LIMITED,229.55,238.1,L
REMUS PHARMACEUTICALS L,765.65,775,L
NECTAR LIFESCIENCES LTD.,15.03,15.34,L
AGS TRANSACT TECH LTD,4.04,4.1,L
DREAMFOLKS SERVICES LTD,101.4,106.74,L
DEV INFO TECHNOLOGY LTD,40.4,41.15,L
SHANTHALA FMCG PRODUCTS L,30.3,33,L
PRO FX TECH LIMITED,96.15,97,L
SMVD POLY PACK LIMITED,6.4,6.45,L
ASPIRE & INNOVATIVE ADV L,20.1,21.35,L
CP CAPITAL LIMITED,135,135.63,L
REGAAL RESOURCES LIMITED,95.2,99.43,L
SG FINSERVE LIMITED,370.3,370.7,L
LLOYD RE.0.50 PPD UP,42.25,43.25,L
NEW DELHI TELEVISION LTD,27.1,28.51,L
TRUST FINTECH LIMITED,48.1,51.5,L
TWAMEV CONS AND INFRA LTD,20.56,21.54,L
GEM AROMATICS LIMITED,257.1,261.95,L
GALAXY MEDICARE LIMITED,39.75,41.85,L
SNEHAA ORGANICS LIMITED,92.05,99,L
AMANTA HEALTHCARE LIMITED,142.2,145.2,L
VISHNU PRAKASH R PUNGLI L,99.5,102,L
RAJOO ENGINEERS LIMITED,90.3,92.41,L
SHIVASHRIT FOODS LIMITED,126,126.6,L
ROTO PUMPS LIMITED,79.36,79.99,L
AEROFLEX ENTERPRISES LTD,83.55,84,L
REFRACTORY SHAPES LIMITED,49.85,52.25,L
TSC INDIA LIMITED,58.65,60.6,L
HIGHWAY INFRASTRUCTURE L,84.25,84.26,L
ORTIN GLOBAL LIMITED,11.76,12,L
INDO US BIOTECH LTD,136.75,137.2,L
SAMEERA AGRO AND INFRA L,15.35,16.15,L
URAVI DEFENCE &TECH LTD,257.25,270.75,L
GLOBE CIVIL PROJECTS LTD,74,74.51,L
ANDHRA CEMENTS LIMITED,90.42,90.56,L
DIGITIDE SOLUTIONS LTD,166.92,173.46,L
ACCENT MICROCELL LIMITED,245,248.2,L

