SECURITY,NEW,PREVIOUS,NEW_STATUS
360ONEAMC - SILVER360         ,345.00,333.98,H
AXISAMC - AXISILVER           ,351.78,332.99,H
BANDHANAMC - SILVERBND        ,354.00,343.69,H
BIRLASLAMC - SILVER           ,354.00,344.40,H
BORANA WEAVES LIMITED         ,362.30,345.10,H
CHOICEAMC - CHOICEGOLD        ,164.00,160.00,H
DHARIWALCORP LIMITED          ,398.50,396.00,H
DSPAMC - DSPSILVETF           ,349.70,333.99,H
EDELAMC - EGOLD               ,164.75,162.75,H
EDELAMC - ESILVER             ,353.76,340.00,H
GOLDKART JEWELS LIMITED       ,285.00,268.00,H
GROWWAMC - GROWWGOLD          ,162.00,159.49,H
GROWWAMC - GROWWSLVR          ,345.15,340.36,H
HDFCAMC - HDFCSILVER          ,340.00,329.40,H
ICICIPRAMC - ICICISILVE       ,352.11,344.75,H
ICICIPRAMC - METALIETF        ,12.65,12.08,H
ICICIPRAMC - PSUBANKICI       ,91.96,91.95,H
INVESCO INDIA GOLD ETF        ,14494.00,14260.00,H
KOTAK PSU BANK                ,910.00,908.29,H
KOTAKMAMC - KOTAKSILVE        ,340.15,334.75,H
MILTON INDUSTRIES LIMITED     ,48.85,48.35,H
MIRAEAMC - DIVIDEND           ,38.03,37.75,H
MIRAEAMC - MASILVER           ,348.70,330.38,H
MIRAEAMC - TOP20              ,9.99,9.92,H
MOTILALAMC - MOGOLD           ,164.00,159.70,H
MOTILALAMC - MOSILVER         ,351.90,335.00,H
MOTILALAMC - MOVALUE          ,122.00,121.12,H
NDR INVIT TRUST               ,129.00,128.00,H
NIPPONAMC - NETFSILVER        ,337.86,321.48,H
PARAMPARA DAIRY DLGHT LTD     ,9.80,10.30,H
SBIAMC - SBISILVER            ,351.00,331.80,H
SHADOWFAX TECHNOLOGIES L      ,119.67,124.00,H
SILGO RETAIL LTD              ,14.28,11.59,H
TATA MOTORS LIMITED           ,470.25,456.40,H
TATAAML-TATSILV               ,34.07,34.00,H
TVS INFRASTRUCTURE TRUST      ,112.50,111.50,H
UNIONAMC - UNIONGOLD          ,164.65,164.50,H
UTIAMC-SILVERBETA             ,341.00,327.99,H
ZERODHAAMC - GOLDCASE         ,26.51,26.39,H
ZERODHAAMC - SILVERCASE       ,36.08,34.70,H
ADDICTIVE LEARNING TECH L     ,99.50,100.25,L
ANSAL PROP & INFRA LTD        ,2.99,3.02,L
ARC INSULATION & INSU LTD     ,57.20,60.00,L
ARISINFRA SOLUTIONS LTD       ,99.51,100.25,L
ARMOUR SECURITY (INDIA) L     ,37.20,39.15,L
ARUNAYA ORGANICS LIMITED      ,17.00,17.10,L
ARVIND PORT AND INFRA LTD     ,29.50,31.05,L
ASTRON PAPER BORD MIL LTD     ,4.51,4.73,L
AUTHUM INVEST & INFRA LTD     ,493.00,498.00,L
AVANA ELECTROSYSTEMS LTD      ,65.10,68.50,L
BEW ENGINEERING LIMITED       ,92.70,94.00,L
CEDAAR TEXTILE LIMITED        ,46.30,47.05,L
CURIS LIFESCIENCES LTD        ,100.00,105.00,L
DCM SHRIRAM IND LTD           ,36.11,37.17,L
DELTA AUTOCORP LIMITED        ,37.15,38.10,L
DHRUV CONSULTANCY SER LTD     ,38.00,38.10,L
DIVYADHAN RECYCLING IND L     ,21.50,22.60,L
DRS DILIP ROADLINES LTD.      ,55.00,55.10,L
ELEGANZ INTERIORS LIMITED     ,75.00,75.50,L
ENERGY MISSION MACH IND L     ,155.00,160.00,L
FLYSBS AVIATION LIMITED       ,375.05,380.00,L
GALA PRECISION ENG LTD        ,677.75,682.00,L
GANESH BENZOPLAST LIMITED     ,70.00,70.21,L
GLOTTIS LIMITED               ,49.21,51.10,L
GROWWAMC - GROWWSC250         ,8.66,8.70,L
INDIQUBE SPACES LIMITED       ,176.00,184.66,L
INNOMET ADVANCED MATERI L     ,75.10,75.40,L
INVICTA DIAGNOSTIC LTD        ,60.60,63.50,L
JNK INDIA LIMITED             ,200.92,201.35,L
KONTOR SPACE LIMITED          ,53.25,55.80,L
LAXMI DENTAL LIMITED          ,191.85,197.30,L
MANGAL ELECTRICAL IND L       ,277.85,284.85,L
MARCO CABLE & CONDUCTOR L     ,30.10,31.00,L
MEDI ASSIST HEALTH SER L      ,397.00,405.05,L
MIRAEAMC - INTERNET           ,12.38,12.47,L
MONO PHARMACARE LIMITED       ,9.85,10.35,L
MT EDUCARE LTD                ,1.47,1.51,L
NEWJAISA TECHNOLOGIES LTD     ,15.55,16.15,L
ONESOURCE SPECL PHARMA L      ,1077.40,1146.00,L
ORKLA INDIA LIMITED           ,565.00,565.95,L
OSWAL PUMPS LIMITED           ,383.00,386.35,L
PARAMOUNT DYE TEC LIMITED     ,41.25,42.90,L
PARAMOUNT SPECIALI FORG L     ,25.10,25.50,L
PARAMPARA DAIRY DLGHT LTD     ,9.80,10.30,L
PATIL AUTOMATION LIMITED      ,144.50,151.50,L
PAUSHAK LIMITED               ,496.60,509.10,L
PERFECT INFRAENGINEER LTD     ,3.55,3.60,L
PRAXIS HOME RETAIL LTD        ,6.97,7.32,L
PRECISION METALIKS LTD        ,8.60,9.05,L
SAMEERA AGRO AND INFRA L      ,10.45,10.50,L
SARASWATI SAREE DEPOT LTD     ,66.11,66.25,L
SHADOWFAX TECHNOLOGIES L      ,109.00,124.00,L
SHANTI OVERSEAS INDIA LTD     ,7.24,7.27,L
SHIVALIK RASAYAN LIMITED      ,304.95,305.05,L
SHREE TIRUPATI BALAJEE L      ,32.95,33.30,L
SHYAM DHANI INDUSTRIES L      ,82.80,86.00,L
SIKKO INDUSTRIES LIMITED      ,3.81,3.95,L
SMARTEN POWER SYSTEMS LTD     ,61.00,62.00,L
SOLARWORLD ENERGY SOL LTD     ,231.00,236.90,L
SRIVARI SPICES N FOODS L      ,93.30,93.75,L
SULA VINEYARDS LIMITED        ,184.70,184.90,L
SYLVAN PLYBOARD (INDIA) L     ,52.15,53.10,L
SYNOPTICS TECHNOLOGIES L      ,48.00,49.40,L
TBI CORN LIMITED              ,75.00,75.20,L
THINKING HATS ENTER SOL L     ,23.80,24.15,L
TROM INDUSTRIES LIMITED       ,61.05,63.15,L
TRUCAP FINANCE LIMITED        ,6.45,6.61,L
TRUST FINTECH LIMITED         ,41.05,42.70,L
UMA CONVERTER LIMITED         ,18.70,18.80,L
VICTORY ELEC VEHICL INT L     ,21.85,23.00,L
ZERODHAAMC - SML100CASE       ,9.15,9.17,L
