SECURITY,NEW,PREVIOUS,NEW_STATUS
360ONEAMC - SILVER360         ,178.56,172.02,H
AAREY DRUGS & PHARM LTD       ,85.16,84.00,H
ANAND RATHI SH N STK BR L     ,478.10,471.65,H
ANZEN IND ENE YLD PLU TRU     ,120.00,119.00,H
AONEAMC - AONEGOLD            ,12.01,11.72,H
ARFIN INDIA LIMITED           ,50.92,50.90,H
ATLANTA ELECTRICALS LTD       ,1025.00,991.25,H
AXISAMC - AXISILVER           ,189.95,176.00,H
BARODABNP - BBNPPGOLD         ,125.85,123.95,H
BIRLASLAMC - SILVER           ,189.90,173.26,H
CHANDAN HEALTHCARE LTD        ,317.50,302.40,H
DRS CARGO MOVERS LIMITED      ,55.40,52.80,H
DSPAMC - DSPGOLDETF           ,124.00,121.00,H
DSPAMC - DSPSILVETF           ,183.00,169.00,H
EDELAMC - EGOLD               ,127.30,124.70,H
EDELAMC - ESILVER             ,192.00,182.71,H
EPACK PREFAB TECHN LTD        ,202.00,199.70,H
ETERNAL LIMITED               ,352.00,351.30,H
GROWWAMC - GROWWGOLD          ,125.85,123.02,H
GROWWAMC - GROWWPOWER         ,11.20,10.70,H
GROWWAMC - GROWWSLVR          ,189.50,175.90,H
HBL ENGINEERING LTD           ,944.35,929.40,H
HDFCAMC - HDFCSILVER          ,187.10,175.50,H
ICICIPRAMC - ICICISILVE       ,190.00,175.90,H
INOX GREEN ENERGY SER LTD     ,253.40,247.00,H
KOTAKMAMC - KOTAKSILVE        ,178.98,168.00,H
L&T FINANCE LIMITED           ,268.60,267.10,H
LG BALAKRISHNAN & BROS        ,1600.00,1574.80,H
LG ELECTRONICS INDIA LTD      ,1749.00,1140.00,H
LIC MF - LIC GOLD ETF         ,11633.95,11477.00,H
MARKOLINES PAVEMENT TEC L     ,188.00,185.85,H
MIRAEAMC - BANKPSU            ,77.92,77.76,H
MIRAEAMC - MAGOLDETF          ,123.91,120.89,H
MIRAEAMC - MASILVER           ,184.26,165.30,H
MOTILALAMC - MOSILVER         ,193.33,188.32,H
MULTI COMMODITY EXCHANGE      ,9460.00,9115.00,H
MUNISH FORGE LIMITED          ,132.20,127.55,H
MUTHOOT FINANCE LIMITED       ,3285.00,3274.10,H
NIPPON L I A M LTD            ,911.00,907.00,H
NIPPONAMC - NETFSILVER        ,180.00,165.00,H
P S RAJ STEELS LIMITED        ,276.10,275.00,H
PRAMARA PROMOTIONS LTD        ,307.50,307.00,H
PRIME CABLE INDUSTRIES L      ,91.00,84.50,H
PURPLE UNITED SALES LTD       ,518.05,501.90,H
RHETAN TMT LIMITED            ,22.55,22.50,H
SAMAY PROJECT SERVICES L      ,44.00,40.80,H
SBIAMC - SBISILVER            ,179.00,175.90,H
SG FINSERVE LIMITED           ,426.15,412.00,H
STALLION IND FLUOROCHEM L     ,369.00,345.50,H
SUBA HOTELS LIMITED           ,197.00,196.65,H
SUNDARAM FINANCE HOLD LTD     ,701.50,686.75,H
TATAAML-TATAGOLD              ,12.38,12.18,H
TATAAML-TATSILV               ,17.28,17.19,H
TECHERA ENGINEER (IND) L      ,301.55,287.20,H
TVS INFRASTRUCTURE TRUST      ,104.60,104.50,H
UNIONAMC - UNIONGOLD          ,126.70,125.90,H
UTIAMC - SILVERETF            ,187.04,170.50,H
V MARC INDIA LIMITED          ,608.50,593.65,H
VIJAYPD CEUTICAL LIMITED      ,44.95,43.50,H
WAAREE RENEWABLE TECH LTD     ,1326.60,1287.00,H
ZERODHAAMC - GOLDCASE         ,20.22,20.00,H
ZERODHAAMC - SILVERCASE       ,19.70,18.09,H
ACCRETION PHARMA LIMITED      ,53.80,57.00,L
AGI INFRA LIMITED             ,231.00,255.00,L
AMANTA HEALTHCARE LIMITED     ,126.00,129.05,L
ANUH PHARMA LIMITED           ,78.55,80.00,L
AXITA COTTON LIMITED          ,8.28,8.34,L
BABA FOOD PROCESSING          ,32.60,33.10,L
BANSAL WIRE INDUSTRIES L      ,311.40,323.15,L
BEW ENGINEERING LIMITED       ,125.00,127.60,L
CAPITAL TRUST LIMITED         ,30.82,30.91,L
CHEMBOND CHEMICAL LIMITED     ,151.10,154.82,L
COOL CAPS INDUSTRIES LTD      ,2.35,2.45,L
CRIZAC LIMITED                ,273.10,275.00,L
DEV ACCELERATOR LIMITED       ,46.49,49.10,L
DEV INFO TECHNOLOGY LTD       ,39.12,39.60,L
EASY TRIP PLANNERS LTD        ,7.82,7.92,L
ECOLINE EXIM LIMITED          ,130.50,132.00,L
EPPELTONE ENGINEERS LTD       ,185.55,186.00,L
GLOBESECURE TECHNO LTD        ,7.50,7.65,L
GLOTTIS LIMITED               ,73.42,78.00,L
GREENLEAF ENVIROTECH LTD      ,125.95,127.25,L
GRETEX CORPORATE SERVICES     ,215.35,229.00,L
GURUNANAK AGRICULTUR IN L     ,37.85,39.85,L
HIGHWAY INFRASTRUCTURE L      ,75.86,78.46,L
JARO INS OF TEC MG N RE L     ,665.00,675.50,L
JSW CEMENT LIMITED            ,134.75,135.90,L
KALANA ISPAT LIMITED          ,30.00,30.10,L
KAMDHENU VENTURES LIMITED     ,8.20,8.36,L
KAYTEX FABRICS LIMITED        ,80.00,83.40,L
LG ELECTRONICS INDIA LTD      ,1650.00,1140.00,L
MANAS POLYMER N ENERGIE L     ,116.95,123.10,L
MARKOLINES PAVEMENT TEC L     ,180.00,185.85,L
MOS UTILITY LIMITED           ,27.25,38.15,L
MOVING MEDIA ENTER LTD        ,58.00,62.00,L
NET AVENUE TECHNOLOGIES L     ,3.55,3.65,L
OPTIVALUE TEK CONSULT LTD     ,83.00,87.70,L
PARAMOUNT SPECIALI FORG L     ,34.00,34.25,L
R K SWAMY LIMITED             ,133.10,137.99,L
RAYMOND REALTY LIMITED        ,564.50,568.00,L
REGAAL RESOURCES LIMITED      ,86.92,87.15,L
ROTO PUMPS LIMITED            ,71.65,71.89,L
SG MART LIMITED               ,336.75,338.45,L
SHEEL BIOTECH LIMITED         ,79.65,82.00,L
SIDDHI COTSPIN LIMITED        ,44.00,46.70,L
TATA CAPITAL LIMITED          ,319.05,326.25,L
TIGER LOGISTICS (INDIA) L     ,41.50,43.39,L
TRIDHYA TECH LIMITED          ,15.00,16.00,L
TRUALT BIOENERGY LIMITED      ,479.10,490.00,L
UDAYSHIVAKUMAR INFRA LTD      ,26.83,27.10,L
URBAN COMPANY LIMITED         ,149.46,152.83,L
UTKARSH SMALL FIN BANK L      ,18.20,19.90,L
VEDANT FASHIONS LIMITED       ,669.55,674.40,L
VIPUL LIMITED                 ,7.58,8.10,L
WEWORK INDIA MANAGEMENT L     ,601.10,601.55,L
