SYMBOL,SERIES,SECURITY,HIGH/LOW
1035UCL26,NA,SEC RE NCD 10.35% SR III,H
ABINFRA,EQ,A B INFRABUILD LIMITED,H
ACCORD,SM,ACCORD SYNERGY LIMITED,H
AGUL,SM,A G UNIVERSAL LIMITED,H
AONEGOLD,EQ,AONEAMC - AONEGOLD,H
APOLLO,EQ,APOLLO MICRO SYSTEMS LTD,H
ARFIN,EQ,ARFIN INDIA LIMITED,H
ARSHIYA,BZ,ARSHIYA LIMITED,H
AURIGROW,BE,AURI GROW INDIA LIMITED,H
AUSL,SM,ADITYA ULTRA STEEL LTD,H
AUSOMENT,BE,AUSOM ENTERPRISE LIMITED,H
AXISCADES,EQ,AXISCADES TECH LTD,H
BALUFORGE,EQ,BALU FORGE INDUSTRIES LTD,H
BBNPPGOLD,EQ,BARODABNP - BBNPPGOLD,H
BGRENERGY,EQ,BGR ENERGY SYSTEMS LTD,H
BHAGYANGR,BE,BHAGYANAGAR INDIA LIMITED,H
BOHRAIND,EQ,BOHRA INDUSTRIES LIMITED,H
BORANA,BE,BORANA WEAVES LIMITED,H
CADSYS,SM,CADSYS (INDIA) LIMITED,H
CBAZAAR,ST,NET AVENUE TECHNOLOGIES L,H
CEREBRAINT,BZ,CEREBRA INT TECH LTD,H
CMRSL,SM,CYBER MEDIA RES & SER LTD,H
COASTCORP,BE,COASTAL CORPORATION LTD,H
CUBEXTUB,EQ,CUBEX TUBINGS LTD,H
CURAA,BE,CURA TECHNOLOGIES LIMITED,H
EMBDL,BE,EMBASSY DEVELOPMENTS LTD,H
EPACKPEB,EQ,EPACK PREFAB TECHN LTD,H
ESSARSHPNG,BE,ESSAR SHIPPING LTD,H
ESSENTIA,EQ,INTEGRA ESSENTIA LIMITED,H
EXIMROUTES,ST,EXIM ROUTES LIMITED,H
FEL,BZ,FUTURE ENTERPRISES LTD,H
FLYSBS,SM,FLYSBS AVIATION LIMITED,H
FMNL,EQ,FUTURE MKT NETWORKS LTD,H
GANESHIN,SM,GANESH INFRAWORLD LIMITED,H
GENSOL,BZ,GENSOL ENGINEERING LTD,H
GLFL,BE,GUJARAT LEASE FINANCING L,H
GRCL,SM,GAYATRI RUBB AND CHEM LTD,H
GSTL,ST,GLOBESECURE TECHNO LTD,H
HALDER,BE,HALDER VENTURE LIMITED,H
HINDCOPPER,EQ,HINDUSTAN COPPER LTD,H
HNGSNGBEES,EQ,NIP IND ETF HANGSENG BEES,H
IMPEXFERRO,BZ,IMPEX FERRO TECH LIMITED,H
JITFINFRA,EQ,JITF INFRALOGISTICS LTD,H
KAVDEFENCE,EQ,KAVVERI DFS & WIR TEC LTD,H
KRMAYURVED,ST,KRM AYURVEDA LIMITED,H
LAKPRE,BZ,LAKSHMI PRE SCRE LTD,H
LANCORHOL,BE,LANCOR HOLDINGS LIMITED,H
LCCINFOTEC,BE,LCC INFOTECH LTD,H
LOTUSEYE,EQ,LOTUS EYE HOSP & INST L,H
MAANALU,BE,MAAN ALUMINIUM LIMITED,H
MADHUCON,EQ,MADHUCON PROJECTS LTD.,H
MAFANG,EQ,MIRAEAMC - MAFANG,H
MAHKTECH,EQ,MIRAEAMC - MAHKTECH,H
MARINETRAN,ST,MARINETRANS INDIA LIMITED,H
MAXVOLT,ST,MAXVOLT ENERGY INDUS L,H
MEDIORG,SM,MEDICAMEN ORGANICS LTD,H
MEGAFLEX,ST,MEGA FLEX PLASTICS LTD,H
MEGASTAR,BE,MEGASTAR FOODS LIMITED,H
MICEL,EQ,MIC ELECTRONICS LTD,H
MODIRUBBER,EQ,MODI RUBBER LTD,H
MONOPHARMA,SM,MONO PHARMACARE LIMITED,H
MOSCHIP,EQ,MOSCHIP TECHNOLOGIES LTD,H
NAVKARURB,BE,NAVKAR URBANSTRUCTURE LTD,H
NEELAM,SM,NEELAM LINENS & GAR (I) L,H
NEPTUNE,SM,NEPTUNE PETROCHEMICALS L,H
OWAIS,SM,OWAIS METAL & MINERAL,H
PANACHE,EQ,PANACHE DIGILIFE LIMITED,H
PARASPETRO,EQ,PARAS PETROFILS LTD.,H
PIGL,EQ,POWER INSTRUMENT (G) LTD,H
PLADAINFO,SM,PLADA INFOTECH SERVICES L,H
PRAXIS,EQ,PRAXIS HOME RETAIL LTD,H
PREMIER,BE,PREMIER LIMITED,H
PURPLEUTED,SM,PURPLE UNITED SALES LTD,H
RAJRILTD,BE,RAJ RAYON INDUSTRIES LTD,H
RCDL,SM,RAJGOR CASTOR DERIVATI L,H
SABAR,ST,SABAR FLEX INDIA LIMITED,H
SADBHAV,BE,SADBHAV ENGINEERING LTD,H
SALSTEEL,BE,S.A.L. STEEL LTD.,H
SAMAY,ST,SAMAY PROJECT SERVICES L,H
SANWARIA,BZ,SANWARIA CONSUMER LIMITED,H
SATIPOLY,SM,SATI POLY PLAST LIMITED,H
SETCO,EQ,SETCO AUTOMOTIVE LTD,H
SETUINFRA,BZ,SETUBANDHAN INFRA LTD,H
SHAHALLOYS,EQ,SHAH ALLOYS LIMITED,H
SHANTHALA,ST,SHANTHALA FMCG PRODUCTS L,H
SHRENIK,BZ,SHRENIK LIMITED,H
SITINET,BZ,SITI NETWORKS LIMITED,H
SOTAC,SM,SOTAC PHARMACEUTICALS LTD,H
SOUTHWEST,BE,SOUTH WEST PINNACLE LTD,H
SPCENET,EQ,SPACENET ENTERS IND LTD,H
SRPL,BZ,SHREE RAM PROTEINS LTD.,H
STALLION,EQ,STALLION IND FLUOROCHEM L,H
SUNLITE,ST,SUNLITE RECYCLING IND LTD,H
TAKE,BE,TAKE SOLUTIONS LTD,H
TARAPUR,EQ,TARAPUR TRANSFORMERS LTD,H
TCIFINANCE,BE,TCIFINANCELTD-ROLL SETT,H
TECHERA,SM,TECHERA ENGINEER (IND) L,H
TECHLABS,SM,TRIDENT TECHLABS LIMITED,H
TEJASCARGO,SM,TEJAS CARGO INDIA LIMITED,H
TERASOFT,EQ,TERA SOFTWARE LIMITED,H
TIMESCAN,SM,TIMESCAN LOGISTICS IND L,H
TRIGYN,EQ,TRIGYN TECHNOLOGIES LTD,H
TVSELECT,BE,TVS ELECTRONICS LTD,H
UNIHEALTH,ST,UNIHEALTH HOSPITALS LTD,H
UNITEDPOLY,BE,UNITED POLYFAB GUJ. LTD.,H
VENUSREM,BE,VENUS REMEDIES LIMITED,H
VERITAAS,SM,VERITAAS ADVERTISING LTD,H
VICTORYEV,ST,VICTORY ELEC VEHICL INT L,H
VIESL,ST,VISION INFRA EQUIP SOL L,H
VILINBIO,ST,VILIN BIO MED LIMITED,H
VIVIMEDLAB,EQ,VIVIMED LABS LIMITED,H
WEWIN,EQ,WE WIN LIMITED,H
WOL3D,ST,WOL 3D INDIA LIMITED,H
ZENITHSTL,EQ,ZENITH STEEL PIP IND LTD,H
21STCENMGM,EQ,21ST CENTURY MGMT SERVICE,L
726MH49,SG,SDL MH 7.26% 2049,L
ABAN,BE,ABAN OFFSHORE LTD.,L
ANSALAPI,BZ,ANSAL PROP & INFRA LTD,L
ARMOUR,ST,ARMOUR SECURITY (INDIA) L,L
ARSHIYA,BZ,ARSHIYA LIMITED,L
ARVINDPORT,SM,ARVIND PORT AND INFRA LTD,L
ASTRON,EQ,ASTRON PAPER BORD MIL LTD,L
AVANA,ST,AVANA ELECTROSYSTEMS LTD,L
BALCO,SM,SOLVE PLASTIC PRODUCTS L,L
BESTAGRO,BE,BEST AGROLIFE LIMITED,L
BILVYAPAR,BE,BIL VYAPAR LIMITED,L
BLUECHIP,BE,BLUE CHIP INDIA LIMITED,L
BULKCORP,SM,BULKCORP INTERNATIONAL L,L
CAPTRUST,EQ,CAPITAL TRUST LIMITED,L
COOLCAPS,SM,COOL CAPS INDUSTRIES LTD,L
DHARAN,BZ,DHARAN INFRA-EPC LIMITED,L
DRSDILIP,SM,DRS DILIP ROADLINES LTD.,L
EQUIPPP,BE,EQUIPPP SOC IMP TECH LTD,L
FELDVR,BZ,FUTURE ENTERPRISES LTD,L
FLEXITUFF,EQ,FLEXITUFF VENTURES INT L,L
FORGEAUTO,SM,FORGE AUTO INTERNATION L,L
GAYAHWS,EQ,GAYATRI HIGHWAYS LIMITED,L
GML,ST,GALAXY MEDICARE LIMITED,L
GOLDSTAR,SM,GOLDSTAR POWER LIMITED,L
GUJRAFFIA,BE,GUJARAT RAFFIA INDUST LTD,L
GURUNANAK,SM,GURUNANAK AGRICULTUR IN L,L
GVKPIL,BE,GVK POW. & INFRA LTD.,L
HOMESFY,SM,HOMESFY REALTY LIMITED,L
HRHNEXT,SM,HRH NEXT SERVICES LIMITED,L
IFBAGRO,EQ,IFB AGRO INDUSTRIES LTD,L
IL&FSENGG,BZ,IL&FS ENG AND CONS CO LTD,L
ISHAN,SM,ISHAN INTERNATIONAL LTD,L
ITTL,ST,INNOVATIVE TYRE & TUBE LT,L
KESORAMIND,BE,KESORAM INDUSTRIES LTD,L
MANAKALUCO,BE,MANAK ALUMINIUM CO. LTD.,L
MANGALAM,BE,MANGALAM DRUG & CHEM LTD,L
MASTER,SM,MASTER COMPONENTS LIMITED,L
MEP,BZ,MEP INFRA. DEVELOPERS LTD,L
MONOPHARMA,SM,MONO PHARMACARE LIMITED,L
MTEDUCARE,BE,MT EDUCARE LTD,L
NIRMAN,SM,NIRMAN AGRI GENTICS LTD,L
NOIDATOLL,EQ,NOIDA TOLL BRIDGE CO LTD,L
ONELIFECAP,BE,ONELIFE CAP ADVISORS LTD,L
PANSARI,BE,PANSARI DEVELOPERS LTD,L
PARIN,SM,PARIN ENTERPRISES LIMITED,L
PATTECH,SM,PATTECH FITWELL TUB COM L,L
PURPLEUTED,SM,PURPLE UNITED SALES LTD,L
RAJRILTD,BE,RAJ RAYON INDUSTRIES LTD,L
RCOM,BE,RELIANCE COMMUNICATIONS L,L
RICHA,ST,RICHA INFO SYSTEMS LTD,L
ROCKINGDCE,ST,ROCKINGDEALS CIRCU ECO L,L
SABTNL,BE,SRI ADHIKARI BRO TELE N L,L
SADBHAV,BE,SADBHAV ENGINEERING LTD,L
SATECH,ST,S A TECH SOFTWARE INDIA L,L
SETUINFRA,BZ,SETUBANDHAN INFRA LTD,L
SIGNORIA,SM,SIGNORIA CREATION LIMITED,L
SIKKO,BE,SIKKO INDUSTRIES LIMITED,L
SILLYMONKS,BE,SILLY MONKS ENTERTAIN LTD,L
SMVD,ST,SMVD POLY PACK LIMITED,L
SOCL,SM,SUNDREX OIL COMPANY LTD,L
SOTAC,SM,SOTAC PHARMACEUTICALS LTD,L
SPECTSTM,SM,SPECTRUM TALENT MGMT LTD,L
SPRL,ST,SP REFRACTORIES LIMITED,L
SRPL,BZ,SHREE RAM PROTEINS LTD.,L
TCIFINANCE,BE,TCIFINANCELTD-ROLL SETT,L
THESL,SM,THINKING HATS ENTER SOL L,L
TIRUPATI,ST,SHREE TIRUPATI BALAJEE,L
TUNWAL,SM,TUNWAL E-MOTORS LIMITED,L
VCL,BE,VAXTEX COTFAB LIMITED,L
VEEKAYEM,SM,VEEKAYEM FASH & APP LTD,L
VIESL,ST,VISION INFRA EQUIP SOL L,L
VIJIFIN,EQ,VIJI FINANCE LIMITED,L
VISAMAN,ST,VISAMAN GLOBAL SALES LTD,L
VISASTEEL,EQ,VISA STEEL LIMITED,L
WALPAR,SM,WALPAR NUTRITIONS LIMITED,L
WINSOME,BZ,WINSOME YARNS LIMITED,L
