SECURITY,NEW,PREVIOUS,NEW_STATUS
360ONEAMC - GOLD360           ,178.00,161.00,H
360ONEAMC - SILVER360         ,358.00,345.00,H
ADVAIT ENRGY TRANSITION L     ,1590.80,1538.90,H
AONEAMC - AONEGOLD            ,17.73,16.08,H
AXISAMC - AXISILVER           ,390.01,351.78,H
AXISAMC - AXISVALUE           ,34.00,33.72,H
BANDHANAMC - GOLDBND          ,180.16,171.92,H
BANDHANAMC - SILVERBND        ,389.00,354.00,H
BARODABNP - BBNPPGOLD         ,184.05,161.20,H
BIRLASLAMC - SILVER           ,371.89,354.00,H
BORANA WEAVES LIMITED         ,380.40,362.30,H
CHOICEAMC - CHOICEGOLD        ,175.49,164.00,H
COMMERCIAL SYN BAGS LTD       ,165.95,163.95,H
DHARIWALCORP LIMITED          ,402.00,398.50,H
DSPAMC - DSPGOLD              ,181.00,163.69,H
DSPAMC - DSPPSBKETF           ,93.97,92.19,H
DSPAMC - DSPSILVETF           ,390.00,349.70,H
EDELAMC - EGOLD               ,184.95,164.75,H
EDELAMC - ESILVER             ,375.00,353.76,H
GROWWAMC - GROWWGOLD          ,179.96,162.00,H
GROWWAMC - GROWWMETAL         ,12.00,11.69,H
GROWWAMC - GROWWSLVR          ,362.99,345.15,H
HALDER VENTURE LIMITED        ,294.00,291.00,H
HDFCAMC - HDFCSILVER          ,359.00,340.00,H
HDFCAMC HDFCPSUBK             ,93.01,92.70,H
HINDUSTAN COPPER LTD          ,760.05,658.00,H
ICICIPRAMC - ICICICOMMO       ,103.99,101.33,H
ICICIPRAMC - ICICISILVE       ,373.50,352.11,H
ICICIPRAMC - METALIETF        ,12.69,12.65,H
ICICIPRAMC - PSUBANKICI       ,92.68,91.96,H
INDIAN BANK                   ,916.50,908.00,H
INVESCO INDIA GOLD ETF        ,15599.80,14494.00,H
KOTAK PSU BANK                ,914.72,910.00,H
KOTAKMAMC - KOTAKSILVE        ,388.00,340.15,H
KRM AYURVEDA LIMITED          ,180.70,135.00,H
LIC MF - LIC GOLD ETF         ,16200.00,14899.95,H
LOTUS EYE HOSP & INST L       ,141.38,139.20,H
MILTON INDUSTRIES LIMITED     ,51.00,48.85,H
MIRAEAMC - MAGOLDETF          ,173.50,161.73,H
MIRAEAMC - MASILVER           ,380.00,348.70,H
MIRAEAMC - MASPTOP50          ,73.13,72.48,H
MIRAEAMC - METAL              ,12.85,12.69,H
MOTILALAMC - MOGOLD           ,175.00,164.00,H
MOTILALAMC - MOPSE            ,114.70,108.00,H
MOTILALAMC - MOSILVER         ,385.00,351.90,H
MOTILALAMC - MOVALUE          ,122.61,122.00,H
MUTHOOT FINANCE LIMITED       ,4149.50,4028.30,H
NATIONAL HIGHW INFRA TRUS     ,151.50,151.00,H
NEPTUNE PETROCHEMICALS L      ,241.55,239.00,H
NIPPONAMC - NETFSILVER        ,360.00,337.86,H
SBIAMC - SBIBPB               ,53.86,53.80,H
SBIAMC - SBISILVER            ,362.00,351.00,H
TAMILNAD MERCA BANK LTD       ,616.80,611.35,H
TATA MOTORS LIMITED           ,475.50,470.25,H
TATAAML-TATAGOLD              ,17.70,16.83,H
TATAAML-TATSILV               ,35.10,34.07,H
UNIONAMC - UNIONGOLD          ,177.00,164.65,H
UTIAMC-SILVERBETA             ,379.66,341.00,H
VILIN BIO MED LIMITED         ,33.35,32.50,H
WEALTH - TWCGOLDETF           ,187.98,164.00,H
ZERODHAAMC - GOLDCASE         ,27.94,26.51,H
ZERODHAAMC - SILVERCASE       ,38.01,36.08,H
AFCONS INFRASTRUCTURE LTD     ,319.00,328.15,L
AKME FINTRADE (INDIA) LTD     ,4.85,4.89,L
ALCOKRAFT DISTILLERIE LTD     ,73.25,76.05,L
ANSAL PROP & INFRA LTD        ,2.97,2.99,L
ANTHEM BIOSCIENCES LTD        ,585.00,586.00,L
ARC INSULATION & INSU LTD     ,56.00,57.20,L
ARKADE DEVELOPERS LIMITED     ,107.96,108.51,L
ARMOUR SECURITY (INDIA) L     ,35.35,37.20,L
ARSHIYA LIMITED               ,1.14,1.16,L
ARUNAYA ORGANICS LIMITED      ,16.95,17.00,L
ARVIND PORT AND INFRA LTD     ,28.95,29.50,L
ATC ENERGIES SYSTEM LTD       ,29.00,30.00,L
BEST AGROLIFE LIMITED         ,19.90,20.10,L
BLUESTONE JEWEL LFSTL LTD     ,418.85,421.00,L
CEDAAR TEXTILE LIMITED        ,45.00,46.30,L
CURIS LIFESCIENCES LTD        ,98.00,100.00,L
DEEPAK BUILDERS & ENG I L     ,90.61,91.11,L
DHRUV CONSULTANCY SER LTD     ,37.20,38.00,L
DRC SYSTEMS INDIA LIMITED     ,14.50,14.62,L
DREAMFOLKS SERVICES LTD       ,89.90,90.50,L
DRS DILIP ROADLINES LTD.      ,52.25,55.00,L
ELEGANZ INTERIORS LIMITED     ,74.15,75.00,L
ENERGY MISSION MACH IND L     ,139.45,155.00,L
ENSER COMMUNICATIONS LTD      ,12.80,13.00,L
ENVIROTECH SYSTEMS LTD        ,82.00,89.05,L
EXCELSOFT TECHNOLOGIES L      ,69.40,69.50,L
FIVE-STAR BUS FIN LTD         ,435.05,448.20,L
GANESH GREEN BHARAT LTD       ,223.30,238.00,L
GK ENERGY LIMITED             ,110.10,112.52,L
GREENCHEF APPLIANCES LTD      ,44.00,46.50,L
GROWWAMC - GROWWNET           ,9.00,9.17,L
GVP INFOTECH LIMITED          ,7.42,7.55,L
INDIQUBE SPACES LIMITED       ,170.02,176.00,L
INTERIORS & MORE LIMITED      ,182.60,201.00,L
ITALIAN EDIBLES LIMITED       ,24.05,25.40,L
JANA SMALL FIN BANK LTD       ,356.00,363.80,L
JAY BEE LAMINATIONS LTD       ,80.85,83.10,L
JINKUSHAL INDUSTRIES LTD      ,65.00,66.08,L
JUNIPER HOTELS LIMITED        ,205.75,213.00,L
KAMDHENU VENTURES LIMITED     ,5.62,5.68,L
KRM AYURVEDA LIMITED          ,165.15,135.00,L
LAXMI DENTAL LIMITED          ,183.15,191.85,L
MANGAL ELECTRICAL IND L       ,250.00,277.85,L
MANOJ VAIBHAV GEM N JEW L     ,160.50,161.00,L
MARCO CABLE & CONDUCTOR L     ,28.00,30.10,L
MEDI ASSIST HEALTH SER L      ,394.50,397.00,L
MITTAL LIFE STYLE LIMITED     ,0.95,0.96,L
MONO PHARMACARE LIMITED       ,9.45,9.85,L
MOVING MEDIA ENTER LTD        ,43.00,44.50,L
MT EDUCARE LTD                ,1.43,1.47,L
NEPHRO CARE INDIA LIMITED     ,95.00,99.00,L
NIRAJ ISPAT IND LTD           ,158.40,163.01,L
NOVA AGRITECH LIMITED         ,32.00,32.13,L
ODIGMA CONSULTANCY SOL L      ,27.01,27.15,L
OSWAL PUMPS LIMITED           ,372.15,383.00,L
PARAMOUNT DYE TEC LIMITED     ,40.90,41.25,L
PATIL AUTOMATION LIMITED      ,134.25,144.50,L
PAUSHAK LIMITED               ,495.00,496.60,L
PRAXIS HOME RETAIL LTD        ,6.82,6.97,L
PRESSTONIC ENGINEERING L      ,42.55,44.00,L
PRIMO CHEMICALS LIMITED       ,19.70,19.90,L
PURV FLEXIPACK LIMITED        ,65.50,67.00,L
REGAAL RESOURCES LIMITED      ,58.95,60.50,L
ROX HI TECH LIMITED           ,33.70,34.00,L
RUSHIL DECOR LIMITED          ,18.39,19.28,L
SAI SILKS (KALAMANDIR) L      ,108.00,109.52,L
SAPPHIRE FOODS INDIA LTD      ,179.40,179.45,L
SARASWATI SAREE DEPOT LTD     ,65.98,66.11,L
SATI POLY PLAST LIMITED       ,39.00,40.40,L
SG FINSERVE LIMITED           ,337.00,339.90,L
SHADOWFAX TECHNOLOGIES L      ,99.85,109.00,L
SHANTI OVERSEAS INDIA LTD     ,6.72,7.24,L
SHEELA FOAM LIMITED           ,498.00,506.45,L
SHIVALIK RASAYAN LIMITED      ,301.10,304.95,L
SHREE TIRUPATI BALAJEE L      ,32.56,32.95,L
SHYAM DHANI INDUSTRIES L      ,80.50,82.80,L
SMARTEN POWER SYSTEMS LTD     ,59.25,61.00,L
SOLVE PLASTIC PRODUCTS L      ,23.15,23.50,L
SONA MACHINERY LIMITED        ,37.60,37.65,L
SRIVARI SPICES N FOODS L      ,86.00,93.30,L
SULA VINEYARDS LIMITED        ,181.10,184.70,L
SUNDREX OIL COMPANY LTD       ,29.70,30.20,L
SUVIDHAA INFOSERVE LTD        ,2.57,3.06,L
SYLVAN PLYBOARD (INDIA) L     ,50.00,52.15,L
TARSONS PRODUCTS LIMITED      ,193.30,193.61,L
TATA MOTORS PASS VEH LTD      ,335.60,335.90,L
TBI CORN LIMITED              ,71.60,75.00,L
THINKING HATS ENTER SOL L     ,22.65,23.80,L
TINNA RUBBER AND INFR LTD     ,621.55,635.50,L
TROM INDUSTRIES LIMITED       ,55.20,61.05,L
TRUCAP FINANCE LIMITED        ,6.41,6.45,L
TRUST FINTECH LIMITED         ,39.15,41.05,L
TUNWAL E-MOTORS LIMITED       ,27.05,27.25,L
UMA CONVERTER LIMITED         ,18.50,18.70,L
UNITED FOODBRANDS LIMITED     ,172.50,173.75,L
UNITED HEAT TRANSFER LTD      ,48.25,51.50,L
VALIANT LABORATORIES LTD      ,56.53,56.90,L
VEDANT FASHIONS LIMITED       ,465.50,477.35,L
VICTORY ELEC VEHICL INT L     ,21.30,21.85,L
VIGOR PLAST INDIA LIMITED     ,60.00,63.95,L
VINNY OVERSEAS LIMITED        ,1.05,1.15,L
ZEAL GLOBAL SERVICES LTD      ,72.00,73.15,L
