SYMBOL,SERIES,SECURITY,HIGH/LOW
21STCENMGM,EQ,21ST CENTURY MGMT SERVICE,H
828GS2027,GS,GOI LOAN 8.28% 2027,H
AAATECH,BE,AAA TECHNOLOGIES LIMITED,H
ACCPL,ST,ACCRETION PHARMA LIMITED,H
AGUL,SM,A G UNIVERSAL LIMITED,H
AHIMSA,ST,AHIMSA INDUSTRIES LTD.,H
AURIGROW,EQ,AURI GROW INDIA LIMITED,H
BANKA,EQ,BANKA BIOLOO LIMITED,H
BILVYAPAR,BE,BIL VYAPAR LIMITED,H
BVCL,BE,BARAK VALLEY CEM. LTD.,H
COMSYN,BE,COMMERCIAL SYN BAGS LTD,H
EASTSILK,BE,EASTERN SILK INDUSTRIES L,H
EQUIPPP,BE,EQUIPPP SOC IMP TECH LTD,H
FEL,BZ,FUTURE ENTERPRISES LTD,H
GIRIRAJ,SM,GIRIRAJ CIVIL DEVP LTD,H
GML,SM,GALAXY MEDICARE LIMITED,H
GRAPHISAD,SM,GRAPHISADS LIMITED,H
GSTL,SM,GLOBESECURE TECHNO LTD,H
GURUNANAK,SM,GURUNANAK AGRICULTUR IN L,H
HNGSNGBEES,EQ,NIP IND ETF HANGSENG BEES,H
HRHNEXT,SM,HRH NEXT SERVICES LIMITED,H
INDIACEM,EQ,THE INDIA CEMENTS LIMITED,H
INFLUX,ST,INFLUX HEALTHTECH LIMITED,H
INFOBEAN,EQ,INFOBEANS TECHNO. LTD.,H
ISHAN,SM,ISHAN INTERNATIONAL LTD,H
JPASSOCIAT,BE,JAIPRAKASH ASSOCIATES LTD,H
KCK,ST,KCK INDUSTRIES LTD,H
KOTYARK,SM,KOTYARK INDUSTRIES LTD,H
MAFANG,EQ,MIRAEAMC - MAFANG,H
MAGNUM,EQ,MAGNUM VENTURES LTD.,H
MAHKTECH,EQ,MIRAEAMC - MAHKTECH,H
MANGALAM,EQ,MANGALAM DRUG & CHEM LTD,H
MARINETRAN,SM,MARINETRANS INDIA LIMITED,H
MASPTOP50,EQ,MIRAEAMC - MASPTOP50,H
MAXVOLT,ST,MAXVOLT ENERGY INDUS L,H
MCLOUD,EQ,MAGELLANIC CLOUD LIMITED,H
MEGASTAR,BE,MEGASTAR FOODS LIMITED,H
MIDWESTLTD,EQ,MIDWEST LIMITED,H
MUKKA,EQ,MUKKA PROTEINS LIMITED,H
NEELAM,SM,NEELAM LINENS & GAR (I) L,H
NIKITA,ST,NIKITA GRENTEC RECYCL LTD,H
NIRMAN,SM,NIRMAN AGRI GENTICS LTD,H
ONELIFECAP,BE,ONELIFE CAP ADVISORS LTD,H
ORTEL,BZ,ORTEL COMMUNICATIONS LTD,H
ORTINGLOBE,EQ,ORTIN GLOBAL LIMITED,H
PERFECT,SZ,PERFECT INFRAENGINEER LTD,H
PRECISION,SM,PRECISION METALIKS LTD,H
PRUDMOULI,EQ,PRUDENTIAL SUGAR CORPORAT,H
RAJRILTD,BE,RAJ RAYON INDUSTRIES LTD,H
SACHEEROME,ST,SACHEEROME LIMITED,H
SANWARIA,BZ,SANWARIA CONSUMER LIMITED,H
SCML,ST,SHARP CHUCKS N MACHINES L,H
SHANTHALA,ST,SHANTHALA FMCG PRODUCTS L,H
SIGNORIA,SM,SIGNORIA CREATION LIMITED,H
SILKFLEX,SM,SILKFLEX POLYMERS INDIA L,H
SMCGLOBAL,EQ,SMC GLOBAL SECURITIES LTD,H
STALLION,BE,STALLION IND FLUOROCHEM L,H
SUNLITE,ST,SUNLITE RECYCLING IND LTD,H
SUPREMEENG,BZ,SUPREME ENGINEERING LTD,H
SYSTANGO,ST,SYSTANGO TECHNOLOGIES LTD,H
TECILCHEM,EQ,TECIL CHEMICALS,H
TGL,ST,TEERTH GOPICON LIMITED,H
TRANSWIND,SM,TRANSWIND INFRA LIMITED,H
TRIGYN,EQ,TRIGYN TECHNOLOGIES LTD,H
TRUST,ST,TRUST FINTECH LIMITED,H
UEL,BE,UJAAS ENERGY LIMITED,H
VALIANTORG,EQ,VALIANT ORGANICS LIMITED,H
VCL,BE,VAXTEX COTFAB LIMITED,H
VELS,SM,VELS FILM INTERNATIONAL L,H
VERTEXPLUS,SM,VERTEXPLUS TECHNOLOGIES L,H
VIJIFIN,EQ,VIJI FINANCE LIMITED,H
WINSOME,BZ,WINSOME YARNS LIMITED,H
1035UCL26,NA,SEC RE NCD 10.35% SR III,L
AARADHYA,ST,AARADHYA DISPOSAL INDUS L,L
AAREYDRUGS,BE,AAREY DRUGS & PHARM LTD,L
AHIMSA,ST,AHIMSA INDUSTRIES LTD.,L
ANSALAPI,BZ,ANSAL PROP & INFRA LTD,L
ARTNIRMAN,EQ,ART NIRMAN LIMITED,L
ASTRON,EQ,ASTRON PAPER BORD MIL LTD,L
BALCO,SM,SOLVE PLASTIC PRODUCTS L,L
BEACON,ST,BEACON TRUSTEESHIP LTD,L
BILVYAPAR,BE,BIL VYAPAR LIMITED,L
BOSS,SM,BOSS PACKAGING SOLU LTD,L
BULKCORP,SM,BULKCORP INTERNATIONAL L,L
C2C,SM,C2C ADVANCED SYSTEMS LTD,L
CADSYS,SM,CADSYS (INDIA) LIMITED,L
CAPTRUST,EQ,CAPITAL TRUST LIMITED,L
CBAZAAR,ST,NET AVENUE TECHNOLOGIES L,L
COMMITTED,ST,COMMITTED CARGO CARE LTD,L
CPS,SM,C P S SHAPERS LIMITED,L
CTE,EQ,CAMBRIDGE TECH ENTER LTD,L
DENEERS,SM,DE NEERS TOOLS LIMITED,L
DHARAN,BZ,DHARAN INFRA-EPC LIMITED,L
DHTL,ST,DOCMODE HEALTH TECH LTD,L
DPEL,ST,DIVINE POWER ENERGY LTD,L
DRSDILIP,SM,DRS DILIP ROADLINES LTD.,L
DYNAMIC,SM,DYNAMIC SRVCS & SEC LTD,L
EMMVEE,EQ,EMMVEE PHOTOVOLTAIC PWR L,L
EXCEL,BE,EXCEL REALTY N INFRA LTD,L
FLEXITUFF,EQ,FLEXITUFF VENTURES INT L,L
GAYAHWS,BE,GAYATRI HIGHWAYS LIMITED,L
GIRIRAJ,SM,GIRIRAJ CIVIL DEVP LTD,L
GOENKA,BZ,GOENKA DIAMOND&JEWELS LTD,L
GOLDENTOBC,BZ,GOLDEN TOBACCO LIMITED,L
GSLSU,BE,GLOBAL SURFACES LIMITED,L
GSTL,SM,GLOBESECURE TECHNO LTD,L
GVKPIL,BE,GVK POW. & INFRA LTD.,L
INDO-RE2,BE,INDOWIND ENERGY LTD,L
INNOMET,SM,INNOMET ADVANCED MATERI L,L
ISHAN,SM,ISHAN INTERNATIONAL LTD,L
ITTL,ST,INNOVATIVE TYRE & TUBE LT,L
IWARE,ST,IWARE SUPPLYCHAIN SER LTD,L
JALAN,SM,JALAN TRANSOLU. INDIA LTD,L
JFLLIFE,SM,JFL LIFE SCIENCES LIMITED,L
JSWHL,EQ,JSW HOLDINGS LIMITED,L
KONSTELEC,SM,KONSTELEC ENGINEERS LTD,L
KSR,BE,KSR FOOTWEAR LIMITED,L
LCCINFOTEC,BE,LCC INFOTECH LTD,L
MANOMAY,BE,MANOMAY TEX INDIA LTD,L
MCLEODRUSS,BE,MCLEOD RUSSEL INDIA LTD.,L
MCLOUD,EQ,MAGELLANIC CLOUD LIMITED,L
MEP,BZ,MEP INFRA. DEVELOPERS LTD,L
MORARJEE,BZ,MORARJEE TEXTILES LIMITED,L
NEWJAISA,ST,NEWJAISA TECHNOLOGIES LTD,L
NIRAJISPAT,EQ,NIRAJ ISPAT IND LTD,L
NOIDATOLL,EQ,NOIDA TOLL BRIDGE CO LTD,L
OLAELEC,EQ,OLA ELECTRIC MOBILITY LTD,L
ONELIFECAP,BE,ONELIFE CAP ADVISORS LTD,L
OSIAHYPER,BE,OSIA HYPER RETAIL LIMITED,L
PANACHE,BE,PANACHE DIGILIFE LIMITED,L
PREMIER,BE,PREMIER LIMITED,L
QFIL,SM,QUALITY FOILS (INDIA) LTD,L
RICHA,ST,RICHA INFO SYSTEMS LTD,L
SAIFL,SM,SAMEERA AGRO AND INFRA L,L
SANCO,BZ,SANCO INDUSTRIES LIMITED,L
SANWARIA,BZ,SANWARIA CONSUMER LIMITED,L
SIDDHICOTS,SM,SIDDHI COTSPIN LIMITED,L
SIKKO,BE,SIKKO INDUSTRIES LIMITED,L
SITINET,BZ,SITI NETWORKS LIMITED,L
SOUTHWEST,BE,SOUTH WEST PINNACLE LTD,L
SVPGLOB,BE,SVP GLOBAL TEXTILES LTD,L
TAURIAN,ST,TAURIAN MPS LIMITED,L
TICL,BE,TWAMEV CONS AND INFRA LTD,L
TRUST,ST,TRUST FINTECH LIMITED,L
UNIHEALTH,ST,UNIHEALTH HOSPITALS LTD,L
VENUSREM,BE,VENUS REMEDIES LIMITED,L
VIESL,ST,VISION INFRA EQUIP SOL L,L
VILINBIO,SM,VILIN BIO MED LIMITED,L
WAAREEINDO,BE,INDOSOLAR LIMITED,L
WINSOME,BZ,WINSOME YARNS LIMITED,L
